application_id,canonical_org_id,canonical_name,fiscal_year,activity_code,full_project_num,project_title,pi_name_raw,nih_pi_profile_id,specialty,is_department_of_surgery,confidence,total_evidence_records,year_gap,evidence_tier,source_citation,source_accessed,total_cost,is_r01
10062499,MGH,Massachusetts General Hospital,2021,R01,5R01DK115618-04,Exosomes and Donor Antigen Cross-dressing in Pancreatic Islet Transplantation,"BENICHOU, GILLES A",1888903,GENERAL_AND_UNSPECIFIED_SURGERY,True,high,5.0,0.0,F_PUBMED_AUTHOR_AFFILIATION,"PubMed PMID 32185859 — Department of Surgery, Center for Transplantation Sciences, Massachusetts General Hospital and Harvard Medical School, Boston, Massachusetts, USA.",2026-08-01,454391.0,True
10066349,MGH,Massachusetts General Hospital,2021,R01,5R01DK119210-02,Characterizing neurogenic progenitors in the adult intestine,"GOLDSTEIN, ALLAN M",1869931,PEDIATRIC_SURGERY,True,high,59.0,0.0,F_PUBMED_AUTHOR_AFFILIATION,"PubMed PMID 35002618 — Department of Pediatric Surgery, Massachusetts General Hospital, Harvard Medical School, Boston, MA, United States.",2026-08-01,363312.0,True
10070593,BWH,Brigham and Women's Hospital,2021,R21,5R21CA238651-02,Proteomics Study of Non-viral Related Hepatocellular Carcinoma Risk,"ZHANG, XUEHONG",10801853,NEUROSURGERY,False,low,1.0,3.0,F_PUBMED_AUTHOR_AFFILIATION,"PubMed PMID 37986632 — Department of Neurosurgery, Brigham and Women's Hospital, Harvard Medical School, Boston, Massachusetts, USA.",2026-08-01,208492.0,False
10082432,BWH,Brigham and Women's Hospital,2021,R01,5R01AI150396-02,HIV Reservoir Ecology of Viral Remission,"LI, JONATHAN",10091716,ORTHOPEDIC_SURGERY,False,medium,2.0,1.0,F_PUBMED_AUTHOR_AFFILIATION,"PubMed PMID 32004706 — Department of Orthopedic Surgery, Brigham and Women's Hospital and Harvard Medical School, Boston, MA, USA; Department of Endocrinology, West China Hospital, West China School of Medicine, Sichuan University, Chengdu, Sichuan, China.",2026-08-01,873004.0,True
10085206,MGH,Massachusetts General Hospital,2021,R01,5R01CA160762-08,Targeting tumorigenic pathways in glioblastoma with oncolytic HSV,"RABKIN, SAMUEL DAVID",1959047,NEUROSURGERY,False,medium,4.0,2.0,F_PUBMED_AUTHOR_AFFILIATION,"PubMed PMID 37578106 — Brain Tumor Research Center, Department of Neurosurgery, Massachusetts General Hospital and Harvard Medical School, Boston, Massachusetts, USA.",2026-08-01,395770.0,True
10086061,BWH,Brigham and Women's Hospital,2021,U01,5U01AR068043-05,Treatments Against RA and Effect on FDG PET CT: The TARGET TRIAL,"SOLOMON, DANIEL HAL",1902207,CARDIAC_CARDIOTHORACIC_SURGERY,True,low,1.0,3.0,F_PUBMED_AUTHOR_AFFILIATION,"PubMed PMID 37967764 — Division of Thoracic and Cardiac Surgery, Brigham and Women's Hospital, Boston, Mass. Electronic address: daniel.s985@gmail.com.",2026-08-01,566969.0,False
10087484,BWH,Brigham and Women's Hospital,2021,K07,5K07CA215819-04,Evaluating breast cancer care in rural Rwanda,"PACE, LYDIA",12056449,GENERAL_AND_UNSPECIFIED_SURGERY,True,low,1.0,2.0,F_PUBMED_AUTHOR_AFFILIATION,"PubMed PMID 36753274 — Department of Surgery, Brigham and Women's Hospital, Boston, Massachusetts.",2026-08-01,174653.0,False
10092091,MGH,Massachusetts General Hospital,2021,R01,5R01AI142670-03,"Immune correlates of tuberculosis and non-tuberculosis infectious morbidity in Southern African HIV-exposed, uninfected infants.","POWIS, KATHLEEN",9631847,PEDIATRIC_SURGERY,True,low,1.0,1.0,F_PUBMED_AUTHOR_AFFILIATION,"PubMed PMID 32158555 — Department of Pediatrics and Pediatric Surgery, Massachusetts General Hospital, Boston, United States.",2026-08-01,747678.0,True
10101074,BWH,Brigham and Women's Hospital,2021,R01,1R01EB030539-01,Physician Assistance Technology in Image-guided Robotic Intervention of Prostate,"HATA, NOBUHIKO",8313243,CARDIAC_CARDIOTHORACIC_SURGERY,True,low,1.0,3.0,F_PUBMED_AUTHOR_AFFILIATION,"PubMed PMID 38890223 — Division of Thoracic Surgery, Department of Surgery, Brigham and Women's Hospital, Harvard Medical School, Boston, MA, USA.",2026-08-01,682653.0,True
10101633,BWH,Brigham and Women's Hospital,2021,R35,5R35CA197605-06,Mucins and immune cell interactions in ovarian cancer pathogenesis & progression,"CRAMER, DANIEL WILLIAM",1858148,OBGYN,False,high,5.0,0.0,F_PUBMED_AUTHOR_AFFILIATION,"PubMed PMID 34782936 — Obstetrics and Gynecology Epidemiology Center, Brigham and Women's Hospital and Harvard Medical School, Boston, MA, USA.",2026-08-01,916256.0,False
10110006,MGH,Massachusetts General Hospital,2021,R00,5R00DE026824-04,Integrative Genomic Applications to Understand the Etiology of Unsolved Craniofacial Anomalies,"BRAND, HARRISON",11769077,PEDIATRIC_SURGERY,True,high,7.0,1.0,F_PUBMED_AUTHOR_AFFILIATION,"PubMed PMID 35982160 — Pediatric Surgical Research Laboratories, Department of Surgery, Massachusetts General Hospital, Boston, MA, USA.",2026-08-01,249000.0,False
10110423,MGH,Massachusetts General Hospital,2021,R21,1R21AI156723-01,Microfluidic Assays for Probing Neutrophil-Borrelia Interactions in Blood during Acute Lyme Disease,"IRIMIA, DANIEL",8760173,GENERAL_AND_UNSPECIFIED_SURGERY,True,high,39.0,0.0,F_PUBMED_AUTHOR_AFFILIATION,"PubMed PMID 34981052 — BioMEMS Resource Center, Department of Surgery, Massachusetts General Hospital, Shriners Burns Hospital, Harvard Medical School; Boston, USA.",2026-08-01,252000.0,False
10112800,BWH,Brigham and Women's Hospital,2021,K08,5K08AG065502-02,Genome-Wide Somatic Mutation in Alzheimer's Disease Pathogenesis Using Single Neuron Analysis,"MILLER, MICHAEL B",9427714,GENERAL_AND_UNSPECIFIED_SURGERY,True,low,1.0,2.0,F_PUBMED_AUTHOR_AFFILIATION,"PubMed PMID 37783908 — Department of Surgery, Brigham and Women's Hospital, Harvard Medical School, 75 Francis Street, Boston, 02115, MA, USA.",2026-08-01,169560.0,False
10114237,MGH,Massachusetts General Hospital,2021,R01,5R01CA227821-04,Targeting Nicotinamide Adenine Dinucleotide (NAD+) metabolism in IDH mutant gliomas,"CAHILL, DANIEL P.",1902302,NEUROSURGERY,False,high,16.0,0.0,F_PUBMED_AUTHOR_AFFILIATION,"PubMed PMID 33941922 — Department of Neurosurgery, Harvard Medical School, Massachusetts General Hospital, Boston, MA, USA.",2026-08-01,480143.0,True
10115113,BWH,Brigham and Women's Hospital,2021,R01,5R01HL150342-02,Early Detection of Transthyretin Cardiac Amyloidosis: Defining a Novel Target for HFpEF Treatment and Prevention in Late Life,"DORBALA, SHARMILA",8892461,CARDIAC_CARDIOTHORACIC_SURGERY,True,low,1.0,1.0,F_PUBMED_AUTHOR_AFFILIATION,"PubMed PMID 34524397 — Cardiovascular Imaging Program, Division of Cardiovascular Medicine, Division of Cardiac Surgery, Heart and Vascular Center, Brigham and Women's Hospital, Harvard Medical School, Boston, Massachusetts.",2026-08-01,1109964.0,True
10122044,BWH,Brigham and Women's Hospital,2021,R01,2R01HL127200-06A1,Metabolic Control of Stemness in lung epithelial progenitors by FAM13A,"ZHOU, ANNY XIAOBO",10698759,OTOLARYNGOLOGY_HNS,False,low,1.0,0.0,F_PUBMED_AUTHOR_AFFILIATION,"PubMed PMID 32865006 — Department of Surgery, Division of Otolaryngology-Head and Neck Surgery, Brigham and Women's Hospital, Boston, MA, USA.",2026-08-01,687150.0,True
10124298,MGH,Massachusetts General Hospital,2021,R01,5R01CA129933-14,Modeling Metastasis and Acquired Drug Resistance Using Circulating Tumor Cells,"HABER, DANIEL A.",1882057,ORTHOPEDIC_SURGERY,False,low,1.0,0.0,F_PUBMED_AUTHOR_AFFILIATION,"PubMed PMID 32694426 — Harvard Combined Orthopaedic Residency Program, Massachusetts General Hospital, Boston, Massachusetts.",2026-08-01,374162.0,True
10124445,MGH,Massachusetts General Hospital,2021,R01,5R01NS103998-04,Imaging macrophage and microglial functional diversity in stroke,"CHEN, JOHN W",2297762,ORTHOPEDIC_SURGERY,False,low,1.0,1.0,F_PUBMED_AUTHOR_AFFILIATION,"PubMed PMID 32467241 — Center for Regenerative Medicine, Harvard Stem Cell Institute, Department of Orthopedic Surgery, Massachusetts General Hospital, Harvard Medical School, 185 Cambridge Street, Boston, MA 02114, USA.",2026-08-01,399783.0,True
10126043,BWH,Brigham and Women's Hospital,2021,T32,5T32HL094301-12,Noninvasive Cardiovascular Imaging Research Training Program,"DI CARLI, MARCELO F",3150892,CARDIAC_CARDIOTHORACIC_SURGERY,True,low,1.0,1.0,F_PUBMED_AUTHOR_AFFILIATION,"PubMed PMID 34524397 — Cardiovascular Imaging Program, Division of Cardiovascular Medicine, Division of Cardiac Surgery, Heart and Vascular Center, Brigham and Women's Hospital, Harvard Medical School, Boston, Massachusetts.",2026-08-01,536252.0,False
10126230,MGH,Massachusetts General Hospital,2021,R03,1R03AI151499-01A1,Multi Biomarker-based prediction tool development to determine risk of infections-related outcomes among severe blunt trauma patients,"TSURUMI, AMY",14940647,GENERAL_AND_UNSPECIFIED_SURGERY,True,high,7.0,1.0,F_PUBMED_AUTHOR_AFFILIATION,"PubMed PMID 33047099 — Department of Surgery, Massachusetts General Hospital, and Harvard Medical School, 50 Blossom St., Their 340, Boston, MA 02114, USA.",2026-08-01,84000.0,False
10127583,MGH,Massachusetts General Hospital,2021,R01,5R01AR077023-02,Drug-eluting joint implants with synergistic antimicrobial release and risk stratified models of preclinical efficacy testing,"ORAL, EBRU",8231840,ORTHOPEDIC_SURGERY,False,high,18.0,1.0,F_PUBMED_AUTHOR_AFFILIATION,"PubMed PMID 31975566 — Harris Orthopedic Laboratory, Massachusetts General Hospital, Boston, Massachusetts.",2026-08-01,364184.0,True
10128804,MGH,Massachusetts General Hospital,2021,R03,1R03HD100762-01A1,Autologous cell transplantation for the treatment of colorectal aganglionosis,"HOTTA, RYO",14374657,PEDIATRIC_SURGERY,True,high,20.0,0.0,F_PUBMED_AUTHOR_AFFILIATION,"PubMed PMID 32994173 — Department of Pediatric Surgery, Massachusetts General Hospital, Harvard Medical School, Boston, MA 02114, USA.",2026-08-01,77472.0,False
10129437,BWH,Brigham and Women's Hospital,2021,R01,5R01NS107857-03,Engineered and Encapsulated Stem Cells for Resected Brain Tumors,"SHAH, KHALID A",8586528,NEUROSURGERY,False,high,6.0,0.0,F_PUBMED_AUTHOR_AFFILIATION,"PubMed PMID 33586320 — Department of Neurosurgery, Brigham and Women's Hospital, Harvard Medical School, Boston, Massachusetts, USA.",2026-08-01,386033.0,True
10131206,MGH,Massachusetts General Hospital,2021,R01,5R01GM092804-12,Neutrophil Decision Making in Confined Environments in Health and Disease,"IRIMIA, DANIEL",8760173,GENERAL_AND_UNSPECIFIED_SURGERY,True,high,39.0,0.0,F_PUBMED_AUTHOR_AFFILIATION,"PubMed PMID 34981052 — BioMEMS Resource Center, Department of Surgery, Massachusetts General Hospital, Shriners Burns Hospital, Harvard Medical School; Boston, USA.",2026-08-01,361200.0,True
10135043,MGH,Massachusetts General Hospital,2021,R01,5R01DE027983-03,Genomic and Functional Analysis of IRF6 Target Genes in Orofacial Cleft Pathogenesis,"LIAO, ERIC CHIEN-WEI",9938790,PLASTIC_SURGERY,False,high,21.0,0.0,F_PUBMED_AUTHOR_AFFILIATION,"PubMed PMID 34652688 — Division of Plastic and Reconstructive Surgery, Massachusetts General Hospital/Harvard Medical School, Boston, MA, USA.",2026-08-01,681596.0,True
10136080,BWH,Brigham and Women's Hospital,2021,R01,5R01HL148667-02,"Integrative Characterization on the function of COPD GWAS gene, HHIP","ZHOU, ANNY XIAOBO",10698759,OTOLARYNGOLOGY_HNS,False,low,1.0,1.0,F_PUBMED_AUTHOR_AFFILIATION,"PubMed PMID 32865006 — Department of Surgery, Division of Otolaryngology-Head and Neck Surgery, Brigham and Women's Hospital, Boston, MA, USA.",2026-08-01,655509.0,True
10145750,MGH,Massachusetts General Hospital,2021,R01,5R01HD102014-02,Methods of fertility protection by Mullerian inhibiting substance in the female reproductive tract during chemotherapy,"PEPIN, DAVID",12105098,OTHER_EXPLICIT_SURGERY,True,high,8.0,0.0,F_PUBMED_AUTHOR_AFFILIATION,"PubMed PMID 33447827 — Pediatrics Surgical Research Laboratories, Massachusetts General Hospital, Boston, MA 021145, USA.",2026-08-01,361443.0,True
10149219,BWH,Brigham and Women's Hospital,2021,R01,5R01AG067507-02,"Understanding and Improving Surgical Decision-Making for Persons Living with Dementia, their Family Caregivers, and their Providers: A Mixed Methods Study","WEISSMAN, JOEL S.",1911909,OTHER_EXPLICIT_SURGERY,True,high,65.0,0.0,F_PUBMED_AUTHOR_AFFILIATION,"PubMed PMID 35977213 — Center for Surgery and Public Health, Brigham and Women's Hospital, Boston, Massachusetts.",2026-08-01,810880.0,True
10153453,MGH,Massachusetts General Hospital,2021,R01,5R01CA229851-04,Abbreviated targeted therapy to improve anti-PD-1 inhibitor efficacy in melanoma,"SULLIVAN, RYAN J",10416280,SURGICAL_ONCOLOGY,True,low,1.0,0.0,F_PUBMED_AUTHOR_AFFILIATION,"PubMed PMID 34497125 — Division of Surgical Oncology, Massachusetts General Hospital, Harvard Medical School, Boston, MA 02114.",2026-08-01,380627.0,True
10159737,MGH,Massachusetts General Hospital,2021,P01,5P01HD068250-10,Gene Mutation and Rescue in Human Diaphragmatic Hernia,"DONAHOE, PATRICIA K",1879833,PEDIATRIC_SURGERY,True,high,17.0,0.0,F_PUBMED_AUTHOR_AFFILIATION,"PubMed PMID 34547244 — Pediatric Surgical Research Laboratories, Massachusetts General Hospital, Boston, MA 02114, USA; Department of Surgery, Harvard Medical School, Boston, MA 02115, USA.",2026-08-01,1630686.0,False
10161871,MGH,Massachusetts General Hospital,2021,R01,5R01NS105875-04,Evaluation of brain recovery of stroke patients using a novel magnetic resonance compatible hand induced robotic device combined with magnetic resonance imaging,"TZIKA, A ARIA",6619212,GENERAL_AND_UNSPECIFIED_SURGERY,True,high,8.0,0.0,F_PUBMED_AUTHOR_AFFILIATION,"PubMed PMID 34434290 — NMR Surgical Laboratory, Department of Surgery, Center for Surgery, Innovation and Bioengineering, Massachusetts General Hospital, Harvard Medical School, Boston, MA, USA.",2026-08-01,671936.0,True
10162411,BWH,Brigham and Women's Hospital,2021,K23,5K23HL135438-05,"Coronary Flow Reserve to Assess Hidden Risk: Focus on Women, Heart Failure, and Inflammation","TAQUETI, VIVIANY R",11453498,CARDIAC_CARDIOTHORACIC_SURGERY,True,low,1.0,1.0,F_PUBMED_AUTHOR_AFFILIATION,"PubMed PMID 34524397 — Cardiovascular Imaging Program, Division of Cardiovascular Medicine, Division of Cardiac Surgery, Heart and Vascular Center, Brigham and Women's Hospital, Harvard Medical School, Boston, Massachusetts.",2026-08-01,199800.0,False
10163920,MGH,Massachusetts General Hospital,2021,R01,5R01NS062092-09,Neurophysiology of Human Cortical Epilepsy,"CASH, SYDNEY S",1927400,NEUROSURGERY,False,low,1.0,3.0,F_PUBMED_AUTHOR_AFFILIATION,"PubMed PMID 38293030 — Department of Neurology and Neurosurgery, Massachusetts General Hospital, Boston, MA 02114, USA.",2026-08-01,613503.0,True
10165717,MGH,Massachusetts General Hospital,2021,R01,5R01EY024046-05,Elucidation of the Regulation of Angiogenesis by Melanocytes in Age Related Macular Degeneration,"ADINI, IRIT",11677767,GENERAL_AND_UNSPECIFIED_SURGERY,True,high,10.0,0.0,F_PUBMED_AUTHOR_AFFILIATION,"PubMed PMID 34068392 — Department of Surgery, Harvard Medical School, The Center for Engineering in Medicine, Mass General Hospital, Shriners Hospitals for Children Boston, Boston, MA 02114, USA.",2026-08-01,373207.0,True
10166755,BWH,Brigham and Women's Hospital,2021,K76,5K76AG059996-04,Aging-associated dysregulation of the hypoxia pathway limits skeletal muscle regeneration,"SINHA, INDRANIL",9710446,PLASTIC_SURGERY,False,high,25.0,0.0,F_PUBMED_AUTHOR_AFFILIATION,"PubMed PMID 34970378 — Division of Plastic Surgery, Brigham and Women's Hospital, Harvard Medical School, Boston, Massachusetts 02115, USA.",2026-08-01,241976.0,False
10167701,MGH,Massachusetts General Hospital,2021,R01,5R01DK116716-04,The role of salt inducible kinases in parathyroid hormone action in bone,"WEIN, MARC NATHAN",11457185,GENERAL_AND_UNSPECIFIED_SURGERY,True,low,1.0,3.0,F_PUBMED_AUTHOR_AFFILIATION,"PubMed PMID 39328057 — Department of Surgery, Massachusetts General Hospital and Harvard Medical School, Boston, MA, USA (M.N.W., R.R.C.).",2026-08-01,401575.0,True
10172894,MGH,Massachusetts General Hospital,2021,R01,5R01DK123219-02,Central and direct role of the small intestine in the improvement of type 2 diabetes following RYGB,"SAEIDI, NIMA",10996096,GENERAL_AND_UNSPECIFIED_SURGERY,True,high,7.0,1.0,F_PUBMED_AUTHOR_AFFILIATION,PubMed PMID 37287514 — Division of General and Gastrointestinal Surgery Department of Surgery Massachusetts General Hospital Harvard Medical School Boston Massachusetts USA.,2026-08-01,448271.0,True
10176407,MGH,Massachusetts General Hospital,2021,R21,5R21AI153967-02,Liver allograft tolerance induction by Bcl-2 inhibition and delayed donor bone marrow infusion,"KIMURA, SHOKO",10401363,GENERAL_AND_UNSPECIFIED_SURGERY,True,high,14.0,1.0,F_PUBMED_AUTHOR_AFFILIATION,"PubMed PMID 34485756 — Division of Transplantation, Department of Surgery, Massachusetts General Hospital, Boston, MA, United States.",2026-08-01,206600.0,False
10176417,BWH,Brigham and Women's Hospital,2021,R01,5R01AR073314-03,Comparative Effectiveness of Treat-To-Target Approach versus Routine Care in Management of Gout,"KIM, SEOYOUNG CATHERINE",10196115,CARDIAC_CARDIOTHORACIC_SURGERY,True,high,6.0,0.0,F_PUBMED_AUTHOR_AFFILIATION,"PubMed PMID 34930580 — Division of Thoracic Surgery, Department of Surgery, Brigham and Women's Hospital, Boston, Mass.",2026-08-01,407634.0,True
10176560,MGH,Massachusetts General Hospital,2021,R35,5R35HL150807-02,Functional role and therapeutic targeting of exosomes and extracellular RNA biomarkers in heart failure,"DAS, SAUMYA",8732081,OTHER_EXPLICIT_SURGERY,True,low,1.0,1.0,F_PUBMED_AUTHOR_AFFILIATION,"PubMed PMID 33139240 — Department of Oral & Maxillofacial Surgery, Massachusetts General Hospital, Harvard University, Boston, MA, USA.",2026-08-01,985397.0,False
10178967,MGH,Massachusetts General Hospital,2021,R01,1R01NS112183-01A1,Cellular Mechanisms of Transcranial Magnetic Stimulation in Cerebellar Cortex,"PATEL, PADMAVATHI SUNDARAM",10566166,GENERAL_AND_UNSPECIFIED_SURGERY,True,low,1.0,0.0,F_PUBMED_AUTHOR_AFFILIATION,"PubMed PMID 34566955 — Department of Surgery, Center for Transplantation Sciences, Massachusetts General Hospital and Harvard Medical School, Boston, MA, United States.",2026-08-01,1837935.0,True
10181089,MGH,Massachusetts General Hospital,2021,R21,5R21NS118541-02,Natural history study of x-linked Dystonia Parkinsonism,"SHARMA, NUTAN",1926380,SURGICAL_ONCOLOGY,True,low,1.0,0.0,F_PUBMED_AUTHOR_AFFILIATION,"PubMed PMID 33926918 — Department of Surgical Oncology, Massachusetts General Hospital, Boston, Massachusetts.",2026-08-01,210000.0,False
10182286,BWH,Brigham and Women's Hospital,2021,R01,1R01MH125860-01,Mapping the superficial white matter connectome of the human brain using ultra high resolution multi-contrast diffusion MRI,"O'DONNELL, LAUREN JEAN",10354488,OTHER_EXPLICIT_SURGERY,True,low,1.0,1.0,F_PUBMED_AUTHOR_AFFILIATION,"PubMed PMID 33071761 — Surgical Planning Laboratory, Department of Radiology, Brigham and Women's Hospital, Boston, MA, United States.",2026-08-01,858769.0,True
10183302,MGH,Massachusetts General Hospital,2021,R01,5R01HL142809-04,The Role of Histone Deacetylase 9 in Vascular Calcification,"MALHOTRA, RAJEEV",10352820,VASCULAR_SURGERY,True,low,1.0,0.0,F_PUBMED_AUTHOR_AFFILIATION,"PubMed PMID 34750582 — Division of Vascular Surgery and Endovascular Therapy, Massachusetts General Hospital, Boston, MA, USA.",2026-08-01,637501.0,True
10183964,MGH,Massachusetts General Hospital,2021,R01,1R01HL157803-01,High subzero heart preservation: from zebrafish to mammals,"TESSIER, SHANNON NOELLA",14535967,OTHER_EXPLICIT_SURGERY,True,high,32.0,0.0,F_PUBMED_AUTHOR_AFFILIATION,"PubMed PMID 34848781 — Center for Engineering in Medicine and Surgery, Massachusetts General Hospital, 51 Blossom St, Boston, MA, 02114, USA. sntessier@mgh.harvard.edu.",2026-08-01,420000.0,True
10184164,BWH,Brigham and Women's Hospital,2021,R01,1R01NS121096-01,Gene Edited and Engineered Tumor Cell Therapeutics for Cancer,"SHAH, KHALID A",8586528,NEUROSURGERY,False,high,6.0,0.0,F_PUBMED_AUTHOR_AFFILIATION,"PubMed PMID 33586320 — Department of Neurosurgery, Brigham and Women's Hospital, Harvard Medical School, Boston, Massachusetts, USA.",2026-08-01,466689.0,True
10185953,MGH,Massachusetts General Hospital,2021,R01,1R01CA259253-01,Improving treatment of HER2+ breast cancer brain metastasis by targeting lipid metabolism,"JAIN, RAKESH K.",1871279,OTHER_EXPLICIT_SURGERY,True,high,5.0,0.0,F_PUBMED_AUTHOR_AFFILIATION,"PubMed PMID 34705828 — Center for Engineering in Medicine and Surgery, Harvard Medical School and Massachusetts General Hospital, Boston, MA, United States of America.",2026-08-01,483164.0,True
10187754,BWH,Brigham and Women's Hospital,2021,K24,1K24AR078959-01,Mentoring Patient-Oriented Pharmacoepidemiologic Research in Rheumatic Diseases,"KIM, SEOYOUNG CATHERINE",10196115,CARDIAC_CARDIOTHORACIC_SURGERY,True,high,6.0,0.0,F_PUBMED_AUTHOR_AFFILIATION,"PubMed PMID 34930580 — Division of Thoracic Surgery, Department of Surgery, Brigham and Women's Hospital, Boston, Mass.",2026-08-01,166404.0,False
10190801,BWH,Brigham and Women's Hospital,2021,R01,5R01AI138801-04,Novel virologic and pharmacologic assays to predict clinical outcomes after first-line ART failure in sub-Saharan Africa,"LI, JONATHAN",10091716,ORTHOPEDIC_SURGERY,False,medium,2.0,1.0,F_PUBMED_AUTHOR_AFFILIATION,"PubMed PMID 32004706 — Department of Orthopedic Surgery, Brigham and Women's Hospital and Harvard Medical School, Boston, MA, USA; Department of Endocrinology, West China Hospital, West China School of Medicine, Sichuan University, Chengdu, Sichuan, China.",2026-08-01,770671.0,True
10191429,MGH,Massachusetts General Hospital,2021,K99,1K99CA259447-01,Regulation and function of exosomal cargo loading in cancer progression,"SUN, SHENG",16160293,NEUROSURGERY,False,low,1.0,3.0,F_PUBMED_AUTHOR_AFFILIATION,"PubMed PMID 38798485 — Department of Neurosurgery, Massachusetts General Hospital, Boston, MA, USA.",2026-08-01,178200.0,False
10191887,BWH,Brigham and Women's Hospital,2021,K24,1K24HL157648-01,Mentoring Patient Oriented Research in Innovative Imaging and High-dimensional Data Approaches to Improve Outcomes in Cardiac Amyloidosis,"DORBALA, SHARMILA",8892461,CARDIAC_CARDIOTHORACIC_SURGERY,True,low,1.0,1.0,F_PUBMED_AUTHOR_AFFILIATION,"PubMed PMID 34524397 — Cardiovascular Imaging Program, Division of Cardiovascular Medicine, Division of Cardiac Surgery, Heart and Vascular Center, Brigham and Women's Hospital, Harvard Medical School, Boston, Massachusetts.",2026-08-01,121599.0,False
10195754,MGH,Massachusetts General Hospital,2021,R03,1R03HD104877-01,Regulation of Experimental Colitis by Enteric Neurons,"HOTTA, RYO",14374657,PEDIATRIC_SURGERY,True,high,28.0,0.0,F_PUBMED_AUTHOR_AFFILIATION,"PubMed PMID 34852916 — Department of Pediatric Surgery, Massachusetts General Hospital, Harvard Medical School, 55 Fruit Street, 185 Cambridge St, CPZN 6-215, Boston, MA 02114, USA. Electronic address: rhotta@mgh.harvard.edu.",2026-08-01,82640.0,False
10196898,BWH,Brigham and Women's Hospital,2021,T35,5T35AG038027-12,Greater Boston Medical Student Training in Aging Research,"DRIVER, JANE A",7903230,NEUROSURGERY,False,high,6.0,0.0,F_PUBMED_AUTHOR_AFFILIATION,"PubMed PMID 32991515 — Department of Neurosurgery, Brigham and Women's Hospital, Harvard Medical School, Boston, MA.",2026-08-01,91435.0,False
10197106,MGH,Massachusetts General Hospital,2021,T32,5T32DK007540-35,Training for Multidisciplinary Research in Nephrology,"BROWN, DENNIS",1895543,GENERAL_AND_UNSPECIFIED_SURGERY,True,low,1.0,1.0,F_PUBMED_AUTHOR_AFFILIATION,"PubMed PMID 31356434 — Sumner Redstone Burn Center, Department of Surgery, Massachusetts General Hospital, Harvard Medical School, Boston, Massachusetts.",2026-08-01,306310.0,False
10199307,BWH,Brigham and Women's Hospital,2021,R21,1R21CA252578-01A1,RNASEH2B loss to predict response to PARP inhibitor in prostate cancer,"JIA, LI",8727171,UROLOGY,False,medium,2.0,1.0,F_PUBMED_AUTHOR_AFFILIATION,"PubMed PMID 35179959 — Division of Urology, Department of Surgery, Brigham and Women's Hospital, Harvard Medical School, Boston, MA, USA.",2026-08-01,251048.0,False
10202093,BWH,Brigham and Women's Hospital,2021,R03,1R03CA252817-01A1,Early investigation of the role of desmoplastic fibrosis in cutaneous squamous cell carcinoma,"SCHMULTS, CHRYSALYNE DELLING",9409158,OTHER_EXPLICIT_SURGERY,True,low,1.0,1.0,F_PUBMED_AUTHOR_AFFILIATION,"PubMed PMID 32002653 — Department of Dermatology, Brigham and Women's Hospital, Mohs and Dermatologic Surgery Center, Harvard Medical School, 1153 Centre Street, Suite 4J, Boston, MA, 02130, USA.",2026-08-01,89500.0,False
10207619,MGH,Massachusetts General Hospital,2021,R01,5R01DK121848-03,"Defining protein:protein interactions for the regulation of renal V-ATPase function: role in expression, assembly and trafficking.","BROWN, DENNIS",1895543,GENERAL_AND_UNSPECIFIED_SURGERY,True,low,1.0,1.0,F_PUBMED_AUTHOR_AFFILIATION,"PubMed PMID 31356434 — Sumner Redstone Burn Center, Department of Surgery, Massachusetts General Hospital, Harvard Medical School, Boston, Massachusetts.",2026-08-01,541687.0,True
10210639,MGH,Massachusetts General Hospital,2021,R01,1R01NS117826-01A1,A computational approach for quantifying motor behaviors in spinocerebellar ataxias to improve early detection of motor signs and precisely estimate disease severity and disease change,"GUPTA, ANOOPUM SATYAWAN",10308903,ORTHOPEDIC_SURGERY,False,low,1.0,0.0,F_PUBMED_AUTHOR_AFFILIATION,"PubMed PMID 33834122 — Department of Orthopaedics, Massachusetts General Hospital, Harvard Medical School, Boston, MA, USA.",2026-08-01,555308.0,True
10213601,MGH,Massachusetts General Hospital,2021,K01,5K01MH111802-05,Understanding Functional Connectivity Abnormalities In Individual Patients with Psychosis,"WANG, DANHONG",12261301,GENERAL_AND_UNSPECIFIED_SURGERY,True,high,5.0,1.0,F_PUBMED_AUTHOR_AFFILIATION,"PubMed PMID 36316056 — General Surgery, Massachusetts General Hospital, Boston, Massachusetts, USA.",2026-08-01,186147.0,False
10216184,BWH,Brigham and Women's Hospital,2021,R01,5R01CA120528-15,Prospective Validation of Prognostic and Predictive Molecular tests in Mesothelioma,"BUENO, RAPHAEL",1926139,CARDIAC_CARDIOTHORACIC_SURGERY,True,high,81.0,0.0,F_PUBMED_AUTHOR_AFFILIATION,"PubMed PMID 34809805 — Division of Thoracic Surgery and the Lung Center, Brigham and Women's Hospital and Harvard Medical School, Boston, Massachusetts. Electronic address: rbueno@bwh.harvard.edu.",2026-08-01,302092.0,True
10219163,BWH,Brigham and Women's Hospital,2021,R01,5R01CA047006-34,Epstein-Barr Virus Nuclear Protein B Cell Growth Transformation,"ZHAO, BO",10368651,GENERAL_AND_UNSPECIFIED_SURGERY,True,medium,4.0,0.0,F_PUBMED_AUTHOR_AFFILIATION,"PubMed PMID 34334212 — Department of Surgery, Brigham and Women's Hospital, Boston MA. Electronic address: https://twitter.com/@BixiaoZhao.",2026-08-01,532500.0,True
10221670,BWH,Brigham and Women's Hospital,2021,R01,5R01DE028336-03,Long Term Oral Health Outcomes in the Chronic GVHD Consortium,"TREISTER, NATHANIEL S",6787558,GENERAL_AND_UNSPECIFIED_SURGERY,True,medium,3.0,0.0,F_PUBMED_AUTHOR_AFFILIATION,"PubMed PMID 35048034 — Department of Surgery, Divisions of Oral Medicine and Dentistry, Brigham and Women's Hospital and the Dana-Farber Cancer Institute, Boston, MA, United States.",2026-08-01,721596.0,True
10222696,MGH,Massachusetts General Hospital,2021,R01,5R01EY027888-04,Phosphene Characteristics and Artificial Sight,"PEZARIS, JOHN S.",9613614,NEUROSURGERY,False,medium,2.0,3.0,F_PUBMED_AUTHOR_AFFILIATION,"PubMed PMID 38798485 — Department of Neurosurgery, Massachusetts General Hospital, Boston, MA, USA.",2026-08-01,397796.0,True
10222698,MGH,Massachusetts General Hospital,2021,R01,5R01EY028234-05,A Cell-free Approach to the Engineering of Corneal Stroma,"SAEIDI, NIMA",10996096,GENERAL_AND_UNSPECIFIED_SURGERY,True,high,7.0,1.0,F_PUBMED_AUTHOR_AFFILIATION,PubMed PMID 37287514 — Division of General and Gastrointestinal Surgery Department of Surgery Massachusetts General Hospital Harvard Medical School Boston Massachusetts USA.,2026-08-01,416236.0,True
10223985,MGH,Massachusetts General Hospital,2021,R01,5R01MH117253-04,2/2-Preventing Depressive Relapse in Pregnant Women with Recurrent Depression,"COHEN, LEE S",1859050,ORTHOPEDIC_SURGERY,False,low,1.0,3.0,F_PUBMED_AUTHOR_AFFILIATION,"PubMed PMID 39816477 — Department of Orthopaedic Surgery, Massachusetts General Hospital, Boston, MA, United States.",2026-08-01,400824.0,True
10224111,MGH,Massachusetts General Hospital,2021,K07,5K07CA211107-05,Improving Adherence to Endocrine Therapy in Breast Cancer Survivors,"JACOBS, JAMIE MICHELE",12500543,ORTHOPEDIC_SURGERY,False,low,1.0,1.0,F_PUBMED_AUTHOR_AFFILIATION,"PubMed PMID 32577461 — Department of Orthopaedic Surgery, Massachusetts General Hospital, Boston, MA, USA.",2026-08-01,164589.0,False
10225499,MGH,Massachusetts General Hospital,2021,U01,5U01EB023820-05,Device-Independent Acquisition and Real Time Spatiotemporal Analysis of Clinical Electrophysiology Data,"PATEL, PADMAVATHI SUNDARAM",10566166,GENERAL_AND_UNSPECIFIED_SURGERY,True,low,1.0,0.0,F_PUBMED_AUTHOR_AFFILIATION,"PubMed PMID 34566955 — Department of Surgery, Center for Transplantation Sciences, Massachusetts General Hospital and Harvard Medical School, Boston, MA, United States.",2026-08-01,1135742.0,False
10226202,BWH,Brigham and Women's Hospital,2021,R01,5R01AI141529-03,Functional Redundancy of Human Microbiome and its Implication in Fecal Microbiota Transplantation,"LIU, YANG-YU",11954239,TRANSPLANT_SURGERY,True,medium,4.0,0.0,F_PUBMED_AUTHOR_AFFILIATION,"PubMed PMID 34551205 — Division of Transplant Surgery, Department of Surgery, Brigham and Women's Hospital, Harvard Medical School, Boston, Massachusetts.",2026-08-01,894266.0,True
10229462,MGH,Massachusetts General Hospital,2021,R01,5R01HD100022-03,Fetal Brain-Placental Immune Activation in Maternal Obesity,"EDLOW, ANDREA GOLDBERG",11953428,OBGYN,False,high,6.0,0.0,F_PUBMED_AUTHOR_AFFILIATION,"PubMed PMID 34664987 — Department of Obstetrics and Gynecology, Massachusetts General Hospital, Harvard Medical School, Boston, MA 02114, USA.",2026-08-01,394602.0,True
10232152,BWH,Brigham and Women's Hospital,2021,R01,5R01CA235589-03,Lymph Node Quantification System for Multisite Clinical Trials,"KIKINIS, RON",1881109,OTHER_EXPLICIT_SURGERY,True,high,8.0,0.0,F_PUBMED_AUTHOR_AFFILIATION,"PubMed PMID 34252866 — Surgical Planning Laboratory, Department of Radiology, Brigham and Women's Hospital, 75 Francis St. Boston, MA 02215, United States.",2026-08-01,607952.0,True
10234140,MGH,Massachusetts General Hospital,2021,K99,5K99NS118120-02,Probing the Biophysical Basis of Large-Scale Brain Dynamics Using Simultaneous PET/fMRI and EEG/PET/fMRI,"CHEN, JINGYUAN",16130302,ORTHOPEDIC_SURGERY,False,low,1.0,1.0,F_PUBMED_AUTHOR_AFFILIATION,"PubMed PMID 32467241 — Center for Regenerative Medicine, Harvard Stem Cell Institute, Department of Orthopedic Surgery, Massachusetts General Hospital, Harvard Medical School, 185 Cambridge Street, Boston, MA 02114, USA.",2026-08-01,130950.0,False
10236278,MGH,Massachusetts General Hospital,2021,R01,5R01NS108419-04,Skull marrow crosstalk with the central nervous system,"MOSKOWITZ, MICHAEL A.",1884505,NEUROSURGERY,False,low,1.0,0.0,F_PUBMED_AUTHOR_AFFILIATION,"PubMed PMID 34434290 — Neuroscience Center, Departments of Neurology and Neurosurgery, Massachusetts General Hospital, Boston, MA, USA.",2026-08-01,670359.0,True
10237316,BWH,Brigham and Women's Hospital,2021,R01,5R01NS105675-03,Systems Genetics Approach to Intracranial Aneurysms,"DU, ROSE",9580998,NEUROSURGERY,False,high,19.0,0.0,F_PUBMED_AUTHOR_AFFILIATION,"PubMed PMID 34804488 — Department of Neurosurgery, Brigham and Women's Hospital, Boston, MA, USA.",2026-08-01,736093.0,True
10238889,BWH,Brigham and Women's Hospital,2022,R01,5R01AR057374-09,Molecular and cellular mechanisms of heterotopic ossification,"YU, PAUL B",1860889,GENERAL_AND_UNSPECIFIED_SURGERY,True,medium,3.0,0.0,F_PUBMED_AUTHOR_AFFILIATION,"PubMed PMID 36288300 — Department of Surgery and the Heart and Vascular Center, Brigham and Women's Hospital, Harvard Medical School, Boston, MA 02115, USA.",2026-08-01,76453.0,True
10239254,MGH,Massachusetts General Hospital,2021,R61,5R61HD103099-02,"FLOURISH - Following Longitudinal Outcomes to Understand, Report, Intervene and Sustain Health for Infants, Children, Adolescent who are HIV Exposed Uninfected","POWIS, KATHLEEN",9631847,PEDIATRIC_SURGERY,True,low,1.0,1.0,F_PUBMED_AUTHOR_AFFILIATION,"PubMed PMID 32158555 — Department of Pediatrics and Pediatric Surgery, Massachusetts General Hospital, Boston, United States.",2026-08-01,409985.0,False
10241474,MGH,Massachusetts General Hospital,2021,T32,5T32CA071345-24,Training Program in Cancer Biology and Therapeutics,"HABER, DANIEL A.",1882057,ORTHOPEDIC_SURGERY,False,low,1.0,0.0,F_PUBMED_AUTHOR_AFFILIATION,"PubMed PMID 32694426 — Harvard Combined Orthopaedic Residency Program, Massachusetts General Hospital, Boston, Massachusetts.",2026-08-01,403575.0,False
10246413,BWH,Brigham and Women's Hospital,2021,R50,5R50CA243706-03,Innovative approaches for the advancement of glioblastoma therapies,"NOWICKI, MICHAL OSKAR",12512000,NEUROSURGERY,False,medium,3.0,0.0,F_PUBMED_AUTHOR_AFFILIATION,"PubMed PMID 33989707 — Harvey Cushing Neurooncology Laboratories, Department of Neurosurgery, Brigham and Women's Hospital, Harvard Medical School, Boston, MA, USA.",2026-08-01,132481.0,False
10249235,BWH,Brigham and Women's Hospital,2021,R21,5R21AR077769-02,Use of skin grafts programmed to express VEGF-C with biosensor feedback regulation to treat lymphedema,"AGARWAL, SHAILESH",11814826,PLASTIC_SURGERY,False,high,10.0,0.0,F_PUBMED_AUTHOR_AFFILIATION,"PubMed PMID 33977003 — Division of Plastic and Reconstructive Surgery, Brigham and Women's Hospital, Boston, Mass.",2026-08-01,214382.0,False
10251378,MGH,Massachusetts General Hospital,2021,U01,5U01CA224348-03,Reprogramming PDAC tumor microenvironment to improve immunotherapy,"JAIN, RAKESH K.",1871279,OTHER_EXPLICIT_SURGERY,True,high,5.0,0.0,F_PUBMED_AUTHOR_AFFILIATION,"PubMed PMID 34705828 — Center for Engineering in Medicine and Surgery, Harvard Medical School and Massachusetts General Hospital, Boston, MA, United States of America.",2026-08-01,577095.0,False
10251973,BWH,Brigham and Women's Hospital,2021,P30,5P30AR072577-05,"VERITY: Value and Evidence in Rheumatology using bioInformaTics, and advanced analYtics","SOLOMON, DANIEL HAL",1902207,CARDIAC_CARDIOTHORACIC_SURGERY,True,low,1.0,2.0,F_PUBMED_AUTHOR_AFFILIATION,"PubMed PMID 37967764 — Division of Thoracic and Cardiac Surgery, Brigham and Women's Hospital, Boston, Mass. Electronic address: daniel.s985@gmail.com.",2026-08-01,888722.0,False
10252900,MGH,Massachusetts General Hospital,2021,R25,5R25NS065743-13,Neuroscience Resident Research Program,"CASH, SYDNEY S",1927400,NEUROSURGERY,False,low,1.0,3.0,F_PUBMED_AUTHOR_AFFILIATION,"PubMed PMID 38293030 — Department of Neurology and Neurosurgery, Massachusetts General Hospital, Boston, MA 02114, USA.",2026-08-01,833656.0,False
10269041,MGH,Massachusetts General Hospital,2021,R37,5R37AI155171-02,Elite controllers as a model for a cure of HIV-1 infection,"YU, XU",8267676,NEUROSURGERY,False,low,1.0,1.0,F_PUBMED_AUTHOR_AFFILIATION,"PubMed PMID 35379995 — Department of Neurosurgery, Massachusetts General Hospital, Harvard Medical School, Boston, MA, USA.",2026-08-01,867590.0,True
10274765,MGH,Massachusetts General Hospital,2021,R01,1R01NS122904-01,Investigating the thalamic regulation of neuro-glio-vascular restoration underlying acute coma recovery with multi-modal fMRI in a brainstem coma rodent model,"YU, XIN",11129980,NEUROSURGERY,False,low,1.0,1.0,F_PUBMED_AUTHOR_AFFILIATION,"PubMed PMID 35379995 — Department of Neurosurgery, Massachusetts General Hospital, Harvard Medical School, Boston, MA, USA.",2026-08-01,623621.0,True
10275917,BWH,Brigham and Women's Hospital,2021,R37,1R37CA262299-01,Helicobacter Infection and Liver Cancer Risk among African Americans and Whites in the United States,"ZHANG, XUEHONG",10801853,NEUROSURGERY,False,low,1.0,2.0,F_PUBMED_AUTHOR_AFFILIATION,"PubMed PMID 37986632 — Department of Neurosurgery, Brigham and Women's Hospital, Harvard Medical School, Boston, Massachusetts, USA.",2026-08-01,454914.0,True
10277786,BWH,Brigham and Women's Hospital,2021,R01,1R01HL159012-01,Long-Acting RNAi Therapy for Atherosclerosis and Insulin Resistance,"SHI, JINJUN",10646072,OTHER_EXPLICIT_SURGERY,True,medium,4.0,0.0,F_PUBMED_AUTHOR_AFFILIATION,"PubMed PMID 34155635 — Departments of Research and Surgery, VA Boston Healthcare System, Brigham and Women's Hospital, Harvard Medical School, Boston, MA, USA.",2026-08-01,711340.0,True
10279470,BWH,Brigham and Women's Hospital,2021,R01,1R01CA262524-01,Androgen receptor pathway inhibition through targeting PARP-2 in castration-resistant prostate cancer,"JIA, LI",8727171,UROLOGY,False,medium,2.0,1.0,F_PUBMED_AUTHOR_AFFILIATION,"PubMed PMID 35179959 — Division of Urology, Department of Surgery, Brigham and Women's Hospital, Harvard Medical School, Boston, MA, USA.",2026-08-01,409463.0,True
10280040,BWH,Brigham and Women's Hospital,2021,R01,1R01HL159443-01,Context-specific angiogenic signaling in the pulmonary vasculature,"YU, PAUL B",1860889,VASCULAR_SURGERY,True,medium,3.0,0.0,F_PUBMED_AUTHOR_AFFILIATION,"PubMed PMID 34039913 — Division of Vascular and Endovascular Surgery, Brigham And Women's Hospital, Boston, Massachusetts, USA.",2026-08-01,625560.0,True
10282685,BWH,Brigham and Women's Hospital,2021,K23,1K23AI163371-01,Clinical Impact and Epidemiology of Nonsteroidal Anti-inflammatory Drug Allergies,"LI, LILY",15410119,VASCULAR_SURGERY,True,medium,2.0,1.0,F_PUBMED_AUTHOR_AFFILIATION,"PubMed PMID 32469162 — Vascular Surgery Research Laboratories, Division of Vascular and Endovascular Surgery, Brigham and Women's Hospital, Harvard Medical School, Boston, MA, USA.",2026-08-01,175143.0,False
10284076,MGH,Massachusetts General Hospital,2021,K08,1K08DK129824-01,"Elucidating structural, mechanistic, and allosteric determinants of mTOR Complex 2 (mTORC2) signaling.","TAYLOR, MARTIN S",8431403,OTHER_EXPLICIT_SURGERY,True,low,1.0,1.0,F_PUBMED_AUTHOR_AFFILIATION,"PubMed PMID 32675550 — Department of Gastrointestinal Surgery and Pathology, Massachusetts General Hospital and Harvard Medical School, Boston, MA.",2026-08-01,172575.0,False
10285163,MGH,Massachusetts General Hospital,2021,R01,3R01NS103998-04S1,Imaging macrophage and microglial functional diversity in stroke,"CHEN, JOHN W",2297762,ORTHOPEDIC_SURGERY,False,low,1.0,1.0,F_PUBMED_AUTHOR_AFFILIATION,"PubMed PMID 32467241 — Center for Regenerative Medicine, Harvard Stem Cell Institute, Department of Orthopedic Surgery, Massachusetts General Hospital, Harvard Medical School, 185 Cambridge Street, Boston, MA 02114, USA.",2026-08-01,402834.0,True
10288014,MGH,Massachusetts General Hospital,2021,R21,1R21AI163806-01,Mcl-1 inhibition for induction of hematopoietic chimerism without nonselective myeloablative treatments in nonhuman primates,"KAWAI, TATSUO",6260328,GENERAL_AND_UNSPECIFIED_SURGERY,True,high,19.0,0.0,F_PUBMED_AUTHOR_AFFILIATION,"PubMed PMID 33350629 — Department of Surgery, Massachusetts General Hospital, Boston, MA.",2026-08-01,245795.0,False
10288682,BWH,Brigham and Women's Hospital,2021,R03,1R03EB032050-01,Estimation of High Frame Rate Digital Subtraction Angiography Sequences at Low Radiation Dose,"HAOUCHINE, NAZIM",16453202,OTHER_EXPLICIT_SURGERY,True,low,1.0,3.0,F_PUBMED_AUTHOR_AFFILIATION,PubMed PMID 39720742 — Surgical Planning Laboratory Brigham and Women's Hospital and Harvard Medical School Boston Massachusetts USA.,2026-08-01,89500.0,False
10297216,BWH,Brigham and Women's Hospital,2021,R01,2R01CA200900-06A1,Systemic RNA Delivery to Tumors,"SHI, JINJUN",10646072,OTHER_EXPLICIT_SURGERY,True,medium,4.0,0.0,F_PUBMED_AUTHOR_AFFILIATION,"PubMed PMID 34155635 — Departments of Research and Surgery, VA Boston Healthcare System, Brigham and Women's Hospital, Harvard Medical School, Boston, MA, USA.",2026-08-01,585626.0,True
10302525,BWH,Brigham and Women's Hospital,2021,R21,1R21CA252962-01A1,Multidisciplinary Study of Folate Intake and Colorectal Cancer,"ZHANG, XUEHONG",10801853,NEUROSURGERY,False,low,1.0,2.0,F_PUBMED_AUTHOR_AFFILIATION,"PubMed PMID 37986632 — Department of Neurosurgery, Brigham and Women's Hospital, Harvard Medical School, Boston, Massachusetts, USA.",2026-08-01,276208.0,False
10303307,BWH,Brigham and Women's Hospital,2021,R21,1R21HD103977-01A1,Birth Control to Improve Birth Spacing (BIBS): a Prospective Longitudinal Cohort Study,"JANIAK, ELIZABETH",16133186,OBGYN,False,low,1.0,0.0,F_PUBMED_AUTHOR_AFFILIATION,"PubMed PMID 34909761 — Department of Obstetrics, Gynecology and Reproductive Biology, Brigham and Women's Hospital, Boston, Massachusetts, USA.",2026-08-01,301136.0,False
10308113,MGH,Massachusetts General Hospital,2022,R03,5R03HD100762-02,Autologous cell transplantation for the treatment of colorectal aganglionosis,"HOTTA, RYO",14374657,PEDIATRIC_SURGERY,True,high,28.0,0.0,F_PUBMED_AUTHOR_AFFILIATION,"PubMed PMID 34852916 — Department of Pediatric Surgery, Massachusetts General Hospital, Harvard Medical School, 55 Fruit Street, 185 Cambridge St, CPZN 6-215, Boston, MA 02114, USA. Electronic address: rhotta@mgh.harvard.edu.",2026-08-01,77472.0,False
10310433,MGH,Massachusetts General Hospital,2022,R01,5R01NS032677-29,Genetically Engineered Viruses for Brain Tumor Therapy,"MARTUZA, ROBERT L",1893202,NEUROSURGERY,False,low,1.0,3.0,F_PUBMED_AUTHOR_AFFILIATION,"PubMed PMID 38599661 — Department of Neurosurgery, Massachusetts General Hospital and Harvard Medical School, Brain Tumor Research Center, Boston, Massachusetts, USA.",2026-08-01,548365.0,True
10314578,BWH,Brigham and Women's Hospital,2021,F32,1F32HD106687-01,Defining the Natural History and Drivers of Surgical Referral of Pediatric Umbilical Hernias to Reduce Unnecessary Surgery,"HE, KATHERINE",14894105,GENERAL_AND_UNSPECIFIED_SURGERY,True,high,17.0,0.0,F_PUBMED_AUTHOR_AFFILIATION,"PubMed PMID 35759927 — Department of Surgery, Brigham and Women's Hospital, Harvard Medical School, Boston, Massachusetts.",2026-08-01,1.0,False
10315615,MGH,Massachusetts General Hospital,2021,F32,1F32DK128981-01A1,A mixed-methods approach to identify factors determining utilization of marginal quality deceased donor livers for transplantation,"CRON, DAVID COULTON",14845760,GENERAL_AND_UNSPECIFIED_SURGERY,True,high,21.0,0.0,F_PUBMED_AUTHOR_AFFILIATION,"PubMed PMID 33405324 — Department of Surgery, Massachusetts General Hospital, Boston, MA, USA.",2026-08-01,71262.0,False
10319974,MGH,Massachusetts General Hospital,2022,R01,5R01DK119210-03,Characterizing neurogenic progenitors in the adult intestine,"GOLDSTEIN, ALLAN M",1869931,PEDIATRIC_SURGERY,True,high,66.0,0.0,F_PUBMED_AUTHOR_AFFILIATION,"PubMed PMID 36400580 — Department of Pediatric Surgery, Massachusetts General Hospital, Harvard Medical School, Boston, MA. Electronic address: https://twitter.com/mghpedisurg.",2026-08-01,363312.0,True
10321285,BWH,Brigham and Women's Hospital,2022,R01,5R01HL127200-07,Metabolic Control of Stemness in lung epithelial progenitors by FAM13A,"ZHOU, ANNY XIAOBO",10698759,OTOLARYNGOLOGY_HNS,False,low,1.0,1.0,F_PUBMED_AUTHOR_AFFILIATION,"PubMed PMID 32865006 — Department of Surgery, Division of Otolaryngology-Head and Neck Surgery, Brigham and Women's Hospital, Boston, MA, USA.",2026-08-01,667400.0,True
10322737,MGH,Massachusetts General Hospital,2022,R03,5R03AI151499-02,Multi Biomarker-based prediction tool development to determine risk of infections-related outcomes among severe blunt trauma patients,"TSURUMI, AMY",14940647,GENERAL_AND_UNSPECIFIED_SURGERY,True,high,10.0,2.0,F_PUBMED_AUTHOR_AFFILIATION,"PubMed PMID 33047099 — Department of Surgery, Massachusetts General Hospital, and Harvard Medical School, 50 Blossom St., Their 340, Boston, MA 02114, USA.",2026-08-01,84000.0,False
10322982,BWH,Brigham and Women's Hospital,2022,R01,5R01AI150396-03,HIV Reservoir Ecology of Viral Remission,"LI, JONATHAN",10091716,ORTHOPEDIC_SURGERY,False,medium,2.0,2.0,F_PUBMED_AUTHOR_AFFILIATION,"PubMed PMID 32004706 — Department of Orthopedic Surgery, Brigham and Women's Hospital and Harvard Medical School, Boston, MA, USA; Department of Endocrinology, West China Hospital, West China School of Medicine, Sichuan University, Chengdu, Sichuan, China.",2026-08-01,866695.0,True
10326825,MGH,Massachusetts General Hospital,2022,R01,5R01AI142670-04,"Immune correlates of tuberculosis and non-tuberculosis infectious morbidity in Southern African HIV-exposed, uninfected infants.","POWIS, KATHLEEN",9631847,PEDIATRIC_SURGERY,True,low,1.0,2.0,F_PUBMED_AUTHOR_AFFILIATION,"PubMed PMID 32158555 — Department of Pediatrics and Pediatric Surgery, Massachusetts General Hospital, Boston, United States.",2026-08-01,925915.0,True
10327100,BWH,Brigham and Women's Hospital,2021,R21,1R21AI155152-01A1,Autologous HIV antibodies for viral control,"LI, JONATHAN",10091716,ORTHOPEDIC_SURGERY,False,medium,2.0,1.0,F_PUBMED_AUTHOR_AFFILIATION,"PubMed PMID 32004706 — Department of Orthopedic Surgery, Brigham and Women's Hospital and Harvard Medical School, Boston, MA, USA; Department of Endocrinology, West China Hospital, West China School of Medicine, Sichuan University, Chengdu, Sichuan, China.",2026-08-01,286535.0,False
10332759,MGH,Massachusetts General Hospital,2022,R01,5R01CA160762-09,Targeting tumorigenic pathways in glioblastoma with oncolytic HSV,"RABKIN, SAMUEL DAVID",1959047,NEUROSURGERY,False,high,5.0,1.0,F_PUBMED_AUTHOR_AFFILIATION,"PubMed PMID 37578106 — Brain Tumor Research Center, Department of Neurosurgery, Massachusetts General Hospital and Harvard Medical School, Boston, Massachusetts, USA.",2026-08-01,387855.0,True
10333349,BWH,Brigham and Women's Hospital,2022,R01,5R01HL150342-03,Early Detection of Transthyretin Cardiac Amyloidosis: Defining a Novel Target for HFpEF Treatment and Prevention in Late Life,"DORBALA, SHARMILA",8892461,CARDIAC_CARDIOTHORACIC_SURGERY,True,low,1.0,0.0,F_PUBMED_AUTHOR_AFFILIATION,"PubMed PMID 34524397 — Cardiovascular Imaging Program, Division of Cardiovascular Medicine, Division of Cardiac Surgery, Heart and Vascular Center, Brigham and Women's Hospital, Harvard Medical School, Boston, Massachusetts.",2026-08-01,1102200.0,True
10335130,BWH,Brigham and Women's Hospital,2022,K07,5K07CA215819-05,Evaluating breast cancer care in rural Rwanda,"PACE, LYDIA",12056449,GENERAL_AND_UNSPECIFIED_SURGERY,True,low,1.0,1.0,F_PUBMED_AUTHOR_AFFILIATION,"PubMed PMID 36753274 — Department of Surgery, Brigham and Women's Hospital, Boston, Massachusetts.",2026-08-01,174734.0,False
10335911,MGH,Massachusetts General Hospital,2022,R01,5R01NS103998-05,Imaging macrophage and microglial functional diversity in stroke,"CHEN, JOHN W",2297762,ORTHOPEDIC_SURGERY,False,low,1.0,2.0,F_PUBMED_AUTHOR_AFFILIATION,"PubMed PMID 32467241 — Center for Regenerative Medicine, Harvard Stem Cell Institute, Department of Orthopedic Surgery, Massachusetts General Hospital, Harvard Medical School, 185 Cambridge Street, Boston, MA 02114, USA.",2026-08-01,399783.0,True
10336180,MGH,Massachusetts General Hospital,2021,R00,4R00HL143149-03,Whole heart suspended animation: leveraging the zebrafish to solve the organ shortage,"TESSIER, SHANNON NOELLA",14535967,OTHER_EXPLICIT_SURGERY,True,high,32.0,0.0,F_PUBMED_AUTHOR_AFFILIATION,"PubMed PMID 34848781 — Center for Engineering in Medicine and Surgery, Massachusetts General Hospital, 51 Blossom St, Boston, MA, 02114, USA. sntessier@mgh.harvard.edu.",2026-08-01,249000.0,False
10337744,BWH,Brigham and Women's Hospital,2021,K23,3K23HL135438-05S1,"Administrative Supplement to Coronary Flow Reserve to Assess Hidden Risk: Focus on Women, Heart Failure, and Inflammation","TAQUETI, VIVIANY R",11453498,CARDIAC_CARDIOTHORACIC_SURGERY,True,low,1.0,1.0,F_PUBMED_AUTHOR_AFFILIATION,"PubMed PMID 34524397 — Cardiovascular Imaging Program, Division of Cardiovascular Medicine, Division of Cardiac Surgery, Heart and Vascular Center, Brigham and Women's Hospital, Harvard Medical School, Boston, Massachusetts.",2026-08-01,54000.0,False
10342388,MGH,Massachusetts General Hospital,2022,R01,1R01DE031261-01,Integration of polygenic risk and facial morphometrics to decipher the genetic susceptibility of orofacial clefting,"BRAND, HARRISON",11769077,PEDIATRIC_SURGERY,True,high,7.0,0.0,F_PUBMED_AUTHOR_AFFILIATION,"PubMed PMID 35982160 — Pediatric Surgical Research Laboratories, Department of Surgery, Massachusetts General Hospital, Boston, MA, USA.",2026-08-01,796210.0,True
10345089,BWH,Brigham and Women's Hospital,2022,R01,1R01NS124916-01,Systematic study of extracellular vesicles and their integrative analysis with Parkinson's organoids MAP,"LEE, LUKE P.",6871447,OBGYN,False,low,1.0,1.0,F_PUBMED_AUTHOR_AFFILIATION,"PubMed PMID 33501727 — Gynecologic Radiation Oncology, Department of Radiation Oncology, Dana-Farber Cancer Institute, Brigham and Women's Hospital, Harvard Medical School, Boston, MA, USA.",2026-08-01,738375.0,True
10348658,MGH,Massachusetts General Hospital,2023,R01,5R01NS111029-04,Human genetics and molecular mechanisms of congenital hydrocephalus,"KAHLE, KRISTOPHER",10626053,NEUROSURGERY,False,high,11.0,0.0,F_PUBMED_AUTHOR_AFFILIATION,"PubMed PMID 37978175 — Department of Neurosurgery, Massachusetts General Hospital, Harvard Medical School, Boston, MA, USA. Kahle.Kristopher@mgh.harvard.edu.",2026-08-01,487606.0,True
10349549,MGH,Massachusetts General Hospital,2022,R01,5R01HD102014-03,Methods of fertility protection by Mullerian inhibiting substance in the female reproductive tract during chemotherapy,"PEPIN, DAVID",12105098,PEDIATRIC_SURGERY,True,high,9.0,0.0,F_PUBMED_AUTHOR_AFFILIATION,"PubMed PMID 35380904 — Pediatric Surgical Research Laboratories, Massachusetts General Hospital, Boston, MA  02114.",2026-08-01,361443.0,True
10350010,MGH,Massachusetts General Hospital,2021,UH3,4UH3TR002878-03,Molecular dissection and imaging of extracellular vesicles to define their origin and targets,"DAS, SAUMYA",8732081,OTHER_EXPLICIT_SURGERY,True,low,1.0,1.0,F_PUBMED_AUTHOR_AFFILIATION,"PubMed PMID 33139240 — Department of Oral & Maxillofacial Surgery, Massachusetts General Hospital, Harvard University, Boston, MA, USA.",2026-08-01,1100083.0,False
10355476,BWH,Brigham and Women's Hospital,2022,R01,5R01NS107857-04,Engineered and Encapsulated Stem Cells for Resected Brain Tumors,"SHAH, KHALID A",8586528,NEUROSURGERY,False,high,9.0,1.0,F_PUBMED_AUTHOR_AFFILIATION,"PubMed PMID 37256936 — Department of Neurosurgery, Brigham and Women's Hospital, Harvard Medical School, Boston, MA 02115, USA.",2026-08-01,363913.0,True
10356028,BWH,Brigham and Women's Hospital,2022,R35,5R35CA197605-07,Mucins and immune cell interactions in ovarian cancer pathogenesis & progression,"CRAMER, DANIEL WILLIAM",1858148,OBGYN,False,high,6.0,0.0,F_PUBMED_AUTHOR_AFFILIATION,"PubMed PMID 36572991 — Obstetrics and Gynecology Epidemiology Center, Department of Obstetrics and Gynecology, Brigham and Women's Hospital and Harvard Medical School, Boston, Massachusetts, USA.",2026-08-01,892854.0,False
10358699,BWH,Brigham and Women's Hospital,2022,R03,1R03CA259659-01A1,Using biomarkers to elucidate the breastfeeding and ovarian cancer risk association,"SASAMOTO, NAOKO",15260740,OBGYN,False,high,14.0,0.0,F_PUBMED_AUTHOR_AFFILIATION,"PubMed PMID 36572991 — Obstetrics and Gynecology Epidemiology Center, Department of Obstetrics and Gynecology, Brigham and Women's Hospital and Harvard Medical School, Boston, Massachusetts, USA.",2026-08-01,89500.0,False
10361197,MGH,Massachusetts General Hospital,2022,R01,5R01CA227821-05,Targeting Nicotinamide Adenine Dinucleotide (NAD+) metabolism in IDH mutant gliomas,"CAHILL, DANIEL P.",1902302,NEUROSURGERY,False,high,17.0,0.0,F_PUBMED_AUTHOR_AFFILIATION,"PubMed PMID 35985343 — Department of Neurosurgery, Translational Neuro-Oncology Laboratory, Massachusetts General Hospital, Harvard Medical School, Boston, MA 02114, USA.",2026-08-01,470540.0,True
10361387,BWH,Brigham and Women's Hospital,2022,U10,5U10CA180821-09,Alliance for Clinical Trials in Oncology Operations Center,"PIANTADOSI, STEVEN",2422658,GENERAL_AND_UNSPECIFIED_SURGERY,True,high,7.0,1.0,F_PUBMED_AUTHOR_AFFILIATION,"PubMed PMID 37715096 — Department of Surgery, Brigham and Women's Hospital, Harvard Medical School, Boston, MA, USA.",2026-08-01,8643786.0,False
10361511,MGH,Massachusetts General Hospital,2022,K01,5K01AI153558-02,"Integrating the genome, metabolome, and microbiome for childhood asthma: Risk and endotypes","ZHU, ZHAOZHONG",15229953,OTHER_EXPLICIT_SURGERY,True,low,1.0,3.0,F_PUBMED_AUTHOR_AFFILIATION,"PubMed PMID 40802550 — Center for Laryngeal Surgery and Voice Rehabilitation, Massachusetts General Hospital, Boston.",2026-08-01,157276.0,False
10364887,MGH,Massachusetts General Hospital,2022,R01,1R01DE030464-01A1,Genetic Variants in Craniofacial Dystonias,"SHARMA, NUTAN",1926380,SURGICAL_ONCOLOGY,True,low,1.0,1.0,F_PUBMED_AUTHOR_AFFILIATION,"PubMed PMID 33926918 — Department of Surgical Oncology, Massachusetts General Hospital, Boston, Massachusetts.",2026-08-01,618802.0,True
10365240,BWH,Brigham and Women's Hospital,2022,U01,1U01CA259208-01A1,Perfluoroalkyl Substances (PFASs) and Liver Cancer Risk in the United States,"ZHANG, XUEHONG",10801853,NEUROSURGERY,False,low,1.0,1.0,F_PUBMED_AUTHOR_AFFILIATION,"PubMed PMID 37986632 — Department of Neurosurgery, Brigham and Women's Hospital, Harvard Medical School, Boston, Massachusetts, USA.",2026-08-01,815131.0,False
10366091,MGH,Massachusetts General Hospital,2022,R00,5R00HL143149-04,Whole heart suspended animation: leveraging the zebrafish to solve the organ shortage,"TESSIER, SHANNON NOELLA",14535967,OTHER_EXPLICIT_SURGERY,True,high,41.0,0.0,F_PUBMED_AUTHOR_AFFILIATION,"PubMed PMID 35840553 — Center for Engineering in Medicine and Surgery, Harvard Medical School and Massachusetts General Hospital, Boston, MA, USA.",2026-08-01,249000.0,False
10370426,MGH,Massachusetts General Hospital,2022,R01,5R01HL157803-02,High subzero heart preservation: from zebrafish to mammals,"TESSIER, SHANNON NOELLA",14535967,OTHER_EXPLICIT_SURGERY,True,high,41.0,0.0,F_PUBMED_AUTHOR_AFFILIATION,"PubMed PMID 35840553 — Center for Engineering in Medicine and Surgery, Harvard Medical School and Massachusetts General Hospital, Boston, MA, USA.",2026-08-01,420000.0,True
10370865,MGH,Massachusetts General Hospital,2021,R21,1R21NS121642-01A1,Development of a Multi-Modal MRI Methodology to Map Paravascular Clearance Linked to Astrocyte Dysfunction in Fetal-Onset Hydrocephalus,"YU, XIN",11129980,NEUROSURGERY,False,low,1.0,1.0,F_PUBMED_AUTHOR_AFFILIATION,"PubMed PMID 35379995 — Department of Neurosurgery, Massachusetts General Hospital, Harvard Medical School, Boston, MA, USA.",2026-08-01,462000.0,False
10371069,MGH,Massachusetts General Hospital,2022,R01,5R01DE027983-04,Genomic and Functional Analysis of IRF6 Target Genes in Orofacial Cleft Pathogenesis,"LIAO, ERIC CHIEN-WEI",9938790,PLASTIC_SURGERY,False,high,21.0,0.0,F_PUBMED_AUTHOR_AFFILIATION,"PubMed PMID 36266370 — Division of Plastic and Reconstructive Surgery, Massachusetts General Hospital, 15 Parkman Street, WACC 435, Boston, MA, 02114, USA. cliao@partners.org.",2026-08-01,408794.0,True
10372233,MGH,Massachusetts General Hospital,2022,R37,5R37AI106878-08,O-Specific Polysaccharide Responses and Cholera,"RYAN, EDWARD T.",1881648,ORTHOPEDIC_SURGERY,False,low,1.0,3.0,F_PUBMED_AUTHOR_AFFILIATION,"PubMed PMID 41158720 — Department of Orthopedic Surgery, Massachusetts General Hospital, Harvard Medical School, Boston, USA.",2026-08-01,739487.0,True
10372496,BWH,Brigham and Women's Hospital,2022,R21,1R21CA260010-01A1,Evaluating scaleup of an adapted breast cancer early diagnosis program in Rwanda,"PACE, LYDIA",12056449,GENERAL_AND_UNSPECIFIED_SURGERY,True,low,1.0,1.0,F_PUBMED_AUTHOR_AFFILIATION,"PubMed PMID 36753274 — Department of Surgery, Brigham and Women's Hospital, Boston, Massachusetts.",2026-08-01,205411.0,False
10372936,MGH,Massachusetts General Hospital,2022,R01,5R01AR077023-03,Drug-eluting joint implants with synergistic antimicrobial release and risk stratified models of preclinical efficacy testing,"ORAL, EBRU",8231840,ORTHOPEDIC_SURGERY,False,high,26.0,0.0,F_PUBMED_AUTHOR_AFFILIATION,"PubMed PMID 36462210 — Harris Orthopaedic Laboratory, Massachusetts General Hospital, Boston, Massachusetts, USA.",2026-08-01,363789.0,True
10374103,MGH,Massachusetts General Hospital,2022,R01,5R01CA129933-15,Modeling Metastasis and Acquired Drug Resistance Using Circulating Tumor Cells,"HABER, DANIEL A.",1882057,ORTHOPEDIC_SURGERY,False,low,1.0,1.0,F_PUBMED_AUTHOR_AFFILIATION,"PubMed PMID 32694426 — Harvard Combined Orthopaedic Residency Program, Massachusetts General Hospital, Boston, Massachusetts.",2026-08-01,366678.0,True
10374871,BWH,Brigham and Women's Hospital,2022,K08,5K08AG065502-03,Genome-Wide Somatic Mutation in Alzheimer's Disease Pathogenesis Using Single Neuron Analysis,"MILLER, MICHAEL B",9427714,GENERAL_AND_UNSPECIFIED_SURGERY,True,low,1.0,1.0,F_PUBMED_AUTHOR_AFFILIATION,"PubMed PMID 37783908 — Department of Surgery, Brigham and Women's Hospital, Harvard Medical School, 75 Francis Street, Boston, 02115, MA, USA.",2026-08-01,169560.0,False
10379279,MGH,Massachusetts General Hospital,2022,R21,5R21AI156723-02,Microfluidic Assays for Probing Neutrophil-Borrelia Interactions in Blood during Acute Lyme Disease,"IRIMIA, DANIEL",8760173,GENERAL_AND_UNSPECIFIED_SURGERY,True,high,48.0,0.0,F_PUBMED_AUTHOR_AFFILIATION,"PubMed PMID 36476388 — Center for Engineering in Medicine and Surgery, Department of Surgery, Massachusetts General Hospital, Shriners Burns Hospital, Harvard Medical School, Boston, MA 02114, USA.",2026-08-01,210000.0,False
10379283,BWH,Brigham and Women's Hospital,2022,R01,5R01HL148667-03,"Integrative Characterization on the function of COPD GWAS gene, HHIP","ZHOU, ANNY XIAOBO",10698759,OTOLARYNGOLOGY_HNS,False,low,1.0,2.0,F_PUBMED_AUTHOR_AFFILIATION,"PubMed PMID 32865006 — Department of Surgery, Division of Otolaryngology-Head and Neck Surgery, Brigham and Women's Hospital, Boston, MA, USA.",2026-08-01,655509.0,True
10379390,MGH,Massachusetts General Hospital,2022,D43,5D43TW005572-22,International research training program in vaccine development and public health,"RYAN, EDWARD T.",1881648,ORTHOPEDIC_SURGERY,False,low,1.0,3.0,F_PUBMED_AUTHOR_AFFILIATION,"PubMed PMID 41158720 — Department of Orthopedic Surgery, Massachusetts General Hospital, Harvard Medical School, Boston, USA.",2026-08-01,285001.0,False
10379440,MGH,Massachusetts General Hospital,2022,R01,5R01GM092804-13,Neutrophil Decision Making in Confined Environments in Health and Disease,"IRIMIA, DANIEL",8760173,GENERAL_AND_UNSPECIFIED_SURGERY,True,high,48.0,0.0,F_PUBMED_AUTHOR_AFFILIATION,"PubMed PMID 36476388 — Center for Engineering in Medicine and Surgery, Department of Surgery, Massachusetts General Hospital, Shriners Burns Hospital, Harvard Medical School, Boston, MA 02114, USA.",2026-08-01,361200.0,True
10379876,BWH,Brigham and Women's Hospital,2022,R01,5R01AI123420-07,Targeting Epstein-Barr Virus Super-Enhancer,"ZHAO, BO",10368651,GENERAL_AND_UNSPECIFIED_SURGERY,True,medium,4.0,1.0,F_PUBMED_AUTHOR_AFFILIATION,"PubMed PMID 37832306 — Department of Surgery, Brigham and Women's Hospital, Boston, Massachusetts.",2026-08-01,447500.0,True
10380014,BWH,Brigham and Women's Hospital,2022,K24,5K24AR078959-02,Mentoring Patient-Oriented Pharmacoepidemiologic Research in Rheumatic Diseases,"KIM, SEOYOUNG CATHERINE",10196115,CARDIAC_CARDIOTHORACIC_SURGERY,True,high,6.0,0.0,F_PUBMED_AUTHOR_AFFILIATION,"PubMed PMID 35236398 — Division of Thoracic Surgery, Department of Surgery, Brigham and Women's Hospital, Harvard Medical School, 75 Francis Street, Boston, MA, 02115, USA. sangmin_kim@hms.harvard.edu.",2026-08-01,166296.0,False
10381669,MGH,Massachusetts General Hospital,2022,K99,5K99CA259447-02,Regulation and function of exosomal cargo loading in cancer progression,"SUN, SHENG",16160293,NEUROSURGERY,False,low,1.0,2.0,F_PUBMED_AUTHOR_AFFILIATION,"PubMed PMID 38798485 — Department of Neurosurgery, Massachusetts General Hospital, Boston, MA, USA.",2026-08-01,178200.0,False
10381740,MGH,Massachusetts General Hospital,2022,R01,5R01NS117826-02,A computational approach for quantifying motor behaviors in spinocerebellar ataxias to improve early detection of motor signs and precisely estimate disease severity and disease change,"GUPTA, ANOOPUM SATYAWAN",10308903,ORTHOPEDIC_SURGERY,False,low,1.0,1.0,F_PUBMED_AUTHOR_AFFILIATION,"PubMed PMID 33834122 — Department of Orthopaedics, Massachusetts General Hospital, Harvard Medical School, Boston, MA, USA.",2026-08-01,537775.0,True
10386860,BWH,Brigham and Women's Hospital,2022,R01,5R01NS121096-02,Gene Edited and Engineered Tumor Cell Therapeutics for Cancer,"SHAH, KHALID A",8586528,NEUROSURGERY,False,high,9.0,1.0,F_PUBMED_AUTHOR_AFFILIATION,"PubMed PMID 37256936 — Department of Neurosurgery, Brigham and Women's Hospital, Harvard Medical School, Boston, MA 02115, USA.",2026-08-01,451126.0,True
10390442,MGH,Massachusetts General Hospital,2022,R00,5R00DE026824-05,Integrative Genomic Applications to Understand the Etiology of Unsolved Craniofacial Anomalies,"BRAND, HARRISON",11769077,PEDIATRIC_SURGERY,True,high,7.0,0.0,F_PUBMED_AUTHOR_AFFILIATION,"PubMed PMID 35982160 — Pediatric Surgical Research Laboratories, Department of Surgery, Massachusetts General Hospital, Boston, MA, USA.",2026-08-01,249000.0,False
10393329,MGH,Massachusetts General Hospital,2021,R01,3R01HD100022-03S1,Helping Us Grow Stronger (HUGS/Abrazos): COVID-19 in pregnancy and reducing toxic stress in mother-infant dyads,"EDLOW, ANDREA GOLDBERG",11953428,OBGYN,False,high,6.0,0.0,F_PUBMED_AUTHOR_AFFILIATION,"PubMed PMID 34664987 — Department of Obstetrics and Gynecology, Massachusetts General Hospital, Harvard Medical School, Boston, MA 02114, USA.",2026-08-01,419987.0,True
10393593,MGH,Massachusetts General Hospital,2022,R03,5R03HD104877-02,Regulation of Experimental Colitis by Enteric Neurons,"HOTTA, RYO",14374657,PEDIATRIC_SURGERY,True,high,32.0,0.0,F_PUBMED_AUTHOR_AFFILIATION,"PubMed PMID 36322091 — Department of Pediatric Surgery, Massachusetts General Hospital, Harvard Medical School, Boston, MA, USA.",2026-08-01,82640.0,False
10396170,BWH,Brigham and Women's Hospital,2021,R01,5R01HL147889-02,Vascular Mechanisms of Hypertension-in-Pregnancy,"KHALIL, RAOUF A",1962298,VASCULAR_SURGERY,True,high,22.0,0.0,F_PUBMED_AUTHOR_AFFILIATION,"PubMed PMID 34600915 — Vascular Surgery Research Laboratories, Division of Vascular and Endovascular Surgery, Brigham and Women's Hospital and Harvard Medical School, Boston, MA 02115, USA. Electronic address: raouf_khalil@hms.harvard.edu.",2026-08-01,722697.0,True
10397096,BWH,Brigham and Women's Hospital,2022,K24,5K24HL157648-02,Mentoring Patient Oriented Research in Innovative Imaging and High-dimensional Data Approaches to Improve Outcomes in Cardiac Amyloidosis,"DORBALA, SHARMILA",8892461,CARDIAC_CARDIOTHORACIC_SURGERY,True,low,1.0,0.0,F_PUBMED_AUTHOR_AFFILIATION,"PubMed PMID 34524397 — Cardiovascular Imaging Program, Division of Cardiovascular Medicine, Division of Cardiac Surgery, Heart and Vascular Center, Brigham and Women's Hospital, Harvard Medical School, Boston, Massachusetts.",2026-08-01,121462.0,False
10397627,MGH,Massachusetts General Hospital,2022,R01,5R01CA259253-02,Improving treatment of HER2+ breast cancer brain metastasis by targeting lipid metabolism,"JAIN, RAKESH K.",1871279,OTHER_EXPLICIT_SURGERY,True,high,7.0,1.0,F_PUBMED_AUTHOR_AFFILIATION,"PubMed PMID 34705828 — Center for Engineering in Medicine and Surgery, Harvard Medical School and Massachusetts General Hospital, Boston, MA, United States of America.",2026-08-01,458041.0,True
10398156,MGH,Massachusetts General Hospital,2022,R01,5R01DK123219-03,Central and direct role of the small intestine in the improvement of type 2 diabetes following RYGB,"SAEIDI, NIMA",10996096,GENERAL_AND_UNSPECIFIED_SURGERY,True,high,7.0,0.0,F_PUBMED_AUTHOR_AFFILIATION,PubMed PMID 37287514 — Division of General and Gastrointestinal Surgery Department of Surgery Massachusetts General Hospital Harvard Medical School Boston Massachusetts USA.,2026-08-01,448271.0,True
10403681,BWH,Brigham and Women's Hospital,2022,R21,5R21CA252578-02,RNASEH2B loss to predict response to PARP inhibitor in prostate cancer,"JIA, LI",8727171,UROLOGY,False,medium,2.0,0.0,F_PUBMED_AUTHOR_AFFILIATION,"PubMed PMID 35179959 — Division of Urology, Department of Surgery, Brigham and Women's Hospital, Harvard Medical School, Boston, MA, USA.",2026-08-01,205023.0,False
10404412,MGH,Massachusetts General Hospital,2023,P50,1P50AR080596-01,Center of Research Translation on Osteoporosis Bone Anabolic Therapies,"WEIN, MARC NATHAN",11457185,GENERAL_AND_UNSPECIFIED_SURGERY,True,low,1.0,1.0,F_PUBMED_AUTHOR_AFFILIATION,"PubMed PMID 39328057 — Department of Surgery, Massachusetts General Hospital and Harvard Medical School, Boston, MA, USA (M.N.W., R.R.C.).",2026-08-01,1691716.0,False
10405060,BWH,Brigham and Women's Hospital,2022,R01,5R01AG067507-03,"Understanding and Improving Surgical Decision-Making for Persons Living with Dementia, their Family Caregivers, and their Providers: A Mixed Methods Study","WEISSMAN, JOEL S.",1911909,OTHER_EXPLICIT_SURGERY,True,high,77.0,0.0,F_PUBMED_AUTHOR_AFFILIATION,"PubMed PMID 36547969 — Center for Surgery, Brigham and Women's Hospital, Boston, Massachusetts, USA.",2026-08-01,724083.0,True
10407512,BWH,Brigham and Women's Hospital,2022,K76,5K76AG059996-05,Aging-associated dysregulation of the hypoxia pathway limits skeletal muscle regeneration,"SINHA, INDRANIL",9710446,GENERAL_AND_UNSPECIFIED_SURGERY,True,high,27.0,0.0,F_PUBMED_AUTHOR_AFFILIATION,"PubMed PMID 34773667 — Department of Surgery, Brigham and Women's Hospital, Harvard Medical School, Boston, MA, 02139, USA.",2026-08-01,241976.0,False
10408129,MGH,Massachusetts General Hospital,2022,R01,5R01NS105875-05,Evaluation of brain recovery of stroke patients using a novel magnetic resonance compatible hand induced robotic device combined with magnetic resonance imaging,"TZIKA, A ARIA",6619212,GENERAL_AND_UNSPECIFIED_SURGERY,True,high,9.0,0.0,F_PUBMED_AUTHOR_AFFILIATION,"PubMed PMID 35432180 — NMR Surgical Laboratory, Department of Surgery, Massachusetts General Hospital, Harvard Medical School, Boston, MA, United States.",2026-08-01,671936.0,True
10408176,MGH,Massachusetts General Hospital,2022,R21,5R21AI163806-02,Mcl-1 inhibition for induction of hematopoietic chimerism without nonselective myeloablative treatments in nonhuman primates,"KAWAI, TATSUO",6260328,GENERAL_AND_UNSPECIFIED_SURGERY,True,high,27.0,0.0,F_PUBMED_AUTHOR_AFFILIATION,"PubMed PMID 36450597 — Center for Transplantation Sciences, Department of Surgery, Massachusetts General Hospital and Harvard Medical School, Boston, Massachusetts.",2026-08-01,203795.0,False
10414001,MGH,Massachusetts General Hospital,2022,R01,5R01EY027888-05,Phosphene Characteristics and Artificial Sight,"PEZARIS, JOHN S.",9613614,NEUROSURGERY,False,medium,2.0,2.0,F_PUBMED_AUTHOR_AFFILIATION,"PubMed PMID 38798485 — Department of Neurosurgery, Massachusetts General Hospital, Boston, MA, USA.",2026-08-01,405908.0,True
10415056,MGH,Massachusetts General Hospital,2022,R01,5R01DK116716-05,The role of salt inducible kinases in parathyroid hormone action in bone,"WEIN, MARC NATHAN",11457185,GENERAL_AND_UNSPECIFIED_SURGERY,True,low,1.0,2.0,F_PUBMED_AUTHOR_AFFILIATION,"PubMed PMID 39328057 — Department of Surgery, Massachusetts General Hospital and Harvard Medical School, Boston, MA, USA (M.N.W., R.R.C.).",2026-08-01,401575.0,True
10415591,MGH,Massachusetts General Hospital,2022,S10,1S10OD032211-01,HD Upgrade to a Nikon A1R Confocal Imaging Platform,"BROWN, DENNIS",1895543,GENERAL_AND_UNSPECIFIED_SURGERY,True,low,1.0,2.0,F_PUBMED_AUTHOR_AFFILIATION,"PubMed PMID 31356434 — Sumner Redstone Burn Center, Department of Surgery, Massachusetts General Hospital, Harvard Medical School, Boston, Massachusetts.",2026-08-01,296099.0,False
10416473,BWH,Brigham and Women's Hospital,2022,R01,1R01HL163580-01,Rheumatoid Arthritis and the Risk of Cardiovascular Disease: Biomarkers Risk Prediction and Underlying Mechanisms,"SOLOMON, DANIEL HAL",1902207,CARDIAC_CARDIOTHORACIC_SURGERY,True,low,1.0,1.0,F_PUBMED_AUTHOR_AFFILIATION,"PubMed PMID 37967764 — Division of Thoracic and Cardiac Surgery, Brigham and Women's Hospital, Boston, Mass. Electronic address: daniel.s985@gmail.com.",2026-08-01,683150.0,True
10417068,MGH,Massachusetts General Hospital,2022,R35,5R35HL150807-03,Functional role and therapeutic targeting of exosomes and extracellular RNA biomarkers in heart failure,"DAS, SAUMYA",8732081,OTHER_EXPLICIT_SURGERY,True,low,1.0,2.0,F_PUBMED_AUTHOR_AFFILIATION,"PubMed PMID 33139240 — Department of Oral & Maxillofacial Surgery, Massachusetts General Hospital, Harvard University, Boston, MA, USA.",2026-08-01,977000.0,False
10417806,MGH,Massachusetts General Hospital,2022,R01,1R01CA269672-01,Reprogramming the tumormicroenvironment to improve immunotherapy of glioblastoma,"JAIN, RAKESH K.",1871279,OTHER_EXPLICIT_SURGERY,True,high,7.0,1.0,F_PUBMED_AUTHOR_AFFILIATION,"PubMed PMID 34705828 — Center for Engineering in Medicine and Surgery, Harvard Medical School and Massachusetts General Hospital, Boston, MA, United States of America.",2026-08-01,379634.0,True
10418738,BWH,Brigham and Women's Hospital,2022,R03,5R03CA252817-02,Early investigation of the role of desmoplastic fibrosis in cutaneous squamous cell carcinoma,"SCHMULTS, CHRYSALYNE DELLING",9409158,OTHER_EXPLICIT_SURGERY,True,low,1.0,2.0,F_PUBMED_AUTHOR_AFFILIATION,"PubMed PMID 32002653 — Department of Dermatology, Brigham and Women's Hospital, Mohs and Dermatologic Surgery Center, Harvard Medical School, 1153 Centre Street, Suite 4J, Boston, MA, 02130, USA.",2026-08-01,89500.0,False
10418758,MGH,Massachusetts General Hospital,2022,R01,5R01HL142809-05,The Role of Histone Deacetylase 9 in Vascular Calcification,"MALHOTRA, RAJEEV",10352820,VASCULAR_SURGERY,True,low,1.0,1.0,F_PUBMED_AUTHOR_AFFILIATION,"PubMed PMID 34750582 — Division of Vascular Surgery and Endovascular Therapy, Massachusetts General Hospital, Boston, MA, USA.",2026-08-01,637501.0,True
10420294,BWH,Brigham and Women's Hospital,2022,R01,1R01GM145960-01,Harmonic Acoustics for Neighboring cell Dynamic studies(HANDs),"LEE, LUKE P.",6871447,OBGYN,False,low,1.0,1.0,F_PUBMED_AUTHOR_AFFILIATION,"PubMed PMID 33501727 — Gynecologic Radiation Oncology, Department of Radiation Oncology, Dana-Farber Cancer Institute, Brigham and Women's Hospital, Harvard Medical School, Boston, MA, USA.",2026-08-01,447396.0,True
10423126,MGH,Massachusetts General Hospital,2021,R01,7R01NS117609-02,Human genetics and molecular mechanisms of Vein of Galen aneurysmal malformation,"KAHLE, KRISTOPHER",10626053,NEUROSURGERY,False,high,9.0,1.0,F_PUBMED_AUTHOR_AFFILIATION,"PubMed PMID 35997807 — Department of Neurosurgery, Massachusetts General Hospital and Harvard Medical School, Boston, MA, USA.",2026-08-01,475627.0,True
10424582,BWH,Brigham and Women's Hospital,2022,R01,5R01HL159012-02,Long-Acting RNAi Therapy for Atherosclerosis and Insulin Resistance,"SHI, JINJUN",10646072,OTHER_EXPLICIT_SURGERY,True,medium,4.0,1.0,F_PUBMED_AUTHOR_AFFILIATION,"PubMed PMID 34155635 — Departments of Research and Surgery, VA Boston Healthcare System, Brigham and Women's Hospital, Harvard Medical School, Boston, MA, USA.",2026-08-01,687224.0,True
10424588,BWH,Brigham and Women's Hospital,2022,K23,5K23AI163371-02,Clinical Impact and Epidemiology of Nonsteroidal Anti-inflammatory Drug Allergies,"LI, LILY",15410119,VASCULAR_SURGERY,True,medium,2.0,2.0,F_PUBMED_AUTHOR_AFFILIATION,"PubMed PMID 32469162 — Vascular Surgery Research Laboratories, Division of Vascular and Endovascular Surgery, Brigham and Women's Hospital, Harvard Medical School, Boston, MA, USA.",2026-08-01,179199.0,False
10430248,BWH,Brigham and Women's Hospital,2022,R01,5R01CA262524-02,Androgen receptor pathway inhibition through targeting PARP-2 in castration-resistant prostate cancer,"JIA, LI",8727171,UROLOGY,False,medium,2.0,0.0,F_PUBMED_AUTHOR_AFFILIATION,"PubMed PMID 35179959 — Division of Urology, Department of Surgery, Brigham and Women's Hospital, Harvard Medical School, Boston, MA, USA.",2026-08-01,401273.0,True
10437522,BWH,Brigham and Women's Hospital,2021,K23,3K23HL135438-05S2,"Extension to Coronary Flow Reserve to Assess Hidden Risk: Focus on Women, Heart Failure, and Inflammation","TAQUETI, VIVIANY R",11453498,CARDIAC_CARDIOTHORACIC_SURGERY,True,low,1.0,1.0,F_PUBMED_AUTHOR_AFFILIATION,"PubMed PMID 34524397 — Cardiovascular Imaging Program, Division of Cardiovascular Medicine, Division of Cardiac Surgery, Heart and Vascular Center, Brigham and Women's Hospital, Harvard Medical School, Boston, Massachusetts.",2026-08-01,70740.0,False
10437812,BWH,Brigham and Women's Hospital,2022,R01,5R01NS105675-04,Systems Genetics Approach to Intracranial Aneurysms,"DU, ROSE",9580998,NEUROSURGERY,False,high,21.0,0.0,F_PUBMED_AUTHOR_AFFILIATION,"PubMed PMID 36308809 — Department of Neurosurgery, Brigham and Women's Hospital, Harvard Medical School, Boston, MA, United States.",2026-08-01,736093.0,True
10438931,BWH,Brigham and Women's Hospital,2022,R21,5R21AI155152-02,Autologous HIV antibodies for viral control,"LI, JONATHAN",10091716,ORTHOPEDIC_SURGERY,False,medium,2.0,2.0,F_PUBMED_AUTHOR_AFFILIATION,"PubMed PMID 32004706 — Department of Orthopedic Surgery, Brigham and Women's Hospital and Harvard Medical School, Boston, MA, USA; Department of Endocrinology, West China Hospital, West China School of Medicine, Sichuan University, Chengdu, Sichuan, China.",2026-08-01,222322.0,False
10440110,BWH,Brigham and Women's Hospital,2021,R34,3R34DA048268-02S1,Reducing ethnic and language disparities in Spanish-speaking patients who receive opioids for postsurgical pain,"URMAN, RICHARD D.",12571794,OTHER_EXPLICIT_SURGERY,True,medium,2.0,0.0,F_PUBMED_AUTHOR_AFFILIATION,"PubMed PMID 33738011 — Center for Surgery and Public Health, Brigham and Women's Hospital, Boston, MA, USA.",2026-08-01,178998.0,False
10441223,BWH,Brigham and Women's Hospital,2022,R01,5R01DK061931-22,MECHANISTIC UNDERSTANDING OF PROTEIN INTERACTIONS AT THE TIGHT JUNCTION: STRUCTURAL REGULATION OF CANONICAL AND NONCANONICAL FUNCTIONS,"TURNER, JERROLD R.",1870624,NEUROSURGERY,False,low,1.0,3.0,F_PUBMED_AUTHOR_AFFILIATION,"PubMed PMID 40128186 — Center for Brain Circuit Therapeutics, Department of Neurology, Neurosurgery, Psychiatry, and Radiology, Brigham and Women's Hospital, Harvard Medical School, Boston, USA.",2026-08-01,770611.0,True
10441330,BWH,Brigham and Women's Hospital,2022,R01,5R01MH125860-02,Mapping the superficial white matter connectome of the human brain using ultra high resolution multi-contrast diffusion MRI,"O'DONNELL, LAUREN JEAN",10354488,OTHER_EXPLICIT_SURGERY,True,low,1.0,2.0,F_PUBMED_AUTHOR_AFFILIATION,"PubMed PMID 33071761 — Surgical Planning Laboratory, Department of Radiology, Brigham and Women's Hospital, Boston, MA, United States.",2026-08-01,839019.0,True
10441427,BWH,Brigham and Women's Hospital,2022,R01,5R01DK068271-18,"Perijunctional myosin light chain kinase recruitment: A novel, non-enzymatic target for therapeutic intestinal barrier restoration","TURNER, JERROLD R.",1870624,NEUROSURGERY,False,low,1.0,3.0,F_PUBMED_AUTHOR_AFFILIATION,"PubMed PMID 40128186 — Center for Brain Circuit Therapeutics, Department of Neurology, Neurosurgery, Psychiatry, and Radiology, Brigham and Women's Hospital, Harvard Medical School, Boston, USA.",2026-08-01,688227.0,True
10445009,MGH,Massachusetts General Hospital,2022,R01,5R01NS108419-05,Skull marrow crosstalk with the central nervous system,"MOSKOWITZ, MICHAEL A.",1884505,NEUROSURGERY,False,low,1.0,1.0,F_PUBMED_AUTHOR_AFFILIATION,"PubMed PMID 34434290 — Neuroscience Center, Departments of Neurology and Neurosurgery, Massachusetts General Hospital, Boston, MA, USA.",2026-08-01,669146.0,True
10447166,BWH,Brigham and Women's Hospital,2022,R01,5R01CA200900-07,Systemic RNA Delivery to Tumors,"SHI, JINJUN",10646072,OTHER_EXPLICIT_SURGERY,True,medium,4.0,1.0,F_PUBMED_AUTHOR_AFFILIATION,"PubMed PMID 34155635 — Departments of Research and Surgery, VA Boston Healthcare System, Brigham and Women's Hospital, Harvard Medical School, Boston, MA, USA.",2026-08-01,535205.0,True
10448774,BWH,Brigham and Women's Hospital,2022,K23,1K23MD016129-01A1,Improving Outcomes for Spanish-Speaking Surgical Patients with Limited English Proficiency,"ORTEGA, GEZZER",14814354,GENERAL_AND_UNSPECIFIED_SURGERY,True,high,67.0,0.0,F_PUBMED_AUTHOR_AFFILIATION,"PubMed PMID 36529404 — Center for Surgery and Public Health, Department of Surgery, Brigham and Women's Hospital, Harvard Medical School, Boston, MA, United States of America.",2026-08-01,172720.0,False
10448872,MGH,Massachusetts General Hospital,2022,K08,1K08DK127246-01A1,Unraveling the Role of PD-1 in CD8+ Tissue-Resident Memory T Cell Homeostasis and Epithelial Damage in Human Colitis,"THOMAS, MOLLY",15123648,GENERAL_AND_UNSPECIFIED_SURGERY,True,low,1.0,1.0,F_PUBMED_AUTHOR_AFFILIATION,"PubMed PMID 37729645 — Department of Surgery, Massachusetts General Hospital, Boston, Massachusetts.",2026-08-01,172440.0,False
10450152,BWH,Brigham and Women's Hospital,2022,R03,5R03EB032050-02,Estimation of High Frame Rate Digital Subtraction Angiography Sequences at Low Radiation Dose,"HAOUCHINE, NAZIM",16453202,OTHER_EXPLICIT_SURGERY,True,low,1.0,2.0,F_PUBMED_AUTHOR_AFFILIATION,PubMed PMID 39720742 — Surgical Planning Laboratory Brigham and Women's Hospital and Harvard Medical School Boston Massachusetts USA.,2026-08-01,89500.0,False
10450814,MGH,Massachusetts General Hospital,2022,K08,5K08DK129824-02,"Elucidating structural, mechanistic, and allosteric determinants of mTOR Complex 2 (mTORC2) signaling.","TAYLOR, MARTIN S",8431403,OTHER_EXPLICIT_SURGERY,True,low,1.0,2.0,F_PUBMED_AUTHOR_AFFILIATION,"PubMed PMID 32675550 — Department of Gastrointestinal Surgery and Pathology, Massachusetts General Hospital and Harvard Medical School, Boston, MA.",2026-08-01,171075.0,False
10450846,BWH,Brigham and Women's Hospital,2022,R01,5R01HL159443-02,Context-specific angiogenic signaling in the pulmonary vasculature,"YU, PAUL B",1860889,GENERAL_AND_UNSPECIFIED_SURGERY,True,medium,3.0,0.0,F_PUBMED_AUTHOR_AFFILIATION,"PubMed PMID 36288300 — Department of Surgery and the Heart and Vascular Center, Brigham and Women's Hospital, Harvard Medical School, Boston, MA 02115, USA.",2026-08-01,604402.0,True
10451831,MGH,Massachusetts General Hospital,2022,R25,5R25NS065743-14,Neuroscience Resident Research Program,"CASH, SYDNEY S",1927400,NEUROSURGERY,False,low,1.0,2.0,F_PUBMED_AUTHOR_AFFILIATION,"PubMed PMID 38293030 — Department of Neurology and Neurosurgery, Massachusetts General Hospital, Boston, MA 02114, USA.",2026-08-01,709599.0,False
10452149,MGH,Massachusetts General Hospital,2022,R21,1R21HD106036-01A1,Uncovering the therapeutic potential of adipose tissue derived neural stem cells for Hirschsprung's disease.,"STAVELY, RHIAN",16375004,PEDIATRIC_SURGERY,True,high,42.0,0.0,F_PUBMED_AUTHOR_AFFILIATION,"PubMed PMID 36587161 — Department of Pediatric Surgery, Pediatric Surgery Research Laboratories, Massachusetts General Hospital, Harvard Medical School, Boston, MA, USA.",2026-08-01,245880.0,False
10452665,BWH,Brigham and Women's Hospital,2022,R21,5R21HD103977-02,Birth Control to Improve Birth Spacing (BIBS): a Prospective Longitudinal Cohort Study,"JANIAK, ELIZABETH",16133186,OBGYN,False,low,1.0,1.0,F_PUBMED_AUTHOR_AFFILIATION,"PubMed PMID 34909761 — Department of Obstetrics, Gynecology and Reproductive Biology, Brigham and Women's Hospital, Boston, Massachusetts, USA.",2026-08-01,227679.0,False
10454111,BWH,Brigham and Women's Hospital,2022,T32,5T32HL094301-13,Noninvasive Cardiovascular Imaging Research Training Program,"DI CARLI, MARCELO F",3150892,CARDIAC_CARDIOTHORACIC_SURGERY,True,low,1.0,0.0,F_PUBMED_AUTHOR_AFFILIATION,"PubMed PMID 34524397 — Cardiovascular Imaging Program, Division of Cardiovascular Medicine, Division of Cardiac Surgery, Heart and Vascular Center, Brigham and Women's Hospital, Harvard Medical School, Boston, Massachusetts.",2026-08-01,560376.0,False
10454931,MGH,Massachusetts General Hospital,2022,R01,5R01DK121848-04,"Defining protein:protein interactions for the regulation of renal V-ATPase function: role in expression, assembly and trafficking.","BROWN, DENNIS",1895543,GENERAL_AND_UNSPECIFIED_SURGERY,True,low,1.0,2.0,F_PUBMED_AUTHOR_AFFILIATION,"PubMed PMID 31356434 — Sumner Redstone Burn Center, Department of Surgery, Massachusetts General Hospital, Harvard Medical School, Boston, Massachusetts.",2026-08-01,539372.0,True
10455311,MGH,Massachusetts General Hospital,2021,R01,3R01EY028234-05S1,A Cell-free Approach to the Engineering of Corneal Stroma,"SAEIDI, NIMA",10996096,GENERAL_AND_UNSPECIFIED_SURGERY,True,high,7.0,1.0,F_PUBMED_AUTHOR_AFFILIATION,PubMed PMID 37287514 — Division of General and Gastrointestinal Surgery Department of Surgery Massachusetts General Hospital Harvard Medical School Boston Massachusetts USA.,2026-08-01,120000.0,True
10455702,BWH,Brigham and Women's Hospital,2022,R01,5R01DE028336-04,Long Term Oral Health Outcomes in the Chronic GVHD Consortium,"TREISTER, NATHANIEL S",6787558,GENERAL_AND_UNSPECIFIED_SURGERY,True,medium,3.0,1.0,F_PUBMED_AUTHOR_AFFILIATION,"PubMed PMID 35048034 — Department of Surgery, Divisions of Oral Medicine and Dentistry, Brigham and Women's Hospital and the Dana-Farber Cancer Institute, Boston, MA, United States.",2026-08-01,716906.0,True
10456986,MGH,Massachusetts General Hospital,2024,R01,5R01NS112712-05,Targeting Neoantigens in Glioblastoma,"DUNN, GAVIN PETER",11971914,NEUROSURGERY,False,high,13.0,0.0,F_PUBMED_AUTHOR_AFFILIATION,"PubMed PMID 37683037 — Department of Neurological Surgery, Massachusetts General Hospital, Boston, MA, USA.",2026-08-01,447405.0,True
10457283,MGH,Massachusetts General Hospital,2022,F32,5F32DK128981-02,A mixed-methods approach to identify factors determining utilization of marginal quality deceased donor livers for transplantation,"CRON, DAVID COULTON",14845760,GENERAL_AND_UNSPECIFIED_SURGERY,True,high,27.0,0.0,F_PUBMED_AUTHOR_AFFILIATION,"PubMed PMID 36254174 — Department of Surgery, Massachusetts General Hospital, Boston, MA USA.",2026-08-01,74434.0,False
10457492,MGH,Massachusetts General Hospital,2022,R01,5R01NS122904-02,Investigating the thalamic regulation of neuro-glio-vascular restoration underlying acute coma recovery with multi-modal fMRI in a brainstem coma rodent model,"YU, XIN",11129980,NEUROSURGERY,False,low,1.0,0.0,F_PUBMED_AUTHOR_AFFILIATION,"PubMed PMID 35379995 — Department of Neurosurgery, Massachusetts General Hospital, Harvard Medical School, Boston, MA, USA.",2026-08-01,632773.0,True
10457988,BWH,Brigham and Women's Hospital,2022,R37,5R37CA262299-02,Helicobacter Infection and Liver Cancer Risk among African Americans and Whites in the United States,"ZHANG, XUEHONG",10801853,NEUROSURGERY,False,low,1.0,1.0,F_PUBMED_AUTHOR_AFFILIATION,"PubMed PMID 37986632 — Department of Neurosurgery, Brigham and Women's Hospital, Harvard Medical School, Boston, Massachusetts, USA.",2026-08-01,402520.0,True
10458457,BWH,Brigham and Women's Hospital,2022,R01,5R01EB030539-02,Physician Assistance Technology in Image-guided Robotic Intervention of Prostate,"HATA, NOBUHIKO",8313243,CARDIAC_CARDIOTHORACIC_SURGERY,True,low,1.0,2.0,F_PUBMED_AUTHOR_AFFILIATION,"PubMed PMID 38890223 — Division of Thoracic Surgery, Department of Surgery, Brigham and Women's Hospital, Harvard Medical School, Boston, MA, USA.",2026-08-01,667541.0,True
10460355,BWH,Brigham and Women's Hospital,2022,R01,5R01AI141529-04,Functional Redundancy of Human Microbiome and its Implication in Fecal Microbiota Transplantation,"LIU, YANG-YU",11954239,TRANSPLANT_SURGERY,True,medium,4.0,1.0,F_PUBMED_AUTHOR_AFFILIATION,"PubMed PMID 34551205 — Division of Transplant Surgery, Department of Surgery, Brigham and Women's Hospital, Harvard Medical School, Boston, Massachusetts.",2026-08-01,894266.0,True
10461864,MGH,Massachusetts General Hospital,2023,R37,5R37AI155171-03,Elite controllers as a model for a cure of HIV-1 infection,"YU, XU",8267676,NEUROSURGERY,False,low,1.0,1.0,F_PUBMED_AUTHOR_AFFILIATION,"PubMed PMID 35379995 — Department of Neurosurgery, Massachusetts General Hospital, Harvard Medical School, Boston, MA, USA.",2026-08-01,865633.0,True
10466807,BWH,Brigham and Women's Hospital,2022,T35,5T35AG038027-13,Greater Boston Medical Student Training in Aging Research,"DRIVER, JANE A",7903230,NEUROSURGERY,False,high,7.0,0.0,F_PUBMED_AUTHOR_AFFILIATION,"PubMed PMID 35086867 — Department of Neurosurgery, Brigham and Women's Hospital, Harvard Medical School.",2026-08-01,93561.0,False
10466958,BWH,Brigham and Women's Hospital,2022,R21,5R21CA252962-02,Multidisciplinary Study of Folate Intake and Colorectal Cancer,"ZHANG, XUEHONG",10801853,NEUROSURGERY,False,low,1.0,1.0,F_PUBMED_AUTHOR_AFFILIATION,"PubMed PMID 37986632 — Department of Neurosurgery, Brigham and Women's Hospital, Harvard Medical School, Boston, Massachusetts, USA.",2026-08-01,205149.0,False
10468290,MGH,Massachusetts General Hospital,2022,R01,5R01AI155414-03,Functional profiling of OSP-specific and other antibodies during shigella infection,"RYAN, EDWARD T.",1881648,ORTHOPEDIC_SURGERY,False,low,1.0,3.0,F_PUBMED_AUTHOR_AFFILIATION,"PubMed PMID 41158720 — Department of Orthopedic Surgery, Massachusetts General Hospital, Harvard Medical School, Boston, USA.",2026-08-01,761935.0,True
10469108,BWH,Brigham and Women's Hospital,2022,P01,1P01AI169768-01,High-Definition Characterization of the Persistence and Perturbation of the HIV Reservoir,"LI, JONATHAN",10091716,ORTHOPEDIC_SURGERY,False,medium,2.0,2.0,F_PUBMED_AUTHOR_AFFILIATION,"PubMed PMID 32004706 — Department of Orthopedic Surgery, Brigham and Women's Hospital and Harvard Medical School, Boston, MA, USA; Department of Endocrinology, West China Hospital, West China School of Medicine, Sichuan University, Chengdu, Sichuan, China.",2026-08-01,1739430.0,False
10475789,MGH,Massachusetts General Hospital,2022,T32,5T32CA071345-25,Training Program in Cancer Biology and Therapeutics,"HABER, DANIEL A.",1882057,ORTHOPEDIC_SURGERY,False,low,1.0,1.0,F_PUBMED_AUTHOR_AFFILIATION,"PubMed PMID 32694426 — Harvard Combined Orthopaedic Residency Program, Massachusetts General Hospital, Boston, Massachusetts.",2026-08-01,461088.0,False
10478047,BWH,Brigham and Women's Hospital,2022,R50,5R50CA243706-04,Innovative approaches for the advancement of glioblastoma therapies,"NOWICKI, MICHAL OSKAR",12512000,NEUROSURGERY,False,medium,3.0,0.0,F_PUBMED_AUTHOR_AFFILIATION,"PubMed PMID 36032633 — Harvey Cushing Neurooncology Research Laboratories, Department of Neurosurgery, Brigham and Women's Hospital, Harvard Medical School, 60 Fenwood Road, Boston, MA 02115, USA.",2026-08-01,132481.0,False
10478138,BWH,Brigham and Women's Hospital,2022,K23,5K23NS119798-02,The contribution of late onset unexplained epilepsy to cognitive decline and its interaction with vascular and Alzheimer's disease pathologies,"SARKIS, RANI",12069569,NEUROSURGERY,False,low,1.0,3.0,F_PUBMED_AUTHOR_AFFILIATION,"PubMed PMID 40128186 — Center for Brain Circuit Therapeutics, Department of Neurology, Neurosurgery, Psychiatry, and Radiology, Brigham and Women's Hospital, Harvard Medical School, Boston, USA.",2026-08-01,221956.0,False
10479822,BWH,Brigham and Women's Hospital,2022,R01,5R01CA235589-04,Lymph Node Quantification System for Multisite Clinical Trials,"KIKINIS, RON",1881109,OTHER_EXPLICIT_SURGERY,True,high,8.0,0.0,F_PUBMED_AUTHOR_AFFILIATION,"PubMed PMID 36454858 — Department of Radiology, Surgical Planning Laboratory, Brigham and Women's Hospital, Harvard Medical School, Boston, MA, United States of America.",2026-08-01,595794.0,True
10481866,BWH,Brigham and Women's Hospital,2022,R01,5R01HL147889-03,Vascular Mechanisms of Hypertension-in-Pregnancy,"KHALIL, RAOUF A",1962298,VASCULAR_SURGERY,True,high,26.0,0.0,F_PUBMED_AUTHOR_AFFILIATION,"PubMed PMID 36435203 — Vascular Surgery Research Laboratories, Division of Vascular and Endovascular Surgery, Brigham and Women's Hospital, and Harvard Medical School, Boston, MA, United States. Electronic address: raouf_khalil@hms.harvard.edu.",2026-08-01,722697.0,True
10486385,BWH,Brigham and Women's Hospital,2022,P30,2P30AR072577-06,"VERITY: Value and Evidence in Rheumatology using bioInformaTics, and advanced analYtics","SOLOMON, DANIEL HAL",1902207,CARDIAC_CARDIOTHORACIC_SURGERY,True,low,1.0,1.0,F_PUBMED_AUTHOR_AFFILIATION,"PubMed PMID 37967764 — Division of Thoracic and Cardiac Surgery, Brigham and Women's Hospital, Boston, Mass. Electronic address: daniel.s985@gmail.com.",2026-08-01,910868.0,False
10488808,MGH,Massachusetts General Hospital,2022,R01,5R01NS117609-03,Human genetics and molecular mechanisms of Vein of Galen aneurysmal malformation,"KAHLE, KRISTOPHER",10626053,NEUROSURGERY,False,high,11.0,0.0,F_PUBMED_AUTHOR_AFFILIATION,"PubMed PMID 35997807 — Department of Neurosurgery, Massachusetts General Hospital and Harvard Medical School, Boston, MA, USA.",2026-08-01,553785.0,True
10489379,MGH,Massachusetts General Hospital,2022,UH3,5UH3TR002878-04,Molecular dissection and imaging of extracellular vesicles to define their origin and targets,"DAS, SAUMYA",8732081,OTHER_EXPLICIT_SURGERY,True,low,1.0,2.0,F_PUBMED_AUTHOR_AFFILIATION,"PubMed PMID 33139240 — Department of Oral & Maxillofacial Surgery, Massachusetts General Hospital, Harvard University, Boston, MA, USA.",2026-08-01,1100398.0,False
10495613,MGH,Massachusetts General Hospital,2022,R01,1R01NS127808-01,Local Skull Marrow Sensing and Response to CNS Inflammation,"MOSKOWITZ, MICHAEL A.",1884505,NEUROSURGERY,False,low,1.0,1.0,F_PUBMED_AUTHOR_AFFILIATION,"PubMed PMID 34434290 — Neuroscience Center, Departments of Neurology and Neurosurgery, Massachusetts General Hospital, Boston, MA, USA.",2026-08-01,680438.0,True
10498196,BWH,Brigham and Women's Hospital,2022,R01,1R01HD109200-01,Cellular plasticity and lineage in mammalian digit tip regeneration,"LEHOCZKY, JESSICA A",8107692,ORTHOPEDIC_SURGERY,False,high,10.0,0.0,F_PUBMED_AUTHOR_AFFILIATION,"PubMed PMID 36417876 — Department of Orthopedic Surgery, Brigham and Women's Hospital, Boston, MA 02115, USA. Electronic address: jlehoczky@bwh.harvard.edu.",2026-08-01,539305.0,True
10501516,MGH,Massachusetts General Hospital,2022,R01,1R01EB033582-01,Improving Image-Guided Radiation Therapy of Gliomas with High-Resolution MR Spectroscopic Imaging,"MA, CHAO",14260155,PLASTIC_SURGERY,False,medium,2.0,2.0,F_PUBMED_AUTHOR_AFFILIATION,"PubMed PMID 39368949 — Plastic Surgery Hospital/Institute, Chinese Academy of Medical Sciences & Peking Union Medical College, Ba Da Chu Lu 33 Hao, 100144 Beijing, China; Division of Plastic Surgery, Massachusetts General Hospital-Brigham and Women's Hospital, Harvard Medical School, Boston, MA, 02115, USA. Electronic address: chm762@mail.harvard.edu.",2026-08-01,514161.0,True
10503354,BWH,Brigham and Women's Hospital,2022,R01,1R01MH130666-01,Toward Connectomic Deep Brain Stimulation in Obsessive Compulsive Disorder,"HORN, ANDREAS",15263988,NEUROSURGERY,False,low,1.0,3.0,F_PUBMED_AUTHOR_AFFILIATION,"PubMed PMID 40128186 — Center for Brain Circuit Therapeutics, Department of Neurology, Neurosurgery, Psychiatry, and Radiology, Brigham and Women's Hospital, Harvard Medical School, Boston, USA.",2026-08-01,865957.0,True
10504671,MGH,Massachusetts General Hospital,2022,R01,1R01HL165241-01,Optogenetic regulation of intra-ciliary calcium signaling in cardiac situs development,"YUAN, SHIAULOU",8475923,PEDIATRIC_SURGERY,True,low,1.0,0.0,F_PUBMED_AUTHOR_AFFILIATION,"PubMed PMID 36205477 — Pediatric Surgical Research Laboratories, Massachusetts General Hospital, Boston, United States.",2026-08-01,555104.0,True
10508592,BWH,Brigham and Women's Hospital,2022,R03,1R03HD109498-01,"Global-, regional-, and country-level prevalence of young children exposed to risks of poor development in low- and middle-income countries: an update","LU, CHUNLING",9833391,OTHER_EXPLICIT_SURGERY,True,medium,2.0,3.0,F_PUBMED_AUTHOR_AFFILIATION,"PubMed PMID 31626340 — Center for Surgery and Public Health, Brigham and Women's Hospital, Harvard Medical School, Boston, Massachusetts.",2026-08-01,89500.0,False
10512381,BWH,Brigham and Women's Hospital,2022,R21,1R21CA267496-01A1,CHEK2 loss promotes prostate cancer resistance to PARP inhibitors,"JIA, LI",8727171,UROLOGY,False,medium,2.0,0.0,F_PUBMED_AUTHOR_AFFILIATION,"PubMed PMID 35179959 — Division of Urology, Department of Surgery, Brigham and Women's Hospital, Harvard Medical School, Boston, MA, USA.",2026-08-01,251048.0,False
10517890,MGH,Massachusetts General Hospital,2022,R01,1R01DK133847-01,Characterization of beta-cell-specific extracellular vesicle cargo as functional biomarkers for type I DM disease,"DAS, SAUMYA",8732081,OTHER_EXPLICIT_SURGERY,True,low,1.0,2.0,F_PUBMED_AUTHOR_AFFILIATION,"PubMed PMID 33139240 — Department of Oral & Maxillofacial Surgery, Massachusetts General Hospital, Harvard University, Boston, MA, USA.",2026-08-01,820000.0,True
10518479,MGH,Massachusetts General Hospital,2022,RF1,1RF1NS124778-01A1,Investigating the neurophysiological basis of circuit-specific laminar rs-fMRI,"YU, XIN",11129980,NEUROSURGERY,False,low,1.0,0.0,F_PUBMED_AUTHOR_AFFILIATION,"PubMed PMID 35379995 — Department of Neurosurgery, Massachusetts General Hospital, Harvard Medical School, Boston, MA, USA.",2026-08-01,2141175.0,False
10518728,BWH,Brigham and Women's Hospital,2022,R01,1R01DK133864-01,Early detection of type 1 diabetes via Exosome Technology with Optoelectronics Lab-on-chip: EXTOL,"LEE, LUKE P.",6871447,OBGYN,False,low,1.0,1.0,F_PUBMED_AUTHOR_AFFILIATION,"PubMed PMID 33501727 — Gynecologic Radiation Oncology, Department of Radiation Oncology, Dana-Farber Cancer Institute, Brigham and Women's Hospital, Harvard Medical School, Boston, MA, USA.",2026-08-01,784462.0,True
10519550,BWH,Brigham and Women's Hospital,2022,K99,1K99ES033723-01A1,An in vivo multiplex model to study gene-environment interaction in Parkinson's Disease,"SARKAR, SOUVARISH",12461464,NEUROSURGERY,False,medium,2.0,1.0,F_PUBMED_AUTHOR_AFFILIATION,"PubMed PMID 38047633 — Department of Neurosurgery, Brigham and Women's Hospital, Harvard Medical School, Boston , Massachusetts , USA.",2026-08-01,107136.0,False
10519568,MGH,Massachusetts General Hospital,2022,RF1,1RF1AG075055-01A1,Developing a PET tracer targeting myeloperoxidase activity for neurodegenerative diseases,"CHEN, JOHN W",2297762,ORTHOPEDIC_SURGERY,False,low,1.0,2.0,F_PUBMED_AUTHOR_AFFILIATION,"PubMed PMID 32467241 — Center for Regenerative Medicine, Harvard Stem Cell Institute, Department of Orthopedic Surgery, Massachusetts General Hospital, Harvard Medical School, 185 Cambridge Street, Boston, MA 02114, USA.",2026-08-01,1484822.0,False
10520602,MGH,Massachusetts General Hospital,2022,R01,1R01AI155714-01A1,Bcl-2 and Mcl-1 inhibition for induction of hematopoietic chimerism and renal allograft tolerance without myelosuppression in nonhuman primates,"KAWAI, TATSUO",6260328,GENERAL_AND_UNSPECIFIED_SURGERY,True,high,27.0,0.0,F_PUBMED_AUTHOR_AFFILIATION,"PubMed PMID 36450597 — Center for Transplantation Sciences, Department of Surgery, Massachusetts General Hospital and Harvard Medical School, Boston, Massachusetts.",2026-08-01,922719.0,True
10522589,BWH,Brigham and Women's Hospital,2022,R01,1R01EB032384-01A1,Making the invisible visible: An automated clinical decision support tool for Intimate Partner Violence Risk and Severity Prediction (AIRS),"KHURANA, BHARTI",12166993,PLASTIC_SURGERY,False,low,1.0,0.0,F_PUBMED_AUTHOR_AFFILIATION,"PubMed PMID 35505264 — Department of Plastic Surgery, Brigham and Women's Hospital, Harvard Medical School, 75 Francis Street, Boston, USA. bkhurana@bwh.harvard.edu.",2026-08-01,848338.0,True
10524268,MGH,Massachusetts General Hospital,2022,K99,1K99AI167063-01A1,Intracellular delivery of DNA-editing proteins by viscoelastic cell stretching,"SEVENLER, DERIN",11644962,OTHER_EXPLICIT_SURGERY,True,high,10.0,0.0,F_PUBMED_AUTHOR_AFFILIATION,PubMed PMID 36684094 — Center for Engineering in Medicine and Surgery Massachusetts General Hospital Boston Massachusetts USA.,2026-08-01,136350.0,False
10524795,MGH,Massachusetts General Hospital,2022,K23,1K23DK131345-01A1,Elucidating the pharmacogenetics of the response to GLP-1 receptor agonists for type 2 diabetes,"LI, JOSEPHINE H",15570672,GENERAL_AND_UNSPECIFIED_SURGERY,True,low,1.0,3.0,F_PUBMED_AUTHOR_AFFILIATION,"PubMed PMID 41291772 — Transplant Center, Department of Surgery, Massachusetts General Hospital, Harvard Medical School, Boston, USA. JILI31@mgh.harvard.edu.",2026-08-01,190542.0,False
10524832,BWH,Brigham and Women's Hospital,2022,R21,1R21HD107266-01A1,Metabolomic profiling of adolescent endometriosis,"SASAMOTO, NAOKO",15260740,OBGYN,False,high,14.0,0.0,F_PUBMED_AUTHOR_AFFILIATION,"PubMed PMID 36572991 — Obstetrics and Gynecology Epidemiology Center, Department of Obstetrics and Gynecology, Brigham and Women's Hospital and Harvard Medical School, Boston, Massachusetts, USA.",2026-08-01,313250.0,False
10525241,BWH,Brigham and Women's Hospital,2023,R01,5R01HL127200-08,Metabolic Control of Stemness in lung epithelial progenitors by FAM13A,"ZHOU, ANNY XIAOBO",10698759,OTOLARYNGOLOGY_HNS,False,low,1.0,2.0,F_PUBMED_AUTHOR_AFFILIATION,"PubMed PMID 32865006 — Department of Surgery, Division of Otolaryngology-Head and Neck Surgery, Brigham and Women's Hospital, Boston, MA, USA.",2026-08-01,667400.0,True
10533644,MGH,Massachusetts General Hospital,2022,R01,7R01NS111029-03,Human genetics and molecular mechanisms of congenital hydrocephalus,"KAHLE, KRISTOPHER",10626053,NEUROSURGERY,False,high,11.0,0.0,F_PUBMED_AUTHOR_AFFILIATION,"PubMed PMID 35997807 — Department of Neurosurgery, Massachusetts General Hospital and Harvard Medical School, Boston, MA, USA.",2026-08-01,504606.0,True
10539314,MGH,Massachusetts General Hospital,2023,R01,5R01DE031261-02,Integration of polygenic risk and facial morphometrics to decipher the genetic susceptibility of orofacial clefting,"BRAND, HARRISON",11769077,OTHER_EXPLICIT_SURGERY,True,high,7.0,0.0,F_PUBMED_AUTHOR_AFFILIATION,"PubMed PMID 37330696 — Center for Genomic Medicine, Massachusetts General Hospital, Boston, MA, Program in Medical and Population Genetics, Broad Institute, Cambridge, MA, Department of Neurology and Surgery, Massachusetts General Hospital and Harvard Medical School, Boston, MA.",2026-08-01,771384.0,True
10542289,BWH,Brigham and Women's Hospital,2022,U10,3U10CA180821-09S2,Alliance Grant Year 9 Administrative Supplements,"PIANTADOSI, STEVEN",2422658,GENERAL_AND_UNSPECIFIED_SURGERY,True,high,7.0,1.0,F_PUBMED_AUTHOR_AFFILIATION,"PubMed PMID 37715096 — Department of Surgery, Brigham and Women's Hospital, Harvard Medical School, Boston, MA, USA.",2026-08-01,1400000.0,False
10542466,BWH,Brigham and Women's Hospital,2022,U10,3U10CA180821-09S1,Alliance Grant Year 9 BIQSFP Supplements,"PIANTADOSI, STEVEN",2422658,GENERAL_AND_UNSPECIFIED_SURGERY,True,high,7.0,1.0,F_PUBMED_AUTHOR_AFFILIATION,"PubMed PMID 37715096 — Department of Surgery, Brigham and Women's Hospital, Harvard Medical School, Boston, MA, USA.",2026-08-01,2408803.0,False
10545000,MGH,Massachusetts General Hospital,2023,R01,5R01DK119210-04,Characterizing neurogenic progenitors in the adult intestine,"GOLDSTEIN, ALLAN M",1869931,PEDIATRIC_SURGERY,True,high,66.0,0.0,F_PUBMED_AUTHOR_AFFILIATION,"PubMed PMID 38095019 — Department of Pediatric Surgery, Massachusetts General Hospital, Boston, MA 02114, USA.",2026-08-01,363312.0,True
10548196,BWH,Brigham and Women's Hospital,2023,R01,5R01AI150396-04,HIV Reservoir Ecology of Viral Remission,"LI, JONATHAN",10091716,ORTHOPEDIC_SURGERY,False,low,1.0,3.0,F_PUBMED_AUTHOR_AFFILIATION,"PubMed PMID 32004706 — Department of Orthopedic Surgery, Brigham and Women's Hospital and Harvard Medical School, Boston, MA, USA; Department of Endocrinology, West China Hospital, West China School of Medicine, Sichuan University, Chengdu, Sichuan, China.",2026-08-01,866695.0,True
10549737,MGH,Massachusetts General Hospital,2023,R01,5R01AI142670-05,"Immune correlates of tuberculosis and non-tuberculosis infectious morbidity in Southern African HIV-exposed, uninfected infants.","POWIS, KATHLEEN",9631847,PEDIATRIC_SURGERY,True,low,1.0,3.0,F_PUBMED_AUTHOR_AFFILIATION,"PubMed PMID 32158555 — Department of Pediatrics and Pediatric Surgery, Massachusetts General Hospital, Boston, United States.",2026-08-01,845032.0,True
10552803,BWH,Brigham and Women's Hospital,2022,R00,4R00DK122128-03,Chronic Inflammation and Type 2 Diabetes: A Multi-omics Approach,"LI, JUN",14979488,ORTHOPEDIC_SURGERY,False,medium,2.0,2.0,F_PUBMED_AUTHOR_AFFILIATION,"PubMed PMID 32004706 — Department of Orthopedic Surgery, Brigham and Women's Hospital and Harvard Medical School, Boston, MA, USA; Department of Endocrinology, West China Hospital, West China School of Medicine, Sichuan University, Chengdu, Sichuan, China.",2026-08-01,248998.0,False
10559590,MGH,Massachusetts General Hospital,2023,R01,5R01CA160762-10,Targeting tumorigenic pathways in glioblastoma with oncolytic HSV,"RABKIN, SAMUEL DAVID",1959047,NEUROSURGERY,False,high,6.0,0.0,F_PUBMED_AUTHOR_AFFILIATION,"PubMed PMID 37578106 — Brain Tumor Research Center, Department of Neurosurgery, Massachusetts General Hospital and Harvard Medical School, Boston, Massachusetts, USA.",2026-08-01,387855.0,True
10560626,MGH,Massachusetts General Hospital,2023,R01,5R01HD102014-04,Methods of fertility protection by Mullerian inhibiting substance in the female reproductive tract during chemotherapy,"PEPIN, DAVID",12105098,PEDIATRIC_SURGERY,True,high,10.0,1.0,F_PUBMED_AUTHOR_AFFILIATION,"PubMed PMID 35380904 — Pediatric Surgical Research Laboratories, Massachusetts General Hospital, Boston, MA  02114.",2026-08-01,361443.0,True
10562740,MGH,Massachusetts General Hospital,2023,R01,1R01DK134590-01,A quantitative viability metric for liver transplantation using Resonance Raman Spectroscopy,"TESSIER, SHANNON NOELLA",14535967,GENERAL_AND_UNSPECIFIED_SURGERY,True,high,45.0,0.0,F_PUBMED_AUTHOR_AFFILIATION,"PubMed PMID 38076969 — Center for Engineering in Medicine and Surgery, Department of Surgery, Massachusetts General Hospital.",2026-08-01,514564.0,True
10569547,BWH,Brigham and Women's Hospital,2023,R01,5R01HL150342-04,Early Detection of Transthyretin Cardiac Amyloidosis: Defining a Novel Target for HFpEF Treatment and Prevention in Late Life,"DORBALA, SHARMILA",8892461,CARDIAC_CARDIOTHORACIC_SURGERY,True,low,1.0,1.0,F_PUBMED_AUTHOR_AFFILIATION,"PubMed PMID 34524397 — Cardiovascular Imaging Program, Division of Cardiovascular Medicine, Division of Cardiac Surgery, Heart and Vascular Center, Brigham and Women's Hospital, Harvard Medical School, Boston, Massachusetts.",2026-08-01,827451.0,True
10571049,BWH,Brigham and Women's Hospital,2023,K08,1K08AR082031-01,Modifying adipocyte and pre-adipocyte cell fate in fibroadipose tissue of secondary lymphedema,"AGARWAL, SHAILESH",11814826,PLASTIC_SURGERY,False,high,20.0,0.0,F_PUBMED_AUTHOR_AFFILIATION,"PubMed PMID 36988414 — Division of Plastic and Reconstructive Surgery, Department of Surgery, Brigham and Women's Hospital, Harvard University, Boston, MA, 02115, USA.",2026-08-01,172760.0,False
10578780,BWH,Brigham and Women's Hospital,2023,R01,5R01NS107857-05,Engineered and Encapsulated Stem Cells for Resected Brain Tumors,"SHAH, KHALID A",8586528,NEUROSURGERY,False,high,9.0,0.0,F_PUBMED_AUTHOR_AFFILIATION,"PubMed PMID 37256936 — Department of Neurosurgery, Brigham and Women's Hospital, Harvard Medical School, Boston, MA 02115, USA.",2026-08-01,363913.0,True
10579248,MGH,Massachusetts General Hospital,2023,K01,5K01AI153558-03,"Integrating the genome, metabolome, and microbiome for childhood asthma: Risk and endotypes","ZHU, ZHAOZHONG",15229953,OTHER_EXPLICIT_SURGERY,True,low,1.0,2.0,F_PUBMED_AUTHOR_AFFILIATION,"PubMed PMID 40802550 — Center for Laryngeal Surgery and Voice Rehabilitation, Massachusetts General Hospital, Boston.",2026-08-01,113267.0,False
10579832,BWH,Brigham and Women's Hospital,2023,R03,5R03CA259659-02,Using biomarkers to elucidate the breastfeeding and ovarian cancer risk association,"SASAMOTO, NAOKO",15260740,OBGYN,False,high,14.0,1.0,F_PUBMED_AUTHOR_AFFILIATION,"PubMed PMID 36572991 — Obstetrics and Gynecology Epidemiology Center, Department of Obstetrics and Gynecology, Brigham and Women's Hospital and Harvard Medical School, Boston, Massachusetts, USA.",2026-08-01,89500.0,False
10580052,MGH,Massachusetts General Hospital,2023,R21,5R21HD106036-02,Uncovering the therapeutic potential of adipose tissue derived neural stem cells for Hirschsprung's disease.,"STAVELY, RHIAN",16375004,PEDIATRIC_SURGERY,True,high,45.0,0.0,F_PUBMED_AUTHOR_AFFILIATION,"PubMed PMID 38049927 — Department of Pediatric Surgery, Massachusetts General Hospital, Boston, MA, USA.",2026-08-01,206192.0,False
10581602,MGH,Massachusetts General Hospital,2023,D43,5D43TW005572-23,International research training program in vaccine development and public health,"RYAN, EDWARD T.",1881648,ORTHOPEDIC_SURGERY,False,low,1.0,2.0,F_PUBMED_AUTHOR_AFFILIATION,"PubMed PMID 41158720 — Department of Orthopedic Surgery, Massachusetts General Hospital, Harvard Medical School, Boston, USA.",2026-08-01,285001.0,False
10583794,BWH,Brigham and Women's Hospital,2023,R01,1R01HL162783-01A1,Molecular understanding of the GSDMB-regulated innate immune response,"ZHOU, ANNY XIAOBO",10698759,OTOLARYNGOLOGY_HNS,False,low,1.0,2.0,F_PUBMED_AUTHOR_AFFILIATION,"PubMed PMID 32865006 — Department of Surgery, Division of Otolaryngology-Head and Neck Surgery, Brigham and Women's Hospital, Boston, MA, USA.",2026-08-01,653354.0,True
10584342,MGH,Massachusetts General Hospital,2023,R01,7R01NS112712-04,Targeting Neoantigens in Glioblastoma,"DUNN, GAVIN PETER",11971914,NEUROSURGERY,False,high,9.0,0.0,F_PUBMED_AUTHOR_AFFILIATION,"PubMed PMID 35534852 — Department of Neurosurgery, Massachusetts General Hospital, Boston, MA, USA. gpdunn@mgh.harvard.edu.",2026-08-01,482595.0,True
10584895,BWH,Brigham and Women's Hospital,2023,R01,1R01HL162813-01A1,Uncovering the genetically-driven differential susceptibility to chronic obstructive pulmonary disease and pulmonary fibrosis,"CHO, MICHAEL H.",9282055,OTHER_EXPLICIT_SURGERY,True,high,5.0,2.0,F_PUBMED_AUTHOR_AFFILIATION,"PubMed PMID 39485508 — Center for Surgery and Public Health, Brigham and Women's Hospital, Harvard Medical School, Boston, MA, USA.",2026-08-01,781643.0,True
10584977,BWH,Brigham and Women's Hospital,2023,R01,1R01MD016910-01A1,Disasters and Hospital Systems Serving Health Disparity Populations: Identifying the Long Term effects of the COVID-19 Pandemic to Mitigate Future Challenges,"WEISSMAN, JOEL S.",1911909,OTHER_EXPLICIT_SURGERY,True,high,83.0,0.0,F_PUBMED_AUTHOR_AFFILIATION,"PubMed PMID 38126844 — Center for Surgery and Public Health, Brigham and Women's Hospital, Boston, MA Massachusetts, USA.",2026-08-01,726447.0,True
10588139,BWH,Brigham and Women's Hospital,2023,R21,5R21CA260010-02,Evaluating scaleup of an adapted breast cancer early diagnosis program in Rwanda,"PACE, LYDIA",12056449,GENERAL_AND_UNSPECIFIED_SURGERY,True,low,1.0,0.0,F_PUBMED_AUTHOR_AFFILIATION,"PubMed PMID 36753274 — Department of Surgery, Brigham and Women's Hospital, Boston, Massachusetts.",2026-08-01,203692.0,False
10589097,BWH,Brigham and Women's Hospital,2023,R01,5R01NS121096-03,Gene Edited and Engineered Tumor Cell Therapeutics for Cancer,"SHAH, KHALID A",8586528,NEUROSURGERY,False,high,9.0,0.0,F_PUBMED_AUTHOR_AFFILIATION,"PubMed PMID 37256936 — Department of Neurosurgery, Brigham and Women's Hospital, Harvard Medical School, Boston, MA 02115, USA.",2026-08-01,442270.0,True
10589248,BWH,Brigham and Women's Hospital,2022,R01,3R01AG067507-03S1,"Understanding and Improving Surgical Decision-Making for Persons Living with Dementia, their Family Caregivers, and their Providers: A Mixed Methods Study","WEISSMAN, JOEL S.",1911909,OTHER_EXPLICIT_SURGERY,True,high,77.0,0.0,F_PUBMED_AUTHOR_AFFILIATION,"PubMed PMID 36547969 — Center for Surgery, Brigham and Women's Hospital, Boston, Massachusetts, USA.",2026-08-01,101219.0,True
10590991,MGH,Massachusetts General Hospital,2022,R21,1R21AG077310-01A1,Preventing Graft Thrombosis in the Elderly through Development of a Risk Prediction Tool,"DUA, ANAHITA",16209441,VASCULAR_SURGERY,True,high,144.0,0.0,F_PUBMED_AUTHOR_AFFILIATION,"PubMed PMID 36589429 — Division of Vascular and Endovascular Surgery, Massachusetts General Hospital, Harvard Medical School, Boston, MA, United States.",2026-08-01,210000.0,False
10592436,BWH,Brigham and Women's Hospital,2023,R00,5R00DK122128-04,Chronic Inflammation and Type 2 Diabetes: A Multi-omics Approach,"LI, JUN",14979488,ORTHOPEDIC_SURGERY,False,low,1.0,3.0,F_PUBMED_AUTHOR_AFFILIATION,"PubMed PMID 32004706 — Department of Orthopedic Surgery, Brigham and Women's Hospital and Harvard Medical School, Boston, MA, USA; Department of Endocrinology, West China Hospital, West China School of Medicine, Sichuan University, Chengdu, Sichuan, China.",2026-08-01,244246.0,False
10593421,BWH,Brigham and Women's Hospital,2023,R21,1R21GM144801-01A1,Defining single-channel paracellular (tight junction) conductances using nanotechnology,"TURNER, JERROLD R.",1870624,NEUROSURGERY,False,low,1.0,2.0,F_PUBMED_AUTHOR_AFFILIATION,"PubMed PMID 40128186 — Center for Brain Circuit Therapeutics, Department of Neurology, Neurosurgery, Psychiatry, and Radiology, Brigham and Women's Hospital, Harvard Medical School, Boston, USA.",2026-08-01,263400.0,False
10593808,BWH,Brigham and Women's Hospital,2022,U10,3U10CA180821-09S4,A-STOR Cancer Clinical Trial Artificial Intelligence & Machine Learning Readiness,"PIANTADOSI, STEVEN",2422658,GENERAL_AND_UNSPECIFIED_SURGERY,True,high,7.0,1.0,F_PUBMED_AUTHOR_AFFILIATION,"PubMed PMID 37715096 — Department of Surgery, Brigham and Women's Hospital, Harvard Medical School, Boston, MA, USA.",2026-08-01,207570.0,False
10593894,BWH,Brigham and Women's Hospital,2023,U10,5U10CA180821-10,Alliance for Clinical Trials in Oncology Operations Center,"PIANTADOSI, STEVEN",2422658,GENERAL_AND_UNSPECIFIED_SURGERY,True,high,8.0,0.0,F_PUBMED_AUTHOR_AFFILIATION,"PubMed PMID 37715096 — Department of Surgery, Brigham and Women's Hospital, Harvard Medical School, Boston, MA, USA.",2026-08-01,9533954.0,False
10593923,MGH,Massachusetts General Hospital,2023,R01,5R01AR077023-04,Drug-eluting joint implants with synergistic antimicrobial release and risk stratified models of preclinical efficacy testing,"ORAL, EBRU",8231840,ORTHOPEDIC_SURGERY,False,high,30.0,0.0,F_PUBMED_AUTHOR_AFFILIATION,"PubMed PMID 37961705 — Harris Orthopaedic Laboratory, Massachusetts General Hospital; Boston, U.S.A.",2026-08-01,367366.0,True
10594758,MGH,Massachusetts General Hospital,2021,R21,7R21OD029996-03,The Burmese Python as a Model System for the Study of Metabolism and Organ Regeneration,"SAEIDI, NIMA",10996096,GENERAL_AND_UNSPECIFIED_SURGERY,True,high,7.0,0.0,F_PUBMED_AUTHOR_AFFILIATION,PubMed PMID 37287514 — Division of General and Gastrointestinal Surgery Department of Surgery Massachusetts General Hospital Harvard Medical School Boston Massachusetts USA.,2026-08-01,91679.0,False
10595045,MGH,Massachusetts General Hospital,2023,R01,5R01CA269672-02,Reprogramming the tumormicroenvironment to improve immunotherapy of glioblastoma,"JAIN, RAKESH K.",1871279,OTHER_EXPLICIT_SURGERY,True,high,9.0,0.0,F_PUBMED_AUTHOR_AFFILIATION,"PubMed PMID 39015560 — Center for Engineering in Medicine and Surgery, Massachusetts General Hospital and Harvard Medical School, Boston, MA, USA.",2026-08-01,372041.0,True
10595437,BWH,Brigham and Women's Hospital,2022,R01,3R01AG067507-03S2,"Understanding and Improving Surgical Decision-Making for Persons Living with Dementia, their Family Caregivers, and their Providers: A Mixed Methods Study","WEISSMAN, JOEL S.",1911909,OTHER_EXPLICIT_SURGERY,True,high,77.0,0.0,F_PUBMED_AUTHOR_AFFILIATION,"PubMed PMID 36547969 — Center for Surgery, Brigham and Women's Hospital, Boston, Massachusetts, USA.",2026-08-01,292151.0,True
10596159,BWH,Brigham and Women's Hospital,2023,R01,5R01AI123420-08,Targeting Epstein-Barr Virus Super-Enhancer,"ZHAO, BO",10368651,GENERAL_AND_UNSPECIFIED_SURGERY,True,medium,4.0,0.0,F_PUBMED_AUTHOR_AFFILIATION,"PubMed PMID 37832306 — Department of Surgery, Brigham and Women's Hospital, Boston, Massachusetts.",2026-08-01,447500.0,True
10596873,MGH,Massachusetts General Hospital,2022,P01,3P01HD068250-10S1,Gene Mutation and Rescue in Human Diaphragmatic Hernia,"DONAHOE, PATRICIA K",1879833,PEDIATRIC_SURGERY,True,high,21.0,0.0,F_PUBMED_AUTHOR_AFFILIATION,"PubMed PMID 36205477 — Pediatric Surgical Research Laboratories, Massachusetts General Hospital, Boston, United States.",2026-08-01,374455.0,False
10598007,MGH,Massachusetts General Hospital,2023,R37,5R37AI106878-09,O-Specific Polysaccharide Responses and Cholera,"RYAN, EDWARD T.",1881648,ORTHOPEDIC_SURGERY,False,low,1.0,2.0,F_PUBMED_AUTHOR_AFFILIATION,"PubMed PMID 41158720 — Department of Orthopedic Surgery, Massachusetts General Hospital, Harvard Medical School, Boston, USA.",2026-08-01,739887.0,True
10598541,BWH,Brigham and Women's Hospital,2023,R01,5R01HL148667-04,"Integrative Characterization on the function of COPD GWAS gene, HHIP","ZHOU, ANNY XIAOBO",10698759,OTOLARYNGOLOGY_HNS,False,low,1.0,3.0,F_PUBMED_AUTHOR_AFFILIATION,"PubMed PMID 32865006 — Department of Surgery, Division of Otolaryngology-Head and Neck Surgery, Brigham and Women's Hospital, Boston, MA, USA.",2026-08-01,655509.0,True
10599203,MGH,Massachusetts General Hospital,2023,K08,5K08DK127246-02,Unraveling the Role of PD-1 in CD8+ Tissue-Resident Memory T Cell Homeostasis and Epithelial Damage in Human Colitis,"THOMAS, MOLLY",15123648,GENERAL_AND_UNSPECIFIED_SURGERY,True,low,1.0,0.0,F_PUBMED_AUTHOR_AFFILIATION,"PubMed PMID 37729645 — Department of Surgery, Massachusetts General Hospital, Boston, Massachusetts.",2026-08-01,172800.0,False
10599244,MGH,Massachusetts General Hospital,2023,R00,5R00HL143149-05,Whole heart suspended animation: leveraging the zebrafish to solve the organ shortage,"TESSIER, SHANNON NOELLA",14535967,GENERAL_AND_UNSPECIFIED_SURGERY,True,high,45.0,0.0,F_PUBMED_AUTHOR_AFFILIATION,"PubMed PMID 38076969 — Center for Engineering in Medicine and Surgery, Department of Surgery, Massachusetts General Hospital.",2026-08-01,249000.0,False
10600980,MGH,Massachusetts General Hospital,2024,R01,5R01AT011429-04,Neuroimaging the impact of respiration and respiratory-gated neuromodulation on human glymphatic physiology,"LEWIS, LAURA DIANE",11993722,ORTHOPEDIC_SURGERY,False,medium,2.0,0.0,F_PUBMED_AUTHOR_AFFILIATION,"PubMed PMID 38404018 — Foot and Ankle Research and Innovation Lab (FARIL), Department of Orthopaedic Surgery, Massachusetts General Hospital, Harvard Medical School, Boston, MA, USA.",2026-08-01,783130.0,True
10601049,MGH,Massachusetts General Hospital,2023,R01,5R01HL157803-03,High subzero heart preservation: from zebrafish to mammals,"TESSIER, SHANNON NOELLA",14535967,GENERAL_AND_UNSPECIFIED_SURGERY,True,high,45.0,0.0,F_PUBMED_AUTHOR_AFFILIATION,"PubMed PMID 38076969 — Center for Engineering in Medicine and Surgery, Department of Surgery, Massachusetts General Hospital.",2026-08-01,420000.0,True
10605192,BWH,Brigham and Women's Hospital,2023,R01,5R01NS124916-02,Systematic Study of Extracellular Vesicles and their Integrative Analysis with Parkinson's Organoids MAP,"LEE, LUKE P.",6871447,OBGYN,False,low,1.0,2.0,F_PUBMED_AUTHOR_AFFILIATION,"PubMed PMID 33501727 — Gynecologic Radiation Oncology, Department of Radiation Oncology, Dana-Farber Cancer Institute, Brigham and Women's Hospital, Harvard Medical School, Boston, MA, USA.",2026-08-01,738375.0,True
10609864,MGH,Massachusetts General Hospital,2023,R01,5R01NS117826-03,A computational approach for quantifying motor behaviors in spinocerebellar ataxias to improve early detection of motor signs and precisely estimate disease severity and disease change,"GUPTA, ANOOPUM SATYAWAN",10308903,ORTHOPEDIC_SURGERY,False,low,1.0,2.0,F_PUBMED_AUTHOR_AFFILIATION,"PubMed PMID 33834122 — Department of Orthopaedics, Massachusetts General Hospital, Harvard Medical School, Boston, MA, USA.",2026-08-01,534869.0,True
10609960,MGH,Massachusetts General Hospital,2024,R01,4R01NS112183-02,Cellular Mechanisms of Transcranial Magnetic Stimulation in Cerebellar Cortex,"PATEL, PADMAVATHI SUNDARAM",10566166,GENERAL_AND_UNSPECIFIED_SURGERY,True,medium,2.0,1.0,F_PUBMED_AUTHOR_AFFILIATION,"PubMed PMID 39841809 — Center for Transplantation Sciences, Department of Surgery, Massachusetts General Hospital, Boston, MA 02114, USA.",2026-08-01,564257.0,True
10610953,BWH,Brigham and Women's Hospital,2023,K08,5K08AG065502-04,Genome-Wide Somatic Mutation in Alzheimer's Disease Pathogenesis Using Single Neuron Analysis,"MILLER, MICHAEL B",9427714,GENERAL_AND_UNSPECIFIED_SURGERY,True,low,1.0,0.0,F_PUBMED_AUTHOR_AFFILIATION,"PubMed PMID 37783908 — Department of Surgery, Brigham and Women's Hospital, Harvard Medical School, 75 Francis Street, Boston, 02115, MA, USA.",2026-08-01,169560.0,False
10612535,MGH,Massachusetts General Hospital,2022,RF1,1RF1MH132336-01,Cellular models of fetal neurodevelopment in maternal SARS-CoV-2 infection,"EDLOW, ANDREA GOLDBERG",11953428,OBGYN,False,high,6.0,1.0,F_PUBMED_AUTHOR_AFFILIATION,"PubMed PMID 34664987 — Department of Obstetrics and Gynecology, Massachusetts General Hospital, Harvard Medical School, Boston, MA 02114, USA.",2026-08-01,2560905.0,False
10614594,BWH,Brigham and Women's Hospital,2023,R01,5R01EB030539-03,Physician Assistance Technology in Image-guided Robotic Intervention of Prostate,"HATA, NOBUHIKO",8313243,CARDIAC_CARDIOTHORACIC_SURGERY,True,low,1.0,1.0,F_PUBMED_AUTHOR_AFFILIATION,"PubMed PMID 38890223 — Division of Thoracic Surgery, Department of Surgery, Brigham and Women's Hospital, Harvard Medical School, Boston, MA, USA.",2026-08-01,661743.0,True
10615138,MGH,Massachusetts General Hospital,2023,K08,5K08DK129824-03,"Elucidating structural, mechanistic, and allosteric determinants of mTOR Complex 2 (mTORC2) signaling.","TAYLOR, MARTIN S",8431403,OTHER_EXPLICIT_SURGERY,True,low,1.0,3.0,F_PUBMED_AUTHOR_AFFILIATION,"PubMed PMID 32675550 — Department of Gastrointestinal Surgery and Pathology, Massachusetts General Hospital and Harvard Medical School, Boston, MA.",2026-08-01,171075.0,False
10617273,BWH,Brigham and Women's Hospital,2023,R01,5R01AG067507-04,"Understanding and Improving Surgical Decision-Making for Persons Living with Dementia, their Family Caregivers, and their Providers: A Mixed Methods Study","WEISSMAN, JOEL S.",1911909,OTHER_EXPLICIT_SURGERY,True,high,83.0,0.0,F_PUBMED_AUTHOR_AFFILIATION,"PubMed PMID 38126844 — Center for Surgery and Public Health, Brigham and Women's Hospital, Boston, MA Massachusetts, USA.",2026-08-01,860060.0,True
10619126,MGH,Massachusetts General Hospital,2023,R00,4R00NS118120-03,Probing the Biophysical Basis of Large-Scale Brain Dynamics Using Simultaneous PET/fMRI and EEG/PET/fMRI,"CHEN, JINGYUAN",16130302,ORTHOPEDIC_SURGERY,False,low,1.0,2.0,F_PUBMED_AUTHOR_AFFILIATION,"PubMed PMID 32467241 — Center for Regenerative Medicine, Harvard Stem Cell Institute, Department of Orthopedic Surgery, Massachusetts General Hospital, Harvard Medical School, 185 Cambridge Street, Boston, MA 02114, USA.",2026-08-01,247566.0,False
10620073,MGH,Massachusetts General Hospital,2022,R33,4R33DA047034-04,Molecular profile of proviral reservoirs in HIV-infected drug users,"YU, XU",8267676,NEUROSURGERY,False,low,1.0,0.0,F_PUBMED_AUTHOR_AFFILIATION,"PubMed PMID 35379995 — Department of Neurosurgery, Massachusetts General Hospital, Harvard Medical School, Boston, MA, USA.",2026-08-01,986339.0,False
10620649,MGH,Massachusetts General Hospital,2023,R01,5R01CA259253-03,Improving treatment of HER2+ breast cancer brain metastasis by targeting lipid metabolism,"JAIN, RAKESH K.",1871279,OTHER_EXPLICIT_SURGERY,True,high,9.0,0.0,F_PUBMED_AUTHOR_AFFILIATION,"PubMed PMID 39015560 — Center for Engineering in Medicine and Surgery, Massachusetts General Hospital and Harvard Medical School, Boston, MA, USA.",2026-08-01,458340.0,True
10621863,BWH,Brigham and Women's Hospital,2023,K23,5K23AI163371-03,Clinical Impact and Epidemiology of Nonsteroidal Anti-inflammatory Drug Allergies,"LI, LILY",15410119,VASCULAR_SURGERY,True,medium,2.0,3.0,F_PUBMED_AUTHOR_AFFILIATION,"PubMed PMID 32469162 — Vascular Surgery Research Laboratories, Division of Vascular and Endovascular Surgery, Brigham and Women's Hospital, Harvard Medical School, Boston, MA, USA.",2026-08-01,163723.0,False
10622050,MGH,Massachusetts General Hospital,2023,U01,1U01AI174968-01,Targeting innate immunity for induction of robust renal allograft tolerance,"KAWAI, TATSUO",6260328,GENERAL_AND_UNSPECIFIED_SURGERY,True,high,30.0,0.0,F_PUBMED_AUTHOR_AFFILIATION,"PubMed PMID 37581260 — Department of Surgery and Center for Transplantation Sciences, Massachusetts General Hospital/Harvard Medical School, Boston, MA.",2026-08-01,1075240.0,False
10623234,BWH,Brigham and Women's Hospital,2023,R01,5R01MH125860-03,Mapping the superficial white matter connectome of the human brain using ultra high resolution multi-contrast diffusion MRI,"O'DONNELL, LAUREN JEAN",10354488,OTHER_EXPLICIT_SURGERY,True,low,1.0,3.0,F_PUBMED_AUTHOR_AFFILIATION,"PubMed PMID 33071761 — Surgical Planning Laboratory, Department of Radiology, Brigham and Women's Hospital, Boston, MA, United States.",2026-08-01,811539.0,True
10624230,MGH,Massachusetts General Hospital,2023,R01,5R01DK123219-04,Central and direct role of the small intestine in the improvement of type 2 diabetes following RYGB,"SAEIDI, NIMA",10996096,GENERAL_AND_UNSPECIFIED_SURGERY,True,high,7.0,0.0,F_PUBMED_AUTHOR_AFFILIATION,"PubMed PMID 38097545 — Division of Gastrointestinal and Oncologic Surgery, Department of Surgery, Massachusetts General Hospital, Boston, MA, 02114, USA. nsaeidi@mgh.harvard.edu.",2026-08-01,448271.0,True
10624862,BWH,Brigham and Women's Hospital,2023,K23,5K23MD016129-02,Improving Outcomes for Spanish-Speaking Surgical Patients with Limited English Proficiency,"ORTEGA, GEZZER",14814354,GENERAL_AND_UNSPECIFIED_SURGERY,True,high,66.0,0.0,F_PUBMED_AUTHOR_AFFILIATION,"PubMed PMID 37990875 — Department of Surgery, Center for Surgery and Public Health, Brigham and Women's Hospital, Harvard Medical School, Boston MA.",2026-08-01,172656.0,False
10626493,MGH,Massachusetts General Hospital,2023,R24,1R24OD034189-01,Cryopreservation of zebrafish larvae and embryos for biomedical research,"TESSIER, SHANNON NOELLA",14535967,GENERAL_AND_UNSPECIFIED_SURGERY,True,high,45.0,0.0,F_PUBMED_AUTHOR_AFFILIATION,"PubMed PMID 38076969 — Center for Engineering in Medicine and Surgery, Department of Surgery, Massachusetts General Hospital.",2026-08-01,645888.0,False
10627775,BWH,Brigham and Women's Hospital,2023,K24,5K24HL157648-03,Mentoring Patient Oriented Research in Innovative Imaging and High-dimensional Data Approaches to Improve Outcomes in Cardiac Amyloidosis,"DORBALA, SHARMILA",8892461,CARDIAC_CARDIOTHORACIC_SURGERY,True,low,1.0,1.0,F_PUBMED_AUTHOR_AFFILIATION,"PubMed PMID 34524397 — Cardiovascular Imaging Program, Division of Cardiovascular Medicine, Division of Cardiac Surgery, Heart and Vascular Center, Brigham and Women's Hospital, Harvard Medical School, Boston, Massachusetts.",2026-08-01,121556.0,False
10630193,MGH,Massachusetts General Hospital,2023,R35,5R35HL150807-04,Functional role and therapeutic targeting of exosomes and extracellular RNA biomarkers in heart failure,"DAS, SAUMYA",8732081,OTHER_EXPLICIT_SURGERY,True,low,1.0,3.0,F_PUBMED_AUTHOR_AFFILIATION,"PubMed PMID 33139240 — Department of Oral & Maxillofacial Surgery, Massachusetts General Hospital, Harvard University, Boston, MA, USA.",2026-08-01,949270.0,False
10630883,MGH,Massachusetts General Hospital,2023,S10,1S10OD034414-01,256-channel Digital Neural Signal Processor Real-Time Data Acquisition System,"CASH, SYDNEY S",1927400,NEUROSURGERY,False,low,1.0,1.0,F_PUBMED_AUTHOR_AFFILIATION,"PubMed PMID 38293030 — Department of Neurology and Neurosurgery, Massachusetts General Hospital, Boston, MA 02114, USA.",2026-08-01,554480.0,False
10631236,BWH,Brigham and Women's Hospital,2023,R01,5R01HL159012-03,Long-Acting RNAi Therapy for Atherosclerosis and Insulin Resistance,"SHI, JINJUN",10646072,OTHER_EXPLICIT_SURGERY,True,medium,4.0,2.0,F_PUBMED_AUTHOR_AFFILIATION,"PubMed PMID 34155635 — Departments of Research and Surgery, VA Boston Healthcare System, Brigham and Women's Hospital, Harvard Medical School, Boston, MA, USA.",2026-08-01,682727.0,True
10631307,MGH,Massachusetts General Hospital,2023,S10,1S10OD032278-01A1,A microscope for ultra-high multiplex spatial imaging of transcripts and proteins in tissues,"HACOHEN, NIR",1925825,GENERAL_AND_UNSPECIFIED_SURGERY,True,low,1.0,2.0,F_PUBMED_AUTHOR_AFFILIATION,"PubMed PMID 40695831 — Massachusetts General Hospital (MGH) Department of Surgery, MGH Krantz Center for Cancer Research, Boston, MA, USA.",2026-08-01,299500.0,False
10631721,BWH,Brigham and Women's Hospital,2023,R01,1R01MH132610-01,Mapping of the intrinsic and extrinsic cerebellar connectome at ultra high resolution with expert neuroanatomical curation,"O'DONNELL, LAUREN JEAN",10354488,OTHER_EXPLICIT_SURGERY,True,low,1.0,3.0,F_PUBMED_AUTHOR_AFFILIATION,"PubMed PMID 33071761 — Surgical Planning Laboratory, Department of Radiology, Brigham and Women's Hospital, Boston, MA, United States.",2026-08-01,906706.0,True
10634698,MGH,Massachusetts General Hospital,2023,R01,5R01AI155714-02,Bcl-2 and Mcl-1 inhibition for induction of hematopoietic chimerism and renal allograft tolerance without myelosuppression in nonhuman primates,"KAWAI, TATSUO",6260328,GENERAL_AND_UNSPECIFIED_SURGERY,True,high,30.0,0.0,F_PUBMED_AUTHOR_AFFILIATION,"PubMed PMID 37581260 — Department of Surgery and Center for Transplantation Sciences, Massachusetts General Hospital/Harvard Medical School, Boston, MA.",2026-08-01,922719.0,True
10635264,BWH,Brigham and Women's Hospital,2023,R01,1R01CA279410-01,MMS22L loss and PARP inhibition in prostate cancer,"JIA, LI",8727171,UROLOGY,False,medium,2.0,0.0,F_PUBMED_AUTHOR_AFFILIATION,"PubMed PMID 36650183 — Division of Urology, Department of Surgery, Brigham and Women's Hospital & Harvard Medical School, Boston, MA, USA. ljia@bwh.harvard.edu.",2026-08-01,409463.0,True
10636029,BWH,Brigham and Women's Hospital,2023,R01,1R01DC020965-01,Naturalistic Neuroimaging for Presurgical Language Mapping,"TIE, YANMEI",10711527,NEUROSURGERY,False,high,5.0,1.0,F_PUBMED_AUTHOR_AFFILIATION,"PubMed PMID 36532508 — Image Guided Neurosurgery Laboratory, Department of Neurosurgery and Radiology, Brigham and Women's Hospital, Harvard Medical School, Boston, Massachusetts, USA.",2026-08-01,650111.0,True
10636837,MGH,Massachusetts General Hospital,2023,R01,5R01NS122904-03,Investigating the Thalamic Regulation of Neuro-Glio-Vascular Restoration Underlying Acute Coma Recovery with Multi-Modal fMRI in a Brainstem Coma Rodent Model,"YU, XIN",11129980,NEUROSURGERY,False,low,1.0,1.0,F_PUBMED_AUTHOR_AFFILIATION,"PubMed PMID 35379995 — Department of Neurosurgery, Massachusetts General Hospital, Harvard Medical School, Boston, MA, USA.",2026-08-01,658290.0,True
10640942,BWH,Brigham and Women's Hospital,2023,R01,5R01GM145960-02,Harmonic Acoustics for Neighboring cell Dynamic studies(HANDs),"LEE, LUKE P.",6871447,OBGYN,False,low,1.0,2.0,F_PUBMED_AUTHOR_AFFILIATION,"PubMed PMID 33501727 — Gynecologic Radiation Oncology, Department of Radiation Oncology, Dana-Farber Cancer Institute, Brigham and Women's Hospital, Harvard Medical School, Boston, MA, USA.",2026-08-01,429045.0,True
10640983,MGH,Massachusetts General Hospital,2023,R01,5R01HL165241-02,Optogenetic regulation of intra-ciliary calcium signaling in cardiac situs development,"YUAN, SHIAULOU",8475923,PEDIATRIC_SURGERY,True,low,1.0,1.0,F_PUBMED_AUTHOR_AFFILIATION,"PubMed PMID 36205477 — Pediatric Surgical Research Laboratories, Massachusetts General Hospital, Boston, United States.",2026-08-01,555104.0,True
10641765,BWH,Brigham and Women's Hospital,2023,T32,5T32HL094301-14,Noninvasive Cardiovascular Imaging Research Training Program,"DI CARLI, MARCELO F",3150892,CARDIAC_CARDIOTHORACIC_SURGERY,True,low,1.0,1.0,F_PUBMED_AUTHOR_AFFILIATION,"PubMed PMID 34524397 — Cardiovascular Imaging Program, Division of Cardiovascular Medicine, Division of Cardiac Surgery, Heart and Vascular Center, Brigham and Women's Hospital, Harvard Medical School, Boston, Massachusetts.",2026-08-01,574682.0,False
10643971,BWH,Brigham and Women's Hospital,2023,R01,5R01HL163580-02,Rheumatoid Arthritis and the Risk of Cardiovascular Disease: Biomarkers Risk Prediction and Underlying Mechanisms,"SOLOMON, DANIEL HAL",1902207,CARDIAC_CARDIOTHORACIC_SURGERY,True,low,1.0,0.0,F_PUBMED_AUTHOR_AFFILIATION,"PubMed PMID 37967764 — Division of Thoracic and Cardiac Surgery, Brigham and Women's Hospital, Boston, Mass. Electronic address: daniel.s985@gmail.com.",2026-08-01,746264.0,True
10645316,MGH,Massachusetts General Hospital,2022,R33,4R33HD103099-03,"FLOURISH - Following Longitudinal Outcomes to Understand, Report, Intervene and Sustain Health for Infants, Children, Adolescent who are HIV Exposed Uninfected","POWIS, KATHLEEN",9631847,PEDIATRIC_SURGERY,True,low,1.0,2.0,F_PUBMED_AUTHOR_AFFILIATION,"PubMed PMID 32158555 — Department of Pediatrics and Pediatric Surgery, Massachusetts General Hospital, Boston, United States.",2026-08-01,680401.0,False
10652547,BWH,Brigham and Women's Hospital,2023,K23,5K23NS119798-03,The Contribution of Late Onset Unexplained Epilepsy to Cognitive Decline and its Interaction with Vascular and Alzheimer's Disease Pathologies,"SARKIS, RANI",12069569,NEUROSURGERY,False,low,1.0,2.0,F_PUBMED_AUTHOR_AFFILIATION,"PubMed PMID 40128186 — Center for Brain Circuit Therapeutics, Department of Neurology, Neurosurgery, Psychiatry, and Radiology, Brigham and Women's Hospital, Harvard Medical School, Boston, USA.",2026-08-01,227943.0,False
10652774,MGH,Massachusetts General Hospital,2023,R01,2R01DK096586-10A1,Cell Biology of Vasopressin-induced Water Channels,"BROWN, DENNIS",1895543,GENERAL_AND_UNSPECIFIED_SURGERY,True,low,1.0,3.0,F_PUBMED_AUTHOR_AFFILIATION,"PubMed PMID 31356434 — Sumner Redstone Burn Center, Department of Surgery, Massachusetts General Hospital, Harvard Medical School, Boston, Massachusetts.",2026-08-01,526952.0,True
10652966,BWH,Brigham and Women's Hospital,2023,U01,5U01CA259208-02,Perfluoroalkyl Substances (PFASs) and Liver Cancer Risk in the United States,"ZHANG, XUEHONG",10801853,NEUROSURGERY,False,low,1.0,0.0,F_PUBMED_AUTHOR_AFFILIATION,"PubMed PMID 37986632 — Department of Neurosurgery, Brigham and Women's Hospital, Harvard Medical School, Boston, Massachusetts, USA.",2026-08-01,704354.0,False
10654045,MGH,Massachusetts General Hospital,2023,R01,5R01NS127808-02,Local Skull Marrow Sensing and Response to CNS Inflammation,"MOSKOWITZ, MICHAEL A.",1884505,NEUROSURGERY,False,low,1.0,2.0,F_PUBMED_AUTHOR_AFFILIATION,"PubMed PMID 34434290 — Neuroscience Center, Departments of Neurology and Neurosurgery, Massachusetts General Hospital, Boston, MA, USA.",2026-08-01,680834.0,True
10654759,BWH,Brigham and Women's Hospital,2023,P01,5P01AI169768-02,High-Definition Characterization of the Persistence and Perturbation of the HIV Reservoir,"LI, JONATHAN",10091716,ORTHOPEDIC_SURGERY,False,low,1.0,3.0,F_PUBMED_AUTHOR_AFFILIATION,"PubMed PMID 32004706 — Department of Orthopedic Surgery, Brigham and Women's Hospital and Harvard Medical School, Boston, MA, USA; Department of Endocrinology, West China Hospital, West China School of Medicine, Sichuan University, Chengdu, Sichuan, China.",2026-08-01,1721792.0,False
10655128,BWH,Brigham and Women's Hospital,2023,K07,3K07CA215819-05S1,Evaluating breast cancer care in rural Rwanda,"PACE, LYDIA",12056449,GENERAL_AND_UNSPECIFIED_SURGERY,True,low,1.0,0.0,F_PUBMED_AUTHOR_AFFILIATION,"PubMed PMID 36753274 — Department of Surgery, Brigham and Women's Hospital, Boston, Massachusetts.",2026-08-01,173920.0,False
10655155,MGH,Massachusetts General Hospital,2023,R01,2R01CA129933-16,Modeling Metastasis and Acquired Drug Resistance Using Circulating Tumor Cells,"HABER, DANIEL A.",1882057,ORTHOPEDIC_SURGERY,False,low,1.0,2.0,F_PUBMED_AUTHOR_AFFILIATION,"PubMed PMID 32694426 — Harvard Combined Orthopaedic Residency Program, Massachusetts General Hospital, Boston, Massachusetts.",2026-08-01,420000.0,True
10657095,BWH,Brigham and Women's Hospital,2023,R01,1R01AG078307-01A1,PHD2 mediated loss of hypoxia signaling limits skeletal muscle regeneration and exercise response in aging,"SINHA, INDRANIL",9710446,PLASTIC_SURGERY,False,high,27.0,0.0,F_PUBMED_AUTHOR_AFFILIATION,"PubMed PMID 37817370 — Division of Plastic and Reconstructive Surgery, Department of Surgery, Brigham and Women's Hospital, Harvard University, Boston, MA, 02115, USA.",2026-08-01,395166.0,True
10657806,BWH,Brigham and Women's Hospital,2023,R21,5R21CA267496-02,CHEK2 loss promotes prostate cancer resistance to PARP inhibitors,"JIA, LI",8727171,UROLOGY,False,medium,2.0,0.0,F_PUBMED_AUTHOR_AFFILIATION,"PubMed PMID 36650183 — Division of Urology, Department of Surgery, Brigham and Women's Hospital & Harvard Medical School, Boston, MA, USA. ljia@bwh.harvard.edu.",2026-08-01,205023.0,False
10657825,MGH,Massachusetts General Hospital,2023,R33,5R33HD103099-04,"FLOURISH - Following Longitudinal Outcomes to Understand, Report, Intervene and Sustain Health for Infants, Children, Adolescent who are HIV Exposed Uninfected","POWIS, KATHLEEN",9631847,PEDIATRIC_SURGERY,True,low,1.0,3.0,F_PUBMED_AUTHOR_AFFILIATION,"PubMed PMID 32158555 — Department of Pediatrics and Pediatric Surgery, Massachusetts General Hospital, Boston, United States.",2026-08-01,612768.0,False
10658067,MGH,Massachusetts General Hospital,2023,R01,1R01HL162928-01A1,The Role of Arylsulfatase in Vascular Calcification,"MALHOTRA, RAJEEV",10352820,VASCULAR_SURGERY,True,low,1.0,2.0,F_PUBMED_AUTHOR_AFFILIATION,"PubMed PMID 34750582 — Division of Vascular Surgery and Endovascular Therapy, Massachusetts General Hospital, Boston, MA, USA.",2026-08-01,709203.0,True
10659129,BWH,Brigham and Women's Hospital,2023,R01,5R01CA200900-08,Systemic RNA Delivery to Tumors,"SHI, JINJUN",10646072,OTHER_EXPLICIT_SURGERY,True,medium,4.0,2.0,F_PUBMED_AUTHOR_AFFILIATION,"PubMed PMID 34155635 — Departments of Research and Surgery, VA Boston Healthcare System, Brigham and Women's Hospital, Harvard Medical School, Boston, MA, USA.",2026-08-01,546127.0,True
10659260,MGH,Massachusetts General Hospital,2024,R33,5R33DA047034-05,Molecular profile of proviral reservoirs in HIV-infected drug users,"YU, XU",8267676,NEUROSURGERY,False,low,1.0,2.0,F_PUBMED_AUTHOR_AFFILIATION,"PubMed PMID 35379995 — Department of Neurosurgery, Massachusetts General Hospital, Harvard Medical School, Boston, MA, USA.",2026-08-01,975058.0,False
10661614,BWH,Brigham and Women's Hospital,2023,R01,5R01NS105675-05,Systems Genetics Approach to Intracranial Aneurysms,"DU, ROSE",9580998,NEUROSURGERY,False,high,20.0,0.0,F_PUBMED_AUTHOR_AFFILIATION,"PubMed PMID 37986632 — Department of Neurosurgery, Brigham and Women's Hospital, Harvard Medical School, Boston, Massachusetts, USA.",2026-08-01,736093.0,True
10662262,BWH,Brigham and Women's Hospital,2023,R01,5R01DK061931-23,MECHANISTIC UNDERSTANDING OF PROTEIN INTERACTIONS AT THE TIGHT JUNCTION: STRUCTURAL REGULATION OF CANONICAL AND NONCANONICAL FUNCTIONS,"TURNER, JERROLD R.",1870624,NEUROSURGERY,False,low,1.0,2.0,F_PUBMED_AUTHOR_AFFILIATION,"PubMed PMID 40128186 — Center for Brain Circuit Therapeutics, Department of Neurology, Neurosurgery, Psychiatry, and Radiology, Brigham and Women's Hospital, Harvard Medical School, Boston, USA.",2026-08-01,770611.0,True
10662688,MGH,Massachusetts General Hospital,2023,K08,1K08CA273547-01A1,Delineating the mechanisms by which tumor immunity multicellular networks shape T cell state,"CHEN, JONATHAN HOWARD",11014793,ORTHOPEDIC_SURGERY,False,low,1.0,3.0,F_PUBMED_AUTHOR_AFFILIATION,"PubMed PMID 32467241 — Center for Regenerative Medicine, Harvard Stem Cell Institute, Department of Orthopedic Surgery, Massachusetts General Hospital, Harvard Medical School, 185 Cambridge Street, Boston, MA 02114, USA.",2026-08-01,226554.0,False
10662850,BWH,Brigham and Women's Hospital,2023,K08,1K08HL165047-01A1,Endothelial Metabolic Reprogramming by Interferon-gamma in Coronary Artery Disease,"LEE, LAUREL Y",15565202,OBGYN,False,low,1.0,2.0,F_PUBMED_AUTHOR_AFFILIATION,"PubMed PMID 33501727 — Gynecologic Radiation Oncology, Department of Radiation Oncology, Dana-Farber Cancer Institute, Brigham and Women's Hospital, Harvard Medical School, Boston, MA, USA.",2026-08-01,168867.0,False
10663605,MGH,Massachusetts General Hospital,2023,K99,1K99HD107222-01A1,Characterizing the genetic etiology of delayed puberty with integrative genomic techniques,"ZHAO, XUEFANG",15962860,OTHER_EXPLICIT_SURGERY,True,low,1.0,0.0,F_PUBMED_AUTHOR_AFFILIATION,"PubMed PMID 37330696 — Center for Genomic Medicine, Massachusetts General Hospital, Boston, MA, Program in Medical and Population Genetics, Broad Institute, Cambridge, MA, Department of Neurology and Surgery, Massachusetts General Hospital and Harvard Medical School, Boston, MA.",2026-08-01,135886.0,False
10664053,BWH,Brigham and Women's Hospital,2023,R01,5R01DE028336-05,Long Term Oral Health Outcomes in the Chronic GVHD Consortium,"TREISTER, NATHANIEL S",6787558,GENERAL_AND_UNSPECIFIED_SURGERY,True,medium,3.0,0.0,F_PUBMED_AUTHOR_AFFILIATION,"PubMed PMID 37993500 — Department of Surgery, Division of Oral Medicine and Dentistry, Brigham and Women's Hospital, Boston, MA, 02114, USA. ntreister@bwh.harvard.edu.",2026-08-01,709667.0,True
10666396,MGH,Massachusetts General Hospital,2023,R25,5R25NS065743-15,Neuroscience Resident Research Program,"CASH, SYDNEY S",1927400,NEUROSURGERY,False,low,1.0,1.0,F_PUBMED_AUTHOR_AFFILIATION,"PubMed PMID 38293030 — Department of Neurology and Neurosurgery, Massachusetts General Hospital, Boston, MA 02114, USA.",2026-08-01,1.0,False
10667496,MGH,Massachusetts General Hospital,2023,K08,5K08NS119796-03,Investigation of Sirt1 activation to target IDH mutant glioma,"MILLER, JULIE JOANN",14582463,TRAUMA_ACUTE_CARE_SURGERY,True,medium,3.0,3.0,F_PUBMED_AUTHOR_AFFILIATION,"PubMed PMID 42447716 — Division of Trauma, Emergency Surgery, and Surgical Critical Care, Department of Surgery, Massachusetts General Hospital and Harvard Medical School, Boston, Massachusetts.",2026-08-01,196802.0,False
10667533,BWH,Brigham and Women's Hospital,2023,R01,5R01CA262524-03,Androgen receptor pathway inhibition through targeting PARP-2 in castration-resistant prostate cancer,"JIA, LI",8727171,UROLOGY,False,medium,2.0,0.0,F_PUBMED_AUTHOR_AFFILIATION,"PubMed PMID 36650183 — Division of Urology, Department of Surgery, Brigham and Women's Hospital & Harvard Medical School, Boston, MA, USA. ljia@bwh.harvard.edu.",2026-08-01,401273.0,True
10668333,BWH,Brigham and Women's Hospital,2023,R01,5R01HL157457-02,A ROBOT-ASSISTED PERFUSION SYSTEM TO IMPROVE PATIENT SAFETY IN THE CARDIAC OPERATING ROOM,"DIAS, ROGER DAGLIUS",15542197,CARDIAC_CARDIOTHORACIC_SURGERY,True,low,1.0,3.0,F_PUBMED_AUTHOR_AFFILIATION,"PubMed PMID 42454200 — Division of Cardiac Surgery, Brigham and Women's Hospital and Harvard Medical School, Boston, MA, USA.",2026-08-01,685854.0,True
10668456,BWH,Brigham and Women's Hospital,2023,R01,5R01AI141529-05,Functional Redundancy of Human Microbiome and its Implication in Fecal Microbiota Transplantation,"LIU, YANG-YU",11954239,TRANSPLANT_SURGERY,True,medium,4.0,2.0,F_PUBMED_AUTHOR_AFFILIATION,"PubMed PMID 34551205 — Division of Transplant Surgery, Department of Surgery, Brigham and Women's Hospital, Harvard Medical School, Boston, Massachusetts.",2026-08-01,894266.0,True
10669309,BWH,Brigham and Women's Hospital,2022,U10,3U10CA180821-09S3,Alliance for Clinical Trials in Oncology Operations Center,"PIANTADOSI, STEVEN",2422658,GENERAL_AND_UNSPECIFIED_SURGERY,True,high,7.0,1.0,F_PUBMED_AUTHOR_AFFILIATION,"PubMed PMID 37715096 — Department of Surgery, Brigham and Women's Hospital, Harvard Medical School, Boston, MA, USA.",2026-08-01,1221951.0,False
10669826,BWH,Brigham and Women's Hospital,2023,R33,1R33HL168751-01,A New Lipid Nanoparticle Technology Enabling Long-acting mRNA Therapy,"SHI, JINJUN",10646072,OTHER_EXPLICIT_SURGERY,True,medium,4.0,2.0,F_PUBMED_AUTHOR_AFFILIATION,"PubMed PMID 34155635 — Departments of Research and Surgery, VA Boston Healthcare System, Brigham and Women's Hospital, Harvard Medical School, Boston, MA, USA.",2026-08-01,542677.0,False
10670311,MGH,Massachusetts General Hospital,2023,R01,5R01DK121848-05,"Defining protein:protein interactions for the regulation of renal V-ATPase function: role in expression, assembly and trafficking.","BROWN, DENNIS",1895543,GENERAL_AND_UNSPECIFIED_SURGERY,True,low,1.0,3.0,F_PUBMED_AUTHOR_AFFILIATION,"PubMed PMID 31356434 — Sumner Redstone Burn Center, Department of Surgery, Massachusetts General Hospital, Harvard Medical School, Boston, Massachusetts.",2026-08-01,539814.0,True
10671011,BWH,Brigham and Women's Hospital,2023,R01,5R01MH130666-02,Toward Connectomic Deep Brain Stimulation in Obsessive Compulsive Disorder,"HORN, ANDREAS",15263988,NEUROSURGERY,False,low,1.0,2.0,F_PUBMED_AUTHOR_AFFILIATION,"PubMed PMID 40128186 — Center for Brain Circuit Therapeutics, Department of Neurology, Neurosurgery, Psychiatry, and Radiology, Brigham and Women's Hospital, Harvard Medical School, Boston, USA.",2026-08-01,792507.0,True
10672374,BWH,Brigham and Women's Hospital,2023,T35,5T35AG038027-14,Greater Boston Medical Student Training in Aging Research,"DRIVER, JANE A",7903230,NEUROSURGERY,False,high,7.0,1.0,F_PUBMED_AUTHOR_AFFILIATION,"PubMed PMID 35086867 — Department of Neurosurgery, Brigham and Women's Hospital, Harvard Medical School.",2026-08-01,46360.0,False
10672894,BWH,Brigham and Women's Hospital,2023,R37,5R37CA262299-03,Helicobacter Infection and Liver Cancer Risk among African Americans and Whites in the United States,"ZHANG, XUEHONG",10801853,NEUROSURGERY,False,low,1.0,0.0,F_PUBMED_AUTHOR_AFFILIATION,"PubMed PMID 37986632 — Department of Neurosurgery, Brigham and Women's Hospital, Harvard Medical School, Boston, Massachusetts, USA.",2026-08-01,391668.0,True
10673038,MGH,Massachusetts General Hospital,2023,R01,5R01NS117609-04,Human Genetics and Molecular Mechanisms of Vein of Galen Aneurysmal Malformation,"KAHLE, KRISTOPHER",10626053,NEUROSURGERY,False,high,11.0,0.0,F_PUBMED_AUTHOR_AFFILIATION,"PubMed PMID 37978175 — Department of Neurosurgery, Massachusetts General Hospital, Harvard Medical School, Boston, MA, USA. Kahle.Kristopher@mgh.harvard.edu.",2026-08-01,552967.0,True
10673469,MGH,Massachusetts General Hospital,2022,R01,3R01AI142670-04S1,"Immune correlates of tuberculosis and non-tuberculosis infectious morbidity in Southern African HIV-exposed, uninfected infants.","POWIS, KATHLEEN",9631847,PEDIATRIC_SURGERY,True,low,1.0,2.0,F_PUBMED_AUTHOR_AFFILIATION,"PubMed PMID 32158555 — Department of Pediatrics and Pediatric Surgery, Massachusetts General Hospital, Boston, United States.",2026-08-01,132837.0,True
10675729,MGH,Massachusetts General Hospital,2023,K99,5K99AI167063-02,Intracellular delivery of DNA-editing proteins by viscoelastic cell stretching,"SEVENLER, DERIN",11644962,OTHER_EXPLICIT_SURGERY,True,high,10.0,0.0,F_PUBMED_AUTHOR_AFFILIATION,"PubMed PMID 37163007 — Center for Engineering in Medicine and Surgery, Massachusetts General Hospital, Boston, MA, USA.",2026-08-01,136350.0,False
10675760,BWH,Brigham and Women's Hospital,2023,R01,5R01HD109200-02,Cellular plasticity and lineage in mammalian digit tip regeneration,"LEHOCZKY, JESSICA A",8107692,ORTHOPEDIC_SURGERY,False,high,10.0,0.0,F_PUBMED_AUTHOR_AFFILIATION,"PubMed PMID 37607547 — Department of Orthopedic Surgery, Brigham and Women's Hospital, Boston, MA 02115, USA.",2026-08-01,568394.0,True
10679553,MGH,Massachusetts General Hospital,2023,R01,1R01AI176658-01,In vivo Monitoring of Neutrophil Function in Patients after Stem Cell Transplant,"IRIMIA, DANIEL",8760173,GENERAL_AND_UNSPECIFIED_SURGERY,True,high,50.0,0.0,F_PUBMED_AUTHOR_AFFILIATION,"PubMed PMID 38155198 — Center for Engineering in Medicine and Surgery, Department of Surgery, Massachusetts General Hospital, Boston, MA, USA. dirimia@mgh.harvard.edu.",2026-08-01,817016.0,True
10685659,BWH,Brigham and Women's Hospital,2023,DP2,1DP2HD112176-01,Identifying plasma proteomic profiles of chronic pain development in endometriosis from adolescence to adulthood,"SASAMOTO, NAOKO",15260740,OBGYN,False,high,14.0,1.0,F_PUBMED_AUTHOR_AFFILIATION,"PubMed PMID 36572991 — Obstetrics and Gynecology Epidemiology Center, Department of Obstetrics and Gynecology, Brigham and Women's Hospital and Harvard Medical School, Boston, Massachusetts, USA.",2026-08-01,2689739.0,False
10686185,MGH,Massachusetts General Hospital,2023,R01,5R01DE030464-02,Genetic Variants in Craniofacial Dystonias,"SHARMA, NUTAN",1926380,SURGICAL_ONCOLOGY,True,low,1.0,2.0,F_PUBMED_AUTHOR_AFFILIATION,"PubMed PMID 33926918 — Department of Surgical Oncology, Massachusetts General Hospital, Boston, Massachusetts.",2026-08-01,601802.0,True
10686570,BWH,Brigham and Women's Hospital,2023,DP2,1DP2AG086138-01,Illuminating neurodegenerative tauopathy from somatic genomic landscapes of single human brain cells,"MILLER, MICHAEL B",9427714,GENERAL_AND_UNSPECIFIED_SURGERY,True,low,1.0,0.0,F_PUBMED_AUTHOR_AFFILIATION,"PubMed PMID 37783908 — Department of Surgery, Brigham and Women's Hospital, Harvard Medical School, 75 Francis Street, Boston, 02115, MA, USA.",2026-08-01,1611000.0,False
10687096,BWH,Brigham and Women's Hospital,2023,R01,5R01CA235589-05,Lymph Node Quantification System for Multisite Clinical Trials,"KIKINIS, RON",1881109,OTHER_EXPLICIT_SURGERY,True,high,8.0,1.0,F_PUBMED_AUTHOR_AFFILIATION,"PubMed PMID 36454858 — Department of Radiology, Surgical Planning Laboratory, Brigham and Women's Hospital, Harvard Medical School, Boston, MA, United States of America.",2026-08-01,595794.0,True
10687224,MGH,Massachusetts General Hospital,2023,R01,5R01AI155414-04,Functional profiling of OSP-specific and other antibodies during shigella infection,"RYAN, EDWARD T.",1881648,ORTHOPEDIC_SURGERY,False,low,1.0,2.0,F_PUBMED_AUTHOR_AFFILIATION,"PubMed PMID 41158720 — Department of Orthopedic Surgery, Massachusetts General Hospital, Harvard Medical School, Boston, USA.",2026-08-01,761935.0,True
10689328,MGH,Massachusetts General Hospital,2023,K23,5K23DK131345-02,Elucidating the pharmacogenetics of the response to GLP-1 receptor agonists for type 2 diabetes,"LI, JOSEPHINE H",15570672,GENERAL_AND_UNSPECIFIED_SURGERY,True,low,1.0,2.0,F_PUBMED_AUTHOR_AFFILIATION,"PubMed PMID 41291772 — Transplant Center, Department of Surgery, Massachusetts General Hospital, Harvard Medical School, Boston, USA. JILI31@mgh.harvard.edu.",2026-08-01,190820.0,False
10696028,BWH,Brigham and Women's Hospital,2023,R50,5R50CA243706-05,Innovative approaches for the advancement of glioblastoma therapies,"NOWICKI, MICHAL OSKAR",12512000,NEUROSURGERY,False,medium,3.0,1.0,F_PUBMED_AUTHOR_AFFILIATION,"PubMed PMID 36032633 — Harvey Cushing Neurooncology Research Laboratories, Department of Neurosurgery, Brigham and Women's Hospital, Harvard Medical School, 60 Fenwood Road, Boston, MA 02115, USA.",2026-08-01,132481.0,False
10699013,MGH,Massachusetts General Hospital,2025,R01,4R01NS124778-02,Investigating the neurophysiological basis of circuit-specific laminar rs-fMRI,"YU, XIN",11129980,NEUROSURGERY,False,low,1.0,3.0,F_PUBMED_AUTHOR_AFFILIATION,"PubMed PMID 35379995 — Department of Neurosurgery, Massachusetts General Hospital, Harvard Medical School, Boston, MA, USA.",2026-08-01,697466.0,True
10704325,MGH,Massachusetts General Hospital,2023,R01,1R01AI177075-01,"Shigella Conjugate Vaccine (SCV4) Development, Characterization, and Pre-clinical Evaluation","RYAN, EDWARD T.",1881648,ORTHOPEDIC_SURGERY,False,low,1.0,2.0,F_PUBMED_AUTHOR_AFFILIATION,"PubMed PMID 41158720 — Department of Orthopedic Surgery, Massachusetts General Hospital, Harvard Medical School, Boston, USA.",2026-08-01,1010389.0,True
10705645,BWH,Brigham and Women's Hospital,2023,P30,5P30AR072577-07,"VERITY: Value and Evidence in Rheumatology using bioInformaTics, and advanced analYtics","SOLOMON, DANIEL HAL",1902207,CARDIAC_CARDIOTHORACIC_SURGERY,True,low,1.0,0.0,F_PUBMED_AUTHOR_AFFILIATION,"PubMed PMID 37967764 — Division of Thoracic and Cardiac Surgery, Brigham and Women's Hospital, Boston, Mass. Electronic address: daniel.s985@gmail.com.",2026-08-01,891115.0,False
10706522,BWH,Brigham and Women's Hospital,2023,R01,5R01DK133864-02,Early detection of type 1 diabetes via Exosome Technology with Optoelectronics Lab-on-chip: EXTOL,"LEE, LUKE P.",6871447,OBGYN,False,low,1.0,2.0,F_PUBMED_AUTHOR_AFFILIATION,"PubMed PMID 33501727 — Gynecologic Radiation Oncology, Department of Radiation Oncology, Dana-Farber Cancer Institute, Brigham and Women's Hospital, Harvard Medical School, Boston, MA, USA.",2026-08-01,733231.0,True
10706576,MGH,Massachusetts General Hospital,2023,R01,5R01DK133847-02,Characterization of beta-cell-specific extracellular vesicle cargo as functional biomarkers for type I DM disease,"DAS, SAUMYA",8732081,OTHER_EXPLICIT_SURGERY,True,low,1.0,3.0,F_PUBMED_AUTHOR_AFFILIATION,"PubMed PMID 33139240 — Department of Oral & Maxillofacial Surgery, Massachusetts General Hospital, Harvard University, Boston, MA, USA.",2026-08-01,753720.0,True
10707143,BWH,Brigham and Women's Hospital,2023,R01,5R01EB032384-02,Making the invisible visible: An automated clinical decision support tool for Intimate Partner Violence Risk and Severity Prediction (AIRS),"KHURANA, BHARTI",12166993,PLASTIC_SURGERY,False,low,1.0,1.0,F_PUBMED_AUTHOR_AFFILIATION,"PubMed PMID 35505264 — Department of Plastic Surgery, Brigham and Women's Hospital, Harvard Medical School, 75 Francis Street, Boston, USA. bkhurana@bwh.harvard.edu.",2026-08-01,793217.0,True
10710221,MGH,Massachusetts General Hospital,2023,R21,5R21AG077310-02,Preventing Graft Thrombosis in the Elderly through Development of a Risk Prediction Tool,"DUA, ANAHITA",16209441,VASCULAR_SURGERY,True,high,154.0,0.0,F_PUBMED_AUTHOR_AFFILIATION,"PubMed PMID 38201355 — Division of Vascular and Endovascular Surgery, Massachusetts General Hospital, Boston, MA 02114, USA.",2026-08-01,266178.0,False
10710776,MGH,Massachusetts General Hospital,2023,T32,2T32CA071345-26,Training Program in Cancer Biology and Therapeutics,"HABER, DANIEL A.",1882057,ORTHOPEDIC_SURGERY,False,low,1.0,2.0,F_PUBMED_AUTHOR_AFFILIATION,"PubMed PMID 32694426 — Harvard Combined Orthopaedic Residency Program, Massachusetts General Hospital, Boston, Massachusetts.",2026-08-01,523031.0,False
10711723,MGH,Massachusetts General Hospital,2023,RF1,1RF1NS132784-01,Biophysical Mechanisms of Cortical MicroStimulation,"CASH, SYDNEY S",1927400,NEUROSURGERY,False,low,1.0,1.0,F_PUBMED_AUTHOR_AFFILIATION,"PubMed PMID 38293030 — Department of Neurology and Neurosurgery, Massachusetts General Hospital, Boston, MA 02114, USA.",2026-08-01,3360184.0,False
10723247,MGH,Massachusetts General Hospital,2023,K25,1K25HL169816-01,Precision Apheresis: stem cell isolation from patients with sickle cell disease for gene therapy using high-throughput microfluidics,"MISHRA, AVANISH",15889617,GENERAL_AND_UNSPECIFIED_SURGERY,True,high,14.0,0.0,F_PUBMED_AUTHOR_AFFILIATION,"PubMed PMID 37880436 — BioMEMS Resource Center, Center for Engineering in Medicine and Surgical Services, Massachusetts General Hospital, Boston, MA, USA.",2026-08-01,133943.0,False
10723486,MGH,Massachusetts General Hospital,2023,K99,1K99DC021235-01,Objective assessment of vocal fatigue in laboratory and real-world settings,"GHASEMZADEH, HAMZEH",16540068,OTHER_EXPLICIT_SURGERY,True,high,11.0,0.0,F_PUBMED_AUTHOR_AFFILIATION,"PubMed PMID 38699704 — Center for Laryngeal Surgery and Voice Rehabilitation, Massachusetts General Hospital, Boston, MA 02114, USA.",2026-08-01,132840.0,False
10726103,BWH,Brigham and Women's Hospital,2023,R03,1R03EB033910-01A1,Vessel Identification and Tracing in DSA Image Series for Cerebrovascular Surgical Planning,"HAOUCHINE, NAZIM",16453202,OTHER_EXPLICIT_SURGERY,True,low,1.0,1.0,F_PUBMED_AUTHOR_AFFILIATION,PubMed PMID 39720742 — Surgical Planning Laboratory Brigham and Women's Hospital and Harvard Medical School Boston Massachusetts USA.,2026-08-01,179000.0,False
10726411,MGH,Massachusetts General Hospital,2023,R03,1R03HD112717-01,Understanding the impact of targeting the epigenetic regulation of lung stem cells in congenital lung disease,"ROWBOTHAM, SAMUEL PHILIP",11223914,PEDIATRIC_SURGERY,True,low,1.0,3.0,F_PUBMED_AUTHOR_AFFILIATION,"PubMed PMID 42124667 — Pediatric Surgical Research Laboratories, Massachusetts General Hospital, Boston, MA, USA.",2026-08-01,167000.0,False
10734125,MGH,Massachusetts General Hospital,2023,R01,2R01DK116716-06A1,The role of salt inducible kinases in parathyroid hormone action in bone,"WEIN, MARC NATHAN",11457185,GENERAL_AND_UNSPECIFIED_SURGERY,True,low,1.0,1.0,F_PUBMED_AUTHOR_AFFILIATION,"PubMed PMID 39328057 — Department of Surgery, Massachusetts General Hospital and Harvard Medical School, Boston, MA, USA (M.N.W., R.R.C.).",2026-08-01,442486.0,True
10734465,BWH,Brigham and Women's Hospital,2023,R01,1R01DE032406-01A1,A novel bioengineering approach to restoring permanent periodontal inflammatory bone loss,"JANG, HAE LIN",14310044,ORTHOPEDIC_SURGERY,False,high,5.0,1.0,F_PUBMED_AUTHOR_AFFILIATION,"PubMed PMID 36584583 — Center for Engineered Therapeutics, Department of Medicine and Orthopedic Surgery, Brigham and Women's Hospital, Harvard Medical School, Boston, MA 02115, USA. Electronic address: hjang@bwh.harvard.edu.",2026-08-01,834068.0,True
10738475,BWH,Brigham and Women's Hospital,2023,U10,3U10CA180821-09S5,Alliance for Clinical Trials in Oncology Operations Center - GY9 NCCAPS Additional Capitation,"PIANTADOSI, STEVEN",2422658,GENERAL_AND_UNSPECIFIED_SURGERY,True,high,7.0,1.0,F_PUBMED_AUTHOR_AFFILIATION,"PubMed PMID 37715096 — Department of Surgery, Brigham and Women's Hospital, Harvard Medical School, Boston, MA, USA.",2026-08-01,817650.0,False
10744322,BWH,Brigham and Women's Hospital,2023,R01,1R01AI176287-01A1,Characterization of Persistent COVID-19,"LI, JONATHAN",10091716,ORTHOPEDIC_SURGERY,False,low,1.0,3.0,F_PUBMED_AUTHOR_AFFILIATION,"PubMed PMID 32004706 — Department of Orthopedic Surgery, Brigham and Women's Hospital and Harvard Medical School, Boston, MA, USA; Department of Endocrinology, West China Hospital, West China School of Medicine, Sichuan University, Chengdu, Sichuan, China.",2026-08-01,868661.0,True
10745951,BWH,Brigham and Women's Hospital,2024,R01,5R01HL127200-09,Metabolic Control of Stemness in lung epithelial progenitors by FAM13A,"ZHOU, ANNY XIAOBO",10698759,OTOLARYNGOLOGY_HNS,False,low,1.0,3.0,F_PUBMED_AUTHOR_AFFILIATION,"PubMed PMID 32865006 — Department of Surgery, Division of Otolaryngology-Head and Neck Surgery, Brigham and Women's Hospital, Boston, MA, USA.",2026-08-01,654053.0,True
10749289,BWH,Brigham and Women's Hospital,2023,F32,1F32CA284543-01,Mechanisms of REST-mediated immunosuppression in cancer,"MICHAUD, DANIEL E",15059602,GENERAL_AND_UNSPECIFIED_SURGERY,True,medium,3.0,1.0,F_PUBMED_AUTHOR_AFFILIATION,"PubMed PMID 38055893 — Division of Breast Surgery, Department of Surgery, Brigham and Women's Hospital, Boston, Massachusetts.",2026-08-01,69080.0,False
10750254,MGH,Massachusetts General Hospital,2023,R01,1R01HD113188-01,Impact of maternal substance use on offspring neurobehavioral development,"EDLOW, ANDREA GOLDBERG",11953428,OBGYN,False,high,6.0,2.0,F_PUBMED_AUTHOR_AFFILIATION,"PubMed PMID 34664987 — Department of Obstetrics and Gynecology, Massachusetts General Hospital, Harvard Medical School, Boston, MA 02114, USA.",2026-08-01,6439263.0,True
10751516,MGH,Massachusetts General Hospital,2023,R21,1R21DK137432-01,Engineering RNA editing tools for the generation of functional tRNA-derived small RNAs in the kidney,"DAS, SAUMYA",8732081,OTHER_EXPLICIT_SURGERY,True,low,1.0,3.0,F_PUBMED_AUTHOR_AFFILIATION,"PubMed PMID 33139240 — Department of Oral & Maxillofacial Surgery, Massachusetts General Hospital, Harvard University, Boston, MA, USA.",2026-08-01,331754.0,False
10752649,BWH,Brigham and Women's Hospital,2024,R01,5R01HL162783-02,Molecular understanding of the GSDMB-regulated innate immune response,"ZHOU, ANNY XIAOBO",10698759,OTOLARYNGOLOGY_HNS,False,low,1.0,3.0,F_PUBMED_AUTHOR_AFFILIATION,"PubMed PMID 32865006 — Department of Surgery, Division of Otolaryngology-Head and Neck Surgery, Brigham and Women's Hospital, Boston, MA, USA.",2026-08-01,640287.0,True
10752995,MGH,Massachusetts General Hospital,2023,R01,1R01NS130209-01A1,Engineering T Cell Adoptive Therapy for Glioblastoma,"DUNN, GAVIN PETER",11971914,NEUROSURGERY,False,high,13.0,0.0,F_PUBMED_AUTHOR_AFFILIATION,"PubMed PMID 37683037 — Department of Neurological Surgery, Massachusetts General Hospital, Boston, MA, USA.",2026-08-01,658407.0,True
10754574,BWH,Brigham and Women's Hospital,2024,R01,5R01HL162813-02,Uncovering the genetically-driven differential susceptibility to chronic obstructive pulmonary disease and pulmonary fibrosis,"CHO, MICHAEL H.",9282055,OTHER_EXPLICIT_SURGERY,True,high,12.0,1.0,F_PUBMED_AUTHOR_AFFILIATION,"PubMed PMID 39485508 — Center for Surgery and Public Health, Brigham and Women's Hospital, Harvard Medical School, Boston, MA, USA.",2026-08-01,743814.0,True
10754800,BWH,Brigham and Women's Hospital,2023,R01,3R01AI150396-04S1,HIV Reservoir Ecology of Viral Remission,"LI, JONATHAN",10091716,ORTHOPEDIC_SURGERY,False,low,1.0,3.0,F_PUBMED_AUTHOR_AFFILIATION,"PubMed PMID 32004706 — Department of Orthopedic Surgery, Brigham and Women's Hospital and Harvard Medical School, Boston, MA, USA; Department of Endocrinology, West China Hospital, West China School of Medicine, Sichuan University, Chengdu, Sichuan, China.",2026-08-01,82431.0,True
10755524,BWH,Brigham and Women's Hospital,2023,U10,3U10CA180821-10S1,Alliance for Clinical Trials in Oncology Operations Center - GY10 BIQSFP Supplement,"PIANTADOSI, STEVEN",2422658,GENERAL_AND_UNSPECIFIED_SURGERY,True,high,8.0,0.0,F_PUBMED_AUTHOR_AFFILIATION,"PubMed PMID 37715096 — Department of Surgery, Brigham and Women's Hospital, Harvard Medical School, Boston, MA, USA.",2026-08-01,2824605.0,False
10755545,BWH,Brigham and Women's Hospital,2023,U10,3U10CA180821-10S2,Alliance for Clinical Trials in Oncology Operations Center - GY10 irAE A151804 Administrative Supplement,"PIANTADOSI, STEVEN",2422658,GENERAL_AND_UNSPECIFIED_SURGERY,True,high,8.0,0.0,F_PUBMED_AUTHOR_AFFILIATION,"PubMed PMID 37715096 — Department of Surgery, Brigham and Women's Hospital, Harvard Medical School, Boston, MA, USA.",2026-08-01,1529099.0,False
10757738,MGH,Massachusetts General Hospital,2024,P50,5P50AR080596-02,Center of Research Translation on Osteoporosis Bone Anabolic Therapies,"WEIN, MARC NATHAN",11457185,GENERAL_AND_UNSPECIFIED_SURGERY,True,low,1.0,0.0,F_PUBMED_AUTHOR_AFFILIATION,"PubMed PMID 39328057 — Department of Surgery, Massachusetts General Hospital and Harvard Medical School, Boston, MA, USA (M.N.W., R.R.C.).",2026-08-01,1637497.0,False
10766244,MGH,Massachusetts General Hospital,2024,K01,5K01AI153558-04,"Integrating the genome, metabolome, and microbiome for childhood asthma: Risk and endotypes","ZHU, ZHAOZHONG",15229953,OTHER_EXPLICIT_SURGERY,True,low,1.0,1.0,F_PUBMED_AUTHOR_AFFILIATION,"PubMed PMID 40802550 — Center for Laryngeal Surgery and Voice Rehabilitation, Massachusetts General Hospital, Boston.",2026-08-01,109350.0,False
10766920,MGH,Massachusetts General Hospital,2023,R33,3R33HD103099-03S1,Admin Sup FACET: Family Dynamics and Child Neurodevelopment in Botswana,"POWIS, KATHLEEN",9631847,PEDIATRIC_SURGERY,True,low,1.0,3.0,F_PUBMED_AUTHOR_AFFILIATION,"PubMed PMID 32158555 — Department of Pediatrics and Pediatric Surgery, Massachusetts General Hospital, Boston, United States.",2026-08-01,287707.0,False
10768602,MGH,Massachusetts General Hospital,2024,R01,5R01DE031261-03,Integration of polygenic risk and facial morphometrics to decipher the genetic susceptibility of orofacial clefting,"BRAND, HARRISON",11769077,PEDIATRIC_SURGERY,True,high,7.0,0.0,F_PUBMED_AUTHOR_AFFILIATION,"PubMed PMID 39333082 — Pediatric Surgical Research Laboratories, Massachusetts General Hospital, Boston, MA, USA.",2026-08-01,739644.0,True
10771236,BWH,Brigham and Women's Hospital,2024,R21,5R21GM144801-02,Defining single-channel paracellular (tight junction) conductances using nanotechnology,"TURNER, JERROLD R.",1870624,NEUROSURGERY,False,low,1.0,1.0,F_PUBMED_AUTHOR_AFFILIATION,"PubMed PMID 40128186 — Center for Brain Circuit Therapeutics, Department of Neurology, Neurosurgery, Psychiatry, and Radiology, Brigham and Women's Hospital, Harvard Medical School, Boston, USA.",2026-08-01,206000.0,False
10772268,MGH,Massachusetts General Hospital,2023,R01,1R01MH134823-01,Characterizing HIV-1 reservoirs in the central nervous system,"YU, XU",8267676,NEUROSURGERY,False,low,1.0,1.0,F_PUBMED_AUTHOR_AFFILIATION,"PubMed PMID 35379995 — Department of Neurosurgery, Massachusetts General Hospital, Harvard Medical School, Boston, MA, USA.",2026-08-01,834714.0,True
10772988,MGH,Massachusetts General Hospital,2024,R01,5R01CA275993-03,Physician dispensing of oral specialty drugs for advanced prostate cancer and its implications for patients,"HOLLENBECK, BRENT K.",2053176,UROLOGY,False,medium,2.0,0.0,F_PUBMED_AUTHOR_AFFILIATION,"PubMed PMID 39143030 — Department of Urology, Massachusetts General Hospital, Boston, Massachusetts, USA.",2026-08-01,94664.0,True
10773764,MGH,Massachusetts General Hospital,2024,R01,1R01NS134597-01,Development of real-world motor outcome measures in ataxia-telangiectasia,"GUPTA, ANOOPUM SATYAWAN",10308903,ORTHOPEDIC_SURGERY,False,low,1.0,2.0,F_PUBMED_AUTHOR_AFFILIATION,"PubMed PMID 33834122 — Department of Orthopaedics, Massachusetts General Hospital, Harvard Medical School, Boston, MA, USA.",2026-08-01,691502.0,True
10774430,BWH,Brigham and Women's Hospital,2023,R01,1R01CA285519-01,Targeting metastatic tumors with engineered cellular therapies,"SHAH, KHALID A",8586528,NEUROSURGERY,False,high,9.0,0.0,F_PUBMED_AUTHOR_AFFILIATION,"PubMed PMID 37256936 — Department of Neurosurgery, Brigham and Women's Hospital, Harvard Medical School, Boston, MA 02115, USA.",2026-08-01,405478.0,True
10775796,BWH,Brigham and Women's Hospital,2024,K08,5K08AG065502-05,Genome-Wide Somatic Mutation in Alzheimer's Disease Pathogenesis Using Single Neuron Analysis,"MILLER, MICHAEL B",9427714,GENERAL_AND_UNSPECIFIED_SURGERY,True,low,1.0,1.0,F_PUBMED_AUTHOR_AFFILIATION,"PubMed PMID 37783908 — Department of Surgery, Brigham and Women's Hospital, Harvard Medical School, 75 Francis Street, Boston, 02115, MA, USA.",2026-08-01,169560.0,False
10782347,MGH,Massachusetts General Hospital,2024,UE5,2UE5NS065743-16,Neuroscience Resident Research Program,"CASH, SYDNEY S",1927400,NEUROSURGERY,False,low,1.0,0.0,F_PUBMED_AUTHOR_AFFILIATION,"PubMed PMID 38293030 — Department of Neurology and Neurosurgery, Massachusetts General Hospital, Boston, MA 02114, USA.",2026-08-01,996653.0,False
10783084,MGH,Massachusetts General Hospital,2024,R01,5R01CA129933-17,Modeling Metastasis and Acquired Drug Resistance Using Circulating Tumor Cells,"HABER, DANIEL A.",1882057,ORTHOPEDIC_SURGERY,False,low,1.0,3.0,F_PUBMED_AUTHOR_AFFILIATION,"PubMed PMID 32694426 — Harvard Combined Orthopaedic Residency Program, Massachusetts General Hospital, Boston, Massachusetts.",2026-08-01,399000.0,True
10783806,BWH,Brigham and Women's Hospital,2024,K08,5K08AR082031-02,Modifying adipocyte and pre-adipocyte cell fate in fibroadipose tissue of secondary lymphedema,"AGARWAL, SHAILESH",11814826,GENERAL_AND_UNSPECIFIED_SURGERY,True,high,20.0,0.0,F_PUBMED_AUTHOR_AFFILIATION,"PubMed PMID 39567747 — Department of Surgery, Brigham and Women's Hospital (BWH), Boston, MA, USA.",2026-08-01,172760.0,False
10784056,BWH,Brigham and Women's Hospital,2024,K25,1K25EB035166-01,New Tools for Enhancing Cerebral Angiography: From Planning to Navigation,"HAOUCHINE, NAZIM",16453202,OTHER_EXPLICIT_SURGERY,True,low,1.0,0.0,F_PUBMED_AUTHOR_AFFILIATION,PubMed PMID 39720742 — Surgical Planning Laboratory Brigham and Women's Hospital and Harvard Medical School Boston Massachusetts USA.,2026-08-01,127282.0,False
10784755,MGH,Massachusetts General Hospital,2024,R01,5R01AI176658-02,In vivo Monitoring of Neutrophil Function in Patients after Stem Cell Transplant,"IRIMIA, DANIEL",8760173,OTHER_EXPLICIT_SURGERY,True,high,42.0,0.0,F_PUBMED_AUTHOR_AFFILIATION,"PubMed PMID 39434891 — Center for Engineering in Medicine and Surgery, Massachusetts General Hospital, Shriners Burns Hospital, Harvard Medical School, Boston, MA, USA.",2026-08-01,817016.0,True
10786648,MGH,Massachusetts General Hospital,2024,R21,1R21MH135201-01,Multi-modal imaging of the metabolic and neurochemical mechanisms underlying task-evoked negative BOLD signals,"CHEN, JINGYUAN",16130302,ORTHOPEDIC_SURGERY,False,low,1.0,3.0,F_PUBMED_AUTHOR_AFFILIATION,"PubMed PMID 32467241 — Center for Regenerative Medicine, Harvard Stem Cell Institute, Department of Orthopedic Surgery, Massachusetts General Hospital, Harvard Medical School, 185 Cambridge Street, Boston, MA 02114, USA.",2026-08-01,250500.0,False
10791883,BWH,Brigham and Women's Hospital,2024,R01,5R01DC020965-02,Naturalistic Neuroimaging for Presurgical Language Mapping,"TIE, YANMEI",10711527,NEUROSURGERY,False,medium,3.0,1.0,F_PUBMED_AUTHOR_AFFILIATION,"PubMed PMID 40955061 — Department of Neurosurgery, Brigham and Women's Hospital, Harvard Medical School, Boston, Massachusetts, USA.",2026-08-01,709263.0,True
10794330,MGH,Massachusetts General Hospital,2024,D43,5D43TW005572-24,International research training program in vaccine development and public health,"RYAN, EDWARD T.",1881648,ORTHOPEDIC_SURGERY,False,low,1.0,1.0,F_PUBMED_AUTHOR_AFFILIATION,"PubMed PMID 41158720 — Department of Orthopedic Surgery, Massachusetts General Hospital, Harvard Medical School, Boston, USA.",2026-08-01,253751.0,False
10795020,MGH,Massachusetts General Hospital,2024,R01,5R01CA239078-05,Imaging and Liquid Biopsy for Glioma Diagnosis and Treatment Monitoring,"BALAJ, LEONORA",11751043,NEUROSURGERY,False,low,1.0,3.0,F_PUBMED_AUTHOR_AFFILIATION,"PubMed PMID 34183802 — Department of Neurosurgery, Massachusetts General Hospital, Harvard Medical School, Boston, MA, USA.",2026-08-01,578593.0,True
10795054,MGH,Massachusetts General Hospital,2024,R00,5R00NS118120-04,Probing the Biophysical Basis of Large-Scale Brain Dynamics Using Simultaneous PET/fMRI and EEG/PET/fMRI,"CHEN, JINGYUAN",16130302,ORTHOPEDIC_SURGERY,False,low,1.0,3.0,F_PUBMED_AUTHOR_AFFILIATION,"PubMed PMID 32467241 — Center for Regenerative Medicine, Harvard Stem Cell Institute, Department of Orthopedic Surgery, Massachusetts General Hospital, Harvard Medical School, 185 Cambridge Street, Boston, MA 02114, USA.",2026-08-01,240093.0,False
10795725,BWH,Brigham and Women's Hospital,2024,R01,4R01NS041783-21,Presenilin and APP in the Brain,"SHEN, JIE",1919771,OBGYN,False,low,1.0,1.0,F_PUBMED_AUTHOR_AFFILIATION,"PubMed PMID 39715071 — Division of Urogynecology, Department of OB/GYN, Brigham and Women's Hospital, Boston, MA.",2026-08-01,828365.0,True
10796978,BWH,Brigham and Women's Hospital,2024,K23,5K23MD016129-03,Improving Outcomes for Spanish-Speaking Surgical Patients with Limited English Proficiency,"ORTEGA, GEZZER",14814354,GENERAL_AND_UNSPECIFIED_SURGERY,True,high,54.0,0.0,F_PUBMED_AUTHOR_AFFILIATION,"PubMed PMID 39577149 — Center for Surgery and Public Health, Department of Surgery, Brigham and Women's Hospital, Boston, MA, USA; Department of Surgery, Harvard Medical School, Boston, MA, USA.",2026-08-01,172800.0,False
10799655,MGH,Massachusetts General Hospital,2024,K99,5K99HD107222-02,Characterizing the genetic etiology of delayed puberty with integrative genomic techniques,"ZHAO, XUEFANG",15962860,OTHER_EXPLICIT_SURGERY,True,low,1.0,1.0,F_PUBMED_AUTHOR_AFFILIATION,"PubMed PMID 37330696 — Center for Genomic Medicine, Massachusetts General Hospital, Boston, MA, Program in Medical and Population Genetics, Broad Institute, Cambridge, MA, Department of Neurology and Surgery, Massachusetts General Hospital and Harvard Medical School, Boston, MA.",2026-08-01,135886.0,False
10799712,MGH,Massachusetts General Hospital,2024,R37,5R37AI106878-10,O-Specific Polysaccharide Responses and Cholera,"RYAN, EDWARD T.",1881648,ORTHOPEDIC_SURGERY,False,low,1.0,1.0,F_PUBMED_AUTHOR_AFFILIATION,"PubMed PMID 41158720 — Department of Orthopedic Surgery, Massachusetts General Hospital, Harvard Medical School, Boston, USA.",2026-08-01,739887.0,True
10801276,BWH,Brigham and Women's Hospital,2024,R01,1R01HL168199-01A1,Identifying Subtypes of COPD Using Metabolomic and Genomic Approaches,"CHO, MICHAEL H.",9282055,OTHER_EXPLICIT_SURGERY,True,high,12.0,0.0,F_PUBMED_AUTHOR_AFFILIATION,"PubMed PMID 39485508 — Center for Surgery and Public Health, Brigham and Women's Hospital, Harvard Medical School, Boston, MA, USA.",2026-08-01,737142.0,True
10802380,BWH,Brigham and Women's Hospital,2024,R01,5R01NS124916-03,Systematic Study of Extracellular Vesicles and their Integrative Analysis with Parkinson's Organoids MAP,"LEE, LUKE P.",6871447,OBGYN,False,low,1.0,3.0,F_PUBMED_AUTHOR_AFFILIATION,"PubMed PMID 33501727 — Gynecologic Radiation Oncology, Department of Radiation Oncology, Dana-Farber Cancer Institute, Brigham and Women's Hospital, Harvard Medical School, Boston, MA, USA.",2026-08-01,716225.0,True
10802432,MGH,Massachusetts General Hospital,2024,R01,5R01HL157803-04,High subzero heart preservation: from zebrafish to mammals,"TESSIER, SHANNON NOELLA",14535967,OTHER_EXPLICIT_SURGERY,True,high,44.0,0.0,F_PUBMED_AUTHOR_AFFILIATION,"PubMed PMID 39448774 — Center for Engineering in Medicine and Surgery, Massachusetts General Hospital, Harvard Medical School, Boston, MA, USA. SNTESSIER@mgh.harvard.edu.",2026-08-01,420000.0,True
10802625,MGH,Massachusetts General Hospital,2024,R01,2R01DK119210-05,Characterizing neurogenic progenitors in the adult intestine,"GOLDSTEIN, ALLAN M",1869931,PEDIATRIC_SURGERY,True,high,61.0,0.0,F_PUBMED_AUTHOR_AFFILIATION,"PubMed PMID 39703141 — Department of Pediatric Surgery, Massachusetts General Hospital, Harvard Medical School, 55 Fruit Street, 185 Cambridge St, CPZN 6-215, Boston, MA, 02114, USA.",2026-08-01,356230.0,True
10803003,MGH,Massachusetts General Hospital,2024,R01,1R01DK131543-01A1,Normothermic perfusion of steatotic livers for transplantation,"YEH, HEIDI",9331282,GENERAL_AND_UNSPECIFIED_SURGERY,True,high,58.0,0.0,F_PUBMED_AUTHOR_AFFILIATION,"PubMed PMID 39868046 — Center for Engineering in Medicine, Department of Surgery, Massachusetts General Hospital, Harvard Medical School, Boston, MA, USA.",2026-08-01,268000.0,True
10806232,MGH,Massachusetts General Hospital,2024,R01,5R01CA269672-03,Reprogramming the tumormicroenvironment to improve immunotherapy of glioblastoma,"JAIN, RAKESH K.",1871279,OTHER_EXPLICIT_SURGERY,True,high,9.0,0.0,F_PUBMED_AUTHOR_AFFILIATION,"PubMed PMID 38993754 — Center for Engineering in Medicine and Surgery, Massachusetts General Hospital and Harvard Medical School, Boston, MA, United States.",2026-08-01,360653.0,True
10807413,BWH,Brigham and Women's Hospital,2024,R01,1R01AG082346-01A1,Mechanisms of Somatic Mutation in Alzheimer's Disease Using Single Neuron Analysis,"MILLER, MICHAEL B",9427714,GENERAL_AND_UNSPECIFIED_SURGERY,True,low,1.0,1.0,F_PUBMED_AUTHOR_AFFILIATION,"PubMed PMID 37783908 — Department of Surgery, Brigham and Women's Hospital, Harvard Medical School, 75 Francis Street, Boston, 02115, MA, USA.",2026-08-01,913297.0,True
10808500,MGH,Massachusetts General Hospital,2023,R01,7R01NS109358-05,Modulation of Choroid Plexus Immuno-secretory Function to Restore Cerebrospinal Fluid Homeostasis in Hydrocephalus,"KAHLE, KRISTOPHER",10626053,NEUROSURGERY,False,high,11.0,0.0,F_PUBMED_AUTHOR_AFFILIATION,"PubMed PMID 37978175 — Department of Neurosurgery, Massachusetts General Hospital, Harvard Medical School, Boston, MA, USA. Kahle.Kristopher@mgh.harvard.edu.",2026-08-01,270671.0,True
10808909,BWH,Brigham and Women's Hospital,2024,R01,5R01AI123420-09,Targeting Epstein-Barr Virus Super-Enhancer,"ZHAO, BO",10368651,GENERAL_AND_UNSPECIFIED_SURGERY,True,medium,4.0,0.0,F_PUBMED_AUTHOR_AFFILIATION,"PubMed PMID 38917577 — Department of Surgery, Brigham and Women's Hospital, Boston, Massachusetts.",2026-08-01,447500.0,True
10808978,BWH,Brigham and Women's Hospital,2024,U10,5U10CA180821-11,Alliance for Clinical Trials in Oncology Operations Center,"PIANTADOSI, STEVEN",2422658,GENERAL_AND_UNSPECIFIED_SURGERY,True,high,7.0,1.0,F_PUBMED_AUTHOR_AFFILIATION,"PubMed PMID 37715096 — Department of Surgery, Brigham and Women's Hospital, Harvard Medical School, Boston, MA, USA.",2026-08-01,9189885.0,False
10808987,BWH,Brigham and Women's Hospital,2024,R01,5R01CA279410-02,MMS22L loss and PARP inhibition in prostate cancer,"JIA, LI",8727171,UROLOGY,False,medium,2.0,1.0,F_PUBMED_AUTHOR_AFFILIATION,"PubMed PMID 36650183 — Division of Urology, Department of Surgery, Brigham and Women's Hospital & Harvard Medical School, Boston, MA, USA. ljia@bwh.harvard.edu.",2026-08-01,388990.0,True
10809575,MGH,Massachusetts General Hospital,2024,R01,5R01HD102014-05,Methods of fertility protection by Mullerian inhibiting substance in the female reproductive tract during chemotherapy,"PEPIN, DAVID",12105098,PEDIATRIC_SURGERY,True,high,8.0,0.0,F_PUBMED_AUTHOR_AFFILIATION,"PubMed PMID 38191909 — Pediatric Surgical Research Laboratories, Massachusetts General Hospital; Department of Surgery, Harvard Medical School, Boston, MA, USA.",2026-08-01,357829.0,True
10809703,MGH,Massachusetts General Hospital,2024,R01,5R01AR077023-05,Drug-eluting joint implants with synergistic antimicrobial release and risk stratified models of preclinical efficacy testing,"ORAL, EBRU",8231840,ORTHOPEDIC_SURGERY,False,high,29.0,0.0,F_PUBMED_AUTHOR_AFFILIATION,"PubMed PMID 39630924 — Harris Orthopaedics laboratory, Massachusetts General Hospital, Boston, Massachusetts 02114, United States.",2026-08-01,356247.0,True
10811669,BWH,Brigham and Women's Hospital,2024,K08,5K08HL165047-02,Endothelial Metabolic Reprogramming by Interferon-gamma in Coronary Artery Disease,"LEE, LAUREL Y",15565202,OBGYN,False,low,1.0,3.0,F_PUBMED_AUTHOR_AFFILIATION,"PubMed PMID 33501727 — Gynecologic Radiation Oncology, Department of Radiation Oncology, Dana-Farber Cancer Institute, Brigham and Women's Hospital, Harvard Medical School, Boston, MA, USA.",2026-08-01,36470.0,False
10811756,MGH,Massachusetts General Hospital,2024,R01,5R01HL162928-02,The Role of Arylsulfatase in Vascular Calcification,"MALHOTRA, RAJEEV",10352820,VASCULAR_SURGERY,True,low,1.0,3.0,F_PUBMED_AUTHOR_AFFILIATION,"PubMed PMID 34750582 — Division of Vascular Surgery and Endovascular Therapy, Massachusetts General Hospital, Boston, MA, USA.",2026-08-01,657994.0,True
10814854,BWH,Brigham and Women's Hospital,2024,R01,5R01AG078307-02,PHD2 mediated loss of hypoxia signaling limits skeletal muscle regeneration and exercise response in aging,"SINHA, INDRANIL",9710446,PLASTIC_SURGERY,False,high,23.0,0.0,F_PUBMED_AUTHOR_AFFILIATION,"PubMed PMID 39620167 — Division of Plastic Surgery, Brigham and Women's Hospital, Harvard Medical School, Boston, Massachusetts 02115, USA.",2026-08-01,395166.0,True
10817058,BWH,Brigham and Women's Hospital,2024,R01,5R01NS121096-04,Gene Edited and Engineered Tumor Cell Therapeutics for Cancer,"SHAH, KHALID A",8586528,NEUROSURGERY,False,high,7.0,1.0,F_PUBMED_AUTHOR_AFFILIATION,"PubMed PMID 37256936 — Department of Neurosurgery, Brigham and Women's Hospital, Harvard Medical School, Boston, MA 02115, USA.",2026-08-01,402467.0,True
10817758,MGH,Massachusetts General Hospital,2024,R01,5R01NS117826-04,A Computational Approach for Quantifying Motor Behaviors in Spinocerebellar Ataxias to Improve Early Detection of Motor Signs and Precisely Estimate Disease Severity and Disease Change,"GUPTA, ANOOPUM SATYAWAN",10308903,ORTHOPEDIC_SURGERY,False,low,1.0,3.0,F_PUBMED_AUTHOR_AFFILIATION,"PubMed PMID 33834122 — Department of Orthopaedics, Massachusetts General Hospital, Harvard Medical School, Boston, MA, USA.",2026-08-01,516097.0,True
10821446,MGH,Massachusetts General Hospital,2024,R01,5R01NS127808-03,Local Skull Marrow Sensing and Response to CNS Inflammation,"MOSKOWITZ, MICHAEL A.",1884505,NEUROSURGERY,False,low,1.0,3.0,F_PUBMED_AUTHOR_AFFILIATION,"PubMed PMID 34434290 — Neuroscience Center, Departments of Neurology and Neurosurgery, Massachusetts General Hospital, Boston, MA, USA.",2026-08-01,660792.0,True
10823334,MGH,Massachusetts General Hospital,2024,R01,5R01DK134590-02,A quantitative viability metric for liver transplantation using Resonance Raman Spectroscopy,"TESSIER, SHANNON NOELLA",14535967,OTHER_EXPLICIT_SURGERY,True,high,44.0,0.0,F_PUBMED_AUTHOR_AFFILIATION,"PubMed PMID 39448774 — Center for Engineering in Medicine and Surgery, Massachusetts General Hospital, Harvard Medical School, Boston, MA, USA. SNTESSIER@mgh.harvard.edu.",2026-08-01,477662.0,True
10828950,MGH,Massachusetts General Hospital,2023,R34,1R34DE033590-01,Boston Collaborative for TMD Research,"GUASTALDI, FERNANDO",15730149,OTHER_EXPLICIT_SURGERY,True,medium,2.0,2.0,F_PUBMED_AUTHOR_AFFILIATION,"PubMed PMID 40953762 — Department of Oral & Maxillofacial Surgery, Massachusetts General Hospital, Harvard School of Dental Medicine, Boston, MA, USA.",2026-08-01,263086.0,False
10830313,MGH,Massachusetts General Hospital,2024,R01,5R01AG068074-06,Accelerating the Shift to Downside Risk in Medicare Accountable Care Organizations: Effects on Clinical Quality and Costs among Older Patients,"HOLLENBECK, BRENT K.",2053176,UROLOGY,False,medium,2.0,0.0,F_PUBMED_AUTHOR_AFFILIATION,"PubMed PMID 39143030 — Department of Urology, Massachusetts General Hospital, Boston, Massachusetts, USA.",2026-08-01,158794.0,True
10830937,MGH,Massachusetts General Hospital,2024,R01,5R01CA259253-04,Improving treatment of HER2+ breast cancer brain metastasis by targeting lipid metabolism,"JAIN, RAKESH K.",1871279,OTHER_EXPLICIT_SURGERY,True,high,9.0,0.0,F_PUBMED_AUTHOR_AFFILIATION,"PubMed PMID 38993754 — Center for Engineering in Medicine and Surgery, Massachusetts General Hospital and Harvard Medical School, Boston, MA, United States.",2026-08-01,444607.0,True
10833995,MGH,Massachusetts General Hospital,2024,R01,5R01NS111029-05,Human Genetics and Molecular Mechanisms of Congenital Hydrocephalus,"KAHLE, KRISTOPHER",10626053,NEUROSURGERY,False,high,11.0,0.0,F_PUBMED_AUTHOR_AFFILIATION,"PubMed PMID 38905707 — 3Department of Neurosurgery, Harvard Medical School, and Massachusetts General Hospital, Boston, Massachusetts.",2026-08-01,472978.0,True
10835229,MGH,Massachusetts General Hospital,2023,R01,3R01DK096586-10A1S1,Cell Biology of Vasopressin-induced Water Channels-Research Supplement,"BROWN, DENNIS",1895543,GENERAL_AND_UNSPECIFIED_SURGERY,True,low,1.0,3.0,F_PUBMED_AUTHOR_AFFILIATION,"PubMed PMID 31356434 — Sumner Redstone Burn Center, Department of Surgery, Massachusetts General Hospital, Harvard Medical School, Boston, Massachusetts.",2026-08-01,77839.0,True
10839303,MGH,Massachusetts General Hospital,2024,R01,5R01AI155714-03,Bcl-2 and Mcl-1 inhibition for induction of hematopoietic chimerism and renal allograft tolerance without myelosuppression in nonhuman primates,"KAWAI, TATSUO",6260328,GENERAL_AND_UNSPECIFIED_SURGERY,True,high,25.0,0.0,F_PUBMED_AUTHOR_AFFILIATION,"PubMed PMID 39263749 — Center for Transplantation Sciences, Department of Surgery, Massachusetts General Hospital/Harvard Medical School, Boston, MA, USA.",2026-08-01,922719.0,True
10839451,MGH,Massachusetts General Hospital,2024,K23,5K23DK131345-03,Elucidating the pharmacogenetics of the response to GLP-1 receptor agonists for type 2 diabetes,"LI, JOSEPHINE H",15570672,GENERAL_AND_UNSPECIFIED_SURGERY,True,low,1.0,1.0,F_PUBMED_AUTHOR_AFFILIATION,"PubMed PMID 41291772 — Transplant Center, Department of Surgery, Massachusetts General Hospital, Harvard Medical School, Boston, USA. JILI31@mgh.harvard.edu.",2026-08-01,190624.0,False
10839811,MGH,Massachusetts General Hospital,2024,R01,5R01NS122904-04,Investigating the Thalamic Regulation of Neuro-Glio-Vascular Restoration Underlying Acute Coma Recovery with Multi-Modal fMRI in a Brainstem Coma Rodent Model,"YU, XIN",11129980,NEUROSURGERY,False,low,1.0,2.0,F_PUBMED_AUTHOR_AFFILIATION,"PubMed PMID 35379995 — Department of Neurosurgery, Massachusetts General Hospital, Harvard Medical School, Boston, MA, USA.",2026-08-01,642799.0,True
10844393,BWH,Brigham and Women's Hospital,2024,T32,5T32HL094301-15,Noninvasive Cardiovascular Imaging Research Training Program,"DI CARLI, MARCELO F",3150892,CARDIAC_CARDIOTHORACIC_SURGERY,True,low,1.0,2.0,F_PUBMED_AUTHOR_AFFILIATION,"PubMed PMID 34524397 — Cardiovascular Imaging Program, Division of Cardiovascular Medicine, Division of Cardiac Surgery, Heart and Vascular Center, Brigham and Women's Hospital, Harvard Medical School, Boston, Massachusetts.",2026-08-01,586516.0,False
10844636,BWH,Brigham and Women's Hospital,2024,K24,5K24HL157648-04,Mentoring Patient Oriented Research in Innovative Imaging and High-dimensional Data Approaches to Improve Outcomes in Cardiac Amyloidosis,"DORBALA, SHARMILA",8892461,CARDIAC_CARDIOTHORACIC_SURGERY,True,low,1.0,2.0,F_PUBMED_AUTHOR_AFFILIATION,"PubMed PMID 34524397 — Cardiovascular Imaging Program, Division of Cardiovascular Medicine, Division of Cardiac Surgery, Heart and Vascular Center, Brigham and Women's Hospital, Harvard Medical School, Boston, Massachusetts.",2026-08-01,123785.0,False
10845466,BWH,Brigham and Women's Hospital,2024,R01,5R01AG067507-05,"Understanding and Improving Surgical Decision-Making for Persons Living with Dementia, their Family Caregivers, and their Providers: A Mixed Methods Study","WEISSMAN, JOEL S.",1911909,OTHER_EXPLICIT_SURGERY,True,high,70.0,0.0,F_PUBMED_AUTHOR_AFFILIATION,"PubMed PMID 39792872 — Center for Surgery and Public Health, Department of Health Care Policy, Brigham and Women's Hospital.",2026-08-01,768936.0,True
10848596,BWH,Brigham and Women's Hospital,2023,R01,3R01AG067507-04S1,"Understanding and Improving Surgical Decision-Making for Persons Living with Dementia, their Family Caregivers, and their Providers: A Mixed Methods Study","WEISSMAN, JOEL S.",1911909,OTHER_EXPLICIT_SURGERY,True,high,83.0,0.0,F_PUBMED_AUTHOR_AFFILIATION,"PubMed PMID 38126844 — Center for Surgery and Public Health, Brigham and Women's Hospital, Boston, MA Massachusetts, USA.",2026-08-01,101219.0,True
10849303,MGH,Massachusetts General Hospital,2024,S10,1S10OD036211-01,Upgrade of the Preclinical Horizontal 14T Magnet,"YU, XIN",11129980,NEUROSURGERY,False,low,1.0,2.0,F_PUBMED_AUTHOR_AFFILIATION,"PubMed PMID 35379995 — Department of Neurosurgery, Massachusetts General Hospital, Harvard Medical School, Boston, MA, USA.",2026-08-01,2000000.0,False
10850593,MGH,Massachusetts General Hospital,2024,R01,5R01DE030464-03,Genetic Variants in Craniofacial Dystonias,"SHARMA, NUTAN",1926380,SURGICAL_ONCOLOGY,True,low,1.0,3.0,F_PUBMED_AUTHOR_AFFILIATION,"PubMed PMID 33926918 — Department of Surgical Oncology, Massachusetts General Hospital, Boston, Massachusetts.",2026-08-01,589767.0,True
10854853,MGH,Massachusetts General Hospital,2024,R01,5R01NS117609-05,Human Genetics and Molecular Mechanisms of Vein of Galen Aneurysmal Malformation,"KAHLE, KRISTOPHER",10626053,NEUROSURGERY,False,high,11.0,0.0,F_PUBMED_AUTHOR_AFFILIATION,"PubMed PMID 38905707 — 3Department of Neurosurgery, Harvard Medical School, and Massachusetts General Hospital, Boston, Massachusetts.",2026-08-01,532195.0,True
10856913,BWH,Brigham and Women's Hospital,2024,R01,5R01MD016910-02,Disasters and Hospital Systems Serving Health Disparity Populations: Identifying the Long Term effects of the COVID-19 Pandemic to Mitigate Future Challenges,"WEISSMAN, JOEL S.",1911909,OTHER_EXPLICIT_SURGERY,True,high,70.0,0.0,F_PUBMED_AUTHOR_AFFILIATION,"PubMed PMID 39792872 — Center for Surgery and Public Health, Department of Health Care Policy, Brigham and Women's Hospital.",2026-08-01,666342.0,True
10858973,MGH,Massachusetts General Hospital,2024,R01,1R01CA289485-01,Analyzing DNA replication and damage vulnerability in IDH mutant glioma,"CAHILL, DANIEL P.",1902302,NEUROSURGERY,False,high,16.0,0.0,F_PUBMED_AUTHOR_AFFILIATION,"PubMed PMID 38776489 — Department of Neurosurgery, Massachusetts General Hospital, Boston, MA.",2026-08-01,396982.0,True
10862259,MGH,Massachusetts General Hospital,2023,R01,7R01CA275993-02,Physician dispensing of oral specialty drugs for advanced prostate cancer and its implications for patients,"HOLLENBECK, BRENT K.",2053176,UROLOGY,False,medium,2.0,1.0,F_PUBMED_AUTHOR_AFFILIATION,"PubMed PMID 39143030 — Department of Urology, Massachusetts General Hospital, Boston, Massachusetts, USA.",2026-08-01,530886.0,True
10862329,MGH,Massachusetts General Hospital,2023,R01,7R01AG068074-05,Accelerating the Shift to Downside Risk in Medicare Accountable Care Organizations: Effects on Clinical Quality and Costs among Older Patients,"HOLLENBECK, BRENT K.",2053176,UROLOGY,False,medium,2.0,1.0,F_PUBMED_AUTHOR_AFFILIATION,"PubMed PMID 39143030 — Department of Urology, Massachusetts General Hospital, Boston, Massachusetts, USA.",2026-08-01,325346.0,True
10863851,BWH,Brigham and Women's Hospital,2024,R01,5R01HL163580-03,Rheumatoid Arthritis and the Risk of Cardiovascular Disease: Biomarkers Risk Prediction and Underlying Mechanisms,"SOLOMON, DANIEL HAL",1902207,CARDIAC_CARDIOTHORACIC_SURGERY,True,low,1.0,1.0,F_PUBMED_AUTHOR_AFFILIATION,"PubMed PMID 37967764 — Division of Thoracic and Cardiac Surgery, Brigham and Women's Hospital, Boston, Mass. Electronic address: daniel.s985@gmail.com.",2026-08-01,774845.0,True
10863896,BWH,Brigham and Women's Hospital,2024,R01,5R01HL159012-04,Long-Acting RNAi Therapy for Atherosclerosis and Insulin Resistance,"SHI, JINJUN",10646072,OTHER_EXPLICIT_SURGERY,True,low,1.0,3.0,F_PUBMED_AUTHOR_AFFILIATION,"PubMed PMID 34155635 — Departments of Research and Surgery, VA Boston Healthcare System, Brigham and Women's Hospital, Harvard Medical School, Boston, MA, USA.",2026-08-01,664531.0,True
10865505,BWH,Brigham and Women's Hospital,2024,K08,1K08AI182491-01,Enhancing the TCR-induced Response of HLA-E-restricted Regulatory CD8 T Cells to Promote Allograft Tolerance,"CHOI, JOHN YONGJOON",15561199,CARDIAC_CARDIOTHORACIC_SURGERY,True,low,1.0,3.0,F_PUBMED_AUTHOR_AFFILIATION,"PubMed PMID 34089824 — Division of Cardiac Surgery, Brigham and Women's Hospital, Harvard Medical School, Boston, Massachusetts.",2026-08-01,195126.0,False
10866392,MGH,Massachusetts General Hospital,2024,R24,5R24OD034189-02,Cryopreservation of zebrafish larvae and embryos for biomedical research,"TESSIER, SHANNON NOELLA",14535967,OTHER_EXPLICIT_SURGERY,True,high,44.0,0.0,F_PUBMED_AUTHOR_AFFILIATION,"PubMed PMID 39448774 — Center for Engineering in Medicine and Surgery, Massachusetts General Hospital, Harvard Medical School, Boston, MA, USA. SNTESSIER@mgh.harvard.edu.",2026-08-01,642272.0,False
10867446,BWH,Brigham and Women's Hospital,2024,R33,5R33HL168751-02,A New Lipid Nanoparticle Technology Enabling Long-acting mRNA Therapy,"SHI, JINJUN",10646072,OTHER_EXPLICIT_SURGERY,True,low,1.0,3.0,F_PUBMED_AUTHOR_AFFILIATION,"PubMed PMID 34155635 — Departments of Research and Surgery, VA Boston Healthcare System, Brigham and Women's Hospital, Harvard Medical School, Boston, MA, USA.",2026-08-01,513877.0,False
10868684,MGH,Massachusetts General Hospital,2024,K99,5K99DC021235-02,Objective assessment of vocal fatigue in laboratory and real-world settings,"GHASEMZADEH, HAMZEH",16540068,OTHER_EXPLICIT_SURGERY,True,high,11.0,0.0,F_PUBMED_AUTHOR_AFFILIATION,"PubMed PMID 39426910 — Center for Laryngeal Surgery and Voice Rehabilitation, Massachusetts General Hospital, Boston, Massachusetts; Department of Surgery, Harvard Medical School, Boston, Massachusetts; Department of Communicative Sciences and Disorders, Michigan State University, East Lansing, Michigan. Electronic address: hghasemzadeh@mgh.harvard.edu.",2026-08-01,132840.0,False
10870199,BWH,Brigham and Women's Hospital,2024,R01,5R01CA200900-09,Systemic RNA Delivery to Tumors,"SHI, JINJUN",10646072,OTHER_EXPLICIT_SURGERY,True,low,1.0,3.0,F_PUBMED_AUTHOR_AFFILIATION,"PubMed PMID 34155635 — Departments of Research and Surgery, VA Boston Healthcare System, Brigham and Women's Hospital, Harvard Medical School, Boston, MA, USA.",2026-08-01,518820.0,True
10871891,BWH,Brigham and Women's Hospital,2024,R01,5R01GM145960-03,Harmonic Acoustics for Neighboring cell Dynamic studies(HANDs),"LEE, LUKE P.",6871447,OBGYN,False,low,1.0,3.0,F_PUBMED_AUTHOR_AFFILIATION,"PubMed PMID 33501727 — Gynecologic Radiation Oncology, Department of Radiation Oncology, Dana-Farber Cancer Institute, Brigham and Women's Hospital, Harvard Medical School, Boston, MA, USA.",2026-08-01,476674.0,True
10872325,BWH,Brigham and Women's Hospital,2024,K23,5K23NS119798-04,The Contribution of Late Onset Unexplained Epilepsy to Cognitive Decline and its Interaction with Vascular and Alzheimer's Disease Pathologies,"SARKIS, RANI",12069569,NEUROSURGERY,False,low,1.0,1.0,F_PUBMED_AUTHOR_AFFILIATION,"PubMed PMID 40128186 — Center for Brain Circuit Therapeutics, Department of Neurology, Neurosurgery, Psychiatry, and Radiology, Brigham and Women's Hospital, Harvard Medical School, Boston, USA.",2026-08-01,228267.0,False
10874705,MGH,Massachusetts General Hospital,2024,R01,5R01AI177075-02,"Shigella Conjugate Vaccine (SCV4) Development, Characterization, and Pre-clinical Evaluation","RYAN, EDWARD T.",1881648,ORTHOPEDIC_SURGERY,False,low,1.0,1.0,F_PUBMED_AUTHOR_AFFILIATION,"PubMed PMID 41158720 — Department of Orthopedic Surgery, Massachusetts General Hospital, Harvard Medical School, Boston, USA.",2026-08-01,981139.0,True
10876300,BWH,Brigham and Women's Hospital,2024,R01,5R01HD109200-03,Cellular plasticity and lineage in mammalian digit tip regeneration,"LEHOCZKY, JESSICA A",8107692,ORTHOPEDIC_SURGERY,False,high,9.0,0.0,F_PUBMED_AUTHOR_AFFILIATION,"PubMed PMID 39468052 — Department of Orthopedic Surgery, Brigham and Women's Hospital, Boston, MA, USA. jlehoczky@bwh.harvard.edu.",2026-08-01,471270.0,True
10877838,MGH,Massachusetts General Hospital,2024,T32,5T32CA071345-27,Training Program in Cancer Biology and Therapeutics,"HABER, DANIEL A.",1882057,ORTHOPEDIC_SURGERY,False,low,1.0,3.0,F_PUBMED_AUTHOR_AFFILIATION,"PubMed PMID 32694426 — Harvard Combined Orthopaedic Residency Program, Massachusetts General Hospital, Boston, Massachusetts.",2026-08-01,645802.0,False
10879111,BWH,Brigham and Women's Hospital,2024,R01,5R01DE032406-02,A novel bioengineering approach to restoring permanent periodontal inflammatory bone loss,"JANG, HAE LIN",14310044,ORTHOPEDIC_SURGERY,False,high,5.0,0.0,F_PUBMED_AUTHOR_AFFILIATION,"PubMed PMID 38875335 — Department of Orthopaedic Surgery, Brigham and Women's Hospital, Harvard Medical School, Boston, MA, USA.",2026-08-01,798032.0,True
10879149,MGH,Massachusetts General Hospital,2024,R01,5R01HL165241-03,Optogenetic regulation of intra-ciliary calcium signaling in cardiac situs development,"YUAN, SHIAULOU",8475923,PEDIATRIC_SURGERY,True,low,1.0,2.0,F_PUBMED_AUTHOR_AFFILIATION,"PubMed PMID 36205477 — Pediatric Surgical Research Laboratories, Massachusetts General Hospital, Boston, United States.",2026-08-01,535935.0,True
10880422,BWH,Brigham and Women's Hospital,2024,R01,5R01CA262524-04,Androgen receptor pathway inhibition through targeting PARP-2 in castration-resistant prostate cancer,"JIA, LI",8727171,UROLOGY,False,medium,2.0,1.0,F_PUBMED_AUTHOR_AFFILIATION,"PubMed PMID 36650183 — Division of Urology, Department of Surgery, Brigham and Women's Hospital & Harvard Medical School, Boston, MA, USA. ljia@bwh.harvard.edu.",2026-08-01,388990.0,True
10882457,BWH,Brigham and Women's Hospital,2024,R01,2R01DK061931-24,Mechanisms and pathophysiologic impact of claudin-2 modulation,"TURNER, JERROLD R.",1870624,NEUROSURGERY,False,low,1.0,1.0,F_PUBMED_AUTHOR_AFFILIATION,"PubMed PMID 40128186 — Center for Brain Circuit Therapeutics, Department of Neurology, Neurosurgery, Psychiatry, and Radiology, Brigham and Women's Hospital, Harvard Medical School, Boston, USA.",2026-08-01,767016.0,True
10883553,BWH,Brigham and Women's Hospital,2024,R01,5R01EB030539-04,Physician Assistance Technology in Image-guided Robotic Intervention of Prostate,"HATA, NOBUHIKO",8313243,CARDIAC_CARDIOTHORACIC_SURGERY,True,low,1.0,0.0,F_PUBMED_AUTHOR_AFFILIATION,"PubMed PMID 38890223 — Division of Thoracic Surgery, Department of Surgery, Brigham and Women's Hospital, Harvard Medical School, Boston, MA, USA.",2026-08-01,649323.0,True
10890744,BWH,Brigham and Women's Hospital,2024,T35,5T35AG038027-15,Greater Boston Medical Student Training in Aging Research,"DRIVER, JANE A",7903230,NEUROSURGERY,False,high,5.0,1.0,F_PUBMED_AUTHOR_AFFILIATION,"PubMed PMID 40506456 — Department of Neurosurgery, Brigham and Women's Hospital, Harvard Medical School, Boston, MA, 02115, USA.",2026-08-01,4915.0,False
10893598,MGH,Massachusetts General Hospital,2024,U01,5U01AI174968-02,Targeting innate immunity for induction of robust renal allograft tolerance,"KAWAI, TATSUO",6260328,GENERAL_AND_UNSPECIFIED_SURGERY,True,high,25.0,0.0,F_PUBMED_AUTHOR_AFFILIATION,"PubMed PMID 39263749 — Center for Transplantation Sciences, Department of Surgery, Massachusetts General Hospital/Harvard Medical School, Boston, MA, USA.",2026-08-01,1074783.0,False
10893682,BWH,Brigham and Women's Hospital,2024,R01,1R01HD115260-01,Composite tissue patterning in mammalian digit tip regeneration,"LEHOCZKY, JESSICA A",8107692,ORTHOPEDIC_SURGERY,False,high,9.0,0.0,F_PUBMED_AUTHOR_AFFILIATION,"PubMed PMID 39468052 — Department of Orthopedic Surgery, Brigham and Women's Hospital, Boston, MA, USA. jlehoczky@bwh.harvard.edu.",2026-08-01,771691.0,True
10894324,MGH,Massachusetts General Hospital,2024,R01,5R01MH134823-02,Characterizing HIV-1 reservoirs in the central nervous system,"YU, XU",8267676,NEUROSURGERY,False,low,1.0,2.0,F_PUBMED_AUTHOR_AFFILIATION,"PubMed PMID 35379995 — Department of Neurosurgery, Massachusetts General Hospital, Harvard Medical School, Boston, MA, USA.",2026-08-01,831792.0,True
10896406,MGH,Massachusetts General Hospital,2024,R01,5R01NS130209-02,Engineering T Cell Adoptive Therapy for Glioblastoma,"DUNN, GAVIN PETER",11971914,NEUROSURGERY,False,high,13.0,0.0,F_PUBMED_AUTHOR_AFFILIATION,"PubMed PMID 38639919 — Department of Neurosurgery, Harvard Medical School, Massachusetts General Hospital, Boston, Massachusetts.",2026-08-01,624543.0,True
10896990,BWH,Brigham and Women's Hospital,2024,R01,5R01DK133864-03,Early detection of type 1 diabetes via Exosome Technology with Optoelectronics Lab-on-chip: EXTOL,"LEE, LUKE P.",6871447,OBGYN,False,low,1.0,3.0,F_PUBMED_AUTHOR_AFFILIATION,"PubMed PMID 33501727 — Gynecologic Radiation Oncology, Department of Radiation Oncology, Dana-Farber Cancer Institute, Brigham and Women's Hospital, Harvard Medical School, Boston, MA, USA.",2026-08-01,728967.0,True
10899569,MGH,Massachusetts General Hospital,2024,K25,5K25HL169816-02,Precision Apheresis: stem cell isolation from patients with sickle cell disease for gene therapy using high-throughput microfluidics,"MISHRA, AVANISH",15889617,OTHER_EXPLICIT_SURGERY,True,high,12.0,0.0,F_PUBMED_AUTHOR_AFFILIATION,"PubMed PMID 39199012 — Center for Engineering in Medicine and Surgery, Massachusetts General Hospital, Boston, MA, 02129, USA.",2026-08-01,137183.0,False
10900250,MGH,Massachusetts General Hospital,2022,R01,7R01AT011429-03,Neuroimaging the impact of respiration and respiratory-gated neuromodulation on human glymphatic physiology,"LEWIS, LAURA DIANE",11993722,ORTHOPEDIC_SURGERY,False,medium,2.0,1.0,F_PUBMED_AUTHOR_AFFILIATION,"PubMed PMID 38404018 — Foot and Ankle Research and Innovation Lab (FARIL), Department of Orthopaedic Surgery, Massachusetts General Hospital, Harvard Medical School, Boston, MA, USA.",2026-08-01,458678.0,True
10900991,MGH,Massachusetts General Hospital,2023,R56,1R56AG082698-01,A deep learning algorithm to detect signs of cognitive impairment in electronic health records,"DAS, SUDESHNA",10171771,OTHER_EXPLICIT_SURGERY,True,low,1.0,3.0,F_PUBMED_AUTHOR_AFFILIATION,"PubMed PMID 33139240 — Department of Oral & Maxillofacial Surgery, Massachusetts General Hospital, Harvard University, Boston, MA, USA.",2026-08-01,843365.0,False
10904882,MGH,Massachusetts General Hospital,2024,R01,5R01AI155414-05,Functional profiling of OSP-specific and other antibodies during shigella infection,"RYAN, EDWARD T.",1881648,ORTHOPEDIC_SURGERY,False,low,1.0,1.0,F_PUBMED_AUTHOR_AFFILIATION,"PubMed PMID 41158720 — Department of Orthopedic Surgery, Massachusetts General Hospital, Harvard Medical School, Boston, USA.",2026-08-01,761935.0,True
10906798,BWH,Brigham and Women's Hospital,2024,P30,5P30AR072577-08,"VERITY: Value and Evidence in Rheumatology using bioInformaTics, and advanced analYtics","SOLOMON, DANIEL HAL",1902207,CARDIAC_CARDIOTHORACIC_SURGERY,True,low,1.0,1.0,F_PUBMED_AUTHOR_AFFILIATION,"PubMed PMID 37967764 — Division of Thoracic and Cardiac Surgery, Brigham and Women's Hospital, Boston, Mass. Electronic address: daniel.s985@gmail.com.",2026-08-01,891115.0,False
10907677,BWH,Brigham and Women's Hospital,2024,R01,5R01HL157457-03,A ROBOT-ASSISTED PERFUSION SYSTEM TO IMPROVE PATIENT SAFETY IN THE CARDIAC OPERATING ROOM,"DIAS, ROGER DAGLIUS",15542197,CARDIAC_CARDIOTHORACIC_SURGERY,True,low,1.0,2.0,F_PUBMED_AUTHOR_AFFILIATION,"PubMed PMID 42454200 — Division of Cardiac Surgery, Brigham and Women's Hospital and Harvard Medical School, Boston, MA, USA.",2026-08-01,668161.0,True
10907784,MGH,Massachusetts General Hospital,2024,R01,5R01DK116716-07,The role of salt inducible kinases in parathyroid hormone action in bone,"WEIN, MARC NATHAN",11457185,GENERAL_AND_UNSPECIFIED_SURGERY,True,low,1.0,0.0,F_PUBMED_AUTHOR_AFFILIATION,"PubMed PMID 39328057 — Department of Surgery, Massachusetts General Hospital and Harvard Medical School, Boston, MA, USA (M.N.W., R.R.C.).",2026-08-01,424786.0,True
10909219,MGH,Massachusetts General Hospital,2024,K08,5K08NS119796-04,Investigation of Sirt1 activation to target IDH mutant glioma,"MILLER, JULIE JOANN",14582463,TRAUMA_ACUTE_CARE_SURGERY,True,medium,3.0,2.0,F_PUBMED_AUTHOR_AFFILIATION,"PubMed PMID 42447716 — Division of Trauma, Emergency Surgery, and Surgical Critical Care, Department of Surgery, Massachusetts General Hospital and Harvard Medical School, Boston, Massachusetts.",2026-08-01,196802.0,False
10911776,MGH,Massachusetts General Hospital,2024,R37,5R37AI155171-04,Elite controllers as a model for a cure of HIV-1 infection,"YU, XU",8267676,NEUROSURGERY,False,low,1.0,2.0,F_PUBMED_AUTHOR_AFFILIATION,"PubMed PMID 35379995 — Department of Neurosurgery, Massachusetts General Hospital, Harvard Medical School, Boston, MA, USA.",2026-08-01,863638.0,True
10912498,BWH,Brigham and Women's Hospital,2024,F32,5F32CA284543-02,Mechanisms of REST-mediated immunosuppression in cancer,"MICHAUD, DANIEL E",15059602,GENERAL_AND_UNSPECIFIED_SURGERY,True,medium,3.0,0.0,F_PUBMED_AUTHOR_AFFILIATION,"PubMed PMID 38055893 — Division of Breast Surgery, Department of Surgery, Brigham and Women's Hospital, Boston, Massachusetts.",2026-08-01,74284.0,False
10917366,BWH,Brigham and Women's Hospital,2025,R01,5R01EB032384-03,Making the invisible visible: An automated clinical decision support tool for Intimate Partner Violence Risk and Severity Prediction (AIRS),"KHURANA, BHARTI",12166993,PLASTIC_SURGERY,False,low,1.0,3.0,F_PUBMED_AUTHOR_AFFILIATION,"PubMed PMID 35505264 — Department of Plastic Surgery, Brigham and Women's Hospital, Harvard Medical School, 75 Francis Street, Boston, USA. bkhurana@bwh.harvard.edu.",2026-08-01,796160.0,True
10931641,BWH,Brigham and Women's Hospital,2024,R01,5R01CA285519-02,Targeting metastatic tumors with engineered cellular therapies,"SHAH, KHALID A",8586528,NEUROSURGERY,False,high,7.0,1.0,F_PUBMED_AUTHOR_AFFILIATION,"PubMed PMID 37256936 — Department of Neurosurgery, Brigham and Women's Hospital, Harvard Medical School, Boston, MA 02115, USA.",2026-08-01,385097.0,True
10942268,MGH,Massachusetts General Hospital,2024,R01,1R01NS134410-01A1,Neural Activity Signatures of Tumor Infiltration in the Human Brain,"PAULK, ANGELIQUE C",7982354,NEUROSURGERY,False,low,1.0,0.0,F_PUBMED_AUTHOR_AFFILIATION,"PubMed PMID 38293030 — Department of Neurology and Neurosurgery, Massachusetts General Hospital, Boston, MA 02114, USA.",2026-08-01,619470.0,True
10947473,MGH,Massachusetts General Hospital,2024,K01,1K01DK140529-01,"Diagnosis, Treatment, and Monitoring of Polymicrobial Infections in Diabetic Wounds","LI, YONGLI",78698593,PEDIATRIC_SURGERY,True,medium,2.0,2.0,F_PUBMED_AUTHOR_AFFILIATION,"PubMed PMID 35380904 — Pediatric Surgical Research Laboratories, Massachusetts General Hospital, Boston, MA  02114.",2026-08-01,156703.0,False
10948604,MGH,Massachusetts General Hospital,2024,K99,1K99AR084574-01,Cellular and molecular mechanisms driving regeneration and fibrosis of the tendon-bone attachment,"TSAI, STEPHANIE L",16572170,ORTHOPEDIC_SURGERY,False,medium,3.0,0.0,F_PUBMED_AUTHOR_AFFILIATION,"PubMed PMID 39420021 — Department of Orthopedic Surgery, Massachusetts General Hospital, Harvard Medical School, Boston, MA, USA.",2026-08-01,105737.0,False
10948605,BWH,Brigham and Women's Hospital,2024,K08,1K08AR084617-01,Biochemical Determinants of Chemokine Receptor Signaling,"SMITH, JEFFREY SCOTT",11543815,ORTHOPEDIC_SURGERY,False,high,14.0,0.0,F_PUBMED_AUTHOR_AFFILIATION,"PubMed PMID 39193449 — Department of Orthopaedic Surgery, Brigham and Women's Hospital, Harvard Medical School, Boston, MA, USA.",2026-08-01,163514.0,False
10948728,MGH,Massachusetts General Hospital,2024,K01,1K01DK140632-01,The Role of Salt-Inducible Kinases in Vitamin D Regulation and Mineral and Bone Metabolism Disorders,"YOON, SUNG-HEE",78633777,SURGICAL_ONCOLOGY,True,low,1.0,1.0,F_PUBMED_AUTHOR_AFFILIATION,"PubMed PMID 40382175 — Department of Surgery, Division of Surgical Oncology, Massachusetts General Hospital and Harvard Medical School, Boston, MA.",2026-08-01,136230.0,False
10952740,BWH,Brigham and Women's Hospital,2024,R21,1R21HD116080-01,Confidentiality in use of health insurance coverage for reproductive health services,"JANIAK, ELIZABETH",16133186,OBGYN,False,low,1.0,3.0,F_PUBMED_AUTHOR_AFFILIATION,"PubMed PMID 34909761 — Department of Obstetrics, Gynecology and Reproductive Biology, Brigham and Women's Hospital, Boston, Massachusetts, USA.",2026-08-01,495307.0,False
10953291,BWH,Brigham and Women's Hospital,2024,R03,1R03CA292987-01,Nonresponse of Patient-reported Outcomes in Routine Cancer Care,"ZENG, CHENGBO",78546904,GENERAL_AND_UNSPECIFIED_SURGERY,True,high,22.0,0.0,F_PUBMED_AUTHOR_AFFILIATION,"PubMed PMID 39693093 — Patient Reported Outcomes, Value, and Experience (PROVE) Center, Department of Surgery, Brigham and Women's Hospital, Boston, Massachusetts, USA.",2026-08-01,179000.0,False
10954384,MGH,Massachusetts General Hospital,2024,R01,1R01CA285657-01A1,Oncolytic HSV Immunovirotherapy for brain tumors,"MARTUZA, ROBERT L",1893202,NEUROSURGERY,False,low,1.0,0.0,F_PUBMED_AUTHOR_AFFILIATION,"PubMed PMID 38599661 — Department of Neurosurgery, Massachusetts General Hospital and Harvard Medical School, Brain Tumor Research Center, Boston, Massachusetts, USA.",2026-08-01,627061.0,True
10973753,MGH,Massachusetts General Hospital,2025,R37,4R37AI106878-11,O-Specific Polysaccharide Responses and Cholera,"RYAN, EDWARD T.",1881648,ORTHOPEDIC_SURGERY,False,low,1.0,0.0,F_PUBMED_AUTHOR_AFFILIATION,"PubMed PMID 41158720 — Department of Orthopedic Surgery, Massachusetts General Hospital, Harvard Medical School, Boston, USA.",2026-08-01,799285.0,True
10979706,BWH,Brigham and Women's Hospital,2024,R01,2R01DK068271-19A1,Therapeutic targeting of protein interactions to reverse MLCK1-mediated intestinal barrier loss and ameliorate disease.,"TURNER, JERROLD R.",1870624,NEUROSURGERY,False,low,1.0,1.0,F_PUBMED_AUTHOR_AFFILIATION,"PubMed PMID 40128186 — Center for Brain Circuit Therapeutics, Department of Neurology, Neurosurgery, Psychiatry, and Radiology, Brigham and Women's Hospital, Harvard Medical School, Boston, USA.",2026-08-01,780557.0,True
10980981,MGH,Massachusetts General Hospital,2024,R01,1R01DK138040-01A1,The Role of GLUT1 and Glucose in Intestinal Stem Cell Homeostasis and Regeneration,"SAEIDI, NIMA",10996096,GENERAL_AND_UNSPECIFIED_SURGERY,True,high,6.0,1.0,F_PUBMED_AUTHOR_AFFILIATION,"PubMed PMID 38097545 — Division of Gastrointestinal and Oncologic Surgery, Department of Surgery, Massachusetts General Hospital, Boston, MA, 02114, USA. nsaeidi@mgh.harvard.edu.",2026-08-01,631208.0,True
10996895,MGH,Massachusetts General Hospital,2024,F32,1F32HL176334-01,Development of Capillary-on-Chip for the Study of Preservation Injury on Microvascular Endothelial Cells,"ELLIS, BRADLEY WAYNE",16039935,GENERAL_AND_UNSPECIFIED_SURGERY,True,high,6.0,0.0,F_PUBMED_AUTHOR_AFFILIATION,"PubMed PMID 38880369 — Center for Engineering in Medicine and Surgery, Department of Surgery, Massachusetts General Hospital, Boston, MA, USA; Harvard Medical School, Boston, MA, USA; Shriners Children's Boston, Boston, MA, USA.",2026-08-01,76984.0,False
11000755,MGH,Massachusetts General Hospital,2025,R01,5R01AT011429-05,Neuroimaging the impact of respiration and respiratory-gated neuromodulation on human glymphatic physiology,"LEWIS, LAURA DIANE",11993722,ORTHOPEDIC_SURGERY,False,medium,2.0,0.0,F_PUBMED_AUTHOR_AFFILIATION,"PubMed PMID 41311974 — Foot & Ankle Research and Innovation Lab (FARIL), Department of Orthopaedic Surgery, Massachusetts General Hospital, Harvard Medical School, Boston, MA, USA.",2026-08-01,717934.0,True
11001125,BWH,Brigham and Women's Hospital,2025,R01,5R01HL162813-03,Uncovering the genetically-driven differential susceptibility to chronic obstructive pulmonary disease and pulmonary fibrosis,"CHO, MICHAEL H.",9282055,OTHER_EXPLICIT_SURGERY,True,high,12.0,0.0,F_PUBMED_AUTHOR_AFFILIATION,"PubMed PMID 39485508 — Center for Surgery and Public Health, Brigham and Women's Hospital, Harvard Medical School, Boston, MA, USA.",2026-08-01,774616.0,True
11001141,MGH,Massachusetts General Hospital,2025,R01,5R01NS134597-02,Development of real-world motor outcome measures in ataxia-telangiectasia,"GUPTA, ANOOPUM SATYAWAN",10308903,ORTHOPEDIC_SURGERY,False,low,1.0,3.0,F_PUBMED_AUTHOR_AFFILIATION,"PubMed PMID 33834122 — Department of Orthopaedics, Massachusetts General Hospital, Harvard Medical School, Boston, MA, USA.",2026-08-01,584256.0,True
11001398,BWH,Brigham and Women's Hospital,2024,U10,3U10CA180821-11S1,Alliance for Clinical Trials in Oncology Operations Center - GY11 BIQSFP Supplements,"PIANTADOSI, STEVEN",2422658,GENERAL_AND_UNSPECIFIED_SURGERY,True,high,7.0,1.0,F_PUBMED_AUTHOR_AFFILIATION,"PubMed PMID 37715096 — Department of Surgery, Brigham and Women's Hospital, Harvard Medical School, Boston, MA, USA.",2026-08-01,1172342.0,False
11002686,BWH,Brigham and Women's Hospital,2025,R01,5R01MD016910-03,Disasters and Hospital Systems Serving Populations That Experience Health Disparities: Identifying the Long Term effects of Pandemics and Disasters in Order to Mitigate Future Challenges,"WEISSMAN, JOEL S.",1911909,OTHER_EXPLICIT_SURGERY,True,high,59.0,0.0,F_PUBMED_AUTHOR_AFFILIATION,"PubMed PMID 41459320 — Center for Surgery and Public Health, Brigham and Women's Hospital, Boston, MA, USA.",2026-08-01,682626.0,True
11003738,BWH,Brigham and Women's Hospital,2025,R01,5R01AG082346-02,Mechanisms of Somatic Mutation in Alzheimer's Disease Using Single Neuron Analysis,"MILLER, MICHAEL B",9427714,GENERAL_AND_UNSPECIFIED_SURGERY,True,low,1.0,2.0,F_PUBMED_AUTHOR_AFFILIATION,"PubMed PMID 37783908 — Department of Surgery, Brigham and Women's Hospital, Harvard Medical School, 75 Francis Street, Boston, 02115, MA, USA.",2026-08-01,875677.0,True
11004634,MGH,Massachusetts General Hospital,2025,R01,5R01DE031261-04,Integration of polygenic risk and facial morphometrics to decipher the genetic susceptibility of orofacial clefting,"BRAND, HARRISON",11769077,PEDIATRIC_SURGERY,True,high,7.0,1.0,F_PUBMED_AUTHOR_AFFILIATION,"PubMed PMID 39333082 — Pediatric Surgical Research Laboratories, Massachusetts General Hospital, Boston, MA, USA.",2026-08-01,762829.0,True
11011430,MGH,Massachusetts General Hospital,2025,R01,5R01AI176658-03,In vivo Monitoring of Neutrophil Function in Patients after Stem Cell Transplant,"IRIMIA, DANIEL",8760173,GENERAL_AND_UNSPECIFIED_SURGERY,True,high,33.0,0.0,F_PUBMED_AUTHOR_AFFILIATION,"PubMed PMID 40924914 — Department of Surgery, Massachusetts General Hospital/Harvard Medical School, Boston, MA.",2026-08-01,792505.0,True
11016663,BWH,Brigham and Women's Hospital,2025,T32,2T32HL094301-16,Noninvasive Cardiovascular Imaging Research Training Program,"DI CARLI, MARCELO F",3150892,CARDIAC_CARDIOTHORACIC_SURGERY,True,low,1.0,3.0,F_PUBMED_AUTHOR_AFFILIATION,"PubMed PMID 34524397 — Cardiovascular Imaging Program, Division of Cardiovascular Medicine, Division of Cardiac Surgery, Heart and Vascular Center, Brigham and Women's Hospital, Harvard Medical School, Boston, Massachusetts.",2026-08-01,624379.0,False
11019818,MGH,Massachusetts General Hospital,2025,R01,5R01DK131543-02,Normothermic perfusion of steatotic livers for transplantation,"YEH, HEIDI",9331282,GENERAL_AND_UNSPECIFIED_SURGERY,True,high,46.0,0.0,F_PUBMED_AUTHOR_AFFILIATION,"PubMed PMID 41298644 — Department of Surgery, Center for Transplantation Sciences, Massachusetts General Hospital, Boston, MA, USA.",2026-08-01,241200.0,True
11020434,BWH,Brigham and Women's Hospital,2024,R35,1R35GM157032-01,Molecular Mechanisms of Hormone-Mediated Sex Differences in Wound Healing,"O'BRIEN-COON, DEVIN",15790472,PLASTIC_SURGERY,False,medium,2.0,1.0,F_PUBMED_AUTHOR_AFFILIATION,"PubMed PMID 37395609 — Division of Plastic and Reconstructive Surgery, Brigham and Women's Hospital, Boston, MA.",2026-08-01,442444.0,False
11021033,BWH,Brigham and Women's Hospital,2025,R01,5R01DC020965-03,Naturalistic Neuroimaging for Presurgical Language Mapping,"TIE, YANMEI",10711527,NEUROSURGERY,False,medium,2.0,0.0,F_PUBMED_AUTHOR_AFFILIATION,"PubMed PMID 40955061 — Department of Neurosurgery, Brigham and Women's Hospital, Harvard Medical School, Boston, Massachusetts, USA.",2026-08-01,623632.0,True
11030749,BWH,Brigham and Women's Hospital,2025,K08,5K08AR082031-03,Modifying adipocyte and pre-adipocyte cell fate in fibroadipose tissue of secondary lymphedema,"AGARWAL, SHAILESH",11814826,PLASTIC_SURGERY,False,high,18.0,0.0,F_PUBMED_AUTHOR_AFFILIATION,"PubMed PMID 41289024 — Division of Plastic Surgery, Department of Surgery, Brigham and Women's Hospital, Boston, MA.",2026-08-01,172760.0,False
11031074,BWH,Brigham and Women's Hospital,2024,R01,3R01DC020965-02S1,Research Supplement: Naturalistic Neuroimaging for Presurgical Language Mapping,"TIE, YANMEI",10711527,NEUROSURGERY,False,medium,3.0,1.0,F_PUBMED_AUTHOR_AFFILIATION,"PubMed PMID 40955061 — Department of Neurosurgery, Brigham and Women's Hospital, Harvard Medical School, Boston, Massachusetts, USA.",2026-08-01,111930.0,True
11032320,MGH,Massachusetts General Hospital,2025,K23,1K23AR085181-01,"Understanding Glucocorticoid Toxicity: The Impact of Glucocorticoid Regimens on Toxicities, Clinical Outcomes, and Quality-of-Life in Vasculitis","PATEL, NAOMI JULIA",16056485,ORTHOPEDIC_SURGERY,False,medium,2.0,1.0,F_PUBMED_AUTHOR_AFFILIATION,"PubMed PMID 39423470 — Orthopaedic Oncology Service, Department of Orthopaedic Surgery, Massachusetts General Hospital, Harvard Medical School, Boston, MA, 02114, USA. Electronic address: npatel93@mgh.harvard.edu.",2026-08-01,176040.0,False
11034114,BWH,Brigham and Women's Hospital,2025,K25,5K25EB035166-02,New Tools for Enhancing Cerebral Angiography: From Planning to Navigation,"HAOUCHINE, NAZIM",16453202,OTHER_EXPLICIT_SURGERY,True,low,1.0,1.0,F_PUBMED_AUTHOR_AFFILIATION,PubMed PMID 39720742 — Surgical Planning Laboratory Brigham and Women's Hospital and Harvard Medical School Boston Massachusetts USA.,2026-08-01,124042.0,False
11034190,BWH,Brigham and Women's Hospital,2025,K99,1K99CA296755-01,"Inflammation and Hepatocellular Carcinoma: A Multiomics Approach to Improve Early Detection, Causal Inference, and Lifestyle Based Prevention","ZHANG, XINYUAN",79107559,NEUROSURGERY,False,low,1.0,2.0,F_PUBMED_AUTHOR_AFFILIATION,"PubMed PMID 37986632 — Department of Neurosurgery, Brigham and Women's Hospital, Harvard Medical School, Boston, Massachusetts, USA.",2026-08-01,165883.0,False
11035220,MGH,Massachusetts General Hospital,2025,D43,5D43TW005572-25,International research training program in vaccine development and public health,"RYAN, EDWARD T.",1881648,ORTHOPEDIC_SURGERY,False,low,1.0,0.0,F_PUBMED_AUTHOR_AFFILIATION,"PubMed PMID 41158720 — Department of Orthopedic Surgery, Massachusetts General Hospital, Harvard Medical School, Boston, USA.",2026-08-01,285001.0,False
11037424,MGH,Massachusetts General Hospital,2025,R21,1R21MH138855-01,A copy number variant discovery pipeline for integrated genome-exome sequencing,"BRAND, HARRISON",11769077,PEDIATRIC_SURGERY,True,high,7.0,1.0,F_PUBMED_AUTHOR_AFFILIATION,"PubMed PMID 39333082 — Pediatric Surgical Research Laboratories, Massachusetts General Hospital, Boston, MA, USA.",2026-08-01,206250.0,False
11039953,MGH,Massachusetts General Hospital,2025,R01,5R01DK119210-06,Characterizing neurogenic progenitors in the adult intestine,"GOLDSTEIN, ALLAN M",1869931,PEDIATRIC_SURGERY,True,high,45.0,0.0,F_PUBMED_AUTHOR_AFFILIATION,"PubMed PMID 41430311 — Department of Pediatric Surgery, Massachusetts General Hospital, Harvard Medical School, 185 Cambridge Street, CPZN, 6100, Boston, MA, 02114, USA.",2026-08-01,320607.0,True
11041113,BWH,Brigham and Women's Hospital,2025,K23,5K23MD016129-04,Improving Outcomes for Spanish-Speaking Surgical Patients with Limited English Proficiency,"ORTEGA, GEZZER",14814354,GENERAL_AND_UNSPECIFIED_SURGERY,True,high,35.0,0.0,F_PUBMED_AUTHOR_AFFILIATION,"PubMed PMID 41322981 — Center for Surgery and Public Health, Department of Surgery, Brigham and Women's Hospital, Harvard Medical School, Boston, MA, United States.",2026-08-01,172800.0,False
11044073,MGH,Massachusetts General Hospital,2025,K01,5K01AI153558-05,"Integrating the genome, metabolome, and microbiome for childhood asthma: Risk and endotypes","ZHU, ZHAOZHONG",15229953,OTHER_EXPLICIT_SURGERY,True,low,1.0,0.0,F_PUBMED_AUTHOR_AFFILIATION,"PubMed PMID 40802550 — Center for Laryngeal Surgery and Voice Rehabilitation, Massachusetts General Hospital, Boston.",2026-08-01,123596.0,False
11045750,MGH,Massachusetts General Hospital,2025,R01,5R01CA289485-02,Analyzing DNA replication and damage vulnerability in IDH mutant glioma,"CAHILL, DANIEL P.",1902302,NEUROSURGERY,False,high,12.0,0.0,F_PUBMED_AUTHOR_AFFILIATION,"PubMed PMID 39786477 — Department of Neurological Surgery, Massachusetts General Hospital, Boston, MA, USA.",2026-08-01,401140.0,True
11047965,BWH,Brigham and Women's Hospital,2025,R01,1R01CA288535-01A1,Cell surface receptor targeted therapies for brain tumors,"SHAH, KHALID A",8586528,NEUROSURGERY,False,high,6.0,0.0,F_PUBMED_AUTHOR_AFFILIATION,"PubMed PMID 41260953 — Center for Stem Cell and Translational Immunotherapy, Brigham and Women's Hospital, Harvard Medical School, Boston, MA 02115, USA; Department of Neurosurgery, Brigham and Women's Hospital, Harvard Medical School, Boston, MA 02115, USA; Harvard Stem Cell Institute, Harvard University, Cambridge, MA 02138, USA. Electronic address: kshah@bwh.harvard.edu.",2026-08-01,417858.0,True
11049941,BWH,Brigham and Women's Hospital,2025,R01,1R01CA289548-01A1,Implementation strategies to decentralize breast ultrasound services and facilitate timely breast cancer diagnoses in Rwanda,"PACE, LYDIA",12056449,GENERAL_AND_UNSPECIFIED_SURGERY,True,low,1.0,2.0,F_PUBMED_AUTHOR_AFFILIATION,"PubMed PMID 36753274 — Department of Surgery, Brigham and Women's Hospital, Boston, Massachusetts.",2026-08-01,691176.0,True
11051108,MGH,Massachusetts General Hospital,2025,R01,5R01CA269672-04,Reprogramming the tumormicroenvironment to improve immunotherapy of glioblastoma,"JAIN, RAKESH K.",1871279,GENERAL_AND_UNSPECIFIED_SURGERY,True,high,8.0,0.0,F_PUBMED_AUTHOR_AFFILIATION,"PubMed PMID 41184970 — Center for Engineering in Medicine and Surgery, Department of Surgery, Massachusetts General Hospital, Harvard Medical School, Boston, USA.",2026-08-01,379634.0,True
11051898,MGH,Massachusetts General Hospital,2025,R01,5R01DK134590-03,A quantitative viability metric for liver transplantation using Resonance Raman Spectroscopy,"TESSIER, SHANNON NOELLA",14535967,OTHER_EXPLICIT_SURGERY,True,high,38.0,0.0,F_PUBMED_AUTHOR_AFFILIATION,"PubMed PMID 41502984 — Center for Engineering in Medicine and Surgery, Massachusetts General Hospital, Harvard Medical School, Shriners Children's Boston, Boston, Massachusetts.",2026-08-01,447809.0,True
11052649,BWH,Brigham and Women's Hospital,2025,R01,5R01CA279410-03,MMS22L loss and PARP inhibition in prostate cancer,"JIA, LI",8727171,UROLOGY,False,medium,2.0,2.0,F_PUBMED_AUTHOR_AFFILIATION,"PubMed PMID 36650183 — Division of Urology, Department of Surgery, Brigham and Women's Hospital & Harvard Medical School, Boston, MA, USA. ljia@bwh.harvard.edu.",2026-08-01,409463.0,True
11055286,BWH,Brigham and Women's Hospital,2025,R01,5R01NS121096-05,Gene Edited and Engineered Tumor Cell Therapeutics for Cancer,"SHAH, KHALID A",8586528,NEUROSURGERY,False,high,6.0,0.0,F_PUBMED_AUTHOR_AFFILIATION,"PubMed PMID 41260953 — Center for Stem Cell and Translational Immunotherapy, Brigham and Women's Hospital, Harvard Medical School, Boston, MA 02115, USA; Department of Neurosurgery, Brigham and Women's Hospital, Harvard Medical School, Boston, MA 02115, USA; Harvard Stem Cell Institute, Harvard University, Cambridge, MA 02138, USA. Electronic address: kshah@bwh.harvard.edu.",2026-08-01,373424.0,True
11056079,BWH,Brigham and Women's Hospital,2025,R01,5R01AI123420-10,Targeting Epstein-Barr Virus Super-Enhancer,"ZHAO, BO",10368651,GENERAL_AND_UNSPECIFIED_SURGERY,True,medium,3.0,1.0,F_PUBMED_AUTHOR_AFFILIATION,"PubMed PMID 38917577 — Department of Surgery, Brigham and Women's Hospital, Boston, Massachusetts.",2026-08-01,447500.0,True
11057068,MGH,Massachusetts General Hospital,2025,R21,1R21AI183051-01A1,Role of cholinergic neuroimmune signaling pathway disruption in the pathogenesis of Hirschsprung-associated enterocolitis,"HOTTA, RYO",14374657,PEDIATRIC_SURGERY,True,high,25.0,0.0,F_PUBMED_AUTHOR_AFFILIATION,"PubMed PMID 41430311 — Department of Pediatric Surgery, Massachusetts General Hospital, Harvard Medical School, 185 Cambridge Street, CPZN, 6100, Boston, MA, 02114, USA.",2026-08-01,439216.0,False
11064008,MGH,Massachusetts General Hospital,2025,R01,5R01HL157803-05,High subzero heart preservation: from zebrafish to mammals,"TESSIER, SHANNON NOELLA",14535967,OTHER_EXPLICIT_SURGERY,True,high,38.0,0.0,F_PUBMED_AUTHOR_AFFILIATION,"PubMed PMID 41502984 — Center for Engineering in Medicine and Surgery, Massachusetts General Hospital, Harvard Medical School, Shriners Children's Boston, Boston, Massachusetts.",2026-08-01,420000.0,True
11064772,BWH,Brigham and Women's Hospital,2025,R01,5R01HD115260-02,Composite tissue patterning in mammalian digit tip regeneration,"LEHOCZKY, JESSICA A",8107692,ORTHOPEDIC_SURGERY,False,high,8.0,0.0,F_PUBMED_AUTHOR_AFFILIATION,"PubMed PMID 40139646 — Department of Orthopedic Surgery, Brigham and Women's Hospital, Harvard Medical School, Boston, MA, USA. Electronic address: jlehoczky@bwh.harvard.edu.",2026-08-01,750426.0,True
11068084,MGH,Massachusetts General Hospital,2025,F32,1F32AR085460-01,Investigating the Role of Wnt Signaling in the Mechanical Maturation of Tendon,"PETERSON, BENJAMIN",16497940,ORTHOPEDIC_SURGERY,False,low,1.0,0.0,F_PUBMED_AUTHOR_AFFILIATION,"PubMed PMID 41252420 — Department of Orthopedic Surgery, Massachusetts General Hospital, Harvard Medical School, Boston, Massachusetts, United States of America.",2026-08-01,79456.0,False
11072317,BWH,Brigham and Women's Hospital,2025,R01,1R01EB036877-01,An Artificial Intelligence Coaching System to Improve Surgical Performance in Urologic Endoscopy,"DIAS, ROGER DAGLIUS",15542197,CARDIAC_CARDIOTHORACIC_SURGERY,True,low,1.0,1.0,F_PUBMED_AUTHOR_AFFILIATION,"PubMed PMID 42454200 — Division of Cardiac Surgery, Brigham and Women's Hospital and Harvard Medical School, Boston, MA, USA.",2026-08-01,709358.0,True
11074069,MGH,Massachusetts General Hospital,2025,U01,5U01AI174968-03,Targeting innate immunity for induction of robust renal allograft tolerance,"KAWAI, TATSUO",6260328,GENERAL_AND_UNSPECIFIED_SURGERY,True,high,24.0,0.0,F_PUBMED_AUTHOR_AFFILIATION,"PubMed PMID 41478397 — Center for Transplantation Sciences, Department of Surgery, Massachusetts General Hospital and Harvard Medical School, Boston, Massachusetts, USA.",2026-08-01,1074143.0,False
11074125,BWH,Brigham and Women's Hospital,2025,R01,5R01NS041783-22,Presenilin and APP in the Brain,"SHEN, JIE",1919771,OBGYN,False,low,1.0,0.0,F_PUBMED_AUTHOR_AFFILIATION,"PubMed PMID 39715071 — Division of Urogynecology, Department of OB/GYN, Brigham and Women's Hospital, Boston, MA.",2026-08-01,828365.0,True
11077326,BWH,Brigham and Women's Hospital,2025,R01,5R01AG078307-03,PHD2 mediated loss of hypoxia signaling limits skeletal muscle regeneration and exercise response in aging,"SINHA, INDRANIL",9710446,GENERAL_AND_UNSPECIFIED_SURGERY,True,high,15.0,0.0,F_PUBMED_AUTHOR_AFFILIATION,"PubMed PMID 40988337 — Department of Surgery, Brigham and Women's Hospital and Harvard Medical School, Boston, MA 02115, USA.",2026-08-01,384166.0,True
11077887,BWH,Brigham and Women's Hospital,2025,R01,5R01DE032406-03,A novel bioengineering approach to restoring permanent periodontal inflammatory bone loss,"JANG, HAE LIN",14310044,ORTHOPEDIC_SURGERY,False,high,5.0,1.0,F_PUBMED_AUTHOR_AFFILIATION,"PubMed PMID 38875335 — Department of Orthopaedic Surgery, Brigham and Women's Hospital, Harvard Medical School, Boston, MA, USA.",2026-08-01,814498.0,True
11079642,MGH,Massachusetts General Hospital,2025,R01,5R01CA259253-05,Improving treatment of HER2+ breast cancer brain metastasis by targeting lipid metabolism,"JAIN, RAKESH K.",1871279,GENERAL_AND_UNSPECIFIED_SURGERY,True,high,8.0,0.0,F_PUBMED_AUTHOR_AFFILIATION,"PubMed PMID 41184970 — Center for Engineering in Medicine and Surgery, Department of Surgery, Massachusetts General Hospital, Harvard Medical School, Boston, USA.",2026-08-01,468333.0,True
11083151,MGH,Massachusetts General Hospital,2025,R01,5R01MH134823-03,Characterizing HIV-1 reservoirs in the central nervous system,"YU, XU",8267676,NEUROSURGERY,False,low,1.0,3.0,F_PUBMED_AUTHOR_AFFILIATION,"PubMed PMID 35379995 — Department of Neurosurgery, Massachusetts General Hospital, Harvard Medical School, Boston, MA, USA.",2026-08-01,707024.0,True
11084499,MGH,Massachusetts General Hospital,2025,R01,4R01AI155714-04,Bcl-2 and Mcl-1 inhibition for induction of hematopoietic chimerism and renal allograft tolerance without myelosuppression in nonhuman primates,"KAWAI, TATSUO",6260328,GENERAL_AND_UNSPECIFIED_SURGERY,True,high,24.0,0.0,F_PUBMED_AUTHOR_AFFILIATION,"PubMed PMID 41478397 — Center for Transplantation Sciences, Department of Surgery, Massachusetts General Hospital and Harvard Medical School, Boston, Massachusetts, USA.",2026-08-01,1845438.0,True
11085953,MGH,Massachusetts General Hospital,2025,P50,5P50AR080596-03,Center of Research Translation on Osteoporosis Bone Anabolic Therapies,"WEIN, MARC NATHAN",11457185,GENERAL_AND_UNSPECIFIED_SURGERY,True,low,1.0,1.0,F_PUBMED_AUTHOR_AFFILIATION,"PubMed PMID 39328057 — Department of Surgery, Massachusetts General Hospital and Harvard Medical School, Boston, MA, USA (M.N.W., R.R.C.).",2026-08-01,1392115.0,False
11085962,MGH,Massachusetts General Hospital,2025,R01,5R01AI177075-03,"Shigella Conjugate Vaccine (SCV4) Development, Characterization, and Pre-clinical Evaluation","RYAN, EDWARD T.",1881648,ORTHOPEDIC_SURGERY,False,low,1.0,0.0,F_PUBMED_AUTHOR_AFFILIATION,"PubMed PMID 41158720 — Department of Orthopedic Surgery, Massachusetts General Hospital, Harvard Medical School, Boston, USA.",2026-08-01,1143199.0,True
11086491,BWH,Brigham and Women's Hospital,2023,R03,7R03AG070766-03,Mechanisms underlying glutamate dyshomeostasis in Alzheimer's disease,"LI, SHAOMIN",8899106,OBGYN,False,low,1.0,3.0,F_PUBMED_AUTHOR_AFFILIATION,"PubMed PMID 33941382 — Division of Gynecologic Oncology, Brigham and Women's Hospital, Dana Farber Cancer Institute, Boston, MA, USA.",2026-08-01,171864.0,False
11086841,MGH,Massachusetts General Hospital,2025,R01,5R01DK116716-08,The role of salt inducible kinases in parathyroid hormone action in bone,"WEIN, MARC NATHAN",11457185,GENERAL_AND_UNSPECIFIED_SURGERY,True,low,1.0,1.0,F_PUBMED_AUTHOR_AFFILIATION,"PubMed PMID 39328057 — Department of Surgery, Massachusetts General Hospital and Harvard Medical School, Boston, MA, USA (M.N.W., R.R.C.).",2026-08-01,442486.0,True
11087514,BWH,Brigham and Women's Hospital,2025,R01,5R01HL168199-02,Identifying Subtypes of COPD Using Metabolomic and Genomic Approaches,"CHO, MICHAEL H.",9282055,GENERAL_AND_UNSPECIFIED_SURGERY,True,high,12.0,0.0,F_PUBMED_AUTHOR_AFFILIATION,"PubMed PMID 41067466 — Center for Surgery and Public Health, Department of Surgery, Harvard Medical School, Brigham and Women's Hospital, Boston, MA.",2026-08-01,697642.0,True
11091578,MGH,Massachusetts General Hospital,2025,R01,5R01NS130209-03,Engineering T Cell Adoptive Therapy for Glioblastoma,"DUNN, GAVIN PETER",11971914,NEUROSURGERY,False,high,13.0,0.0,F_PUBMED_AUTHOR_AFFILIATION,"PubMed PMID 40933035 — Department of Neurosurgery, Massachusetts General Hospital, Boston, Massachusetts, USA.",2026-08-01,642482.0,True
11093463,MGH,Massachusetts General Hospital,2025,R01,5R01NS122904-05,Investigating the Thalamic Regulation of Neuro-Glio-Vascular Restoration Underlying Acute Coma Recovery with Multi-Modal fMRI in a Brainstem Coma Rodent Model,"YU, XIN",11129980,NEUROSURGERY,False,low,1.0,3.0,F_PUBMED_AUTHOR_AFFILIATION,"PubMed PMID 35379995 — Department of Neurosurgery, Massachusetts General Hospital, Harvard Medical School, Boston, MA, USA.",2026-08-01,662679.0,True
11098572,MGH,Massachusetts General Hospital,2025,K23,5K23DK131345-04,Elucidating the pharmacogenetics of the response to GLP-1 receptor agonists for type 2 diabetes,"LI, JOSEPHINE H",15570672,GENERAL_AND_UNSPECIFIED_SURGERY,True,low,1.0,0.0,F_PUBMED_AUTHOR_AFFILIATION,"PubMed PMID 41291772 — Transplant Center, Department of Surgery, Massachusetts General Hospital, Harvard Medical School, Boston, USA. JILI31@mgh.harvard.edu.",2026-08-01,190697.0,False
11098711,BWH,Brigham and Women's Hospital,2025,K23,5K23NS119798-05,The Contribution of Late Onset Unexplained Epilepsy to Cognitive Decline and its Interaction with Vascular and Alzheimer's Disease Pathologies,"SARKIS, RANI",12069569,NEUROSURGERY,False,low,1.0,0.0,F_PUBMED_AUTHOR_AFFILIATION,"PubMed PMID 40128186 — Center for Brain Circuit Therapeutics, Department of Neurology, Neurosurgery, Psychiatry, and Radiology, Brigham and Women's Hospital, Harvard Medical School, Boston, USA.",2026-08-01,226370.0,False
11103158,BWH,Brigham and Women's Hospital,2025,R01,5R01HL163580-04,Rheumatoid Arthritis and the Risk of Cardiovascular Disease: Biomarkers Risk Prediction and Underlying Mechanisms,"SOLOMON, DANIEL HAL",1902207,CARDIAC_CARDIOTHORACIC_SURGERY,True,low,1.0,2.0,F_PUBMED_AUTHOR_AFFILIATION,"PubMed PMID 37967764 — Division of Thoracic and Cardiac Surgery, Brigham and Women's Hospital, Boston, Mass. Electronic address: daniel.s985@gmail.com.",2026-08-01,603179.0,True
11111567,BWH,Brigham and Women's Hospital,2024,OT2,1OT2OD038228-01,Supporting and sustaining engagement to retain strategies and disseminating research value in the All of Us Research Program,"CLARK, CHERYL RENEE",8619072,VASCULAR_SURGERY,True,low,1.0,1.0,F_PUBMED_AUTHOR_AFFILIATION,"PubMed PMID 38061417 — Vascular Surgery Research Laboratories, Division of Vascular and Endovascular Surgery, Brigham and Women's Hospital, and Harvard Medical School, Boston, MA 02115, USA.",2026-08-01,500000.0,False
11114201,MGH,Massachusetts General Hospital,2025,K08,1K08EB037077-01,Enhancing precision medicine for brain metastases using interpretable and integrative deep learning,"KIM, ALBERT",15769051,GENERAL_AND_UNSPECIFIED_SURGERY,True,low,1.0,1.0,F_PUBMED_AUTHOR_AFFILIATION,"PubMed PMID 38216744 — Department of Surgery, Massachusetts General Hospital, Boston, MA, USA.",2026-08-01,194022.0,False
11124169,BWH,Brigham and Women's Hospital,2025,K08,5K08AR084617-02,Biochemical Determinants of Chemokine Receptor Signaling,"SMITH, JEFFREY SCOTT",11543815,ORTHOPEDIC_SURGERY,False,high,12.0,1.0,F_PUBMED_AUTHOR_AFFILIATION,"PubMed PMID 39193449 — Department of Orthopaedic Surgery, Brigham and Women's Hospital, Harvard Medical School, Boston, MA, USA.",2026-08-01,168029.0,False
11124170,BWH,Brigham and Women's Hospital,2025,R01,5R01CA262524-05,Androgen receptor pathway inhibition through targeting PARP-2 in castration-resistant prostate cancer,"JIA, LI",8727171,UROLOGY,False,medium,2.0,2.0,F_PUBMED_AUTHOR_AFFILIATION,"PubMed PMID 36650183 — Division of Urology, Department of Surgery, Brigham and Women's Hospital & Harvard Medical School, Boston, MA, USA. ljia@bwh.harvard.edu.",2026-08-01,409463.0,True
11126846,MGH,Massachusetts General Hospital,2025,R01,5R01HL165241-04,Optogenetic regulation of intra-ciliary calcium signaling in cardiac situs development,"YUAN, SHIAULOU",8475923,PEDIATRIC_SURGERY,True,low,1.0,3.0,F_PUBMED_AUTHOR_AFFILIATION,"PubMed PMID 36205477 — Pediatric Surgical Research Laboratories, Massachusetts General Hospital, Boston, United States.",2026-08-01,546872.0,True
11127391,BWH,Brigham and Women's Hospital,2025,K24,5K24HL157648-05,Mentoring Patient Oriented Research in Innovative Imaging and High-dimensional Data Approaches to Improve Outcomes in Cardiac Amyloidosis,"DORBALA, SHARMILA",8892461,CARDIAC_CARDIOTHORACIC_SURGERY,True,low,1.0,3.0,F_PUBMED_AUTHOR_AFFILIATION,"PubMed PMID 34524397 — Cardiovascular Imaging Program, Division of Cardiovascular Medicine, Division of Cardiac Surgery, Heart and Vascular Center, Brigham and Women's Hospital, Harvard Medical School, Boston, Massachusetts.",2026-08-01,123785.0,False
11129705,BWH,Brigham and Women's Hospital,2025,R01,5R01HD109200-04,Cellular plasticity and lineage in mammalian digit tip regeneration,"LEHOCZKY, JESSICA A",8107692,ORTHOPEDIC_SURGERY,False,high,8.0,0.0,F_PUBMED_AUTHOR_AFFILIATION,"PubMed PMID 40139646 — Department of Orthopedic Surgery, Brigham and Women's Hospital, Harvard Medical School, Boston, MA, USA. Electronic address: jlehoczky@bwh.harvard.edu.",2026-08-01,540069.0,True
11130597,BWH,Brigham and Women's Hospital,2025,R01,1R01NS138137-01A1,Encapsulated Cell Based Oncolytic Virus Therapy for Brain Tumors,"SHAH, KHALID A",8586528,NEUROSURGERY,False,high,6.0,0.0,F_PUBMED_AUTHOR_AFFILIATION,"PubMed PMID 41260953 — Center for Stem Cell and Translational Immunotherapy, Brigham and Women's Hospital, Harvard Medical School, Boston, MA 02115, USA; Department of Neurosurgery, Brigham and Women's Hospital, Harvard Medical School, Boston, MA 02115, USA; Harvard Stem Cell Institute, Harvard University, Cambridge, MA 02138, USA. Electronic address: kshah@bwh.harvard.edu.",2026-08-01,420251.0,True
11131610,BWH,Brigham and Women's Hospital,2025,R01,1R01HL175295-01A1,"Beyond BMI: Role of Body Composition, Coronary Microvascular Dysfunction and HFpEF in Characterizing Cardiometabolic Disease Phenotypes","TAQUETI, VIVIANY R",11453498,CARDIAC_CARDIOTHORACIC_SURGERY,True,low,1.0,3.0,F_PUBMED_AUTHOR_AFFILIATION,"PubMed PMID 34524397 — Cardiovascular Imaging Program, Division of Cardiovascular Medicine, Division of Cardiac Surgery, Heart and Vascular Center, Brigham and Women's Hospital, Harvard Medical School, Boston, Massachusetts.",2026-08-01,784362.0,True
11132233,BWH,Brigham and Women's Hospital,2025,R01,2R01CA235589-06A1,Lymph Node Quantification System for Multisite Clinical Trials,"KIKINIS, RON",1881109,OTHER_EXPLICIT_SURGERY,True,medium,3.0,3.0,F_PUBMED_AUTHOR_AFFILIATION,"PubMed PMID 36454858 — Department of Radiology, Surgical Planning Laboratory, Brigham and Women's Hospital, Harvard Medical School, Boston, MA, United States of America.",2026-08-01,703707.0,True
11133039,MGH,Massachusetts General Hospital,2025,K99,5K99AR084574-02,Cellular and molecular mechanisms driving regeneration and fibrosis of the tendon-bone attachment,"TSAI, STEPHANIE L",16572170,ORTHOPEDIC_SURGERY,False,medium,3.0,1.0,F_PUBMED_AUTHOR_AFFILIATION,"PubMed PMID 39420021 — Department of Orthopedic Surgery, Massachusetts General Hospital, Harvard Medical School, Boston, MA, USA.",2026-08-01,105737.0,False
11136465,MGH,Massachusetts General Hospital,2025,R24,5R24OD034189-03,Cryopreservation of zebrafish larvae and embryos for biomedical research,"TESSIER, SHANNON NOELLA",14535967,OTHER_EXPLICIT_SURGERY,True,high,38.0,0.0,F_PUBMED_AUTHOR_AFFILIATION,"PubMed PMID 41502984 — Center for Engineering in Medicine and Surgery, Massachusetts General Hospital, Harvard Medical School, Shriners Children's Boston, Boston, Massachusetts.",2026-08-01,642272.0,False
11136472,MGH,Massachusetts General Hospital,2025,R01,5R01CA285657-02,Oncolytic HSV Immunovirotherapy for brain tumors,"MARTUZA, ROBERT L",1893202,NEUROSURGERY,False,low,1.0,1.0,F_PUBMED_AUTHOR_AFFILIATION,"PubMed PMID 38599661 — Department of Neurosurgery, Massachusetts General Hospital and Harvard Medical School, Brain Tumor Research Center, Boston, Massachusetts, USA.",2026-08-01,627491.0,True
11137090,BWH,Brigham and Women's Hospital,2025,R01,5R01DK068271-20,Therapeutic targeting of protein interactions to reverse MLCK1-mediated intestinal barrier loss and ameliorate disease.,"TURNER, JERROLD R.",1870624,NEUROSURGERY,False,low,1.0,0.0,F_PUBMED_AUTHOR_AFFILIATION,"PubMed PMID 40128186 — Center for Brain Circuit Therapeutics, Department of Neurology, Neurosurgery, Psychiatry, and Radiology, Brigham and Women's Hospital, Harvard Medical School, Boston, USA.",2026-08-01,760807.0,True
11137297,MGH,Massachusetts General Hospital,2025,K99,1K99MH137253-01A1,Mapping Genotype to Developmental Course Across an Autism-Schizophrenia Gradient,"KUO, SZU-YU SUSAN",78489003,GENERAL_AND_UNSPECIFIED_SURGERY,True,low,1.0,1.0,F_PUBMED_AUTHOR_AFFILIATION,"PubMed PMID 38704205 — Department of Surgery, Massachusetts General Hospital, Boston, Massachusetts, United States; Department of Surgery, Cedars-Sinai Medical Center, Los Angeles, California, United States.",2026-08-01,129290.0,False
11137369,BWH,Brigham and Women's Hospital,2024,R01,3R01EB032384-02S1,Making the invisible visible: An automated clinical decision support tool for Intimate Partner Violence Risk and Severity Prediction (AIRS),"KHURANA, BHARTI",12166993,PLASTIC_SURGERY,False,low,1.0,2.0,F_PUBMED_AUTHOR_AFFILIATION,"PubMed PMID 35505264 — Department of Plastic Surgery, Brigham and Women's Hospital, Harvard Medical School, 75 Francis Street, Boston, USA. bkhurana@bwh.harvard.edu.",2026-08-01,170705.0,True
11137596,BWH,Brigham and Women's Hospital,2025,R01,5R01DK061931-25,Mechanisms and pathophysiologic impact of claudin-2 modulation,"TURNER, JERROLD R.",1870624,NEUROSURGERY,False,low,1.0,0.0,F_PUBMED_AUTHOR_AFFILIATION,"PubMed PMID 40128186 — Center for Brain Circuit Therapeutics, Department of Neurology, Neurosurgery, Psychiatry, and Radiology, Brigham and Women's Hospital, Harvard Medical School, Boston, USA.",2026-08-01,767016.0,True
11137912,BWH,Brigham and Women's Hospital,2025,K99,1K99CA293266-01A1,Elucidating pathways underlying the association of contraception use with ovarian cancers through metabolic profiling,"MONGIOVI, JENNIFER",14909115,OBGYN,False,medium,2.0,0.0,F_PUBMED_AUTHOR_AFFILIATION,"PubMed PMID 41266372 — Department of Obstetrics and Gynecology, Brigham and Women's Hospital, Boston, MA, USA.",2026-08-01,155605.0,False
11139535,MGH,Massachusetts General Hospital,2025,R01,5R01DK138040-02,The Role of GLUT1 and Glucose in Intestinal Stem Cell Homeostasis and Regeneration,"SAEIDI, NIMA",10996096,GENERAL_AND_UNSPECIFIED_SURGERY,True,high,6.0,2.0,F_PUBMED_AUTHOR_AFFILIATION,"PubMed PMID 38097545 — Division of Gastrointestinal and Oncologic Surgery, Department of Surgery, Massachusetts General Hospital, Boston, MA, 02114, USA. nsaeidi@mgh.harvard.edu.",2026-08-01,631208.0,True
11139642,MGH,Massachusetts General Hospital,2025,K08,5K08NS119796-05,Investigation of Sirt1 activation to target IDH mutant glioma,"MILLER, JULIE JOANN",14582463,TRAUMA_ACUTE_CARE_SURGERY,True,medium,3.0,1.0,F_PUBMED_AUTHOR_AFFILIATION,"PubMed PMID 42447716 — Division of Trauma, Emergency Surgery, and Surgical Critical Care, Department of Surgery, Massachusetts General Hospital and Harvard Medical School, Boston, Massachusetts.",2026-08-01,196802.0,False
11141413,MGH,Massachusetts General Hospital,2025,R01,1R01HD115719-01A1,Evaluation of the effect of exogenous AMH on ovarian function and fertility,"PEPIN, DAVID",12105098,PEDIATRIC_SURGERY,True,high,6.0,0.0,F_PUBMED_AUTHOR_AFFILIATION,"PubMed PMID 39874288 — Pediatric Surgical Research Laboratories, Massachusetts General Hospital, Boston, MA 02114.",2026-08-01,724714.0,True
11144282,MGH,Massachusetts General Hospital,2025,UE5,5UE5NS065743-17,Neuroscience Resident Research Program,"CASH, SYDNEY S",1927400,NEUROSURGERY,False,low,1.0,1.0,F_PUBMED_AUTHOR_AFFILIATION,"PubMed PMID 38293030 — Department of Neurology and Neurosurgery, Massachusetts General Hospital, Boston, MA 02114, USA.",2026-08-01,1145776.0,False
11145815,MGH,Massachusetts General Hospital,2025,K01,5K01DK140529-02,"Diagnosis, Treatment, and Monitoring of Polymicrobial Infections in Diabetic Wounds","LI, YONGLI",78698593,PEDIATRIC_SURGERY,True,low,1.0,3.0,F_PUBMED_AUTHOR_AFFILIATION,"PubMed PMID 35380904 — Pediatric Surgical Research Laboratories, Massachusetts General Hospital, Boston, MA  02114.",2026-08-01,156276.0,False
11145976,MGH,Massachusetts General Hospital,2025,K25,5K25HL169816-03,Precision Apheresis: stem cell isolation from patients with sickle cell disease for gene therapy using high-throughput microfluidics,"MISHRA, AVANISH",15889617,OTHER_EXPLICIT_SURGERY,True,high,12.0,0.0,F_PUBMED_AUTHOR_AFFILIATION,"PubMed PMID 41256519 — Center for Engineering in Medicine and Surgery, Massachusetts General Hospital and Harvard Medical School, Charlestown, Massachusetts 02129, USA.",2026-08-01,139343.0,False
11163480,MGH,Massachusetts General Hospital,2025,R37,5R37AI155171-05,Elite controllers as a model for a cure of HIV-1 infection,"YU, XU",8267676,NEUROSURGERY,False,low,1.0,3.0,F_PUBMED_AUTHOR_AFFILIATION,"PubMed PMID 35379995 — Department of Neurosurgery, Massachusetts General Hospital, Harvard Medical School, Boston, MA, USA.",2026-08-01,861601.0,True
11166689,MGH,Massachusetts General Hospital,2025,R01,5R01NS112183-03,Cellular Mechanisms of Transcranial Magnetic Stimulation in Cerebellar Cortex,"PATEL, PADMAVATHI SUNDARAM",10566166,GENERAL_AND_UNSPECIFIED_SURGERY,True,low,1.0,0.0,F_PUBMED_AUTHOR_AFFILIATION,"PubMed PMID 39841809 — Center for Transplantation Sciences, Department of Surgery, Massachusetts General Hospital, Boston, MA 02114, USA.",2026-08-01,541417.0,True
11171477,MGH,Massachusetts General Hospital,2025,K01,5K01DK140632-02,The Role of Salt-Inducible Kinases in Vitamin D Regulation and Mineral and Bone Metabolism Disorders,"YOON, SUNG-HEE",78633777,SURGICAL_ONCOLOGY,True,low,1.0,0.0,F_PUBMED_AUTHOR_AFFILIATION,"PubMed PMID 40382175 — Department of Surgery, Division of Surgical Oncology, Massachusetts General Hospital and Harvard Medical School, Boston, MA.",2026-08-01,134730.0,False
11171488,MGH,Massachusetts General Hospital,2025,R01,5R01NS134410-02,Neural Activity Signatures of Tumor Infiltration in the Human Brain,"PAULK, ANGELIQUE C",7982354,NEUROSURGERY,False,low,1.0,1.0,F_PUBMED_AUTHOR_AFFILIATION,"PubMed PMID 38293030 — Department of Neurology and Neurosurgery, Massachusetts General Hospital, Boston, MA 02114, USA.",2026-08-01,597608.0,True
11187097,BWH,Brigham and Women's Hospital,2025,P30,5P30AR072577-09,"VERITY: Value and Evidence in Rheumatology using bioInformaTics, and advanced analYtics","SOLOMON, DANIEL HAL",1902207,CARDIAC_CARDIOTHORACIC_SURGERY,True,low,1.0,2.0,F_PUBMED_AUTHOR_AFFILIATION,"PubMed PMID 37967764 — Division of Thoracic and Cardiac Surgery, Brigham and Women's Hospital, Boston, Mass. Electronic address: daniel.s985@gmail.com.",2026-08-01,801700.0,False
11191702,BWH,Brigham and Women's Hospital,2025,R01,5R01CA285519-03,Targeting metastatic tumors with engineered cellular therapies,"SHAH, KHALID A",8586528,NEUROSURGERY,False,high,6.0,0.0,F_PUBMED_AUTHOR_AFFILIATION,"PubMed PMID 41260953 — Center for Stem Cell and Translational Immunotherapy, Brigham and Women's Hospital, Harvard Medical School, Boston, MA 02115, USA; Department of Neurosurgery, Brigham and Women's Hospital, Harvard Medical School, Boston, MA 02115, USA; Harvard Stem Cell Institute, Harvard University, Cambridge, MA 02138, USA. Electronic address: kshah@bwh.harvard.edu.",2026-08-01,400053.0,True
11205541,MGH,Massachusetts General Hospital,2025,R01,1R01NS144029-01,Unlocking the Immunobiology of Conventional Dendritic Cells to Augment T Cell Activation in Glioblastoma,"DUNN, GAVIN PETER",11971914,NEUROSURGERY,False,high,13.0,0.0,F_PUBMED_AUTHOR_AFFILIATION,"PubMed PMID 40933035 — Department of Neurosurgery, Massachusetts General Hospital, Boston, Massachusetts, USA.",2026-08-01,628373.0,True
11215262,MGH,Massachusetts General Hospital,2025,R01,2R01AI155414-06,Functional profiling of OSP-specific and other antibodies during shigella infection,"RYAN, EDWARD T.",1881648,ORTHOPEDIC_SURGERY,False,low,1.0,0.0,F_PUBMED_AUTHOR_AFFILIATION,"PubMed PMID 41158720 — Department of Orthopedic Surgery, Massachusetts General Hospital, Harvard Medical School, Boston, USA.",2026-08-01,633143.0,True
11223177,MGH,Massachusetts General Hospital,2025,R01,1R01ES036966-01A1,"Residential Greenness, Airway Microbiome,and Incident Childhood Asthma","ZHU, ZHAOZHONG",15229953,OTHER_EXPLICIT_SURGERY,True,low,1.0,0.0,F_PUBMED_AUTHOR_AFFILIATION,"PubMed PMID 40802550 — Center for Laryngeal Surgery and Voice Rehabilitation, Massachusetts General Hospital, Boston.",2026-08-01,3181155.0,True
11223305,MGH,Massachusetts General Hospital,2025,F32,5F32HL176334-02,Development of Capillary-on-Chip for the Study of Preservation Injury on Microvascular Endothelial Cells,"ELLIS, BRADLEY WAYNE",16039935,GENERAL_AND_UNSPECIFIED_SURGERY,True,high,6.0,0.0,F_PUBMED_AUTHOR_AFFILIATION,"PubMed PMID 41088753 — Center for Engineering for Medicine and Surgery, Department of Surgery, Massachusetts General Hospital (MGH), Harvard Medical School, Boston, MA 02114, USA; Shriners Children's Boston, Boston, MA 02114, USA.",2026-08-01,80740.0,False
11225552,BWH,Brigham and Women's Hospital,2025,R01,1R01LM014667-01A1,Developing large language models for drug safety and effectiveness causal analysis,"YANG, JIE",79054186,GENERAL_AND_UNSPECIFIED_SURGERY,True,low,1.0,0.0,F_PUBMED_AUTHOR_AFFILIATION,"PubMed PMID 41025961 — Department of Surgery, Brigham and Women's Hospital, Boston, Massachusetts.",2026-08-01,402750.0,True
11227200,MGH,Massachusetts General Hospital,2025,R01,1R01AG090583-01A1,The Role of Mechanoaging in the Deterioration of Intestinal Homeostasis with Age,"SAEIDI, NIMA",10996096,GENERAL_AND_UNSPECIFIED_SURGERY,True,high,6.0,2.0,F_PUBMED_AUTHOR_AFFILIATION,"PubMed PMID 38097545 — Division of Gastrointestinal and Oncologic Surgery, Department of Surgery, Massachusetts General Hospital, Boston, MA, 02114, USA. nsaeidi@mgh.harvard.edu.",2026-08-01,629562.0,True
11233078,MGH,Massachusetts General Hospital,2025,R21,1R21EY037012-01A1,Finessing the details: subclasses of LGN neurons and the richness of spatial transcriptomics,"PEZARIS, JOHN S.",9613614,NEUROSURGERY,False,medium,2.0,1.0,F_PUBMED_AUTHOR_AFFILIATION,"PubMed PMID 38798485 — Department of Neurosurgery, Massachusetts General Hospital, Boston, MA, USA.",2026-08-01,453750.0,False
11241867,BWH,Brigham and Women's Hospital,2025,F32,1F32HL178207-01A1,Innovative implementation of artificial intelligence techniques for enhanced management of aortic abdominal aneurysms,"REZAEITALESHMAHALLEH, MOSTAFA",78417540,CARDIAC_CARDIOTHORACIC_SURGERY,True,medium,3.0,1.0,F_PUBMED_AUTHOR_AFFILIATION,"PubMed PMID 41959755 — Division of Cardiac Surgery, Brigham and Women's Hospital, Boston, MA.",2026-08-01,75520.0,False
11242770,MGH,Massachusetts General Hospital,2025,F32,1F32CA306127-01,Enhancing Access in Pancreatic Cancer: Examining Facilitators and Barriers to Tertiary Referral for Complex Oncologic Surgical Care.,"ERUCHALU, CHUKWUMA N",80046247,GENERAL_AND_UNSPECIFIED_SURGERY,True,high,5.0,1.0,F_PUBMED_AUTHOR_AFFILIATION,"PubMed PMID 39303651 — Center for Surgery and Public Health, Department of Surgery, Brigham and Women's Hospital, Harvard Medical School, Boston, Massachusetts; Department of Surgery, Massachusetts General Hospital, Harvard Medical School, Boston, Massachusetts.",2026-08-01,94040.0,False
11245895,MGH,Massachusetts General Hospital,2025,R13,1R13CA306205-01,Critical Issues in the Tumor Microenvironment,"JAIN, RAKESH K.",1871279,GENERAL_AND_UNSPECIFIED_SURGERY,True,high,8.0,0.0,F_PUBMED_AUTHOR_AFFILIATION,"PubMed PMID 41184970 — Center for Engineering in Medicine and Surgery, Department of Surgery, Massachusetts General Hospital, Harvard Medical School, Boston, USA.",2026-08-01,50000.0,False
11250360,BWH,Brigham and Women's Hospital,2025,U10,3U10CA180821-11S2,Alliance for Clinical Trials in Oncology Operations Center - GY11 Funded Extension,"PIANTADOSI, STEVEN",2422658,GENERAL_AND_UNSPECIFIED_SURGERY,True,high,5.0,1.0,F_PUBMED_AUTHOR_AFFILIATION,"PubMed PMID 41519137 — Department of Surgery, Brigham and Women's Hospital, Harvard Medical School, Boston, MA, USA.",2026-08-01,11813476.0,False
11304309,BWH,Brigham and Women's Hospital,2025,U10,3U10CA180821-11S3,Alliance for Clinical Trials in Oncology Operations Center - GY11 BIQSFP Funded Extension,"PIANTADOSI, STEVEN",2422658,GENERAL_AND_UNSPECIFIED_SURGERY,True,high,5.0,1.0,F_PUBMED_AUTHOR_AFFILIATION,"PubMed PMID 41519137 — Department of Surgery, Brigham and Women's Hospital, Harvard Medical School, Boston, MA, USA.",2026-08-01,623526.0,False
11379782,MGH,Massachusetts General Hospital,2025,R01,3R01AI155414-06S1,Functional profiling of OSP-specific and other antibodies during shigella infection,"RYAN, EDWARD T.",1881648,ORTHOPEDIC_SURGERY,False,low,1.0,0.0,F_PUBMED_AUTHOR_AFFILIATION,"PubMed PMID 41158720 — Department of Orthopedic Surgery, Massachusetts General Hospital, Harvard Medical School, Boston, USA.",2026-08-01,137385.0,True
11393563,BWH,Brigham and Women's Hospital,2025,R35,5R35GM157032-02,Molecular Mechanisms of Hormone-Mediated Sex Differences in Wound Healing,"O'BRIEN-COON, DEVIN",15790472,PLASTIC_SURGERY,False,medium,2.0,2.0,F_PUBMED_AUTHOR_AFFILIATION,"PubMed PMID 37395609 — Division of Plastic and Reconstructive Surgery, Brigham and Women's Hospital, Boston, MA.",2026-08-01,442444.0,False
9893820,BWH,Brigham and Women's Hospital,2021,R01,5R01AR071326-03,"Dietary Quality, Body Adiposity, and Risk of Rheumatoid Arthritis in Women","SOLOMON, DANIEL HAL",1902207,CARDIAC_CARDIOTHORACIC_SURGERY,True,low,1.0,3.0,F_PUBMED_AUTHOR_AFFILIATION,"PubMed PMID 37967764 — Division of Thoracic and Cardiac Surgery, Brigham and Women's Hospital, Boston, Mass. Electronic address: daniel.s985@gmail.com.",2026-08-01,480060.0,True
9970995,BWH,Brigham and Women's Hospital,2021,R01,2R01AI123420-06,Targeting Epstein-Barr Virus Super-Enhancer,"ZHAO, BO",10368651,GENERAL_AND_UNSPECIFIED_SURGERY,True,medium,4.0,0.0,F_PUBMED_AUTHOR_AFFILIATION,"PubMed PMID 34334212 — Department of Surgery, Brigham and Women's Hospital, Boston MA. Electronic address: https://twitter.com/@BixiaoZhao.",2026-08-01,447500.0,True
