period,canonical_org_id,canonical_name,display_name,org_country,is_rollup,total_funding,award_years,distinct_projects,direct_cost,indirect_cost,award_years_missing_cost,r01_funding,r01_award_years,r01_distinct_projects,m_funding,m_award_years,m_distinct_projects,funding_R01,awards_R01,funding_R_OTHER,awards_R_OTHER,funding_U,awards_U,funding_P,awards_P,funding_K,awards_K,funding_T,awards_T,funding_F,awards_F,funding_M,awards_M,funding_OTHER,awards_OTHER,funding_UNMAPPED,awards_UNMAPPED,non_r01_funding,non_r01_award_years,funded_investigators,funded_contact_pis,funding_per_investigator,funding_per_project,mean_award_size,r01_funding_per_investigator,projects_per_investigator,r01_share_of_funding,rank_total_funding,rank_award_years,rank_distinct_projects,rank_r01_funding,rank_r01_award_years,rank_m_award_years,meets_intensity_floor,rank_funding_per_investigator,rank_total_funding_if_single_entity,rank_award_years_if_single_entity,rank_distinct_projects_if_single_entity,rank_r01_funding_if_single_entity,rank_r01_award_years_if_single_entity,rank_m_award_years_if_single_entity,is_ranked,n_ranked,rank_peer_set
FY2025,MGB_SYSTEM,Mass General Brigham (full system membership),Mass General Brigham (full system),UNITED STATES,True,1119207378.0,1776,1678,823938822.0,322675337.0,0,611184923.0,910,869,0.0,0,0,611184923.0,910,98833572.0,241,180329578.0,128,75521963.0,41,64467436.0,366,21095052.0,41,1259057.0,15,0.0,0,66515797.0,34,0.0,0,508022455.0,866,1564,1200,715606.0,666989.0,630184.0,390783.0,1.07,54.6,,,,,,,False,,1.0,1.0,1.0,1.0,1.0,1.0,False,2587,non-rollup institutions
FY2025,MGB_CORE,Mass General Brigham (MGH + BWH),Mass General Brigham,UNITED STATES,True,1050214939.0,1656,1563,773562183.0,301500631.0,0,569281275.0,839,803,0.0,0,0,569281275.0,839,92273100.0,228,172564079.0,123,67363349.0,36,60759362.0,344,20274440.0,38,1183537.0,14,0.0,0,66515797.0,34,0.0,0,480933664.0,817,1462,1112,718341.0,671923.0,634188.0,389385.0,1.07,54.2,,,,,,,False,,1.0,1.0,1.0,1.0,1.0,1.0,False,2587,non-rollup institutions
FY2025,IPF4134401,JOHNS HOPKINS UNIVERSITY,Johns Hopkins,UNITED STATES,False,844639942.0,1373,1266,658551170.0,233934461.0,0,361405582.0,592,555,0.0,0,0,361405582.0,592,96570650.0,251,246946978.0,160,64971102.0,35,28012258.0,156,29103872.0,62,5558773.0,101,0.0,0,12070727.0,16,0.0,0,483234360.0,781,1253,950,674094.0,667172.0,615178.0,288432.0,1.01,42.8,1.0,2.0,2.0,4.0,4.0,1.0,True,128.0,,,,,,,True,2587,non-rollup institutions
FY2025,IPF577508,"UNIVERSITY OF CALIFORNIA, SAN FRANCISCO",UCSF,UNITED STATES,False,812272938.0,1424,1276,598687507.0,232889513.0,0,414950837.0,676,577,0.0,0,0,414950837.0,676,107579275.0,207,133941033.0,107,59481205.0,32,45768773.0,233,26051052.0,48,5093279.0,93,0.0,0,19407484.0,28,0.0,0,397322101.0,748,1182,909,687202.0,636578.0,570416.0,351058.0,1.08,51.1,2.0,1.0,1.0,1.0,1.0,1.0,True,121.0,,,,,,,True,2587,non-rollup institutions
FY2025,IPF9083901,WASHINGTON UNIVERSITY,WashU St. Louis,UNITED STATES,False,725165957.0,1133,1075,555060244.0,206224306.0,0,366142732.0,567,545,0.0,0,0,366142732.0,567,83672341.0,176,153743966.0,101,54900318.0,29,23611944.0,123,20659220.0,43,3588732.0,78,0.0,0,18846704.0,16,0.0,0,359023225.0,566,1027,751,706101.0,674573.0,640041.0,356517.0,1.05,50.5,3.0,5.0,6.0,2.0,5.0,1.0,True,106.0,,,,,,,True,2587,non-rollup institutions
FY2025,IPF1506502,UNIVERSITY OF MICHIGAN AT ANN ARBOR,Michigan,UNITED STATES,False,718833027.0,1253,1212,550756577.0,203307694.0,0,360781304.0,597,575,0.0,0,0,360781304.0,597,105415340.0,227,141891298.0,74,44019045.0,29,31285874.0,141,24148849.0,59,5627398.0,119,0.0,0,5663919.0,7,0.0,0,358051723.0,656,1156,918,621828.0,593097.0,573690.0,312095.0,1.05,50.2,4.0,3.0,3.0,5.0,2.0,1.0,True,164.0,,,,,,,True,2587,non-rollup institutions
FY2025,IPF6463801,UNIVERSITY OF PENNSYLVANIA,Penn,UNITED STATES,False,712558671.0,1223,1178,523351751.0,217936558.0,0,351324042.0,595,565,0.0,0,0,351324042.0,595,97855925.0,183,132095790.0,78,62389234.0,32,22652199.0,111,25792726.0,54,7204297.0,150,0.0,0,13244458.0,20,0.0,0,361234629.0,628,1078,857,661001.0,604889.0,582632.0,325904.0,1.09,49.3,5.0,4.0,4.0,6.0,3.0,1.0,True,137.0,,,,,,,True,2587,non-rollup institutions
FY2025,IPF9420201,YALE UNIVERSITY,Yale,UNITED STATES,False,679461144.0,1112,1056,491577192.0,216678790.0,0,340118147.0,544,517,0.0,0,0,340118147.0,544,100651169.0,204,125784050.0,59,36464057.0,18,23048802.0,117,20109991.0,44,4373779.0,99,0.0,0,28911149.0,27,0.0,0,339342997.0,568,1011,768,672068.0,643429.0,611026.0,336418.0,1.04,50.1,6.0,7.0,7.0,7.0,7.0,1.0,True,129.0,,,,,,,True,2587,non-rollup institutions
FY2025,IPF2059802,UNIVERSITY OF PITTSBURGH AT PITTSBURGH,Pittsburgh,UNITED STATES,False,665904891.0,1127,1084,488556571.0,191040527.0,0,362482239.0,559,544,0.0,0,0,362482239.0,559,86311029.0,198,128837337.0,96,36606750.0,16,18071853.0,108,20427177.0,51,4554919.0,86,0.0,0,8613587.0,13,0.0,0,303422652.0,568,1080,820,616579.0,614303.0,590865.0,335632.0,1.0,54.4,7.0,6.0,5.0,3.0,6.0,1.0,True,171.0,,,,,,,True,2587,non-rollup institutions
FY2025,MGH,Massachusetts General Hospital,Massachusetts General Hospital,UNITED STATES,False,639107322.0,1030,963,478858542.0,175851255.0,0,327675301.0,493,463,0.0,0,0,327675301.0,493,59964995.0,156,110162224.0,82,40844747.0,21,39880462.0,220,10115722.0,19,866313.0,10,0.0,0,49597558.0,29,0.0,0,311432021.0,537,921,700,693928.0,663663.0,620493.0,355782.0,1.05,51.3,8.0,9.0,9.0,8.0,8.0,1.0,True,118.0,,,,,,,True,2587,non-rollup institutions
FY2025,IPF8046501,STANFORD UNIVERSITY,Stanford,UNITED STATES,False,636277463.0,1082,1042,463134920.0,186651321.0,0,295606002.0,485,468,0.0,0,0,295606002.0,485,78742057.0,165,130075677.0,90,49491362.0,25,31442056.0,162,19910911.0,42,4915340.0,83,0.0,0,26094058.0,30,0.0,0,340671461.0,597,918,732,693113.0,610631.0,588057.0,322011.0,1.14,46.5,9.0,8.0,8.0,11.0,9.0,1.0,True,120.0,,,,,,,True,2587,non-rollup institutions
FY2025,IPF2221101,DUKE UNIVERSITY,Duke,UNITED STATES,False,593187346.0,941,872,449324098.0,180971680.0,0,274520779.0,473,436,0.0,0,0,274520779.0,473,49362555.0,131,200222521.0,100,28239014.0,15,20081462.0,109,9932936.0,24,4039903.0,79,0.0,0,6788176.0,10,0.0,0,318666567.0,468,846,633,701167.0,680261.0,630380.0,324493.0,1.03,46.3,10.0,10.0,12.0,12.0,11.0,1.0,True,109.0,,,,,,,True,2587,non-rollup institutions
FY2025,IPF1833205,COLUMBIA UNIVERSITY HEALTH SCIENCES,Columbia,UNITED STATES,False,591653118.0,941,882,445724274.0,179408583.0,0,306455384.0,478,452,0.0,0,0,306455384.0,478,88896262.0,158,101769496.0,80,52038432.0,23,17377371.0,97,17902814.0,40,2830131.0,56,0.0,0,4383228.0,9,0.0,0,285197734.0,463,892,610,663288.0,670809.0,628749.0,343560.0,0.99,51.8,11.0,10.0,10.0,9.0,10.0,1.0,True,135.0,,,,,,,True,2587,non-rollup institutions
FY2025,IPF577507,"UNIVERSITY OF CALIFORNIA, SAN DIEGO",UC San Diego,UNITED STATES,False,568761632.0,938,881,420371812.0,168989985.0,0,301631104.0,466,438,0.0,0,0,301631104.0,466,79146767.0,186,112670188.0,86,22016483.0,14,15254729.0,79,14561972.0,36,3069093.0,58,0.0,0,20411296.0,13,0.0,0,267130528.0,472,820,609,693612.0,645586.0,606356.0,367843.0,1.07,53.0,12.0,12.0,11.0,10.0,12.0,1.0,True,119.0,,,,,,,True,2587,non-rollup institutions
FY2025,IPF577505,UNIVERSITY OF CALIFORNIA LOS ANGELES,UCLA,UNITED STATES,False,514009283.0,835,767,418379049.0,125008289.0,0,221429161.0,392,367,0.0,0,0,221429161.0,392,70127162.0,148,142756244.0,74,30986098.0,24,17276331.0,93,14968074.0,35,2533850.0,55,0.0,0,13932363.0,14,0.0,0,292580122.0,443,799,576,643316.0,670156.0,615580.0,277133.0,0.96,43.1,13.0,16.0,16.0,19.0,15.0,1.0,True,147.0,,,,,,,True,2587,non-rollup institutions
FY2025,IPF9087701,UNIVERSITY OF WASHINGTON,University of Washington,UNITED STATES,False,511144773.0,887,824,388415610.0,141774166.0,0,234659544.0,398,366,0.0,0,0,234659544.0,398,69571112.0,173,89023607.0,61,50068459.0,23,18145682.0,105,22118178.0,41,3227115.0,65,0.0,0,24331076.0,21,0.0,0,276485229.0,489,874,644,584834.0,620321.0,576262.0,268489.0,0.94,45.9,14.0,14.0,14.0,17.0,14.0,1.0,True,200.0,,,,,,,True,2587,non-rollup institutions
FY2025,IPF578206,UNIV OF NORTH CAROLINA CHAPEL HILL,UNC Chapel Hill,UNITED STATES,False,506080899.0,920,860,381073689.0,132962758.0,0,227506399.0,388,357,0.0,0,0,227506399.0,388,76913495.0,194,86716211.0,69,41485670.0,22,18741945.0,93,20647754.0,53,3934790.0,85,0.0,0,30134635.0,16,0.0,0,278574500.0,532,880,636,575092.0,588466.0,550088.0,258530.0,0.98,45.0,15.0,13.0,13.0,18.0,16.0,1.0,True,208.0,,,,,,,True,2587,non-rollup institutions
FY2025,IPF2384501,EMORY UNIVERSITY,Emory,UNITED STATES,False,485328443.0,861,810,362910529.0,136834333.0,0,261079756.0,426,405,0.0,0,0,261079756.0,426,51594179.0,140,87159494.0,70,41515019.0,21,14350528.0,71,12551873.0,31,4608993.0,87,0.0,0,12468601.0,15,0.0,0,224248687.0,435,813,595,596960.0,599171.0,563680.0,321131.0,1.0,53.8,16.0,15.0,15.0,13.0,13.0,1.0,True,188.0,,,,,,,True,2587,non-rollup institutions
FY2025,IPF3839801,ICAHN SCHOOL OF MEDICINE AT MOUNT SINAI,Mount Sinai,UNITED STATES,False,474727129.0,696,658,333687043.0,150942485.0,0,249820209.0,370,351,0.0,0,0,249820209.0,370,44988248.0,96,111413866.0,69,32334206.0,14,13777848.0,66,8509943.0,19,2686530.0,51,0.0,0,11196279.0,11,0.0,0,224906920.0,326,609,457,779519.0,721470.0,682079.0,410214.0,1.08,52.6,17.0,19.0,19.0,14.0,17.0,1.0,True,82.0,,,,,,,True,2587,non-rollup institutions
FY2025,IPF10040927,VANDERBILT UNIVERSITY MEDICAL CENTER,Vanderbilt Medical Center,UNITED STATES,False,451610845.0,524,489,343353243.0,118148959.0,0,179144677.0,266,253,0.0,0,0,179144677.0,266,31896612.0,57,90137779.0,60,37516070.0,15,15859348.0,85,7550760.0,20,233580.0,3,0.0,0,89272019.0,18,0.0,0,272466168.0,258,511,352,883779.0,923540.0,861853.0,350577.0,0.96,39.7,18.0,31.0,31.0,26.0,28.0,1.0,True,61.0,,,,,,,True,2587,non-rollup institutions
FY2025,IPF5998304,NEW YORK UNIVERSITY SCHOOL OF MEDICINE,NYU Grossman,UNITED STATES,False,439102068.0,596,564,319720845.0,141896373.0,0,235739093.0,331,312,0.0,0,0,235739093.0,331,46143661.0,88,113791797.0,51,18346135.0,12,11484534.0,62,3202476.0,8,1903070.0,35,0.0,0,8491302.0,9,0.0,0,203362975.0,265,560,397,784111.0,778550.0,736748.0,420963.0,1.01,53.7,19.0,23.0,24.0,16.0,22.0,1.0,True,80.0,,,,,,,True,2587,non-rollup institutions
FY2025,BWH,Brigham and Women's Hospital,Brigham and Women's Hospital,UNITED STATES,False,411107617.0,626,600,294703641.0,125649376.0,0,241605974.0,346,340,0.0,0,0,241605974.0,346,32308105.0,72,62401855.0,41,26518602.0,15,20878900.0,124,10158718.0,19,317224.0,4,0.0,0,16918239.0,5,0.0,0,169501643.0,280,567,418,725058.0,685179.0,656721.0,426113.0,1.06,58.8,20.0,22.0,22.0,15.0,18.0,1.0,True,100.0,,,,,,,True,2587,non-rollup institutions
FY2025,IPF6144650,NORTHWESTERN UNIVERSITY AT CHICAGO,Northwestern,UNITED STATES,False,403103913.0,671,649,296911797.0,122929285.0,0,210750395.0,341,336,0.0,0,0,210750395.0,341,48579602.0,97,79149029.0,58,32732079.0,14,10597029.0,58,10032956.0,31,3181387.0,63,0.0,0,8081436.0,9,0.0,0,192353518.0,330,594,446,678626.0,621115.0,600751.0,354799.0,1.09,52.3,21.0,20.0,20.0,20.0,19.0,1.0,True,125.0,,,,,,,True,2587,non-rollup institutions
FY2025,IPF578503,UNIVERSITY OF WISCONSIN-MADISON,Wisconsin–Madison,UNITED STATES,False,396445510.0,652,626,285062349.0,115488040.0,0,191568161.0,305,291,0.0,0,0,191568161.0,305,80742463.0,159,53855776.0,38,36400048.0,15,8463095.0,45,13525236.0,30,2291886.0,54,0.0,0,9598845.0,6,0.0,0,204877349.0,347,618,490,641498.0,633300.0,608045.0,309981.0,1.01,48.3,22.0,21.0,21.0,21.0,25.0,1.0,True,148.0,,,,,,,True,2587,non-rollup institutions
FY2025,IPF1450402,UNIVERSITY OF MINNESOTA,Minnesota,UNITED STATES,False,367600394.0,697,664,272498995.0,103950966.0,0,189935344.0,334,311,0.0,0,0,189935344.0,334,58067230.0,148,53207789.0,41,37139640.0,20,10884056.0,56,11076335.0,32,2620306.0,60,0.0,0,4669694.0,6,0.0,0,177665050.0,363,668,507,550300.0,553615.0,527404.0,284334.0,0.99,51.7,23.0,18.0,18.0,22.0,20.0,1.0,True,230.0,,,,,,,True,2587,non-rollup institutions
FY2025,IPF7636101,UNIVERSITY OF SOUTHERN CALIFORNIA,USC,UNITED STATES,False,362232336.0,489,460,261241946.0,106420136.0,0,156363550.0,262,240,0.0,0,0,156363550.0,262,48797616.0,95,111441660.0,44,31432105.0,15,6779922.0,35,2641425.0,8,1241342.0,25,0.0,0,3534716.0,5,0.0,0,205868786.0,227,461,330,785753.0,787462.0,740761.0,339183.0,1.0,43.2,24.0,33.0,33.0,29.0,30.0,1.0,True,79.0,,,,,,,True,2587,non-rollup institutions
FY2025,IPF1199905,UNIVERSITY OF COLORADO DENVER,Colorado Denver,UNITED STATES,False,356529207.0,781,735,269044698.0,94987885.0,0,184407759.0,332,307,0.0,0,0,184407759.0,332,56005312.0,175,57802057.0,45,15477170.0,11,19912675.0,111,13419799.0,32,3011461.0,66,0.0,0,6492974.0,9,0.0,0,172121448.0,449,720,553,495179.0,485074.0,456503.0,256122.0,1.02,51.7,25.0,17.0,17.0,24.0,21.0,1.0,True,277.0,,,,,,,True,2587,non-rollup institutions
FY2025,IPF10068583,FRED HUTCHINSON CANCER CENTER,Fred Hutch,UNITED STATES,False,355603445.0,271,245,262906753.0,107035093.0,0,83812701.0,118,117,0.0,0,0,83812701.0,118,23283024.0,48,205915283.0,55,25480066.0,10,3229330.0,22,953657.0,2,533287.0,9,0.0,0,12396097.0,7,0.0,0,271790744.0,153,255,187,1394523.0,1451443.0,1312190.0,328677.0,0.96,23.6,26.0,60.0,62.0,58.0,66.0,1.0,True,21.0,,,,,,,True,2587,non-rollup institutions
FY2025,HARVARD_ENTITIES,Harvard University entities,Harvard University entities,UNITED STATES,True,318161908.0,581,547,253307092.0,88143034.0,0,129626625.0,227,212,0.0,0,0,129626625.0,227,46138948.0,86,85466785.0,39,20085002.0,16,6837960.0,45,16438332.0,30,5941958.0,127,0.0,0,7626298.0,11,0.0,0,188535283.0,354,544,418,584856.0,581649.0,547611.0,238284.0,1.01,40.7,,,,,,,False,,27.0,25.0,25.0,38.0,36.0,1.0,False,2587,non-rollup institutions
FY2025,IPF578404,UT SOUTHWESTERN MEDICAL CENTER,UT Southwestern,UNITED STATES,False,317545566.0,583,568,223196503.0,105201674.0,0,188171340.0,326,316,0.0,0,0,188171340.0,326,51063421.0,114,34967031.0,24,23101270.0,10,10183057.0,56,3512257.0,10,1687589.0,35,0.0,0,4859601.0,8,0.0,0,129374226.0,257,508,422,625090.0,559059.0,544675.0,370416.0,1.12,59.3,27.0,24.0,23.0,23.0,23.0,1.0,True,157.0,,,,,,,True,2587,non-rollup institutions
FY2025,IPF1514803,WEILL MEDICAL COLL OF CORNELL UNIV,Weill Cornell,UNITED STATES,False,316739169.0,525,504,229656520.0,94286156.0,0,182665818.0,279,268,0.0,0,0,182665818.0,279,28467601.0,58,48596401.0,32,27558999.0,12,12417698.0,60,7878899.0,16,3507541.0,65,0.0,0,5646212.0,3,0.0,0,134073351.0,246,490,369,646406.0,628451.0,603313.0,372787.0,1.03,57.7,28.0,30.0,30.0,25.0,26.0,1.0,True,144.0,,,,,,,True,2587,non-rollup institutions
FY2025,IPF6297007,OREGON HEALTH & SCIENCE UNIVERSITY,OHSU,UNITED STATES,False,312096672.0,469,448,236163766.0,80715211.0,0,139014410.0,223,216,0.0,0,0,139014410.0,223,43152639.0,93,70569937.0,45,31306122.0,9,9616197.0,41,6816354.0,16,1932104.0,35,0.0,0,9688909.0,7,0.0,0,173082262.0,246,442,326,706101.0,696644.0,665451.0,314512.0,1.01,44.5,29.0,34.0,34.0,35.0,37.0,1.0,True,106.0,,,,,,,True,2587,non-rollup institutions
FY2025,IPF481201,BAYLOR COLLEGE OF MEDICINE,Baylor College of Medicine,UNITED STATES,False,306825861.0,555,527,223796292.0,92124849.0,0,152449508.0,278,260,0.0,0,0,152449508.0,278,29386345.0,82,67195571.0,59,24271798.0,15,7318590.0,38,8930798.0,17,2790612.0,52,0.0,0,14482639.0,14,0.0,0,154376353.0,277,509,381,602801.0,582212.0,552839.0,299508.0,1.04,49.7,30.0,26.0,26.0,30.0,27.0,1.0,True,180.0,,,,,,,True,2587,non-rollup institutions
FY2025,IPF1288803,UNIVERSITY OF ALABAMA AT BIRMINGHAM,UAB,UNITED STATES,False,298466164.0,543,515,231691417.0,76798517.0,0,137666521.0,257,242,0.0,0,0,137666521.0,257,41643013.0,93,55735765.0,42,34520499.0,22,11700466.0,64,10071505.0,28,1449170.0,33,0.0,0,5679225.0,4,0.0,0,160799643.0,286,517,393,577304.0,579546.0,549661.0,266280.0,1.0,46.1,31.0,28.0,29.0,37.0,32.0,1.0,True,204.0,,,,,,,True,2587,non-rollup institutions
FY2025,IPF577503,UNIVERSITY OF CALIFORNIA AT DAVIS,UC Davis,UNITED STATES,False,296924879.0,505,463,216866693.0,87647867.0,0,146412525.0,244,217,0.0,0,0,146412525.0,244,54422783.0,113,42801110.0,38,34021783.0,12,9649419.0,39,6358825.0,19,1617646.0,36,0.0,0,1640788.0,4,0.0,0,150512354.0,261,460,346,645489.0,641306.0,587970.0,318288.0,1.01,49.3,32.0,32.0,32.0,31.0,34.0,1.0,True,145.0,,,,,,,True,2587,non-rollup institutions
FY2025,IPF6218701,OHIO STATE UNIVERSITY,Ohio State,UNITED STATES,False,293314849.0,540,525,209587256.0,85786312.0,0,172211754.0,311,302,0.0,0,0,172211754.0,311,40395955.0,104,50536395.0,28,11976578.0,6,8993013.0,44,5377116.0,17,1288716.0,25,0.0,0,2535322.0,5,0.0,0,121103095.0,229,578,431,507465.0,558695.0,543176.0,297944.0,0.91,58.7,33.0,29.0,27.0,27.0,24.0,1.0,True,266.0,,,,,,,True,2587,non-rollup institutions
FY2025,IPF4976101,MAYO CLINIC ROCHESTER,Mayo Clinic Rochester,UNITED STATES,False,289550489.0,419,408,206445758.0,86216297.0,0,142828712.0,240,240,0.0,0,0,142828712.0,240,29202605.0,54,56256921.0,46,23885643.0,10,9095013.0,41,6386469.0,13,662382.0,13,0.0,0,21232744.0,2,0.0,0,146721777.0,179,388,296,746264.0,709683.0,691051.0,368115.0,1.05,49.3,34.0,38.0,37.0,34.0,35.0,1.0,True,96.0,,,,,,,True,2587,non-rollup institutions
FY2025,IPF513806,UNIVERSITY OF FLORIDA,Florida,UNITED STATES,False,276959755.0,558,537,202421543.0,79534327.0,0,145036470.0,266,255,0.0,0,0,145036470.0,266,51959074.0,128,39202469.0,32,17134863.0,11,6536147.0,40,6931010.0,23,2231665.0,49,0.0,0,7928057.0,9,0.0,0,131923285.0,292,570,417,485894.0,515754.0,496344.0,254450.0,0.94,52.4,35.0,25.0,25.0,33.0,28.0,1.0,True,287.0,,,,,,,True,2587,non-rollup institutions
FY2025,IPF1413601,UNIVERSITY OF CHICAGO,University of Chicago,UNITED STATES,False,269345016.0,445,426,197046666.0,77325716.0,0,116100606.0,187,182,0.0,0,0,116100606.0,187,54550222.0,123,52265435.0,34,17535779.0,9,5966033.0,29,11990834.0,25,1735479.0,31,0.0,0,9200628.0,7,0.0,0,153244410.0,258,427,310,630785.0,632265.0,605270.0,271898.0,1.0,43.1,36.0,35.0,35.0,40.0,44.0,1.0,True,153.0,,,,,,,True,2587,non-rollup institutions
FY2025,IPF514002,UNIVERSITY OF UTAH,University of Utah,UNITED STATES,False,262641224.0,544,519,195013648.0,71242739.0,0,137905488.0,245,235,0.0,0,0,137905488.0,245,43164003.0,126,50296410.0,44,7756729.0,3,11495569.0,59,6933850.0,22,2024167.0,41,0.0,0,3065008.0,4,0.0,0,124735736.0,299,528,408,497427.0,506052.0,482796.0,261185.0,0.98,52.5,37.0,27.0,28.0,36.0,33.0,1.0,True,274.0,,,,,,,True,2587,non-rollup institutions
FY2025,IPF577806,INDIANA UNIVERSITY INDIANAPOLIS,Indiana Indianapolis,UNITED STATES,False,246202635.0,402,378,186759935.0,71468018.0,0,108338459.0,201,190,0.0,0,0,108338459.0,201,24470177.0,63,74528042.0,43,21534539.0,10,8272532.0,46,5897960.0,17,903075.0,19,0.0,0,2257851.0,3,0.0,0,137864176.0,201,397,294,620158.0,651330.0,612444.0,272893.0,0.95,44.0,38.0,40.0,40.0,44.0,40.0,1.0,True,166.0,,,,,,,True,2587,non-rollup institutions
FY2025,IPF1504801,BOSTON CHILDREN'S HOSPITAL,Boston Children's,UNITED STATES,False,242864808.0,408,392,165855439.0,82954282.0,0,145855148.0,218,209,0.0,0,0,145855148.0,218,31431595.0,70,35081370.0,26,8836713.0,4,9850683.0,61,6466278.0,12,1093872.0,16,0.0,0,4249149.0,1,0.0,0,97009660.0,190,346,265,701921.0,619553.0,595257.0,421547.0,1.13,60.1,39.0,39.0,39.0,32.0,38.0,1.0,True,108.0,,,,,,,True,2587,non-rollup institutions
FY2025,IPF5079202,SLOAN-KETTERING INST CAN RESEARCH,Memorial Sloan Kettering,UNITED STATES,False,239211076.0,324,311,151653842.0,91110263.0,0,114619865.0,170,164,0.0,0,0,114619865.0,170,34501492.0,59,44757177.0,25,33142911.0,14,7516704.0,36,2233260.0,7,466470.0,9,0.0,0,1973197.0,4,0.0,0,124591211.0,154,290,222,824866.0,769167.0,738306.0,395241.0,1.07,47.9,40.0,48.0,50.0,41.0,48.0,1.0,True,68.0,,,,,,,True,2587,non-rollup institutions
FY2025,IPF577504,UNIVERSITY OF CALIFORNIA-IRVINE,UC Irvine,UNITED STATES,False,234112469.0,441,406,172627109.0,70395906.0,0,124146171.0,225,200,0.0,0,0,124146171.0,225,40433693.0,94,36391629.0,21,12577455.0,7,2734214.0,18,6133907.0,21,1916331.0,39,0.0,0,9779069.0,16,0.0,0,109966298.0,216,415,293,564126.0,576632.0,530867.0,299147.0,0.98,53.0,41.0,36.0,38.0,38.0,36.0,1.0,True,218.0,,,,,,,True,2587,non-rollup institutions
FY2025,IPF1526402,UNIVERSITY OF VIRGINIA,Virginia,UNITED STATES,False,230978378.0,435,420,163807224.0,69111442.0,0,158505427.0,258,249,0.0,0,0,158505427.0,258,27044630.0,74,20455128.0,17,8666813.0,5,3659138.0,23,7285636.0,17,1605819.0,35,0.0,0,3755787.0,6,0.0,0,72472951.0,177,407,308,567514.0,549949.0,530985.0,389448.0,1.03,68.6,42.0,37.0,36.0,28.0,31.0,1.0,True,215.0,,,,,,,True,2587,non-rollup institutions
FY2025,IPF578407,UNIVERSITY OF TX MD ANDERSON CAN CTR,MD Anderson,UNITED STATES,False,217218618.0,363,343,150343940.0,71484054.0,0,120608460.0,217,206,0.0,0,0,120608460.0,217,20929900.0,64,38730007.0,35,30185518.0,14,4007481.0,20,2417468.0,5,339784.0,8,0.0,0,0.0,0,0.0,0,96610158.0,146,370,250,587077.0,633290.0,598398.0,325969.0,0.93,55.5,43.0,43.0,43.0,39.0,39.0,1.0,True,197.0,,,,,,,True,2587,non-rollup institutions
FY2025,IPF10034168,RUTGERS BIOMEDICAL AND HEALTH SCIENCES,Rutgers Health (RBHS),UNITED STATES,False,212004764.0,384,361,154471161.0,60158586.0,0,114329937.0,194,179,0.0,0,0,114329937.0,194,39733439.0,102,32580109.0,21,10931896.0,8,6758464.0,27,2542220.0,7,891214.0,19,0.0,0,4237485.0,6,0.0,0,97674827.0,190,360,275,588902.0,587271.0,552096.0,317583.0,1.0,53.9,44.0,41.0,41.0,42.0,41.0,1.0,True,195.0,,,,,,,True,2587,non-rollup institutions
FY2025,IPF820104,UNIVERSITY OF MARYLAND BALTIMORE,Maryland Baltimore,UNITED STATES,False,196535039.0,380,347,153999717.0,53821918.0,0,106020028.0,192,177,0.0,0,0,106020028.0,192,33055561.0,78,34728165.0,39,7848280.0,7,4062119.0,26,5643813.0,13,807089.0,18,0.0,0,4369984.0,7,0.0,0,90515011.0,188,372,262,528320.0,566383.0,517197.0,285000.0,0.93,53.9,45.0,42.0,42.0,45.0,43.0,1.0,True,250.0,,,,,,,True,2587,non-rollup institutions
FY2025,IPF850903,UNIV OF MASSACHUSETTS MED SCH WORCESTER,UMass Chan Medical School,UNITED STATES,False,188862100.0,343,327,130605372.0,61677995.0,0,90871978.0,152,145,0.0,0,0,90871978.0,152,44830839.0,88,31791230.0,25,12185694.0,6,3742524.0,24,2482299.0,6,1450036.0,40,0.0,0,1507500.0,2,0.0,0,97990122.0,191,311,247,607274.0,577560.0,550618.0,292193.0,1.05,48.1,46.0,46.0,46.0,53.0,51.0,1.0,True,176.0,,,,,,,True,2587,non-rollup institutions
FY2025,IPF1499101,CHILDREN'S HOSP OF PHILADELPHIA,CHOP,UNITED STATES,False,188432733.0,302,290,131697774.0,59740427.0,0,91614428.0,137,132,0.0,0,0,91614428.0,137,24451196.0,50,41566397.0,27,8101603.0,5,9394918.0,56,4067278.0,9,650014.0,9,0.0,0,8586899.0,9,0.0,0,96818305.0,165,294,224,640928.0,649768.0,623949.0,311614.0,0.99,48.6,47.0,54.0,54.0,52.0,56.0,1.0,True,149.0,,,,,,,True,2587,non-rollup institutions
FY2025,IPF10053556,ALBERT EINSTEIN COLLEGE OF MEDICINE,Einstein College of Medicine,UNITED STATES,False,187946679.0,276,260,135633590.0,54710376.0,0,93166860.0,150,146,0.0,0,0,93166860.0,150,19567026.0,39,50697811.0,21,12477720.0,6,6448018.0,25,4158424.0,8,1430820.0,27,0.0,0,0.0,0,0.0,0,94779819.0,126,280,199,671238.0,722872.0,680966.0,332739.0,0.93,49.6,48.0,58.0,58.0,51.0,52.0,1.0,True,131.0,,,,,,,True,2587,non-rollup institutions
FY2025,IPF490201,UNIVERSITY OF ARIZONA,University of Arizona,UNITED STATES,False,186425208.0,293,282,145532749.0,49919100.0,0,105254998.0,178,168,0.0,0,0,105254998.0,178,23170359.0,53,25527002.0,15,20283046.0,9,1583846.0,10,4287754.0,12,557249.0,12,0.0,0,5760954.0,4,0.0,0,81170210.0,115,286,205,651836.0,661082.0,636264.0,368024.0,0.99,56.5,49.0,55.0,55.0,46.0,46.0,1.0,True,140.0,,,,,,,True,2587,non-rollup institutions
FY2025,IPF578417,UNIVERSITY OF TEXAS HLTH SCI CTR HOUSTON,UTHealth Houston,UNITED STATES,False,184568224.0,322,315,136045174.0,52964625.0,0,110287036.0,194,189,0.0,0,0,110287036.0,194,26619050.0,59,34739227.0,25,3581112.0,2,3860995.0,21,2690894.0,9,384137.0,10,0.0,0,2405773.0,2,0.0,0,74281188.0,128,321,233,574979.0,585931.0,573193.0,343573.0,0.98,59.8,50.0,50.0,48.0,43.0,41.0,1.0,True,209.0,,,,,,,True,2587,non-rollup institutions
FY2025,IPF894901,BOSTON UNIVERSITY MEDICAL CAMPUS,BU Medical Campus,UNITED STATES,False,180629388.0,282,260,144972178.0,48583510.0,0,90711796.0,138,127,0.0,0,0,90711796.0,138,20133161.0,44,41116730.0,22,15643807.0,6,5411795.0,31,3802666.0,11,1306110.0,25,0.0,0,2503323.0,5,0.0,0,89917592.0,144,290,201,622860.0,694728.0,640530.0,312799.0,0.9,50.2,51.0,57.0,58.0,54.0,54.0,1.0,True,161.0,,,,,,,True,2587,non-rollup institutions
FY2025,IPF5221250,UNIVERSITY OF MIAMI SCHOOL OF MEDICINE,Miami,UNITED STATES,False,179083996.0,274,247,136801860.0,48031985.0,0,88463612.0,138,130,0.0,0,0,88463612.0,138,25790538.0,47,45973127.0,40,6404133.0,4,3774219.0,17,3084086.0,8,925132.0,17,0.0,0,4669149.0,3,0.0,0,90620384.0,136,262,180,683527.0,725036.0,653591.0,337647.0,0.94,49.4,52.0,59.0,61.0,55.0,54.0,1.0,True,123.0,,,,,,,True,2587,non-rollup institutions
FY2025,IPF7047101,UNIVERSITY OF ROCHESTER,Rochester,UNITED STATES,False,178923383.0,344,333,133448669.0,49454132.0,0,85959666.0,170,164,0.0,0,0,85959666.0,170,25067095.0,62,28283939.0,24,17146755.0,12,6070991.0,33,5179532.0,15,1156957.0,22,0.0,0,10058448.0,6,0.0,0,92963717.0,174,327,264,547166.0,537307.0,520126.0,262874.0,1.02,48.0,53.0,44.0,44.0,56.0,48.0,1.0,True,235.0,,,,,,,True,2587,non-rollup institutions
FY2025,DFCI,Dana-Farber Cancer Institute,Dana-Farber Cancer Institute,UNITED STATES,False,176991681.0,235,221,123919571.0,56171100.0,0,63094095.0,102,93,0.0,0,0,63094095.0,102,19388894.0,30,44159855.0,28,38912851.0,15,7337458.0,46,936151.0,2,566022.0,9,0.0,0,2596355.0,3,0.0,0,113897586.0,133,220,164,804508.0,800867.0,753156.0,286791.0,1.0,35.6,54.0,65.0,65.0,72.0,72.0,1.0,True,71.0,,,,,,,True,2587,non-rollup institutions
FY2025,IPF3972901,UNIVERSITY OF IOWA,University of Iowa,UNITED STATES,False,171285090.0,344,333,122935782.0,49800080.0,0,96929090.0,179,174,0.0,0,0,96929090.0,179,23201474.0,72,14076714.0,17,18764073.0,11,4074720.0,20,6940687.0,21,744149.0,19,0.0,0,6554183.0,5,0.0,0,74356000.0,165,327,264,523808.0,514370.0,497922.0,296419.0,1.02,56.6,55.0,44.0,44.0,48.0,45.0,1.0,True,253.0,,,,,,,True,2587,non-rollup institutions
FY2025,IPF218601,CASE WESTERN RESERVE UNIVERSITY,Case Western Reserve,UNITED STATES,False,170333680.0,317,303,123859477.0,50666263.0,0,97497258.0,175,167,0.0,0,0,97497258.0,175,19031288.0,55,26398277.0,19,16258422.0,7,3104606.0,15,4893922.0,15,1373213.0,27,0.0,0,1776694.0,4,0.0,0,72836422.0,142,330,245,516163.0,562157.0,537330.0,295446.0,0.92,57.2,56.0,51.0,52.0,47.0,47.0,1.0,True,259.0,,,,,,,True,2587,non-rollup institutions
FY2025,IPF615001,CINCINNATI CHILDRENS HOSP MED CTR,Cincinnati Children's,UNITED STATES,False,169694345.0,289,278,118958303.0,52501966.0,0,94387602.0,149,146,0.0,0,0,94387602.0,149,28193394.0,59,29610459.0,32,8314227.0,6,3674887.0,18,2860295.0,9,653481.0,15,0.0,0,2000000.0,1,0.0,0,75306743.0,140,271,209,626178.0,610411.0,587178.0,348294.0,1.03,55.6,57.0,56.0,56.0,49.0,53.0,1.0,True,156.0,,,,,,,True,2587,non-rollup institutions
FY2025,IPF577703,UNIVERSITY OF ILLINOIS AT CHICAGO,Illinois Chicago,UNITED STATES,False,167485191.0,323,314,121561974.0,53642623.0,0,93846579.0,162,157,0.0,0,0,93846579.0,162,28269574.0,62,20305489.0,18,10244808.0,7,6487968.0,28,3995198.0,11,1628129.0,32,0.0,0,2707446.0,3,0.0,0,73638612.0,161,305,241,549132.0,533392.0,518530.0,307694.0,1.03,56.0,58.0,49.0,49.0,50.0,50.0,1.0,True,232.0,,,,,,,True,2587,non-rollup institutions
FY2025,IPF7375802,"SCRIPPS RESEARCH INSTITUTE, THE",Scripps Research,UNITED STATES,False,162414722.0,185,181,116395195.0,63128055.0,0,71931398.0,93,92,0.0,0,0,71931398.0,93,25131570.0,48,41604439.0,12,16484383.0,7,1979806.0,8,1710940.0,4,406595.0,9,0.0,0,3165591.0,4,0.0,0,90483324.0,92,144,111,1127880.0,897319.0,877917.0,499524.0,1.26,44.3,59.0,76.0,74.0,63.0,79.0,1.0,True,34.0,,,,,,,True,2587,non-rollup institutions
FY2025,IPF9021205,WAKE FOREST UNIVERSITY HEALTH SCIENCES,Wake Forest,UNITED STATES,False,148775008.0,222,215,112315772.0,42056012.0,0,74095708.0,100,96,0.0,0,0,74095708.0,100,18604911.0,36,34825380.0,34,14487366.0,9,2842181.0,15,3128178.0,12,791284.0,16,0.0,0,0.0,0,0.0,0,74679300.0,122,246,173,604776.0,691977.0,670158.0,301202.0,0.87,49.8,60.0,70.0,68.0,60.0,74.0,1.0,True,178.0,,,,,,,True,2587,non-rollup institutions
FY2025,IPF577502,UNIVERSITY OF CALIFORNIA BERKELEY,UC Berkeley,UNITED STATES,False,146309227.0,307,294,107347643.0,42239105.0,0,69968510.0,134,125,0.0,0,0,69968510.0,134,37077667.0,75,12311025.0,12,10564609.0,6,2345533.0,18,7798454.0,16,2029518.0,38,0.0,0,4213911.0,8,0.0,0,76340717.0,173,273,229,535931.0,497650.0,476577.0,256295.0,1.08,47.8,61.0,53.0,53.0,65.0,58.0,1.0,True,243.0,,,,,,,True,2587,non-rollup institutions
FY2025,HMS,Harvard Medical School,Harvard Medical School,UNITED STATES,False,144209311.0,317,304,104068776.0,44571770.0,0,68192615.0,121,113,0.0,0,0,68192615.0,121,29727082.0,51,21452117.0,11,5882890.0,3,3830308.0,20,9696799.0,14,4410500.0,96,0.0,0,1017000.0,1,0.0,0,76016696.0,196,282,232,511381.0,474373.0,454919.0,241818.0,1.08,47.3,62.0,51.0,51.0,66.0,63.0,1.0,True,263.0,,,,,,,True,2587,non-rollup institutions
FY2025,BIDMC,Beth Israel Deaconess Medical Center,Beth Israel Deaconess,UNITED STATES,False,143374399.0,220,213,103902312.0,43033875.0,0,84046387.0,128,125,0.0,0,0,84046387.0,128,15555211.0,25,21714691.0,13,9995358.0,5,6202716.0,36,1811811.0,6,151040.0,2,0.0,0,3897185.0,5,0.0,0,59328012.0,92,206,153,695992.0,673119.0,651702.0,407992.0,1.03,58.6,63.0,71.0,69.0,57.0,60.0,1.0,True,117.0,,,,,,,True,2587,non-rollup institutions
FY2025,IPF2793601,UNIVERSITY OF KENTUCKY,University of Kentucky,UNITED STATES,False,143266897.0,266,261,102780955.0,42106840.0,0,74918911.0,137,134,0.0,0,0,74918911.0,137,21749896.0,60,15123546.0,9,21439777.0,11,4429534.0,22,2620501.0,9,601198.0,15,0.0,0,2383534.0,3,0.0,0,68347986.0,129,256,199,559636.0,548915.0,538597.0,292652.0,1.02,52.3,64.0,61.0,57.0,59.0,56.0,1.0,True,220.0,,,,,,,True,2587,non-rollup institutions
FY2025,IPF7575301,MEDICAL UNIVERSITY OF SOUTH CAROLINA,MUSC,UNITED STATES,False,142897791.0,255,249,108345607.0,37096453.0,0,64205980.0,110,109,0.0,0,0,64205980.0,110,12310903.0,38,21215398.0,23,20233090.0,15,6754699.0,33,5529885.0,12,1086062.0,20,0.0,0,11561774.0,4,0.0,0,78691811.0,145,238,184,600411.0,573887.0,560383.0,269773.0,1.05,44.9,65.0,62.0,60.0,71.0,70.0,1.0,True,185.0,,,,,,,True,2587,non-rollup institutions
FY2025,IPF578418,UNIVERSITY OF TEXAS HLTH SCIENCE CENTER,UT Health San Antonio,UNITED STATES,False,137221397.0,225,211,108082824.0,39183589.0,0,70678056.0,125,117,0.0,0,0,70678056.0,125,10882896.0,35,36187629.0,21,13099481.0,7,1701782.0,5,2954716.0,11,746316.0,16,0.0,0,970521.0,5,0.0,0,66543341.0,100,225,154,609873.0,650338.0,609873.0,314125.0,0.94,51.5,66.0,67.0,71.0,64.0,62.0,1.0,True,174.0,,,,,,,True,2587,non-rollup institutions
FY2025,IPF4911501,MASSACHUSETTS INSTITUTE OF TECHNOLOGY,MIT,UNITED STATES,False,133717787.0,199,199,99976592.0,35871171.0,0,59518319.0,96,96,0.0,0,0,59518319.0,96,23742144.0,42,34195891.0,19,6340885.0,2,1356974.0,13,2314708.0,4,1062314.0,17,0.0,0,5186552.0,6,0.0,0,74199468.0,103,192,142,696447.0,671949.0,671949.0,309991.0,1.04,44.5,67.0,73.0,72.0,75.0,75.0,1.0,True,116.0,,,,,,,True,2587,non-rollup institutions
FY2025,IPF10021177,"BROAD INSTITUTE, INC.",Broad Institute,UNITED STATES,False,132504101.0,107,97,107292563.0,32255011.0,0,23327639.0,32,28,0.0,0,0,23327639.0,32,12521785.0,21,73684232.0,32,0.0,0,1298134.0,11,0.0,0,279964.0,4,0.0,0,21392347.0,7,0.0,0,109176462.0,75,117,72,1132514.0,1366022.0,1238356.0,199382.0,0.83,17.6,68.0,123.0,126.0,143.0,159.0,1.0,True,33.0,,,,,,,True,2587,non-rollup institutions
FY2025,IPF1003201,BROWN UNIVERSITY,Brown University,UNITED STATES,False,132460334.0,233,213,101962994.0,35444422.0,0,65222216.0,118,106,0.0,0,0,65222216.0,118,17564368.0,51,24288894.0,11,14238985.0,7,2075883.0,13,5588085.0,14,875906.0,16,0.0,0,2605997.0,3,0.0,0,67238118.0,115,230,164,575914.0,621880.0,568499.0,283575.0,0.93,49.2,69.0,66.0,69.0,70.0,66.0,1.0,True,206.0,,,,,,,True,2587,non-rollup institutions
FY2025,IPF8721001,VANDERBILT UNIVERSITY,Vanderbilt University,UNITED STATES,False,132106013.0,328,321,98957073.0,35793147.0,0,67706071.0,116,113,0.0,0,0,67706071.0,116,34009518.0,77,11879119.0,10,1780382.0,1,943594.0,7,10317469.0,23,3725290.0,90,0.0,0,1744570.0,4,0.0,0,64399942.0,212,319,255,414125.0,411545.0,402762.0,212245.0,1.01,51.3,70.0,47.0,47.0,67.0,69.0,1.0,True,358.0,,,,,,,True,2587,non-rollup institutions
FY2025,IPF578403,UNIVERSITY OF TEXAS AT AUSTIN,UT Austin,UNITED STATES,False,122638596.0,253,244,108456936.0,34560490.0,0,65918002.0,128,121,0.0,0,0,65918002.0,128,33920163.0,74,12183910.0,8,1321834.0,2,1470989.0,10,2167844.0,7,1127951.0,22,0.0,0,4527903.0,2,0.0,0,56720594.0,125,262,205,468086.0,502617.0,484738.0,251595.0,0.93,53.7,71.0,63.0,63.0,69.0,60.0,1.0,True,296.0,,,,,,,True,2587,non-rollup institutions
FY2025,IPF10000858,CLEVELAND CLINIC LERNER COM-CWRU,Cleveland Clinic,UNITED STATES,False,118611657.0,225,217,82187975.0,38481927.0,0,73983606.0,134,131,0.0,0,0,73983606.0,134,14362719.0,31,10088782.0,19,13699668.0,7,3157491.0,20,1315777.0,5,393614.0,7,0.0,0,1610000.0,2,0.0,0,44628051.0,91,219,164,541606.0,546597.0,527163.0,337825.0,0.99,62.4,72.0,67.0,66.0,61.0,58.0,1.0,True,241.0,,,,,,,True,2587,non-rollup institutions
FY2025,IPF513807,UNIVERSITY OF SOUTH FLORIDA,University of South Florida,UNITED STATES,False,117631515.0,158,144,102654111.0,27651251.0,0,48517862.0,96,93,0.0,0,0,48517862.0,96,11987943.0,32,46747856.0,15,0.0,0,90000.0,1,478642.0,2,384509.0,8,0.0,0,9424703.0,4,0.0,0,69113653.0,62,151,110,779017.0,816886.0,744503.0,321310.0,0.95,41.2,73.0,85.0,87.0,84.0,75.0,1.0,True,83.0,,,,,,,True,2587,non-rollup institutions
FY2025,IPF353201,VIRGINIA COMMONWEALTH UNIVERSITY,VCU,UNITED STATES,False,116761572.0,248,237,86707754.0,32907994.0,0,62815440.0,119,110,0.0,0,0,62815440.0,119,13112907.0,46,20453648.0,21,8672102.0,5,6032905.0,26,3317739.0,9,891336.0,19,0.0,0,1465495.0,3,0.0,0,53946132.0,129,257,181,454325.0,492665.0,470813.0,244418.0,0.92,53.8,74.0,64.0,64.0,74.0,65.0,1.0,True,310.0,,,,,,,True,2587,non-rollup institutions
FY2025,IPF7893501,ST. JUDE CHILDREN'S RESEARCH HOSPITAL,St. Jude,UNITED STATES,False,114711375.0,163,160,74006138.0,43945620.0,0,57369211.0,88,88,0.0,0,0,57369211.0,88,19996326.0,31,20322870.0,14,11600324.0,4,2475222.0,11,1220799.0,5,616623.0,9,0.0,0,1110000.0,1,0.0,0,57342164.0,75,144,111,796607.0,716946.0,703751.0,398397.0,1.11,50.0,75.0,83.0,82.0,76.0,82.0,1.0,True,76.0,,,,,,,True,2587,non-rollup institutions
FY2025,IPF1225501,CEDARS-SINAI MEDICAL CENTER,Cedars-Sinai,UNITED STATES,False,111999594.0,170,167,78693930.0,35775090.0,0,73673414.0,120,118,0.0,0,0,73673414.0,120,15746737.0,25,15597790.0,11,3606420.0,2,1279206.0,7,737152.0,2,30184.0,1,0.0,0,1328691.0,2,0.0,0,38326180.0,50,180,120,622220.0,670656.0,658821.0,409297.0,0.93,65.8,76.0,80.0,78.0,62.0,64.0,1.0,True,162.0,,,,,,,True,2587,non-rollup institutions
FY2025,IPF46001,MEDICAL COLLEGE OF WISCONSIN,Medical College of Wisconsin,UNITED STATES,False,110326125.0,223,217,83513048.0,27673480.0,0,63006870.0,118,116,0.0,0,0,63006870.0,118,14896804.0,44,23696837.0,12,2556214.0,1,2189900.0,15,2703552.0,8,1275948.0,25,0.0,0,0.0,0,0.0,0,47319255.0,105,230,167,479679.0,508415.0,494736.0,273943.0,0.94,57.1,77.0,69.0,66.0,73.0,66.0,1.0,True,290.0,,,,,,,True,2587,non-rollup institutions
FY2025,IPF1531401,SEATTLE CHILDREN'S HOSPITAL,Seattle Children's,UNITED STATES,False,105348195.0,144,140,72277325.0,35011231.0,0,67065137.0,77,73,0.0,0,0,67065137.0,77,10387720.0,24,19295704.0,11,2917580.0,2,3998437.0,24,548580.0,2,119364.0,2,0.0,0,1015673.0,2,0.0,0,38283058.0,67,141,103,747150.0,752487.0,731585.0,475639.0,0.99,63.7,78.0,94.0,92.0,68.0,92.0,1.0,True,95.0,,,,,,,True,2587,non-rollup institutions
FY2025,HSPH,Harvard T.H. Chan School of Public Health,Harvard Chan School,UNITED STATES,False,105230259.0,148,132,98192644.0,23605221.0,0,31999820.0,51,48,0.0,0,0,31999820.0,51,8163437.0,17,44777512.0,21,10446018.0,12,1902634.0,14,5888813.0,14,756750.0,16,0.0,0,1295275.0,3,0.0,0,73230439.0,97,154,100,683313.0,797199.0,711015.0,207791.0,0.86,30.4,79.0,89.0,100.0,117.0,123.0,1.0,True,124.0,,,,,,,True,2587,non-rollup institutions
FY2025,IPF2021601,DARTMOUTH COLLEGE,Dartmouth,UNITED STATES,False,104658992.0,153,144,76131056.0,34121294.0,0,42203726.0,79,73,0.0,0,0,42203726.0,79,17353625.0,29,17671109.0,6,22751181.0,9,242272.0,2,2044021.0,7,1003058.0,19,0.0,0,1390000.0,2,0.0,0,62455266.0,74,137,111,763934.0,726799.0,684046.0,308056.0,1.05,40.3,80.0,88.0,87.0,98.0,91.0,1.0,True,89.0,,,,,,,True,2587,non-rollup institutions
FY2025,IPF9611701,"WESTAT, INC.",Westat,UNITED STATES,False,103504759.0,7,6,100272022.0,3571518.0,0,0.0,0,0,0.0,0,0,0.0,0,0.0,0,13125031.0,4,0.0,0,0.0,0,0.0,0,0.0,0,0.0,0,90379728.0,3,0.0,0,103504759.0,7,8,6,12938095.0,17250793.0,14786394.0,0.0,0.75,0.0,81.0,410.0,417.0,669.0,669.0,1.0,True,1.0,,,,,,,True,2587,non-rollup institutions
FY2025,IPF1484303,UNIVERSITY OF KANSAS MEDICAL CENTER,Kansas Medical Center,UNITED STATES,False,101208019.0,164,161,74407888.0,27923104.0,0,47126323.0,80,78,0.0,0,0,47126323.0,80,13011052.0,31,16261170.0,11,17659507.0,7,3823671.0,16,1164717.0,4,661579.0,14,0.0,0,1500000.0,1,0.0,0,54081696.0,84,168,124,602429.0,628621.0,617122.0,280514.0,0.96,46.6,82.0,81.0,81.0,86.0,89.0,1.0,True,182.0,,,,,,,True,2587,non-rollup institutions
FY2025,IPF8424601,TULANE UNIVERSITY OF LOUISIANA,Tulane,UNITED STATES,False,95706876.0,148,142,70997843.0,25618593.0,0,48623417.0,85,83,0.0,0,0,48623417.0,85,7313366.0,23,15187894.0,12,17783032.0,6,2083288.0,12,79859.0,1,340232.0,7,0.0,0,4295788.0,2,0.0,0,47083459.0,63,151,112,633820.0,673992.0,646668.0,322009.0,0.94,50.8,83.0,89.0,89.0,83.0,85.0,1.0,True,151.0,,,,,,,True,2587,non-rollup institutions
FY2025,IPF1514802,CORNELL UNIVERSITY,Cornell University,UNITED STATES,False,93894679.0,189,179,65765669.0,29874796.0,0,43096166.0,88,83,0.0,0,0,43096166.0,88,32067695.0,66,6441601.0,7,9561152.0,6,523354.0,3,1392390.0,6,812321.0,13,0.0,0,0.0,0,0.0,0,50798513.0,101,177,141,530478.0,524551.0,496797.0,243481.0,1.01,45.9,84.0,74.0,75.0,94.0,82.0,1.0,True,247.0,,,,,,,True,2587,non-rollup institutions
FY2025,IPF578104,UNIVERSITY OF NEBRASKA MEDICAL CENTER,Nebraska Medical Center,UNITED STATES,False,93430656.0,181,171,66552914.0,28139666.0,0,51482792.0,101,97,0.0,0,0,51482792.0,101,14877955.0,40,8118498.0,7,15672710.0,10,740497.0,5,1499671.0,6,494283.0,11,0.0,0,544250.0,1,0.0,0,41947864.0,80,172,126,543201.0,546378.0,516191.0,299319.0,0.99,55.1,85.0,77.0,77.0,79.0,73.0,1.0,True,240.0,,,,,,,True,2587,non-rollup institutions
FY2025,IPF3497005,KAISER FOUNDATION RESEARCH INSTITUTE,Kaiser Permanente Research,UNITED STATES,False,93043561.0,111,103,72976726.0,25284637.0,0,47159446.0,66,65,0.0,0,0,47159446.0,66,4165507.0,13,37120026.0,19,2327783.0,3,1412478.0,9,0.0,0,0.0,0,0.0,0,858321.0,1,0.0,0,45884115.0,45,119,84,781879.0,903336.0,838230.0,396298.0,0.87,50.7,86.0,120.0,122.0,85.0,107.0,1.0,True,81.0,,,,,,,True,2587,non-rollup institutions
FY2025,IPF5992614,STATE UNIVERSITY OF NEW YORK AT BUFFALO,University at Buffalo,UNITED STATES,False,91357440.0,210,198,63890515.0,28057111.0,0,55833943.0,110,102,0.0,0,0,55833943.0,110,21656498.0,57,7388421.0,5,723103.0,1,2283031.0,14,2132779.0,6,534095.0,13,0.0,0,805570.0,4,0.0,0,35523497.0,100,200,161,456787.0,461401.0,435035.0,279170.0,0.99,61.1,87.0,72.0,73.0,77.0,70.0,1.0,True,308.0,,,,,,,True,2587,non-rollup institutions
FY2025,IPF1524204,PENNSYLVANIA STATE UNIV HERSHEY MED CTR,Penn State Hershey,UNITED STATES,False,90430919.0,148,141,63133330.0,29545793.0,0,43563548.0,72,70,0.0,0,0,43563548.0,72,17432802.0,36,24578178.0,11,0.0,0,2230891.0,11,938700.0,2,557435.0,14,0.0,0,1129365.0,2,0.0,0,46867371.0,76,150,114,602873.0,641354.0,611020.0,290424.0,0.94,48.2,88.0,89.0,91.0,91.0,99.0,1.0,True,179.0,,,,,,,True,2587,non-rollup institutions
FY2025,IPF1524202,"PENNSYLVANIA STATE UNIVERSITY, THE",Penn State,UNITED STATES,False,89995676.0,171,165,67449805.0,25202714.0,0,45559508.0,82,79,0.0,0,0,45559508.0,82,18931386.0,52,14246054.0,6,2477027.0,2,393528.0,3,3173882.0,8,757715.0,15,0.0,0,4456576.0,3,0.0,0,44436168.0,89,212,147,424508.0,545428.0,526291.0,214903.0,0.78,50.6,89.0,79.0,80.0,87.0,87.0,1.0,True,348.0,,,,,,,True,2587,non-rollup institutions
FY2025,IPF578406,UNIVERSITY OF TEXAS MED BR GALVESTON,UTMB Galveston,UNITED STATES,False,88427419.0,138,137,63372949.0,25881452.0,0,43948005.0,69,68,0.0,0,0,43948005.0,69,12539363.0,32,22540656.0,8,4293513.0,3,1725039.0,7,1482205.0,8,279266.0,7,0.0,0,1619372.0,4,0.0,0,44479414.0,69,151,107,585612.0,645456.0,640778.0,291046.0,0.91,49.7,90.0,102.0,96.0,90.0,101.0,1.0,True,199.0,,,,,,,True,2587,non-rollup institutions
FY2025,IPF1523902,UNIVERSITY OF CINCINNATI,University of Cincinnati,UNITED STATES,False,88083840.0,163,156,67405766.0,22238164.0,0,43400218.0,84,81,0.0,0,0,43400218.0,84,11516020.0,39,23605149.0,10,3892206.0,2,2976202.0,12,2299267.0,6,394778.0,10,0.0,0,0.0,0,0.0,0,44683622.0,79,161,131,547105.0,564640.0,540392.0,269567.0,0.97,49.3,91.0,83.0,84.0,93.0,86.0,1.0,True,236.0,,,,,,,True,2587,non-rollup institutions
FY2025,IPF577704,UNIVERSITY OF ILLINOIS AT URBANA-CHAMPAIGN,Illinois Urbana-Champaign,UNITED STATES,False,87916734.0,164,157,65069343.0,24248026.0,0,49184223.0,94,89,0.0,0,0,49184223.0,94,18690423.0,47,7460327.0,8,2244708.0,2,90834.0,1,1856643.0,6,203259.0,4,0.0,0,8186317.0,2,0.0,0,38732511.0,70,160,118,549480.0,559979.0,536078.0,307401.0,0.98,55.9,92.0,81.0,83.0,82.0,78.0,1.0,True,231.0,,,,,,,True,2587,non-rollup institutions
FY2025,IPF2863301,GEORGE WASHINGTON UNIVERSITY,George Washington University,UNITED STATES,False,83323395.0,113,103,68283532.0,19255877.0,0,32813359.0,61,54,0.0,0,0,32813359.0,61,11649504.0,17,32720125.0,18,3059159.0,2,331777.0,2,401606.0,2,196747.0,5,0.0,0,2151118.0,6,0.0,0,50510036.0,52,128,73,650964.0,808965.0,737375.0,256354.0,0.8,39.4,93.0,119.0,122.0,115.0,109.0,1.0,True,142.0,,,,,,,True,2587,non-rollup institutions
FY2025,IPF3058203,BECKMAN RESEARCH INSTITUTE/CITY OF HOPE,City of Hope,UNITED STATES,False,82740323.0,141,131,53502732.0,30190030.0,0,52704272.0,89,86,0.0,0,0,52704272.0,89,6890812.0,19,13898006.0,16,6838773.0,5,988295.0,7,677596.0,3,0.0,0,0.0,0,742569.0,2,0.0,0,30036051.0,52,133,94,622108.0,631606.0,586811.0,396273.0,0.98,63.7,94.0,98.0,103.0,78.0,80.0,1.0,True,163.0,,,,,,,True,2587,non-rollup institutions
FY2025,IPF10021612,UNIVERSITY OF NEW MEXICO HEALTH SCIS CTR,UNM Health Sciences,UNITED STATES,False,82668597.0,115,110,63982326.0,23802959.0,0,25745137.0,49,47,0.0,0,0,25745137.0,49,9387002.0,24,17674263.0,12,21717393.0,11,2521407.0,4,1221417.0,4,274310.0,7,0.0,0,4127668.0,4,0.0,0,56923460.0,66,114,89,725163.0,751533.0,718857.0,225835.0,0.96,31.1,95.0,117.0,117.0,133.0,126.0,1.0,True,99.0,,,,,,,True,2587,non-rollup institutions
FY2025,IPF6939101,RESEARCH TRIANGLE INSTITUTE,RTI International,UNITED STATES,False,82275022.0,76,62,67487298.0,23752902.0,0,17788914.0,28,24,0.0,0,0,17788914.0,28,5584839.0,13,40720160.0,27,2333082.0,2,0.0,0,0.0,0,0.0,0,0.0,0,15848027.0,6,0.0,0,64486108.0,48,74,44,1111825.0,1327016.0,1082566.0,240391.0,0.84,21.6,96.0,153.0,161.0,163.0,169.0,1.0,True,37.0,,,,,,,True,2587,non-rollup institutions
FY2025,IPF5998301,NEW YORK UNIVERSITY,New York University,UNITED STATES,False,82215577.0,186,175,59054170.0,23854962.0,0,41511335.0,75,72,0.0,0,0,41511335.0,75,28515293.0,62,2802515.0,6,1922561.0,2,2725650.0,18,1387616.0,5,659244.0,12,0.0,0,2691363.0,6,0.0,0,40704242.0,111,190,146,432714.0,469803.0,442019.0,218481.0,0.92,50.5,97.0,75.0,76.0,100.0,95.0,1.0,True,339.0,,,,,,,True,2587,non-rollup institutions
FY2025,IPF8422704,TUFTS UNIVERSITY BOSTON,Tufts (Boston),UNITED STATES,False,81768178.0,119,114,61372430.0,20703765.0,0,44747850.0,56,52,0.0,0,0,44747850.0,56,9747077.0,27,15880926.0,5,4520306.0,1,3900792.0,6,2160759.0,6,810468.0,18,0.0,0,0.0,0,0.0,0,37020328.0,63,108,85,757113.0,717265.0,687128.0,414332.0,1.06,54.7,98.0,110.0,113.0,89.0,116.0,1.0,True,92.0,,,,,,,True,2587,non-rollup institutions
FY2025,IPF1524003,UNIVERSITY OF OKLAHOMA HLTH SCIENCES CTR,OU Health Sciences Center,UNITED STATES,False,77718288.0,138,132,60408605.0,19415244.0,0,35541499.0,68,68,0.0,0,0,35541499.0,68,6380892.0,23,17235765.0,15,13696701.0,8,1231132.0,9,651903.0,3,370669.0,10,0.0,0,2609727.0,2,0.0,0,42176789.0,70,135,106,575691.0,588775.0,563176.0,263270.0,0.98,45.7,99.0,102.0,100.0,109.0,104.0,1.0,True,207.0,,,,,,,True,2587,non-rollup institutions
FY2025,IPF10012306,ALLEN INSTITUTE,Allen Institute,UNITED STATES,False,77070579.0,30,30,60744177.0,24552716.0,0,3274651.0,4,4,0.0,0,0,3274651.0,4,640902.0,2,71041137.0,21,0.0,0,50328.0,1,0.0,0,0.0,0,0.0,0,2063561.0,2,0.0,0,73795928.0,26,50,22,1541412.0,2569019.0,2569019.0,65493.0,0.6,4.2,100.0,218.0,212.0,309.0,340.0,1.0,True,17.0,,,,,,,True,2587,non-rollup institutions
FY2025,IPF9110501,WAYNE STATE UNIVERSITY,Wayne State University,UNITED STATES,False,77034942.0,143,136,58741163.0,19118843.0,0,37017680.0,76,73,0.0,0,0,37017680.0,76,10812862.0,31,2491113.0,5,13898479.0,9,587558.0,4,1268330.0,5,423842.0,9,0.0,0,10535078.0,4,0.0,0,40017262.0,67,148,114,520506.0,566433.0,538706.0,250119.0,0.92,48.1,101.0,96.0,98.0,107.0,94.0,1.0,True,258.0,,,,,,,True,2587,non-rollup institutions
FY2025,IPF488301,ARIZONA STATE UNIVERSITY-TEMPE CAMPUS,Arizona State University,UNITED STATES,False,76779748.0,143,134,57168168.0,20598884.0,0,41401122.0,75,69,0.0,0,0,41401122.0,75,23826579.0,51,3902620.0,5,4288463.0,2,664140.0,4,1814170.0,5,0.0,0,0.0,0,882654.0,1,0.0,0,35378626.0,68,152,116,505130.0,572983.0,536921.0,272376.0,0.88,53.9,102.0,96.0,99.0,102.0,95.0,1.0,True,268.0,,,,,,,True,2587,non-rollup institutions
FY2025,IPF5992612,STATE UNIVERSITY NEW YORK STONY BROOK,Stony Brook,UNITED STATES,False,76138064.0,173,167,53256140.0,23175291.0,0,50189058.0,96,91,0.0,0,0,50189058.0,96,16421820.0,52,368556.0,1,2208375.0,1,1425209.0,2,2899243.0,6,661003.0,14,0.0,0,1964800.0,1,0.0,0,25949006.0,77,170,140,447871.0,455917.0,440104.0,295230.0,0.98,65.9,103.0,78.0,78.0,80.0,75.0,1.0,True,321.0,,,,,,,True,2587,non-rollup institutions
FY2025,IPF7096501,JACKSON LABORATORY,Jackson Laboratory,UNITED STATES,False,75562267.0,89,87,50036633.0,28825798.0,0,21551650.0,32,31,0.0,0,0,21551650.0,32,12249642.0,30,32256091.0,20,9394792.0,5,0.0,0,0.0,0,110092.0,2,0.0,0,0.0,0,0.0,0,54010617.0,57,82,54,921491.0,868532.0,849014.0,262825.0,1.06,28.5,104.0,134.0,133.0,149.0,159.0,1.0,True,56.0,,,,,,,True,2587,non-rollup institutions
FY2025,IPF4679701,UNIVERSITY OF LOUISVILLE,University of Louisville,UNITED STATES,False,71962967.0,118,114,50073203.0,22427601.0,0,38702256.0,67,63,0.0,0,0,38702256.0,67,7857082.0,21,4440550.0,6,18919549.0,7,264862.0,2,565099.0,4,302986.0,9,0.0,0,910583.0,2,0.0,0,33260711.0,51,126,93,571135.0,631254.0,609856.0,307161.0,0.9,53.8,105.0,112.0,113.0,104.0,105.0,1.0,True,213.0,,,,,,,True,2587,non-rollup institutions
FY2025,IPF5245901,MICHIGAN STATE UNIVERSITY,Michigan State University,UNITED STATES,False,71428726.0,145,142,51404842.0,20668996.0,0,42697860.0,82,79,0.0,0,0,42697860.0,82,15004575.0,45,3382581.0,1,7705344.0,3,503821.0,4,1559257.0,5,197117.0,4,0.0,0,378171.0,1,0.0,0,28730866.0,63,154,115,463823.0,503019.0,492612.0,277259.0,0.92,59.8,106.0,93.0,89.0,96.0,87.0,1.0,True,300.0,,,,,,,True,2587,non-rollup institutions
FY2025,IPF820102,"UNIV OF MARYLAND, COLLEGE PARK",Maryland College Park,UNITED STATES,False,71123564.0,148,140,53976046.0,20259834.0,0,44752267.0,69,67,0.0,0,0,44752267.0,69,14574578.0,48,5824298.0,6,3181611.0,4,1509414.0,7,852766.0,3,428630.0,11,0.0,0,0.0,0,0.0,0,26371297.0,79,149,112,477339.0,508025.0,480565.0,300351.0,0.94,62.9,107.0,89.0,92.0,88.0,101.0,1.0,True,292.0,,,,,,,True,2587,non-rollup institutions
FY2025,IPF10001093,BOSTON UNIVERSITY (CHARLES RIVER CAMPUS),BU Charles River,UNITED STATES,False,70851628.0,157,154,51412109.0,20167438.0,0,42759574.0,73,72,0.0,0,0,42759574.0,73,13682120.0,33,6776096.0,7,0.0,0,1036330.0,7,2125107.0,6,1261674.0,28,0.0,0,3210727.0,3,0.0,0,28092054.0,84,161,112,440072.0,460076.0,451284.0,265587.0,0.96,60.4,108.0,86.0,85.0,95.0,98.0,1.0,True,330.0,,,,,,,True,2587,non-rollup institutions
FY2025,IPF1073501,CALIFORNIA INSTITUTE OF TECHNOLOGY,Caltech,UNITED STATES,False,70364325.0,90,89,49523820.0,20840505.0,0,26399470.0,37,36,0.0,0,0,26399470.0,37,14604239.0,20,18936302.0,8,4026004.0,1,925245.0,7,430248.0,1,701443.0,13,0.0,0,4341374.0,3,0.0,0,43964855.0,53,91,65,773234.0,790610.0,781826.0,290104.0,0.98,37.5,109.0,132.0,130.0,130.0,144.0,1.0,True,85.0,,,,,,,True,2587,non-rollup institutions
FY2025,IPF1524302,UNIVERSITY OF SOUTH CAROLINA AT COLUMBIA,University of South Carolina,UNITED STATES,False,69917768.0,128,118,54271669.0,18530727.0,0,41476879.0,72,67,0.0,0,0,41476879.0,72,9620269.0,28,2949033.0,4,13047275.0,7,1013324.0,6,464332.0,2,340365.0,7,0.0,0,1006291.0,2,0.0,0,28440889.0,56,134,96,521774.0,592523.0,546233.0,309529.0,0.88,59.3,110.0,107.0,108.0,101.0,99.0,1.0,True,255.0,,,,,,,True,2587,non-rollup institutions
FY2025,IPF4050801,THOMAS JEFFERSON UNIVERSITY,Thomas Jefferson University,UNITED STATES,False,69676711.0,134,128,49170445.0,21001219.0,0,49216501.0,89,85,0.0,0,0,49216501.0,89,10485827.0,26,2514098.0,7,5672619.0,3,0.0,0,1222434.0,3,217287.0,5,0.0,0,347945.0,1,0.0,0,20460210.0,45,135,97,516124.0,544349.0,519975.0,364567.0,0.95,70.6,111.0,104.0,104.0,81.0,80.0,1.0,True,260.0,,,,,,,True,2587,non-rollup institutions
FY2025,HARVARD_UNIV,Harvard University,Harvard University,UNITED STATES,False,68722338.0,116,111,51045672.0,19966043.0,0,29434190.0,55,51,0.0,0,0,29434190.0,55,8248429.0,18,19237156.0,7,3756094.0,1,1105018.0,11,852720.0,2,774708.0,15,0.0,0,5314023.0,7,0.0,0,39288148.0,61,115,88,597586.0,619120.0,592434.0,255949.0,0.97,42.8,112.0,115.0,116.0,121.0,117.0,1.0,True,187.0,,,,,,,True,2587,non-rollup institutions
FY2025,IPF6108502,UNIVERSITY OF NORTH TEXAS HLTH SCI CTR,UNT Health Science Center,UNITED STATES,False,68367342.0,35,34,55706155.0,12661187.0,0,13880109.0,12,12,0.0,0,0,13880109.0,12,2336240.0,11,32968344.0,2,0.0,0,367035.0,3,574513.0,2,71537.0,2,0.0,0,18169564.0,3,0.0,0,54487233.0,23,45,25,1519274.0,2010804.0,1953353.0,308447.0,0.76,20.3,113.0,201.0,202.0,184.0,235.0,1.0,True,18.0,,,,,,,True,2587,non-rollup institutions
FY2025,IPF578002,UNIVERSITY OF MISSOURI-COLUMBIA,University of Missouri,UNITED STATES,False,67465118.0,140,138,47998291.0,20595613.0,0,42128821.0,80,79,0.0,0,0,42128821.0,80,12677310.0,38,8360418.0,7,2094192.0,2,918235.0,5,1067652.0,3,218490.0,5,0.0,0,0.0,0,0.0,0,25336297.0,60,147,115,458946.0,488878.0,481894.0,286591.0,0.94,62.4,114.0,100.0,95.0,99.0,89.0,1.0,True,306.0,,,,,,,True,2587,non-rollup institutions
FY2025,IPF1495302,RESEARCH INST NATIONWIDE CHILDREN'S HOSP,Nationwide Children's,UNITED STATES,False,67415275.0,111,108,50314814.0,20343129.0,0,32561574.0,59,57,0.0,0,0,32561574.0,59,4644916.0,16,22449580.0,12,4307818.0,2,2531303.0,16,739210.0,2,180874.0,4,0.0,0,0.0,0,0.0,0,34853701.0,52,113,86,596595.0,624216.0,607345.0,288156.0,0.96,48.3,115.0,120.0,119.0,116.0,111.0,1.0,True,189.0,,,,,,,True,2587,non-rollup institutions
FY2025,IPF6661401,PRINCETON UNIVERSITY,Princeton University,UNITED STATES,False,66969600.0,124,121,46781376.0,21949708.0,0,28314004.0,48,46,0.0,0,0,28314004.0,48,12647134.0,26,5579163.0,3,6336489.0,2,1225271.0,10,1678286.0,3,1374880.0,23,0.0,0,9814373.0,9,0.0,0,38655596.0,76,108,96,620089.0,553468.0,540077.0,262167.0,1.12,42.3,116.0,108.0,107.0,125.0,130.0,1.0,True,167.0,,,,,,,True,2587,non-rollup institutions
FY2025,IPF1481402,PURDUE UNIVERSITY,Purdue University,UNITED STATES,False,63781285.0,157,153,45873967.0,18465600.0,0,38097151.0,77,75,0.0,0,0,38097151.0,77,16350147.0,51,4712108.0,7,1884000.0,1,799280.0,6,1027116.0,5,458495.0,9,0.0,0,452988.0,1,0.0,0,25684134.0,80,153,125,416871.0,416871.0,406250.0,249001.0,1.0,59.7,117.0,86.0,86.0,106.0,92.0,1.0,True,355.0,,,,,,,True,2587,non-rollup institutions
FY2025,IPF7056601,ROCKEFELLER UNIVERSITY,Rockefeller University,UNITED STATES,False,63099719.0,106,105,44292019.0,21678931.0,0,30526274.0,52,51,0.0,0,0,30526274.0,52,14718282.0,21,9418672.0,6,0.0,0,2464836.0,13,725766.0,2,613944.0,10,0.0,0,4631945.0,2,0.0,0,32573445.0,54,90,74,701108.0,600950.0,595280.0,339181.0,1.17,48.4,118.0,124.0,120.0,119.0,122.0,1.0,True,110.0,,,,,,,True,2587,non-rollup institutions
FY2025,IPF1199902,UNIVERSITY OF COLORADO,Colorado Boulder,UNITED STATES,False,63028689.0,141,132,45853694.0,17480009.0,0,33714582.0,57,53,0.0,0,0,33714582.0,57,15604410.0,47,2669929.0,4,2052921.0,2,932197.0,6,2489005.0,7,545268.0,12,0.0,0,5020377.0,6,0.0,0,29314107.0,84,128,105,492412.0,477490.0,447012.0,263395.0,1.03,53.5,119.0,98.0,100.0,113.0,112.0,1.0,True,279.0,,,,,,,True,2587,non-rollup institutions
FY2025,IPF676605,AUGUSTA UNIVERSITY,Augusta University,UNITED STATES,False,62500271.0,119,117,44841591.0,19896392.0,0,43428921.0,86,84,0.0,0,0,43428921.0,86,5852732.0,15,5581041.0,7,6840719.0,3,486852.0,3,141561.0,1,168445.0,4,0.0,0,0.0,0,0.0,0,19071350.0,33,113,87,553100.0,534190.0,525212.0,384327.0,1.04,69.5,120.0,110.0,109.0,92.0,84.0,1.0,True,226.0,,,,,,,True,2587,non-rollup institutions
FY2025,IPF1471106,UNIV OF ARKANSAS FOR MED SCIS,UAMS,UNITED STATES,False,62365926.0,110,105,45008210.0,17724152.0,0,23058163.0,49,47,0.0,0,0,23058163.0,49,8743326.0,26,8076013.0,8,18492700.0,7,2102819.0,11,1397674.0,5,121046.0,3,0.0,0,374185.0,1,0.0,0,39307763.0,61,113,85,551911.0,593961.0,566963.0,204055.0,0.93,37.0,121.0,122.0,120.0,147.0,126.0,1.0,True,228.0,,,,,,,True,2587,non-rollup institutions
FY2025,IPF676602,UNIVERSITY OF GEORGIA,University of Georgia,UNITED STATES,False,61831153.0,144,140,45538084.0,17254617.0,0,38539662.0,75,72,0.0,0,0,38539662.0,75,18868769.0,51,1441664.0,1,0.0,0,745916.0,5,831814.0,3,265508.0,6,0.0,0,1137820.0,3,0.0,0,23291491.0,69,137,110,451322.0,441651.0,429383.0,281311.0,1.02,62.3,122.0,94.0,92.0,105.0,95.0,1.0,True,314.0,,,,,,,True,2587,non-rollup institutions
FY2025,IPF7210001,SALK INSTITUTE FOR BIOLOGICAL STUDIES,Salk Institute,UNITED STATES,False,61037106.0,66,65,49167948.0,24929752.0,0,13319919.0,22,22,0.0,0,0,13319919.0,22,8365032.0,12,26727247.0,7,6123258.0,3,649538.0,6,1020407.0,2,420763.0,10,0.0,0,4410942.0,4,0.0,0,47717187.0,44,63,48,968843.0,939032.0,924805.0,211427.0,1.03,21.8,123.0,159.0,155.0,187.0,183.0,1.0,True,52.0,,,,,,,True,2587,non-rollup institutions
FY2025,IPF6644301,RUSH UNIVERSITY MEDICAL CENTER,Rush University,UNITED STATES,False,60314322.0,80,72,44654779.0,15786282.0,0,42410001.0,55,51,0.0,0,0,42410001.0,55,2880826.0,9,10286345.0,10,3784644.0,2,230050.0,2,722456.0,2,0.0,0,0.0,0,0.0,0,0.0,0,17904321.0,25,72,47,837699.0,837699.0,753929.0,589028.0,1.0,70.3,124.0,147.0,152.0,97.0,117.0,1.0,True,66.0,,,,,,,True,2587,non-rollup institutions
FY2025,IPF8240301,TEMPLE UNIV OF THE COMMONWEALTH,Temple University,UNITED STATES,False,60042483.0,140,137,44376376.0,17859361.0,0,34720711.0,69,66,0.0,0,0,34720711.0,69,11289061.0,40,7754240.0,5,3844046.0,2,1234204.0,8,770185.0,3,430036.0,13,0.0,0,0.0,0,0.0,0,25321772.0,71,138,113,435090.0,438266.0,428875.0,251599.0,0.99,57.8,125.0,100.0,96.0,112.0,101.0,1.0,True,337.0,,,,,,,True,2587,non-rollup institutions
FY2025,IPF1725201,COLORADO STATE UNIVERSITY,Colorado State University,UNITED STATES,False,59922449.0,132,123,44811775.0,15567334.0,0,29659457.0,54,51,0.0,0,0,29659457.0,54,19639229.0,49,5699033.0,5,0.0,0,1006980.0,8,2728995.0,7,461457.0,8,0.0,0,727298.0,1,0.0,0,30262992.0,78,122,98,491168.0,487174.0,453958.0,243110.0,1.01,49.5,126.0,105.0,106.0,120.0,119.0,1.0,True,280.0,,,,,,,True,2587,non-rollup institutions
FY2025,IPF5730401,NATIONAL OPINION RESEARCH CENTER,NORC,UNITED STATES,False,58447940.0,12,10,52439567.0,6008373.0,0,11176848.0,6,6,0.0,0,0,11176848.0,6,1283257.0,3,0.0,0,0.0,0,0.0,0,0.0,0,0.0,0,0.0,0,45987835.0,3,0.0,0,47271092.0,6,8,6,7305992.0,5844794.0,4870662.0,1397106.0,1.25,19.1,127.0,339.0,352.0,203.0,294.0,1.0,True,2.0,,,,,,,True,2587,non-rollup institutions
FY2025,IPF820005,UNIVERSITY OF HAWAII AT MANOA,Hawaii at Manoa,UNITED STATES,False,58261155.0,70,61,44511617.0,16310602.0,0,16831332.0,29,24,0.0,0,0,16831332.0,29,2723338.0,12,20297505.0,12,15196986.0,8,305116.0,2,1396369.0,4,43903.0,1,0.0,0,1466606.0,2,0.0,0,41429823.0,41,75,49,776815.0,955101.0,832302.0,224418.0,0.81,28.9,128.0,156.0,165.0,170.0,167.0,1.0,True,84.0,,,,,,,True,2587,non-rollup institutions
FY2025,IPF4976105,MAYO CLINIC  JACKSONVILLE,Mayo Clinic Jacksonville,UNITED STATES,False,57938027.0,59,58,54004435.0,15199073.0,0,28445072.0,37,37,0.0,0,0,28445072.0,37,2186159.0,6,26868008.0,12,0.0,0,339512.0,2,0.0,0,99276.0,2,0.0,0,0.0,0,0.0,0,29492955.0,22,81,45,715284.0,998932.0,982000.0,351174.0,0.72,49.1,129.0,170.0,168.0,124.0,144.0,1.0,True,105.0,,,,,,,True,2587,non-rollup institutions
FY2025,IPF3736101,H. LEE MOFFITT CANCER CTR & RES INST,Moffitt Cancer Center,UNITED STATES,False,56455172.0,92,84,38377277.0,19895791.0,0,35426028.0,57,54,0.0,0,0,35426028.0,57,4359417.0,15,9810096.0,13,6087772.0,2,280430.0,2,218939.0,1,0.0,0,0.0,0,272490.0,2,0.0,0,21029144.0,35,103,64,548108.0,672085.0,613643.0,343942.0,0.82,62.8,130.0,131.0,137.0,110.0,112.0,1.0,True,234.0,,,,,,,True,2587,non-rollup institutions
FY2025,IPF676603,GEORGIA INSTITUTE OF TECHNOLOGY,Georgia Tech,UNITED STATES,False,54983886.0,116,116,41087304.0,15254676.0,0,27542364.0,54,54,0.0,0,0,27542364.0,54,20052153.0,46,894072.0,2,0.0,0,107129.0,1,1303588.0,4,270995.0,5,0.0,0,4813585.0,4,0.0,0,27441522.0,62,130,90,422953.0,473999.0,473999.0,211864.0,0.89,50.1,131.0,115.0,111.0,127.0,119.0,1.0,True,351.0,,,,,,,True,2587,non-rollup institutions
FY2025,IPF8968001,VIRGINIA POLYTECHNIC INST AND ST UNIV,Virginia Tech,UNITED STATES,False,54392283.0,130,127,37974844.0,16432153.0,0,34773303.0,67,64,0.0,0,0,34773303.0,67,15614760.0,44,2227341.0,3,0.0,0,1040170.0,6,462002.0,3,274707.0,7,0.0,0,0.0,0,0.0,0,19618980.0,63,123,104,442214.0,428286.0,418402.0,282710.0,1.03,63.9,132.0,106.0,105.0,111.0,105.0,1.0,True,328.0,,,,,,,True,2587,non-rollup institutions
FY2025,IPF2869001,GEORGETOWN UNIVERSITY,Georgetown University,UNITED STATES,False,53024994.0,121,117,40679936.0,13543289.0,0,29372340.0,53,52,0.0,0,0,29372340.0,53,6942870.0,22,9272213.0,10,2948003.0,3,506884.0,3,2612532.0,9,771859.0,20,0.0,0,598293.0,1,0.0,0,23652654.0,68,134,101,395709.0,453205.0,438223.0,219197.0,0.87,55.4,133.0,109.0,109.0,122.0,121.0,1.0,True,374.0,,,,,,,True,2587,non-rollup institutions
FY2025,IPF2205901,DREXEL UNIVERSITY,Drexel University,UNITED STATES,False,52695157.0,114,109,40433260.0,13308474.0,0,32882435.0,57,54,0.0,0,0,32882435.0,57,8070417.0,24,4390959.0,4,3014333.0,2,1029800.0,7,243683.0,1,788792.0,16,0.0,0,2274738.0,3,0.0,0,19812722.0,57,108,89,487918.0,483442.0,462238.0,304467.0,1.01,62.4,134.0,118.0,118.0,114.0,112.0,1.0,True,284.0,,,,,,,True,2587,non-rollup institutions
FY2025,IPF1506603,UNIVERSITY OF CONNECTICUT SCH OF MED/DNT,UConn Health,UNITED STATES,False,52303672.0,117,114,39210114.0,16709238.0,0,30685334.0,60,60,0.0,0,0,30685334.0,60,13085838.0,33,5470653.0,6,1333352.0,1,168775.0,1,941344.0,3,618376.0,13,0.0,0,0.0,0,0.0,0,21618338.0,57,112,93,466997.0,458804.0,447040.0,273976.0,1.02,58.7,135.0,113.0,113.0,118.0,110.0,1.0,True,299.0,,,,,,,True,2587,non-rollup institutions
FY2025,IPF513804,FLORIDA STATE UNIVERSITY,Florida State University,UNITED STATES,False,52131747.0,84,81,39959326.0,12907859.0,0,25748909.0,47,45,0.0,0,0,25748909.0,47,10037330.0,25,11943911.0,2,3430817.0,3,441523.0,3,446369.0,2,82888.0,2,0.0,0,0.0,0,0.0,0,26382838.0,37,94,65,554593.0,643602.0,620616.0,273925.0,0.86,49.4,136.0,142.0,144.0,132.0,131.0,1.0,True,225.0,,,,,,,True,2587,non-rollup institutions
FY2025,IPF577805,TRUSTEES OF INDIANA UNIVERSITY,Indiana Bloomington,UNITED STATES,False,51161313.0,117,115,35924920.0,15285847.0,0,25400201.0,47,46,0.0,0,0,25400201.0,47,16647310.0,48,798048.0,1,3729940.0,4,1509669.0,6,1631180.0,5,193740.0,5,0.0,0,1251225.0,1,0.0,0,25761112.0,70,119,96,429927.0,444881.0,437276.0,213447.0,0.97,49.6,137.0,113.0,112.0,135.0,131.0,1.0,True,341.0,,,,,,,True,2587,non-rollup institutions
FY2025,IPF2076701,UNIVERSITY OF DELAWARE,University of Delaware,UNITED STATES,False,50890168.0,90,85,37180022.0,14554151.0,0,18233605.0,37,35,0.0,0,0,18233605.0,37,12277087.0,31,4470489.0,2,13140061.0,6,581909.0,4,996028.0,3,244189.0,6,0.0,0,946800.0,1,0.0,0,32656563.0,53,84,70,605835.0,598708.0,565446.0,217067.0,1.01,35.8,138.0,132.0,136.0,161.0,144.0,1.0,True,177.0,,,,,,,True,2587,non-rollup institutions
FY2025,IPF577510,UNIVERSITY OF CALIFORNIA SANTA CRUZ,UC Santa Cruz,UNITED STATES,False,50454810.0,84,77,37691796.0,13282131.0,0,13514032.0,29,27,0.0,0,0,13514032.0,29,17751508.0,33,15161788.0,11,0.0,0,0.0,0,2219966.0,5,173771.0,4,0.0,0,1633745.0,2,0.0,0,36940778.0,55,81,60,622899.0,655257.0,600652.0,166840.0,0.95,26.8,139.0,142.0,147.0,186.0,167.0,1.0,True,160.0,,,,,,,True,2587,non-rollup institutions
FY2025,IPF578302,UNIVERSITY OF TENNESSEE HEALTH SCI CTR,UTHSC Memphis,UNITED STATES,False,50036725.0,84,83,35658484.0,14816895.0,0,36270182.0,57,57,0.0,0,0,36270182.0,57,6263158.0,13,6822322.0,7,0.0,0,499828.0,3,0.0,0,181235.0,4,0.0,0,0.0,0,0.0,0,13766543.0,27,88,65,568599.0,602852.0,595675.0,412161.0,0.94,72.5,140.0,142.0,138.0,108.0,112.0,1.0,True,214.0,,,,,,,True,2587,non-rollup institutions
FY2025,IPF10005742,METHODIST HOSPITAL RESEARCH INSTITUTE,Houston Methodist,UNITED STATES,False,49980214.0,85,82,35906975.0,14073239.0,0,40655967.0,66,64,0.0,0,0,40655967.0,66,3989232.0,11,1646006.0,1,2377848.0,1,563442.0,3,747719.0,3,0.0,0,0.0,0,0.0,0,0.0,0,9324247.0,19,74,49,675408.0,609515.0,588003.0,549405.0,1.11,81.3,141.0,140.0,141.0,103.0,107.0,1.0,True,127.0,,,,,,,True,2587,non-rollup institutions
FY2025,IPF10071230,HENRY FORD HEALTH + MICHIGAN STATE UNIVERSITY HEALTH SCIENCES,Henry Ford Health + MSU,UNITED STATES,False,48905135.0,84,82,35381573.0,15108664.0,0,23423620.0,37,36,0.0,0,0,23423620.0,37,14604402.0,27,9062854.0,5,0.0,0,1373561.0,9,175164.0,1,265534.0,5,0.0,0,0.0,0,0.0,0,25481515.0,47,114,73,428992.0,596404.0,582204.0,205470.0,0.72,47.9,142.0,142.0,141.0,141.0,144.0,1.0,True,342.0,,,,,,,True,2587,non-rollup institutions
FY2025,IPF8961401,BENAROYA RESEARCH INST AT VIRGINIA MASON,Benaroya Research Institute,UNITED STATES,False,48389112.0,26,24,39664430.0,9515169.0,0,9271782.0,12,12,0.0,0,0,9271782.0,12,2006096.0,8,37111234.0,6,0.0,0,0.0,0,0.0,0,0.0,0,0.0,0,0.0,0,0.0,0,39117330.0,14,25,15,1935564.0,2016213.0,1861120.0,370871.0,0.96,19.2,143.0,234.0,235.0,215.0,235.0,1.0,True,10.0,,,,,,,True,2587,non-rollup institutions
FY2025,IPF8738101,UNIVERSITY OF VERMONT & ST AGRIC COLLEGE,University of Vermont,UNITED STATES,False,47838433.0,88,86,37822377.0,14107636.0,0,23327198.0,41,40,0.0,0,0,23327198.0,41,8189921.0,27,5130047.0,6,9554673.0,5,968512.0,6,632248.0,2,35834.0,1,0.0,0,0.0,0,0.0,0,24511235.0,47,100,68,478384.0,556261.0,543619.0,233272.0,0.86,48.8,144.0,137.0,135.0,144.0,139.0,1.0,True,291.0,,,,,,,True,2587,non-rollup institutions
FY2025,IPF1567601,J. DAVID GLADSTONE INSTITUTES,Gladstone Institutes,UNITED STATES,False,47710573.0,53,53,29418565.0,18292008.0,0,29272376.0,33,33,0.0,0,0,29272376.0,33,5854818.0,9,4951244.0,1,4564091.0,1,464908.0,3,0.0,0,240636.0,3,0.0,0,2362500.0,3,0.0,0,18438197.0,20,46,33,1037186.0,900199.0,900199.0,636356.0,1.15,61.4,145.0,177.0,174.0,123.0,157.0,1.0,True,44.0,,,,,,,True,2587,non-rollup institutions
FY2025,IPF6116101,NORTHEASTERN UNIVERSITY,Northeastern University,UNITED STATES,False,47421405.0,102,100,35313319.0,13562307.0,0,23254692.0,42,41,0.0,0,0,23254692.0,42,14561698.0,39,6022901.0,5,1438465.0,1,1166651.0,8,701404.0,2,275594.0,5,0.0,0,0.0,0,0.0,0,24166713.0,60,114,85,415977.0,474214.0,464916.0,203989.0,0.88,49.0,146.0,126.0,125.0,145.0,137.0,1.0,True,356.0,,,,,,,True,2587,non-rollup institutions
FY2025,IPF1833202,COLUMBIA UNIV NEW YORK MORNINGSIDE,Columbia (Morningside),UNITED STATES,False,46762322.0,97,93,32925060.0,13873980.0,0,19263627.0,39,37,0.0,0,0,19263627.0,39,18838503.0,35,3266100.0,1,1406302.0,4,569003.0,4,730740.0,2,564285.0,10,0.0,0,2123762.0,2,0.0,0,27498695.0,58,100,73,467623.0,502821.0,482086.0,192636.0,0.93,41.2,147.0,127.0,127.0,156.0,141.0,1.0,True,298.0,,,,,,,True,2587,non-rollup institutions
FY2025,IPF6297005,UNIVERSITY OF OREGON,University of Oregon,UNITED STATES,False,46423939.0,96,92,35194919.0,12692466.0,0,17462113.0,35,31,0.0,0,0,17462113.0,35,17354612.0,34,5083010.0,6,4630400.0,2,522681.0,3,650718.0,2,720405.0,14,0.0,0,0.0,0,0.0,0,28961826.0,61,91,73,510153.0,504608.0,483583.0,191891.0,1.01,37.6,148.0,128.0,128.0,166.0,149.0,1.0,True,264.0,,,,,,,True,2587,non-rollup institutions
FY2025,IPF2464601,NORTHERN CALIFORNIA INSTITUTE/RES/EDU,NCIRE (SF VA),UNITED STATES,False,46046952.0,29,23,42073155.0,5891797.0,0,10935415.0,17,15,0.0,0,0,10935415.0,17,4091676.0,6,31019861.0,6,0.0,0,0.0,0,0.0,0,0.0,0,0.0,0,0.0,0,0.0,0,35111537.0,12,38,18,1211762.0,2002041.0,1587826.0,287774.0,0.61,23.7,149.0,222.0,242.0,205.0,204.0,1.0,True,28.0,,,,,,,True,2587,non-rollup institutions
FY2025,IPF4155008,FEINSTEIN INSTITUTE FOR MEDICAL RESEARCH,Feinstein Institute for Medical Research,UNITED STATES,False,45361067.0,65,62,31010193.0,14716887.0,0,18200175.0,27,26,0.0,0,0,18200175.0,27,6569919.0,17,10341663.0,7,8295469.0,6,962404.0,6,302406.0,1,0.0,0,0.0,0,689031.0,1,0.0,0,27160892.0,38,60,44,756018.0,731630.0,697863.0,303336.0,1.03,40.1,150.0,161.0,161.0,162.0,171.0,1.0,True,93.0,,,,,,,True,2587,non-rollup institutions
FY2025,IPF1180101,SANFORD BURNHAM PREBYS MEDICAL DISCOVERY INSTITUTE,Sanford Burnham Prebys,UNITED STATES,False,45310325.0,61,57,29226252.0,17500715.0,0,24167091.0,42,40,0.0,0,0,24167091.0,42,2623843.0,9,6694689.0,4,11783892.0,5,0.0,0,0.0,0,40810.0,1,0.0,0,0.0,0,0.0,0,21143234.0,19,45,32,1006896.0,794918.0,742792.0,537046.0,1.27,53.3,151.0,167.0,170.0,138.0,137.0,1.0,True,48.0,,,,,,,True,2587,non-rollup institutions
FY2025,IPF578204,NORTH CAROLINA STATE UNIVERSITY RALEIGH,North Carolina State University Raleigh,UNITED STATES,False,45105824.0,89,88,34296441.0,11445596.0,0,22918551.0,46,45,0.0,0,0,22918551.0,46,7775353.0,24,9867104.0,6,2123658.0,2,0.0,0,2297647.0,8,123511.0,3,0.0,0,0.0,0,0.0,0,22187273.0,43,103,77,437921.0,512566.0,506807.0,222510.0,0.85,50.8,152.0,134.0,132.0,148.0,133.0,1.0,True,332.0,,,,,,,True,2587,non-rollup institutions
FY2025,IPF1520001,CHILDREN'S HOSPITAL OF LOS ANGELES,Children's Hospital of Los Angeles,UNITED STATES,False,45009707.0,56,51,34565110.0,11842672.0,0,17737108.0,25,23,0.0,0,0,17737108.0,25,1520238.0,6,16918228.0,6,5655066.0,1,2799290.0,16,0.0,0,46649.0,1,0.0,0,333128.0,1,0.0,0,27272599.0,31,56,44,803745.0,882543.0,803745.0,316734.0,0.91,39.4,153.0,174.0,179.0,164.0,179.0,1.0,True,72.0,,,,,,,True,2587,non-rollup institutions
FY2025,IPF6239601,OKLAHOMA MEDICAL RESEARCH FOUNDATION,Oklahoma Medical Research Foundation,UNITED STATES,False,44663661.0,61,59,35798576.0,19045744.0,0,23989790.0,30,30,0.0,0,0,23989790.0,30,9259636.0,16,2917261.0,5,7131035.0,4,360209.0,3,0.0,0,131730.0,2,0.0,0,874000.0,1,0.0,0,20673871.0,31,51,46,875758.0,757011.0,732191.0,470388.0,1.16,53.7,154.0,167.0,166.0,139.0,166.0,1.0,True,62.0,,,,,,,True,2587,non-rollup institutions
FY2025,IPF1196203,"RUTGERS, THE STATE UNIV OF N.J.",Rutgers–New Brunswick,UNITED STATES,False,44280983.0,105,101,31255139.0,13025844.0,0,26434329.0,51,47,0.0,0,0,26434329.0,51,12560910.0,28,1954071.0,2,0.0,0,1808120.0,9,608445.0,1,596853.0,12,0.0,0,318255.0,2,0.0,0,17846654.0,54,106,88,417745.0,438426.0,421724.0,249380.0,0.95,59.7,155.0,125.0,124.0,129.0,123.0,1.0,True,354.0,,,,,,,True,2587,non-rollup institutions
FY2025,IPF513809,FLORIDA INTERNATIONAL UNIVERSITY,Florida International,UNITED STATES,False,44217532.0,66,65,33047667.0,11654860.0,0,18767749.0,34,33,0.0,0,0,18767749.0,34,7567705.0,20,12603810.0,3,2342524.0,1,556249.0,4,339960.0,2,39535.0,1,0.0,0,2000000.0,1,0.0,0,25449783.0,32,72,55,614132.0,680270.0,669963.0,260663.0,0.9,42.4,156.0,159.0,155.0,157.0,153.0,1.0,True,172.0,,,,,,,True,2587,non-rollup institutions
FY2025,IPF4577101,COLD SPRING HARBOR LABORATORY,Cold Spring Harbor Laboratory,UNITED STATES,False,44059162.0,83,82,24666260.0,19392902.0,0,23228674.0,34,34,0.0,0,0,23228674.0,34,6358850.0,35,1749419.0,3,7567455.0,3,302533.0,2,0.0,0,106612.0,2,0.0,0,4745619.0,4,0.0,0,20830488.0,49,46,44,957808.0,537307.0,530833.0,504971.0,1.78,52.7,157.0,146.0,141.0,146.0,153.0,1.0,True,54.0,,,,,,,True,2587,non-rollup institutions
FY2025,IPF10052403,"FOUR POINTS TECHNOLOGY, LLC",Four Points Technology,UNITED STATES,False,43157030.0,4,1,43157030.0,0.0,0,0.0,0,0,0.0,0,0,0.0,0,0.0,0,0.0,0,0.0,0,0.0,0,0.0,0,0.0,0,0.0,0,43157030.0,4,0.0,0,43157030.0,4,1,1,43157030.0,43157030.0,10789258.0,0.0,1.0,0.0,158.0,504.0,958.0,669.0,669.0,1.0,False,,,,,,,,True,2587,non-rollup institutions
FY2025,IPF3934901,ROSWELL PARK CANCER INSTITUTE CORP,Roswell Park Cancer Institute Corp,UNITED STATES,False,42221514.0,74,66,27672528.0,14628435.0,0,25223525.0,45,40,0.0,0,0,25223525.0,45,3144169.0,10,6161109.0,6,6401832.0,4,972147.0,3,144107.0,1,174625.0,5,0.0,0,0.0,0,0.0,0,16997989.0,29,86,61,490948.0,639720.0,570561.0,293297.0,0.77,59.7,159.0,155.0,154.0,136.0,134.0,1.0,True,281.0,,,,,,,True,2587,non-rollup institutions
FY2025,IPF850904,UNIVERSITY OF MASSACHUSETTS AMHERST,University of Massachusetts Amherst,UNITED STATES,False,41495250.0,96,90,29356275.0,12529310.0,0,16887729.0,38,35,0.0,0,0,16887729.0,38,18167006.0,49,456364.0,1,4235014.0,1,294942.0,2,1279080.0,2,175115.0,3,0.0,0,0.0,0,0.0,0,24607521.0,58,102,81,406816.0,461058.0,432242.0,165566.0,0.88,40.7,160.0,128.0,129.0,169.0,142.0,1.0,True,363.0,,,,,,,True,2587,non-rollup institutions
FY2025,IPF9340401,WISTAR INSTITUTE,Wistar Institute,UNITED STATES,False,40642726.0,47,45,28015403.0,13269082.0,0,16098434.0,32,30,0.0,0,0,16098434.0,32,1550240.0,5,12903169.0,4,8496288.0,4,0.0,0,489395.0,1,0.0,0,0.0,0,1105200.0,1,0.0,0,24544292.0,15,38,26,1069545.0,903172.0,864739.0,423643.0,1.18,39.6,161.0,186.0,184.0,176.0,159.0,1.0,True,39.0,,,,,,,True,2587,non-rollup institutions
FY2025,IPF577506,UNIVERSITY OF CALIFORNIA RIVERSIDE,University of California Riverside,UNITED STATES,False,39983247.0,94,89,28193318.0,11809929.0,0,23386012.0,49,46,0.0,0,0,23386012.0,49,13873723.0,39,1356807.0,1,0.0,0,0.0,0,1290587.0,3,76118.0,2,0.0,0,0.0,0,0.0,0,16597235.0,45,95,74,420876.0,449250.0,425354.0,246169.0,0.94,58.5,162.0,130.0,130.0,142.0,126.0,1.0,True,352.0,,,,,,,True,2587,non-rollup institutions
FY2025,IPF6959701,RHODE ISLAND HOSPITAL,Rhode Island Hospital,UNITED STATES,False,39001016.0,79,74,30959044.0,12970431.0,0,18437505.0,32,30,0.0,0,0,18437505.0,32,6597644.0,21,3282369.0,8,7633146.0,4,1564269.0,8,1403543.0,5,82540.0,1,0.0,0,0.0,0,0.0,0,20563511.0,47,77,51,506507.0,527041.0,493684.0,239448.0,0.96,47.3,163.0,149.0,151.0,159.0,159.0,1.0,True,267.0,,,,,,,True,2587,non-rollup institutions
FY2025,IPF1449402,UNIVERSITY OF HOUSTON,University of Houston,UNITED STATES,False,37903261.0,86,83,27080452.0,10825705.0,0,26542520.0,51,48,0.0,0,0,26542520.0,51,8616465.0,23,1390084.0,2,620000.0,1,468721.0,3,72442.0,1,193029.0,5,0.0,0,0.0,0,0.0,0,11360741.0,35,89,69,425879.0,456666.0,440736.0,298231.0,0.93,70.0,164.0,139.0,138.0,128.0,123.0,1.0,True,346.0,,,,,,,True,2587,non-rollup institutions
FY2025,IPF1506602,UNIVERSITY OF CONNECTICUT STORRS,University of Connecticut Storrs,UNITED STATES,False,37438238.0,85,81,27211125.0,10271701.0,0,21460891.0,45,41,0.0,0,0,21460891.0,45,13692852.0,23,0.0,0,0.0,0,1621966.0,10,390224.0,1,272305.0,6,0.0,0,0.0,0,0.0,0,15977347.0,40,80,70,467978.0,462200.0,440450.0,268261.0,1.01,57.3,165.0,140.0,144.0,150.0,134.0,1.0,True,297.0,,,,,,,True,2587,non-rollup institutions
FY2025,IPF8266910,TEXAS A&M UNIVERSITY HEALTH SCIENCE CTR,Texas A&M Health,UNITED STATES,False,36709267.0,89,87,25915926.0,10799005.0,0,26356031.0,49,48,0.0,0,0,26356031.0,49,7040866.0,22,1537317.0,2,0.0,0,1034736.0,5,172308.0,1,320579.0,9,0.0,0,247430.0,1,0.0,0,10353236.0,40,94,68,390524.0,421946.0,412464.0,280383.0,0.93,71.8,166.0,134.0,133.0,131.0,126.0,1.0,True,378.0,,,,,,,True,2587,non-rollup institutions
FY2025,IPF578409,UNIVERSITY OF TEXAS DALLAS,University of Texas Dallas,UNITED STATES,False,36611426.0,77,75,25537120.0,11123921.0,0,16676475.0,34,32,0.0,0,0,16676475.0,34,16060824.0,34,3473170.0,3,0.0,0,152280.0,1,0.0,0,248677.0,5,0.0,0,0.0,0,0.0,0,19934951.0,43,82,63,446481.0,488152.0,475473.0,203372.0,0.91,45.5,167.0,151.0,149.0,171.0,153.0,1.0,True,324.0,,,,,,,True,2587,non-rollup institutions
FY2025,IPF3604001,ECOG-ACRIN MEDICAL RESEARCH FOUNDATION,Ecog-Acrin Medical Research Foundation,UNITED STATES,False,35740705.0,6,4,34061262.0,2595531.0,0,0.0,0,0,0.0,0,0,0.0,0,0.0,0,35740705.0,6,0.0,0,0.0,0,0.0,0,0.0,0,0.0,0,0.0,0,0.0,0,35740705.0,6,7,4,5105815.0,8935176.0,5956784.0,0.0,0.57,0.0,168.0,433.0,483.0,669.0,669.0,1.0,True,3.0,,,,,,,True,2587,non-rollup institutions
FY2025,IPF6856101,RAND CORPORATION,Rand Corporation,UNITED STATES,False,35498901.0,51,45,24992106.0,12230404.0,0,24720573.0,40,36,0.0,0,0,24720573.0,40,1972679.0,4,3742042.0,2,2746815.0,1,195054.0,2,1.0,1,0.0,0,0.0,0,2121737.0,1,0.0,0,10778328.0,11,60,38,591648.0,788864.0,696057.0,412010.0,0.75,69.6,169.0,183.0,184.0,137.0,140.0,1.0,True,192.0,,,,,,,True,2587,non-rollup institutions
FY2025,IPF6144601,NORTHWESTERN UNIVERSITY,Northwestern (Evanston),UNITED STATES,False,35339886.0,88,83,25157750.0,10260852.0,0,18591704.0,35,35,0.0,0,0,18591704.0,35,6741259.0,23,5598327.0,9,0.0,0,506859.0,5,2310233.0,6,471504.0,9,0.0,0,1120000.0,1,0.0,0,16748182.0,53,95,67,371999.0,425782.0,401590.0,195702.0,0.87,52.6,170.0,137.0,138.0,158.0,149.0,1.0,True,392.0,,,,,,,True,2587,non-rollup institutions
FY2025,IPF10033231,"NRG ONCOLOGY FOUNDATION, INC.",Nrg Oncology Foundation,UNITED STATES,False,35223424.0,5,3,34683705.0,662372.0,0,0.0,0,0,0.0,0,0,0.0,0,0.0,0,35223424.0,5,0.0,0,0.0,0,0.0,0,0.0,0,0.0,0,0.0,0,0.0,0,35223424.0,5,9,3,3913714.0,11741141.0,7044685.0,0.0,0.33,0.0,171.0,458.0,550.0,669.0,669.0,1.0,True,5.0,,,,,,,True,2587,non-rollup institutions
FY2025,IPF247601,CARNEGIE-MELLON UNIVERSITY,Carnegie-Mellon University,UNITED STATES,False,35178950.0,79,78,28616664.0,7876167.0,0,15142553.0,37,37,0.0,0,0,15142553.0,37,8367269.0,21,82288.0,1,0.0,0,105213.0,1,657761.0,3,534457.0,11,0.0,0,10289409.0,5,0.0,0,20036397.0,42,91,63,386582.0,451012.0,445303.0,166402.0,0.86,43.0,172.0,149.0,146.0,180.0,144.0,1.0,True,381.0,,,,,,,True,2587,non-rollup institutions
FY2025,IPF513614,SAN DIEGO STATE UNIVERSITY,San Diego State University,UNITED STATES,False,35095401.0,77,70,26747888.0,8757129.0,0,17600230.0,35,30,0.0,0,0,17600230.0,35,4607217.0,15,9109928.0,5,0.0,0,2018911.0,13,1493120.0,4,158795.0,4,0.0,0,107200.0,1,0.0,0,17495171.0,42,73,58,480759.0,501363.0,455784.0,241099.0,0.96,50.1,173.0,151.0,153.0,165.0,149.0,1.0,True,289.0,,,,,,,True,2587,non-rollup institutions
FY2025,IPF9163701,WEST VIRGINIA UNIVERSITY,West Virginia University,UNITED STATES,False,34970848.0,53,53,25548178.0,9422754.0,0,14841708.0,23,23,0.0,0,0,14841708.0,23,4600186.0,16,7872534.0,4,5590652.0,3,159932.0,1,1501308.0,4,54538.0,1,0.0,0,349990.0,1,0.0,0,20129140.0,30,59,46,592726.0,659827.0,659827.0,251554.0,0.9,42.4,174.0,177.0,174.0,181.0,180.0,1.0,True,191.0,,,,,,,True,2587,non-rollup institutions
FY2025,IPF1525701,LURIE CHILDREN'S HOSPITAL OF CHICAGO,Lurie Children's Hospital of Chicago,UNITED STATES,False,34295391.0,60,59,28237220.0,7349472.0,0,23830313.0,28,28,0.0,0,0,23830313.0,28,1920739.0,6,5229313.0,7,0.0,0,2831566.0,16,395571.0,1,87889.0,2,0.0,0,0.0,0,0.0,0,10465078.0,32,72,53,476325.0,581278.0,571590.0,330977.0,0.82,69.5,175.0,169.0,166.0,140.0,169.0,1.0,True,293.0,,,,,,,True,2587,non-rollup institutions
FY2025,IPF1618201,PUBLIC HEALTH INSTITUTE,Public Health Institute,UNITED STATES,False,33465883.0,13,11,32286757.0,3762205.0,0,2574564.0,5,5,0.0,0,0,2574564.0,5,921623.0,2,28310650.0,5,1659046.0,1,0.0,0,0.0,0,0.0,0,0.0,0,0.0,0,0.0,0,30891319.0,8,13,8,2574299.0,3042353.0,2574299.0,198043.0,0.85,7.7,176.0,321.0,335.0,337.0,317.0,1.0,True,7.0,,,,,,,True,2587,non-rollup institutions
FY2025,MEEI,Massachusetts Eye and Ear Infirmary,Mass Eye and Ear,UNITED STATES,False,32903990.0,57,55,24897817.0,10311096.0,0,19416966.0,34,32,0.0,0,0,19416966.0,34,1584105.0,5,3949644.0,3,6189089.0,4,1600246.0,9,88420.0,1,75520.0,1,0.0,0,0.0,0,0.0,0,13487024.0,23,49,42,671510.0,598254.0,577263.0,396265.0,1.12,59.0,177.0,173.0,171.0,155.0,153.0,1.0,True,130.0,,,,,,,True,2587,non-rollup institutions
FY2025,IPF3617301,BOSTON MEDICAL CENTER,Boston Medical Center,UNITED STATES,False,32678059.0,68,63,23911691.0,8766368.0,0,20628441.0,26,25,0.0,0,0,20628441.0,26,5415684.0,17,799998.0,1,1418610.0,2,3194591.0,19,971978.0,2,0.0,0,0.0,0,248757.0,1,0.0,0,12049618.0,42,73,48,447645.0,518699.0,480560.0,282581.0,0.86,63.1,178.0,158.0,159.0,151.0,177.0,1.0,True,322.0,,,,,,,True,2587,non-rollup institutions
FY2025,IPF676604,GEORGIA STATE UNIVERSITY,Georgia State University,UNITED STATES,False,32578842.0,65,62,23798956.0,8986481.0,0,27551131.0,45,43,0.0,0,0,27551131.0,45,4339930.0,15,0.0,0,0.0,0,393224.0,2,200190.0,1,94367.0,2,0.0,0,0.0,0,0.0,0,5027711.0,20,76,47,428669.0,525465.0,501213.0,362515.0,0.82,84.6,179.0,161.0,161.0,126.0,134.0,1.0,True,343.0,,,,,,,True,2587,non-rollup institutions
FY2025,IPF3117901,HACKENSACK UNIVERSITY MEDICAL CENTER,Hackensack University Medical Center,UNITED STATES,False,32541792.0,25,25,21961514.0,10623877.0,0,18250574.0,18,18,0.0,0,0,18250574.0,18,531300.0,2,13457468.0,3,0.0,0,302450.0,2,0.0,0,0.0,0,0.0,0,0.0,0,0.0,0,14291218.0,7,23,18,1414861.0,1301672.0,1301672.0,793503.0,1.09,56.1,180.0,238.0,232.0,160.0,196.0,1.0,True,20.0,,,,,,,True,2587,non-rollup institutions
FY2025,IPF9082001,WASHINGTON STATE UNIVERSITY,Washington State University,UNITED STATES,False,30612580.0,80,75,22389160.0,8325401.0,0,17161341.0,38,35,0.0,0,0,17161341.0,38,8436471.0,30,0.0,0,592314.0,1,714898.0,5,1313089.0,3,123677.0,2,0.0,0,2270790.0,1,0.0,0,13451239.0,42,84,62,364435.0,408168.0,382657.0,204302.0,0.89,56.1,181.0,147.0,149.0,167.0,142.0,1.0,True,398.0,,,,,,,True,2587,non-rollup institutions
FY2025,IPF6169301,UNIVERSITY OF NOTRE DAME,University of Notre Dame,UNITED STATES,False,30301794.0,69,65,22519533.0,7803974.0,0,16327380.0,31,29,0.0,0,0,16327380.0,31,8524103.0,23,468026.0,1,2465529.0,1,341039.0,2,321270.0,1,408947.0,8,0.0,0,1445500.0,2,0.0,0,13974414.0,38,64,49,473466.0,466181.0,439156.0,255115.0,1.02,53.9,182.0,157.0,155.0,173.0,165.0,1.0,True,294.0,,,,,,,True,2587,non-rollup institutions
FY2025,IPF1190002,RESEARCH INST OF FOX CHASE CAN CTR,Fox Chase Cancer Center,UNITED STATES,False,30177234.0,52,52,18582328.0,11695954.0,0,15612038.0,26,26,0.0,0,0,15612038.0,26,6065126.0,19,2990113.0,4,5228642.0,2,0.0,0,281315.0,1,0.0,0,0.0,0,0.0,0,0.0,0,14565196.0,26,46,33,656027.0,580331.0,580331.0,339392.0,1.13,51.7,183.0,180.0,178.0,179.0,177.0,1.0,True,139.0,,,,,,,True,2587,non-rollup institutions
FY2025,IPF925301,BRANDEIS UNIVERSITY,Brandeis University,UNITED STATES,False,29487005.0,65,64,20744194.0,8742811.0,0,16133677.0,32,31,0.0,0,0,16133677.0,32,10653118.0,20,0.0,0,0.0,0,119458.0,1,2266102.0,5,314650.0,7,0.0,0,0.0,0,0.0,0,13353328.0,33,53,45,556359.0,460734.0,453646.0,304409.0,1.21,54.7,184.0,161.0,158.0,175.0,159.0,1.0,True,224.0,,,,,,,True,2587,non-rollup institutions
FY2025,IPF1484302,UNIVERSITY OF KANSAS LAWRENCE,Kansas Lawrence,UNITED STATES,False,29069848.0,52,49,21355085.0,7821506.0,0,7838855.0,17,15,0.0,0,0,7838855.0,17,11707955.0,22,0.0,0,7384376.0,5,913011.0,3,709888.0,2,56763.0,2,0.0,0,459000.0,1,0.0,0,21230993.0,35,52,41,559036.0,593262.0,559036.0,150747.0,0.94,27.0,185.0,180.0,182.0,235.0,204.0,1.0,True,221.0,,,,,,,True,2587,non-rollup institutions
FY2025,IPF578705,UNIVERSITY OF PUERTO RICO MED SCIENCES,Puerto Rico Medical Sciences,UNITED STATES,False,28907172.0,28,26,21765359.0,7814618.0,0,890311.0,2,2,0.0,0,0,890311.0,2,2760261.0,14,7305729.0,2,16915625.0,6,333152.0,2,0.0,0,0.0,0,0.0,0,702094.0,2,0.0,0,28016861.0,26,28,25,1032399.0,1111814.0,1032399.0,31797.0,0.93,3.1,186.0,227.0,225.0,464.0,414.0,1.0,True,46.0,,,,,,,True,2587,non-rollup institutions
FY2025,IPF5390304,UNIVERSITY OF MISSISSIPPI MED CTR,Mississippi Medical Center,UNITED STATES,False,27708533.0,39,38,19986734.0,8527748.0,0,11194744.0,21,21,0.0,0,0,11194744.0,21,943850.0,3,5704012.0,4,8738152.0,5,0.0,0,962061.0,2,165714.0,4,0.0,0,0.0,0,0.0,0,16513789.0,18,44,35,629739.0,729172.0,710475.0,254426.0,0.86,40.4,187.0,195.0,193.0,202.0,185.0,1.0,True,154.0,,,,,,,True,2587,non-rollup institutions
FY2025,IPF4976104,MAYO CLINIC ARIZONA,Mayo Clinic Arizona,UNITED STATES,False,27583900.0,54,53,20510200.0,7864089.0,0,19507597.0,33,33,0.0,0,0,19507597.0,33,1771939.0,6,1722396.0,5,2224423.0,1,993367.0,5,0.0,0,207624.0,3,0.0,0,1156554.0,1,0.0,0,8076303.0,21,60,39,459732.0,520451.0,510813.0,325127.0,0.88,70.7,188.0,175.0,174.0,154.0,157.0,1.0,True,305.0,,,,,,,True,2587,non-rollup institutions
FY2025,IPF4689203,LOYOLA UNIVERSITY CHICAGO,Loyola University Chicago,UNITED STATES,False,27519501.0,64,63,20215010.0,7304491.0,0,20560619.0,35,34,0.0,0,0,20560619.0,35,6013491.0,19,0.0,0,0.0,0,451981.0,3,59357.0,1,197697.0,5,0.0,0,236356.0,1,0.0,0,6958882.0,29,68,52,404699.0,436817.0,429992.0,302362.0,0.93,74.7,189.0,164.0,159.0,152.0,149.0,1.0,True,365.0,,,,,,,True,2587,non-rollup institutions
FY2025,IPF1518602,CHILDREN'S RESEARCH INSTITUTE,Children's Research Institute,UNITED STATES,False,27219132.0,64,62,19065169.0,8944132.0,0,12924905.0,20,20,0.0,0,0,12924905.0,20,6912314.0,20,1631733.0,4,1387604.0,1,2437321.0,15,446862.0,2,38333.0,1,0.0,0,1440060.0,1,0.0,0,14294227.0,44,74,55,367826.0,439018.0,425299.0,174661.0,0.84,47.5,190.0,164.0,161.0,188.0,187.0,1.0,True,395.0,,,,,,,True,2587,non-rollup institutions
FY2025,IPF7660801,TEXAS BIOMEDICAL RESEARCH INSTITUTE,Texas Biomedical Research Institute,UNITED STATES,False,27143425.0,22,22,16083183.0,11967082.0,0,15837217.0,18,18,0.0,0,0,15837217.0,18,255018.0,1,2417980.0,1,8633210.0,2,0.0,0,0.0,0,0.0,0,0.0,0,0.0,0,0.0,0,11306208.0,4,22,14,1233792.0,1233792.0,1233792.0,719874.0,1.0,58.3,191.0,250.0,245.0,177.0,196.0,1.0,True,25.0,,,,,,,True,2587,non-rollup institutions
FY2025,IPF4239601,VAN ANDEL RESEARCH INSTITUTE,Van Andel Research Institute,UNITED STATES,False,27079865.0,54,53,16019293.0,11172798.0,0,16346586.0,23,23,0.0,0,0,16346586.0,23,7447105.0,15,2020122.0,3,0.0,0,566908.0,4,494901.0,1,204243.0,8,0.0,0,0.0,0,0.0,0,10733279.0,31,45,35,601775.0,510941.0,501479.0,363257.0,1.18,60.4,192.0,175.0,174.0,172.0,180.0,1.0,True,183.0,,,,,,,True,2587,non-rollup institutions
FY2025,IPF577509,UNIVERSITY OF CALIFORNIA SANTA BARBARA,University of California Santa Barbara,UNITED STATES,False,26846484.0,59,55,19868420.0,6978064.0,0,12717648.0,27,26,0.0,0,0,12717648.0,27,11381245.0,24,0.0,0,0.0,0,0.0,0,678119.0,2,239586.0,4,0.0,0,1829886.0,2,0.0,0,14128836.0,32,55,40,488118.0,488118.0,455025.0,231230.0,1.0,47.4,193.0,170.0,171.0,189.0,171.0,1.0,True,282.0,,,,,,,True,2587,non-rollup institutions
FY2025,IPF829903,UNIVERSITY OF NEVADA RENO,"University of Nevada, Reno",UNITED STATES,False,26725483.0,41,40,21204297.0,7043454.0,0,11548479.0,19,19,0.0,0,0,11548479.0,19,6402469.0,15,0.0,0,8301293.0,4,0.0,0,435199.0,2,38043.0,1,0.0,0,0.0,0,0.0,0,15177004.0,22,45,35,593900.0,668137.0,651841.0,256633.0,0.89,43.2,194.0,193.0,190.0,197.0,190.0,1.0,True,190.0,,,,,,,True,2587,non-rollup institutions
FY2025,IPF2202601,BANNER HEALTH,Banner Health,UNITED STATES,False,26336658.0,6,5,29771185.0,12325725.0,0,25578021.0,5,4,0.0,0,0,25578021.0,5,758637.0,1,0.0,0,0.0,0,0.0,0,0.0,0,0.0,0,0.0,0,0.0,0,0.0,0,758637.0,1,10,4,2633666.0,5267332.0,4389443.0,2557802.0,0.5,97.1,195.0,433.0,446.0,134.0,317.0,1.0,True,6.0,,,,,,,True,2587,non-rollup institutions
FY2025,IPF5992616,SUNY DOWNSTATE MEDICAL CENTER,SUNY Downstate,UNITED STATES,False,26129509.0,33,31,21328748.0,6132144.0,0,11620011.0,18,16,0.0,0,0,11620011.0,18,2916924.0,8,8648430.0,2,0.0,0,349642.0,2,0.0,0,0.0,0,0.0,0,2594502.0,3,0.0,0,14509498.0,15,45,26,580656.0,842887.0,791803.0,258222.0,0.69,44.5,196.0,208.0,208.0,196.0,196.0,1.0,True,202.0,,,,,,,True,2587,non-rollup institutions
FY2025,MCLEAN,McLean Hospital,McLean Hospital,UNITED STATES,False,26082857.0,46,44,17998789.0,8338051.0,0,17087181.0,27,25,0.0,0,0,17087181.0,27,4289985.0,5,352064.0,1,1969525.0,1,1651910.0,10,732192.0,2,0.0,0,0.0,0,0.0,0,0.0,0,8995676.0,19,45,36,579619.0,592792.0,567019.0,379715.0,0.98,65.5,197.0,187.0,186.0,168.0,171.0,1.0,True,203.0,,,,,,,True,2587,non-rollup institutions
FY2025,IPF1301901,FAMILY HEALTH INTERNATIONAL,Family Health International,UNITED STATES,False,25924730.0,2,2,34041749.0,2873705.0,0,495057.0,1,1,0.0,0,0,495057.0,1,0.0,0,25429673.0,1,0.0,0,0.0,0,0.0,0,0.0,0,0.0,0,0.0,0,0.0,0,25429673.0,1,3,2,8641577.0,12962365.0,12962365.0,165019.0,0.67,1.9,198.0,698.0,671.0,554.0,484.0,1.0,False,,,,,,,,True,2587,non-rollup institutions
FY2025,IPF2465301,LA JOLLA INSTITUTE FOR IMMUNOLOGY,La Jolla Institute,UNITED STATES,False,25839984.0,31,28,15700916.0,10139068.0,0,7717827.0,9,9,0.0,0,0,7717827.0,9,6071059.0,11,11628215.0,9,0.0,0,0.0,0,422882.0,1,1.0,1,0.0,0,0.0,0,0.0,0,18122157.0,22,21,17,1230475.0,922857.0,833548.0,367516.0,1.33,29.9,199.0,213.0,222.0,239.0,255.0,1.0,True,26.0,,,,,,,True,2587,non-rollup institutions
FY2025,IPF1590919,"NEW YORK STATE PSYCHIATRIC INSTITUTE DBA RESEARCH FOUNDATION FOR MENTAL HYGIENE, INC",NYS Psychiatric Institute,UNITED STATES,False,25414430.0,42,38,18473316.0,6941114.0,0,16191756.0,27,23,0.0,0,0,16191756.0,27,6148203.0,5,0.0,0,1499856.0,1,1574615.0,9,0.0,0,0.0,0,0.0,0,0.0,0,0.0,0,9222674.0,15,39,32,651652.0,668801.0,605105.0,415173.0,0.97,63.7,200.0,190.0,193.0,174.0,171.0,1.0,True,141.0,,,,,,,True,2587,non-rollup institutions
FY2025,IPF130301,TUFTS MEDICAL CENTER,Tufts Medical Center,UNITED STATES,False,25312316.0,35,34,18849223.0,6463093.0,0,19739381.0,27,26,0.0,0,0,19739381.0,27,512574.0,2,4132197.0,1,0.0,0,928164.0,5,0.0,0,0.0,0,0.0,0,0.0,0,0.0,0,5572935.0,8,43,28,588659.0,744480.0,723209.0,459055.0,0.79,78.0,201.0,201.0,202.0,153.0,171.0,1.0,True,196.0,,,,,,,True,2587,non-rollup institutions
FY2025,IPF2819805,CALIFORNIA PACIFIC MED CTR RES INSTITUTE,CPMC Research Institute,UNITED STATES,False,25246675.0,4,4,22331666.0,2915009.0,0,15678014.0,2,2,0.0,0,0,15678014.0,2,9466491.0,1,0.0,0,0.0,0,102170.0,1,0.0,0,0.0,0,0.0,0,0.0,0,0.0,0,9568661.0,2,11,4,2295152.0,6311669.0,6311669.0,1425274.0,0.36,62.1,202.0,504.0,483.0,178.0,414.0,1.0,True,8.0,,,,,,,True,2587,non-rollup institutions
FY2025,IPF1626401,CLEMSON UNIVERSITY,Clemson University,UNITED STATES,False,24873166.0,49,48,18552420.0,6837992.0,0,7133693.0,15,14,0.0,0,0,7133693.0,15,6968848.0,21,2222407.0,4,6610221.0,3,566542.0,4,0.0,0,47505.0,1,0.0,0,1323950.0,1,0.0,0,17739473.0,34,47,38,529216.0,518191.0,507616.0,151781.0,1.02,28.7,203.0,185.0,183.0,246.0,217.0,1.0,True,248.0,,,,,,,True,2587,non-rollup institutions
FY2025,IPF2052813,ST. JOSEPH'S HOSPITAL AND MEDICAL CENTER,St. Joseph's Hospital and Medical Center,UNITED STATES,False,24797321.0,12,10,24005455.0,1042093.0,0,4187388.0,9,7,0.0,0,0,4187388.0,9,0.0,0,328637.0,1,0.0,0,0.0,0,0.0,0,45724.0,1,0.0,0,20235572.0,1,0.0,0,20609933.0,3,16,9,1549833.0,2479732.0,2066443.0,261712.0,0.62,16.9,204.0,339.0,352.0,280.0,255.0,1.0,True,16.0,,,,,,,True,2587,non-rollup institutions
FY2025,IPF10016499,TEXAS A&M UNIVERSITY,Texas A&M,UNITED STATES,False,24187344.0,52,50,17602963.0,6702005.0,0,12086834.0,27,25,0.0,0,0,12086834.0,27,8185447.0,18,0.0,0,3020410.0,2,321925.0,2,492528.0,1,80200.0,2,0.0,0,0.0,0,0.0,0,12100510.0,25,57,46,424339.0,483747.0,465141.0,212050.0,0.88,50.0,205.0,180.0,180.0,192.0,171.0,1.0,True,349.0,,,,,,,True,2587,non-rollup institutions
FY2025,IPF5720901,NATIONAL JEWISH HEALTH,National Jewish Health,UNITED STATES,False,23775777.0,32,30,16909928.0,6865849.0,0,11322338.0,18,18,0.0,0,0,11322338.0,18,2161197.0,5,9687944.0,5,0.0,0,604298.0,4,0.0,0,0.0,0,0.0,0,0.0,0,0.0,0,12453439.0,14,34,26,699288.0,792526.0,742993.0,333010.0,0.88,47.6,206.0,211.0,212.0,201.0,196.0,1.0,True,115.0,,,,,,,True,2587,non-rollup institutions
FY2025,IPF577909,LSU PENNINGTON BIOMEDICAL RESEARCH CTR,Pennington Biomedical,UNITED STATES,False,23611351.0,35,34,19872715.0,5772457.0,0,9621913.0,17,17,0.0,0,0,9621913.0,17,696142.0,4,7074550.0,4,3306027.0,2,178740.0,1,437244.0,1,286091.0,4,0.0,0,2010644.0,2,0.0,0,13989438.0,18,33,27,715495.0,694452.0,674610.0,291573.0,1.03,40.8,207.0,201.0,202.0,211.0,204.0,1.0,True,104.0,,,,,,,True,2587,non-rollup institutions
FY2025,IPF5221201,UNIVERSITY OF MIAMI CORAL GABLES,University of Miami Coral Gables,UNITED STATES,False,23603372.0,33,31,18178024.0,6367199.0,0,11367461.0,17,15,0.0,0,0,11367461.0,17,1736032.0,4,7148592.0,3,2166602.0,2,492906.0,3,550518.0,1,141261.0,3,0.0,0,0.0,0,0.0,0,12235911.0,16,38,25,621141.0,761399.0,715254.0,299144.0,0.82,48.2,208.0,208.0,208.0,200.0,204.0,1.0,True,165.0,,,,,,,True,2587,non-rollup institutions
FY2025,IPF5992619,UPSTATE MEDICAL UNIVERSITY,SUNY Upstate,UNITED STATES,False,22645296.0,59,55,15456623.0,7429665.0,0,13999651.0,32,28,0.0,0,0,13999651.0,32,6415287.0,18,1310215.0,1,0.0,0,428997.0,2,218456.0,1,272690.0,5,0.0,0,0.0,0,0.0,0,8645645.0,27,53,49,427270.0,411733.0,383819.0,264144.0,1.04,61.8,209.0,170.0,171.0,183.0,159.0,1.0,True,344.0,,,,,,,True,2587,non-rollup institutions
FY2025,IPF577512,UNIVERSITY OF CALIF-LAWRENC BERKELEY LAB,University of Calif-Lawrenc Berkeley Lab,UNITED STATES,False,22251885.0,26,24,14005453.0,9084979.0,0,7904782.0,10,10,0.0,0,0,7904782.0,10,6200064.0,10,1753590.0,2,6305485.0,3,0.0,0,0.0,0,87964.0,1,0.0,0,0.0,0,0.0,0,14347103.0,16,20,18,1112594.0,927162.0,855842.0,395239.0,1.2,35.5,210.0,234.0,235.0,231.0,246.0,1.0,True,36.0,,,,,,,True,2587,non-rollup institutions
FY2025,IPF2133701,JOSLIN DIABETES CENTER,Joslin Diabetes Center,UNITED STATES,False,22244215.0,36,35,15778739.0,6658858.0,0,12314851.0,19,19,0.0,0,0,12314851.0,19,2992202.0,5,3746075.0,5,1706072.0,1,619606.0,4,828792.0,1,36617.0,1,0.0,0,0.0,0,0.0,0,9929364.0,17,36,21,617895.0,635549.0,617895.0,342079.0,0.97,55.4,211.0,199.0,199.0,191.0,190.0,1.0,True,169.0,,,,,,,True,2587,non-rollup institutions
FY2025,IPF9291001,RICE UNIVERSITY,Rice University,UNITED STATES,False,22184432.0,62,58,16857516.0,5833174.0,0,9251978.0,19,19,0.0,0,0,9251978.0,19,8235250.0,26,3205899.0,6,0.0,0,100656.0,1,839428.0,1,551221.0,9,0.0,0,0.0,0,0.0,0,12932454.0,43,54,44,410823.0,382490.0,357813.0,171333.0,1.07,41.7,212.0,166.0,168.0,216.0,190.0,1.0,True,360.0,,,,,,,True,2587,non-rollup institutions
FY2025,IPF872101,BOSTON COLLEGE,Boston College,UNITED STATES,False,21602087.0,50,44,15572127.0,6029960.0,0,11426761.0,23,17,0.0,0,0,11426761.0,23,8747365.0,22,0.0,0,0.0,0,912455.0,3,0.0,0,46006.0,1,0.0,0,469500.0,1,0.0,0,10175326.0,27,48,38,450043.0,490957.0,432042.0,238058.0,0.92,52.9,213.0,184.0,186.0,199.0,180.0,1.0,True,316.0,,,,,,,True,2587,non-rollup institutions
FY2025,IPF577902,LSU HEALTH SCIENCES CENTER,LSU Health New Orleans,UNITED STATES,False,21571015.0,53,50,16662590.0,5404503.0,0,9396599.0,19,18,0.0,0,0,9396599.0,19,1834566.0,10,4654310.0,5,3654428.0,2,614287.0,4,612775.0,2,362748.0,9,0.0,0,441302.0,2,0.0,0,12174416.0,34,57,42,378439.0,431420.0,407000.0,164853.0,0.88,43.6,214.0,177.0,180.0,214.0,190.0,1.0,True,388.0,,,,,,,True,2587,non-rollup institutions
FY2025,IPF5050201,MEHARRY MEDICAL COLLEGE,Meharry Medical College,UNITED STATES,False,21468820.0,25,24,18325342.0,3171717.0,0,1811833.0,3,3,0.0,0,0,1811833.0,3,2184433.0,9,8269154.0,5,0.0,0,277515.0,2,944147.0,4,0.0,0,0.0,0,7981738.0,2,0.0,0,19656987.0,22,20,15,1073441.0,894534.0,858753.0,90592.0,1.2,8.4,215.0,238.0,235.0,380.0,369.0,1.0,True,38.0,,,,,,,True,2587,non-rollup institutions
FY2025,IPF3085101,"JAEB CENTER FOR HEALTH RESEARCH, INC.",Jaeb Center for Health Research,UNITED STATES,False,21288218.0,4,4,22464344.0,3805346.0,0,2345176.0,1,1,0.0,0,0,2345176.0,1,0.0,0,18943042.0,3,0.0,0,0.0,0,0.0,0,0.0,0,0.0,0,0.0,0,0.0,0,18943042.0,3,11,4,1935293.0,5322054.0,5322054.0,213198.0,0.36,11.0,216.0,504.0,483.0,350.0,484.0,1.0,True,11.0,,,,,,,True,2587,non-rollup institutions
FY2025,IPF3123401,BUCK INSTITUTE FOR RESEARCH ON AGING,Buck Institute for Research On Aging,UNITED STATES,False,21072591.0,27,26,13878240.0,7879960.0,0,8124412.0,13,13,0.0,0,0,8124412.0,13,3106782.0,5,4148947.0,4,2923872.0,2,174765.0,1,834401.0,1,0.0,0,0.0,0,1759412.0,1,0.0,0,12948179.0,14,21,16,1003457.0,810484.0,780466.0,386877.0,1.24,38.6,217.0,229.0,225.0,230.0,229.0,1.0,True,49.0,,,,,,,True,2587,non-rollup institutions
FY2025,IPF444701,"HARVARD PILGRIM HEALTH CARE, INC.",Harvard Pilgrim Health Care,UNITED STATES,False,21064332.0,29,29,15865269.0,5246664.0,0,13870601.0,20,20,0.0,0,0,13870601.0,20,2785777.0,3,3975620.0,3,0.0,0,432334.0,3,0.0,0,0.0,0,0.0,0,0.0,0,0.0,0,7193731.0,9,26,18,810167.0,726356.0,726356.0,533485.0,1.12,65.8,218.0,222.0,218.0,185.0,187.0,1.0,True,70.0,,,,,,,True,2587,non-rollup institutions
FY2025,IPF7915401,SAINT LOUIS UNIVERSITY,Saint Louis University,UNITED STATES,False,20848947.0,42,42,14444468.0,6404479.0,0,10733344.0,22,22,0.0,0,0,10733344.0,22,6196174.0,12,3042721.0,2,0.0,0,521307.0,3,246325.0,1,109076.0,2,0.0,0,0.0,0,0.0,0,10115603.0,20,47,36,443595.0,496404.0,496404.0,228369.0,0.89,51.5,219.0,190.0,188.0,206.0,183.0,1.0,True,325.0,,,,,,,True,2587,non-rollup institutions
FY2025,IPF1809301,HENRY M. JACKSON FDN FOR THE ADV MIL/MED,Henry M. Jackson Foundation for the Adv Mil/Medicine,UNITED STATES,False,20829767.0,34,34,15779677.0,5050090.0,0,9420731.0,15,15,0.0,0,0,9420731.0,15,3619248.0,13,7756250.0,5,0.0,0,0.0,0,0.0,0,33538.0,1,0.0,0,0.0,0,0.0,0,11409036.0,19,43,31,484413.0,612640.0,612640.0,219087.0,0.79,45.2,220.0,205.0,202.0,213.0,217.0,1.0,True,288.0,,,,,,,True,2587,non-rollup institutions
FY2025,IPF10051750,DARTMOUTH-HITCHCOCK CLINIC,Dartmouth-Hitchcock Clinic,UNITED STATES,False,20731607.0,38,38,16350921.0,4571160.0,0,9174272.0,17,17,0.0,0,0,9174272.0,17,1155089.0,5,5716264.0,5,2307317.0,1,2228665.0,9,0.0,0,0.0,0,0.0,0,150000.0,1,0.0,0,11557335.0,21,47,35,441098.0,545569.0,545569.0,195197.0,0.81,44.3,221.0,196.0,193.0,218.0,204.0,1.0,True,329.0,,,,,,,True,2587,non-rollup institutions
FY2025,IPF2370003,HUGO W. MOSER RES INST KENNEDY KRIEGER,Kennedy Krieger Institute,UNITED STATES,False,20672587.0,31,31,16087749.0,4651946.0,0,7480828.0,15,15,0.0,0,0,7480828.0,15,2250964.0,5,2222446.0,2,3668322.0,3,4666806.0,5,383221.0,1,0.0,0,0.0,0,0.0,0,0.0,0,13191759.0,16,33,23,626442.0,666858.0,666858.0,226692.0,0.94,36.2,222.0,213.0,208.0,243.0,217.0,1.0,True,155.0,,,,,,,True,2587,non-rollup institutions
FY2025,IPF578103,UNIVERSITY OF NEBRASKA LINCOLN,Nebraska Lincoln,UNITED STATES,False,20075738.0,35,35,14860259.0,6571043.0,0,8624954.0,15,15,0.0,0,0,8624954.0,15,6524391.0,16,0.0,0,4623711.0,3,0.0,0,302682.0,1,0.0,0,0.0,0,0.0,0,0.0,0,11450784.0,20,39,33,514763.0,573593.0,573593.0,221153.0,0.9,43.0,223.0,201.0,199.0,225.0,217.0,1.0,True,262.0,,,,,,,True,2587,non-rollup institutions
FY2025,IPF577907,LOUISIANA STATE UNIV A&M COL BATON ROUGE,LSU Baton Rouge,UNITED STATES,False,19756969.0,27,26,14974790.0,5361571.0,0,7241260.0,13,13,0.0,0,0,7241260.0,13,3930752.0,9,140286.0,2,8444671.0,3,0.0,0,0.0,0,0.0,0,0.0,0,0.0,0,0.0,0,12515709.0,14,26,23,759883.0,759883.0,731740.0,278510.0,1.0,36.7,224.0,229.0,225.0,244.0,229.0,1.0,True,91.0,,,,,,,True,2587,non-rollup institutions
FY2025,IPF4757601,MAINEHEALTH,Mainehealth,UNITED STATES,False,19654079.0,21,21,15838311.0,7126080.0,0,8207027.0,11,11,0.0,0,0,8207027.0,11,99576.0,1,5496575.0,3,5159993.0,2,127427.0,1,75461.0,1,9187.0,1,0.0,0,478833.0,1,0.0,0,11447052.0,10,25,16,786163.0,935909.0,935909.0,328281.0,0.84,41.8,225.0,260.0,253.0,228.0,239.0,1.0,True,78.0,,,,,,,True,2587,non-rollup institutions
FY2025,IPF3709001,"RHO FEDERAL SYSTEMS DIVISION, INC.",Rho Federal Systems Division,UNITED STATES,False,19624860.0,5,2,12488914.0,7463499.0,0,0.0,0,0,0.0,0,0,0.0,0,0.0,0,19624860.0,5,0.0,0,0.0,0,0.0,0,0.0,0,0.0,0,0.0,0,0.0,0,19624860.0,5,5,3,3924972.0,9812430.0,3924972.0,0.0,0.4,0.0,226.0,458.0,671.0,669.0,669.0,1.0,True,4.0,,,,,,,True,2587,non-rollup institutions
FY2025,IPF6297004,OREGON STATE UNIVERSITY,Oregon State University,UNITED STATES,False,19367988.0,44,40,14791667.0,4685925.0,0,7828825.0,17,17,0.0,0,0,7828825.0,17,6227842.0,17,0.0,0,4069128.0,3,459269.0,3,770715.0,3,12209.0,1,0.0,0,0.0,0,0.0,0,11539163.0,27,42,33,461143.0,484200.0,440182.0,186401.0,0.95,40.4,227.0,188.0,190.0,236.0,204.0,1.0,True,302.0,,,,,,,True,2587,non-rollup institutions
FY2025,IPF6969201,UNIVERSITY OF RHODE ISLAND,University of Rhode Island,UNITED STATES,False,18915766.0,44,40,17079866.0,4378530.0,0,8963190.0,15,14,0.0,0,0,8963190.0,15,2137035.0,10,567169.0,1,5667565.0,4,1094244.0,7,213180.0,1,273383.0,6,0.0,0,0.0,0,0.0,0,9952576.0,29,48,37,394078.0,472894.0,429904.0,186733.0,0.83,47.4,228.0,188.0,190.0,222.0,217.0,1.0,True,376.0,,,,,,,True,2587,non-rollup institutions
FY2025,IPF5304801,"VERSITI WISCONSIN, INC.",Versiti Wisconsin,UNITED STATES,False,18503684.0,26,26,12879889.0,5623795.0,0,11500617.0,17,17,0.0,0,0,11500617.0,17,654548.0,2,0.0,0,5013205.0,2,478440.0,3,176949.0,1,0.0,0,0.0,0,679925.0,1,0.0,0,7003067.0,9,19,17,973878.0,711680.0,711680.0,605296.0,1.37,62.2,229.0,234.0,225.0,198.0,204.0,1.0,True,51.0,,,,,,,True,2587,non-rollup institutions
FY2025,IPF10032222,NEW YORK GENOME CENTER,New York Genome Center,UNITED STATES,False,18359944.0,9,9,11916728.0,6443216.0,0,4138559.0,5,5,0.0,0,0,4138559.0,5,10096500.0,2,2476597.0,1,0.0,0,0.0,0,0.0,0,0.0,0,0.0,0,1648288.0,1,0.0,0,14221385.0,4,10,5,1835994.0,2039994.0,2039994.0,413856.0,0.9,22.5,230.0,378.0,372.0,283.0,317.0,1.0,True,13.0,,,,,,,True,2587,non-rollup institutions
FY2025,IPF819801,GEORGE MASON UNIVERSITY,George Mason University,UNITED STATES,False,18037598.0,22,21,14740009.0,4563266.0,0,7841518.0,8,8,0.0,0,0,7841518.0,8,1374943.0,6,8293314.0,3,0.0,0,404883.0,3,0.0,0,122940.0,2,0.0,0,0.0,0,0.0,0,10196080.0,14,31,20,581858.0,858933.0,819891.0,252952.0,0.68,43.5,231.0,250.0,253.0,234.0,273.0,1.0,True,201.0,,,,,,,True,2587,non-rollup institutions
FY2025,IPF1381004,MONTANA STATE UNIVERSITY - BOZEMAN,Montana State University - Bozeman,UNITED STATES,False,17548155.0,22,22,13762088.0,3786067.0,0,9183944.0,11,11,0.0,0,0,9183944.0,11,2549579.0,7,324178.0,1,5453975.0,2,0.0,0,0.0,0,36479.0,1,0.0,0,0.0,0,0.0,0,8364211.0,11,32,21,548380.0,797643.0,797643.0,286998.0,0.69,52.3,232.0,250.0,245.0,217.0,239.0,1.0,True,233.0,,,,,,,True,2587,non-rollup institutions
FY2025,IPF5369401,MIRIAM HOSPITAL,Miriam Hospital,UNITED STATES,False,17363146.0,37,35,14653296.0,3923175.0,0,9853034.0,17,16,0.0,0,0,9853034.0,17,1490512.0,5,0.0,0,3080804.0,2,1864052.0,11,1074744.0,2,0.0,0,0.0,0,0.0,0,0.0,0,7510112.0,20,31,24,560101.0,496090.0,469274.0,317840.0,1.13,56.7,233.0,197.0,199.0,208.0,204.0,1.0,True,219.0,,,,,,,True,2587,non-rollup institutions
FY2025,IPF3974801,IOWA STATE UNIVERSITY,Iowa State University,UNITED STATES,False,17310582.0,42,41,12424025.0,4886557.0,0,8316405.0,17,17,0.0,0,0,8316405.0,17,8089235.0,23,904942.0,2,0.0,0,0.0,0,0.0,0,0.0,0,0.0,0,0.0,0,0.0,0,8994177.0,25,49,38,353277.0,422209.0,412157.0,169723.0,0.84,48.0,234.0,190.0,189.0,227.0,204.0,1.0,True,411.0,,,,,,,True,2587,non-rollup institutions
FY2025,IPF577905,LOUISIANA STATE UNIV HSC SHREVEPORT,LSU Health Shreveport,UNITED STATES,False,17083574.0,30,30,11945392.0,5194218.0,0,10985541.0,21,21,0.0,0,0,10985541.0,21,1802970.0,6,0.0,0,4197167.0,2,0.0,0,97896.0,1,0.0,0,0.0,0,0.0,0,0.0,0,6098033.0,9,27,26,632725.0,569452.0,569452.0,406872.0,1.11,64.3,235.0,218.0,212.0,204.0,185.0,1.0,True,152.0,,,,,,,True,2587,non-rollup institutions
FY2025,IPF1415702,UNIVERSITY OF NEW MEXICO,University of New Mexico,UNITED STATES,False,16954556.0,37,37,12582535.0,4372021.0,0,7747284.0,14,14,0.0,0,0,7747284.0,14,7334381.0,13,0.0,0,0.0,0,779661.0,4,812098.0,2,107698.0,3,0.0,0,173434.0,1,0.0,0,9207272.0,23,40,33,423864.0,458231.0,458231.0,193682.0,0.92,45.7,236.0,197.0,196.0,237.0,223.0,1.0,True,350.0,,,,,,,True,2587,non-rollup institutions
FY2025,IPF491702,ARKANSAS CHILDREN'S HOSPITAL RES INST,Arkansas Children's,UNITED STATES,False,16680879.0,29,20,12842074.0,4247145.0,0,7865626.0,16,10,0.0,0,0,7865626.0,16,709064.0,4,3533675.0,4,4190321.0,2,327655.0,2,0.0,0,54538.0,1,0.0,0,0.0,0,0.0,0,8815253.0,13,27,17,617810.0,834044.0,575203.0,291319.0,0.74,47.2,237.0,222.0,260.0,233.0,215.0,1.0,True,170.0,,,,,,,True,2587,non-rollup institutions
FY2025,IPF8266920,TEXAS A&M AGRILIFE RESEARCH,Texas A&M Agrilife Research,UNITED STATES,False,16538148.0,34,33,11818586.0,4740808.0,0,9772437.0,19,18,0.0,0,0,9772437.0,19,6580214.0,12,1.0,1,0.0,0,116189.0,1,69307.0,1,0.0,0,0.0,0,0.0,0,0.0,0,6765711.0,15,33,29,501156.0,501156.0,486416.0,296134.0,1.0,59.1,238.0,205.0,207.0,210.0,190.0,1.0,True,271.0,,,,,,,True,2587,non-rollup institutions
FY2025,IPF3840801,MAGEE-WOMEN'S RES INST AND FOUNDATION,Magee-Womens Research Institute,UNITED STATES,False,16136713.0,30,30,14231019.0,2126347.0,0,9023799.0,17,17,0.0,0,0,9023799.0,17,3287564.0,7,1151103.0,2,1644034.0,1,980675.0,2,0.0,0,49538.0,1,0.0,0,0.0,0,0.0,0,7112914.0,13,31,17,520539.0,537890.0,537890.0,291090.0,0.97,55.9,239.0,218.0,212.0,221.0,204.0,1.0,True,257.0,,,,,,,True,2587,non-rollup institutions
FY2025,IPF513805,UNIVERSITY OF CENTRAL FLORIDA,University of Central Florida,UNITED STATES,False,15792768.0,34,34,11833284.0,3959484.0,0,11818973.0,19,19,0.0,0,0,11818973.0,19,3935467.0,14,0.0,0,0.0,0,0.0,0,0.0,0,38328.0,1,0.0,0,0.0,0,0.0,0,3973795.0,15,50,34,315855.0,464493.0,464493.0,236379.0,0.68,74.8,240.0,205.0,202.0,194.0,190.0,1.0,True,435.0,,,,,,,True,2587,non-rollup institutions
FY2025,IPF1726701,MOREHOUSE SCHOOL OF MEDICINE,Morehouse School of Medicine,UNITED STATES,False,15691490.0,28,25,12080477.0,3611013.0,0,3269070.0,9,6,0.0,0,0,3269070.0,9,2730814.0,10,7487229.0,3,0.0,0,0.0,0,927889.0,1,0.0,0,0.0,0,1276488.0,5,0.0,0,12422420.0,19,36,24,435875.0,627660.0,560410.0,90808.0,0.69,20.8,241.0,227.0,232.0,310.0,255.0,1.0,True,333.0,,,,,,,True,2587,non-rollup institutions
FY2025,IPF478201,BOISE STATE UNIVERSITY,Boise State University,UNITED STATES,False,15581061.0,11,11,13644578.0,1936483.0,0,1117800.0,3,3,0.0,0,0,1117800.0,3,893997.0,3,0.0,0,5306845.0,3,0.0,0,262419.0,1,0.0,0,0.0,0,8000000.0,1,0.0,0,14463261.0,8,13,9,1198543.0,1416460.0,1416460.0,85985.0,0.85,7.2,242.0,345.0,335.0,440.0,369.0,1.0,True,31.0,,,,,,,True,2587,non-rollup institutions
FY2025,IPF2943902,WINIFRED MASTERSON BURKE MED RES INST,Winifred Masterson Burke Medical Research Institute,UNITED STATES,False,14917321.0,11,11,19349631.0,1777194.0,0,14098320.0,8,8,0.0,0,0,14098320.0,8,741249.0,2,0.0,0,0.0,0,0.0,0,0.0,0,77752.0,1,0.0,0,0.0,0,0.0,0,819001.0,3,14,8,1065523.0,1356120.0,1356120.0,1007023.0,0.79,94.5,243.0,345.0,335.0,182.0,273.0,1.0,True,40.0,,,,,,,True,2587,non-rollup institutions
FY2025,IPF6948301,SCHEPENS EYE RESEARCH INSTITUTE,Schepens Eye Research Institute,UNITED STATES,False,14900716.0,30,29,8393944.0,6513837.0,0,10596115.0,18,17,0.0,0,0,10596115.0,18,1787400.0,6,1078472.0,2,803878.0,1,393258.0,2,241593.0,1,0.0,0,0.0,0,0.0,0,0.0,0,4304601.0,12,23,18,647857.0,513818.0,496691.0,460701.0,1.26,71.1,244.0,218.0,218.0,207.0,196.0,1.0,True,143.0,,,,,,,True,2587,non-rollup institutions
FY2025,IPF1520301,SYRACUSE UNIVERSITY,Syracuse University,UNITED STATES,False,14641786.0,31,30,10638184.0,4157174.0,0,5892318.0,13,12,0.0,0,0,5892318.0,13,7929147.0,16,820321.0,2,0.0,0,0.0,0,0.0,0,0.0,0,0.0,0,0.0,0,0.0,0,8749468.0,18,30,28,488060.0,488060.0,472316.0,196411.0,1.0,40.2,245.0,213.0,212.0,259.0,229.0,1.0,True,283.0,,,,,,,True,2587,non-rollup institutions
FY2025,IPF4121701,NEW YORK STRUCTURAL BIOLOGY CENTER,New York Structural Biology Center,UNITED STATES,False,14401461.0,11,9,9817752.0,5382511.0,0,1065719.0,1,1,0.0,0,0,1065719.0,1,9654095.0,5,1602571.0,2,0.0,0,0.0,0,0.0,0,99076.0,2,0.0,0,1980000.0,1,0.0,0,13335742.0,10,7,6,2057352.0,1600162.0,1309224.0,152246.0,1.29,7.4,246.0,345.0,372.0,448.0,484.0,1.0,True,9.0,,,,,,,True,2587,non-rollup institutions
FY2025,IPF1381006,UNIVERSITY OF MONTANA,University of Montana,UNITED STATES,False,14159621.0,21,21,10964398.0,4129431.0,0,2880934.0,7,7,0.0,0,0,2880934.0,7,4178444.0,6,1362058.0,2,5466156.0,3,154532.0,1,0.0,0,117497.0,2,0.0,0,0.0,0,0.0,0,11278687.0,14,24,17,589984.0,674268.0,674268.0,120039.0,0.88,20.3,247.0,260.0,253.0,324.0,287.0,1.0,True,194.0,,,,,,,True,2587,non-rollup institutions
FY2025,IPF5992604,STATE UNIVERSITY OF NEW YORK AT ALBANY,State University of New York at Albany,UNITED STATES,False,14141178.0,41,37,10318770.0,3822408.0,0,7517093.0,20,16,0.0,0,0,7517093.0,20,4532108.0,15,0.0,0,0.0,0,0.0,0,691006.0,2,75142.0,2,0.0,0,1325829.0,2,0.0,0,6624085.0,21,35,29,404034.0,382194.0,344907.0,214774.0,1.06,53.2,248.0,193.0,196.0,242.0,187.0,1.0,True,366.0,,,,,,,True,2587,non-rollup institutions
FY2025,IPF8266919,TEXAS ENGINEERING EXPERIMENT STATION,Texas Engineering Experiment Station,UNITED STATES,False,14051842.0,29,28,10358750.0,3903815.0,0,9826014.0,18,17,0.0,0,0,9826014.0,18,3482729.0,10,743099.0,1,0.0,0,0.0,0,0.0,0,0.0,0,0.0,0,0.0,0,0.0,0,4225828.0,11,31,24,453285.0,501852.0,484546.0,316968.0,0.9,69.9,249.0,222.0,222.0,209.0,196.0,1.0,True,313.0,,,,,,,True,2587,non-rollup institutions
FY2025,IPF5992621,"STATE UNIVERSITY OF NY,BINGHAMTON","State University of New York,binghamton",UNITED STATES,False,13977602.0,36,36,10115002.0,3862600.0,0,6894983.0,14,14,0.0,0,0,6894983.0,14,4735859.0,16,0.0,0,1547376.0,1,0.0,0,727887.0,2,71497.0,3,0.0,0,0.0,0,0.0,0,7082619.0,22,43,34,325061.0,388267.0,388267.0,160348.0,0.84,49.3,250.0,199.0,198.0,249.0,223.0,1.0,True,433.0,,,,,,,True,2587,non-rollup institutions
FY2025,IPF2543101,LUNDQUIST INSTITUTE FOR BIOMEDICAL INNOVATION AT HARBOR-UCLA MEDICAL CENTER,Lundquist Institute,UNITED STATES,False,13627284.0,22,22,10064100.0,3563184.0,0,8131505.0,14,14,0.0,0,0,8131505.0,14,672716.0,4,2326682.0,1,2205213.0,1,291168.0,2,0.0,0,0.0,0,0.0,0,0.0,0,0.0,0,5495779.0,8,25,20,545091.0,619422.0,619422.0,325260.0,0.88,59.7,251.0,250.0,245.0,229.0,223.0,1.0,True,239.0,,,,,,,True,2587,non-rollup institutions
FY2025,IPF4081105,HOSPITAL FOR SPECIAL SURGERY,Hospital for Special Surgery,UNITED STATES,False,13273042.0,26,26,8506849.0,4905711.0,0,11663058.0,18,18,0.0,0,0,11663058.0,18,0.0,0,0.0,0,0.0,0,1094089.0,6,515895.0,2,0.0,0,0.0,0,0.0,0,0.0,0,1609984.0,8,20,18,663652.0,510502.0,510502.0,583153.0,1.3,87.9,252.0,234.0,225.0,195.0,196.0,1.0,True,134.0,,,,,,,True,2587,non-rollup institutions
FY2025,IPF7603801,CORIELL INSTITUTE FOR MEDICAL RESEARCH,Coriell Institute for Medical Research,UNITED STATES,False,13218614.0,10,10,10398105.0,2820509.0,0,2985315.0,5,5,0.0,0,0,2985315.0,5,127501.0,1,2614373.0,2,2521916.0,1,0.0,0,0.0,0,0.0,0,0.0,0,4969509.0,1,0.0,0,10233299.0,5,11,6,1201692.0,1321861.0,1321861.0,271392.0,0.91,22.6,253.0,363.0,352.0,320.0,317.0,1.0,True,30.0,,,,,,,True,2587,non-rollup institutions
FY2025,IPF8422701,TUFTS UNIVERSITY MEDFORD,Tufts (Medford),UNITED STATES,False,13133020.0,31,30,9398541.0,3734479.0,0,6964508.0,15,15,0.0,0,0,6964508.0,15,5477110.0,14,556865.0,1,0.0,0,134537.0,1,0.0,0,0.0,0,0.0,0,0.0,0,0.0,0,6168512.0,16,35,27,375229.0,437767.0,423646.0,198986.0,0.86,53.0,254.0,213.0,212.0,247.0,217.0,1.0,True,390.0,,,,,,,True,2587,non-rollup institutions
FY2025,IPF1565401,PONCE SCHOOL OF MEDICINE,Ponce School of Medicine,UNITED STATES,False,12851607.0,8,7,8769975.0,4509980.0,0,1319332.0,2,1,0.0,0,0,1319332.0,2,312800.0,2,11061984.0,3,0.0,0,157491.0,1,0.0,0,0.0,0,0.0,0,0.0,0,0.0,0,11532275.0,6,10,6,1285161.0,1835944.0,1606451.0,131933.0,0.7,10.3,255.0,393.0,401.0,416.0,414.0,1.0,True,22.0,,,,,,,True,2587,non-rollup institutions
FY2025,IPF10001715,TRANSLATIONAL GENOMICS RESEARCH INST,Translational Genomics Research Institute,UNITED STATES,False,12735538.0,9,8,11518377.0,2159061.0,0,3449755.0,4,4,0.0,0,0,3449755.0,4,495271.0,3,8790512.0,2,0.0,0,0.0,0,0.0,0,0.0,0,0.0,0,0.0,0,0.0,0,9285783.0,5,12,7,1061295.0,1591942.0,1415060.0,287480.0,0.67,27.1,256.0,378.0,388.0,304.0,340.0,1.0,True,41.0,,,,,,,True,2587,non-rollup institutions
FY2025,IPF2705601,"ADA FORSYTH INSTITUTE, INC.",Ada Forsyth Institute,UNITED STATES,False,12606332.0,24,24,7961216.0,4645116.0,0,9131555.0,14,14,0.0,0,0,9131555.0,14,2138488.0,5,0.0,0,0.0,0,937634.0,3,385290.0,1,13365.0,1,0.0,0,0.0,0,0.0,0,3474777.0,10,25,17,504253.0,525264.0,525264.0,365262.0,0.96,72.4,257.0,242.0,235.0,219.0,223.0,1.0,True,270.0,,,,,,,True,2587,non-rollup institutions
FY2025,IPF10076038,"LIGHTHOUSE PHARMACEUTICALS, INC.",Lighthouse Pharmaceuticals,UNITED STATES,False,12591952.0,1,1,11447229.0,1144723.0,0,12591952.0,1,1,0.0,0,0,12591952.0,1,0.0,0,0.0,0,0.0,0,0.0,0,0.0,0,0.0,0,0.0,0,0.0,0,0.0,0,0.0,0,1,1,12591952.0,12591952.0,12591952.0,12591952.0,1.0,100.0,258.0,1009.0,958.0,190.0,484.0,1.0,False,,,,,,,,True,2587,non-rollup institutions
FY2025,IPF1605017,CITY COLLEGE OF NEW YORK,City College of New York,UNITED STATES,False,12555738.0,24,22,8861381.0,3697909.0,0,2755975.0,6,6,0.0,0,0,2755975.0,6,2314256.0,12,6038627.0,3,0.0,0,0.0,0,1446880.0,3,0.0,0,0.0,0,0.0,0,0.0,0,9799763.0,18,28,19,448419.0,570715.0,523156.0,98428.0,0.79,21.9,259.0,242.0,245.0,330.0,294.0,1.0,True,319.0,,,,,,,True,2587,non-rollup institutions
FY2025,IPF578402,UNIVERSITY OF TEXAS ARLINGTON,University of Texas Arlington,UNITED STATES,False,12476178.0,29,26,9499237.0,2976941.0,0,7893503.0,12,12,0.0,0,0,7893503.0,12,3522533.0,14,758329.0,1,0.0,0,301813.0,2,0.0,0,0.0,0,0.0,0,0.0,0,0.0,0,4582675.0,17,35,25,356462.0,479853.0,430213.0,225529.0,0.74,63.3,260.0,222.0,225.0,232.0,235.0,1.0,True,406.0,,,,,,,True,2587,non-rollup institutions
FY2025,IPF1589901,NATIONAL BUREAU OF ECONOMIC RESEARCH,National Bureau of Economic Research,UNITED STATES,False,12465149.0,15,15,9370254.0,3272478.0,0,4023718.0,8,8,0.0,0,0,4023718.0,8,249509.0,2,3550343.0,2,4641579.0,3,0.0,0,0.0,0,0.0,0,0.0,0,0.0,0,0.0,0,8441431.0,7,22,15,566598.0,831010.0,831010.0,182896.0,0.68,32.3,261.0,297.0,293.0,287.0,273.0,1.0,True,217.0,,,,,,,True,2587,non-rollup institutions
FY2025,IPF1529501,"CHILDREN'S MERCY HOSP (KANSAS CITY, MO)",Children's Mercy,UNITED STATES,False,12440717.0,33,29,9015160.0,3425557.0,0,6955725.0,14,12,0.0,0,0,6955725.0,14,2848109.0,8,1159840.0,3,0.0,0,1173548.0,7,303495.0,1,0.0,0,0.0,0,0.0,0,0.0,0,5484992.0,19,31,26,401313.0,428990.0,376991.0,224378.0,0.94,55.9,262.0,208.0,218.0,248.0,223.0,1.0,True,371.0,,,,,,,True,2587,non-rollup institutions
FY2025,IPF578304,UNIVERSITY OF TENNESSEE KNOXVILLE,Tennessee Knoxville,UNITED STATES,False,12261918.0,31,31,8884036.0,3377882.0,0,4700223.0,11,11,0.0,0,0,4700223.0,11,7025863.0,17,0.0,0,0.0,0,165024.0,1,321270.0,1,49538.0,1,0.0,0,0.0,0,0.0,0,7561695.0,20,35,31,350341.0,395546.0,395546.0,134292.0,0.89,38.3,263.0,213.0,208.0,271.0,239.0,1.0,True,415.0,,,,,,,True,2587,non-rollup institutions
FY2025,IPF9374601,WORCESTER POLYTECHNIC INSTITUTE,Worcester Polytechnic Institute,UNITED STATES,False,12255472.0,17,17,9715024.0,2540448.0,0,2526973.0,6,6,0.0,0,0,2526973.0,6,2838585.0,10,6889914.0,1,0.0,0,0.0,0,0.0,0,0.0,0,0.0,0,0.0,0,0.0,0,9728499.0,11,16,13,765967.0,720910.0,720910.0,157936.0,1.06,20.6,264.0,278.0,275.0,340.0,294.0,1.0,True,88.0,,,,,,,True,2587,non-rollup institutions
FY2025,IPF1147601,UNIVERSITY OF CAPE TOWN,University of Cape Town,SOUTH AFRICA,False,12225823.0,23,23,12035444.0,781624.0,0,1894694.0,5,5,0.0,0,0,1894694.0,5,798171.0,3,8625448.0,9,0.0,0,434630.0,4,0.0,0,0.0,0,0.0,0,472880.0,2,0.0,0,10331129.0,18,32,20,382057.0,531558.0,531558.0,59209.0,0.72,15.5,265.0,246.0,242.0,376.0,317.0,1.0,True,382.0,,,,,,,True,2587,non-rollup institutions
FY2025,IPF229501,UNIVERSITY OF TOLEDO HEALTH SCI CAMPUS,Toledo Health Sciences,UNITED STATES,False,12174902.0,27,27,8665777.0,3509125.0,0,9602995.0,17,17,0.0,0,0,9602995.0,17,1708733.0,6,556470.0,1,0.0,0,267638.0,2,0.0,0,39066.0,1,0.0,0,0.0,0,0.0,0,2571907.0,10,34,26,358085.0,450922.0,450922.0,282441.0,0.79,78.9,266.0,229.0,224.0,212.0,204.0,1.0,True,403.0,,,,,,,True,2587,non-rollup institutions
FY2025,IPF829902,UNIVERSITY OF NEVADA LAS VEGAS,University of Nevada Las Vegas,UNITED STATES,False,12063479.0,32,29,8939548.0,3123931.0,0,1890745.0,3,3,0.0,0,0,1890745.0,3,9056409.0,25,813346.0,2,0.0,0,302979.0,2,0.0,0,0.0,0,0.0,0,0.0,0,0.0,0,10172734.0,29,30,26,402116.0,415982.0,376984.0,63025.0,0.97,15.7,267.0,211.0,218.0,377.0,369.0,1.0,True,369.0,,,,,,,True,2587,non-rollup institutions
FY2025,IPF10021381,"COGNITION THERAPEUTICS, INC.",Cognition Therapeutics,UNITED STATES,False,11955061.0,1,1,11355117.0,599944.0,0,11955061.0,1,1,0.0,0,0,11955061.0,1,0.0,0,0.0,0,0.0,0,0.0,0,0.0,0,0.0,0,0.0,0,0.0,0,0.0,0,0.0,0,3,1,3985020.0,11955061.0,11955061.0,3985020.0,0.33,100.0,268.0,1009.0,958.0,193.0,484.0,1.0,False,,,,,,,,True,2587,non-rollup institutions
FY2025,IPF2375001,EMMA PENDLETON BRADLEY HOSPITAL,Emma Pendleton Bradley Hospital,UNITED STATES,False,11931896.0,13,12,12484699.0,809064.0,0,2097913.0,3,3,0.0,0,0,2097913.0,3,320178.0,3,0.0,0,643198.0,1,929616.0,5,0.0,0,0.0,0,0.0,0,7940991.0,1,0.0,0,9833983.0,10,15,11,795460.0,994325.0,917838.0,139861.0,0.8,17.6,269.0,321.0,331.0,369.0,369.0,1.0,True,77.0,,,,,,,True,2587,non-rollup institutions
FY2025,IPF1590925,NATHAN S. KLINE INSTITUTE FOR PSYCH RES,Nathan S. Kline Institute for Psych Research,UNITED STATES,False,11890093.0,15,14,8374144.0,3515949.0,0,5510941.0,11,10,0.0,0,0,5510941.0,11,3238953.0,3,0.0,0,3140199.0,1,0.0,0,0.0,0,0.0,0,0.0,0,0.0,0,0.0,0,6379152.0,4,17,10,699417.0,849292.0,792673.0,324173.0,0.82,46.3,270.0,297.0,304.0,262.0,239.0,1.0,True,114.0,,,,,,,True,2587,non-rollup institutions
FY2025,IPF1109501,FATHER FLANAGAN'S BOYS' HOME,Father Flanagan's Boys' Home,UNITED STATES,False,11883494.0,22,21,7835986.0,4047508.0,0,7522559.0,13,12,0.0,0,0,7522559.0,13,1319660.0,4,0.0,0,2430587.0,1,186100.0,1,375050.0,2,49538.0,1,0.0,0,0.0,0,0.0,0,4360935.0,9,13,13,914115.0,565881.0,540159.0,578658.0,1.62,63.3,271.0,250.0,253.0,241.0,229.0,1.0,True,58.0,,,,,,,True,2587,non-rollup institutions
FY2025,IPF10041176,GRADUATE SCHOOL OF PUBLIC HEALTH AND HEALTH POLICY,Graduate School of Public Health and Health Policy,UNITED STATES,False,11667449.0,15,13,9874826.0,2661777.0,0,5458757.0,9,7,0.0,0,0,5458757.0,9,182730.0,1,5877138.0,4,0.0,0,148824.0,1,0.0,0,0.0,0,0.0,0,0.0,0,0.0,0,6208692.0,6,17,10,686321.0,897496.0,777830.0,321103.0,0.76,46.8,272.0,297.0,314.0,263.0,255.0,1.0,True,122.0,,,,,,,True,2587,non-rollup institutions
FY2025,IPF6898901,REHABILITATION INSTITUTE OF CHICAGO D/B/A SHIRLEY RYAN ABILITYLAB,Shirley Ryan AbilityLab,UNITED STATES,False,11541897.0,16,16,8107834.0,3434063.0,0,7745399.0,9,9,0.0,0,0,7745399.0,9,1268771.0,3,2160832.0,1,0.0,0,329750.0,2,0.0,0,37145.0,1,0.0,0,0.0,0,0.0,0,3796498.0,7,14,12,824421.0,721369.0,721369.0,553243.0,1.14,67.1,273.0,288.0,280.0,238.0,255.0,1.0,True,69.0,,,,,,,True,2587,non-rollup institutions
FY2025,IPF4106301,INSTITUTE FOR SYSTEMS BIOLOGY,Institute for Systems Biology,UNITED STATES,False,11530652.0,22,18,7700300.0,4165643.0,0,6873259.0,13,11,0.0,0,0,6873259.0,13,1418685.0,6,3238708.0,3,0.0,0,0.0,0,0.0,0,0.0,0,0.0,0,0.0,0,0.0,0,4657393.0,9,20,14,576533.0,640592.0,524121.0,343663.0,0.9,59.6,274.0,250.0,269.0,250.0,229.0,1.0,True,205.0,,,,,,,True,2587,non-rollup institutions
FY2025,IPF1196204,RUTGERS THE STATE UNIV OF NJ NEWARK,Rutgers–Newark,UNITED STATES,False,11343183.0,19,19,7681987.0,3661196.0,0,4962696.0,9,9,0.0,0,0,4962696.0,9,5839117.0,9,0.0,0,0.0,0,0.0,0,541370.0,1,0.0,0,0.0,0,0.0,0,0.0,0,6380487.0,10,20,16,567159.0,597010.0,597010.0,248135.0,0.95,43.8,275.0,267.0,264.0,268.0,255.0,1.0,True,216.0,,,,,,,True,2587,non-rollup institutions
FY2025,IPF1450502,OKLAHOMA STATE UNIVERSITY STILLWATER,Oklahoma State University Stillwater,UNITED STATES,False,11146845.0,25,24,7994852.0,3151993.0,0,3950741.0,9,8,0.0,0,0,3950741.0,9,3964757.0,14,0.0,0,3231347.0,2,0.0,0,0.0,0,0.0,0,0.0,0,0.0,0,0.0,0,7196104.0,16,21,21,530802.0,464452.0,445874.0,188131.0,1.14,35.4,276.0,238.0,235.0,291.0,255.0,1.0,True,245.0,,,,,,,True,2587,non-rollup institutions
FY2025,IPF578422,UNIVERSITY OF TEXAS RIO GRANDE VALLEY,University of Texas Rio Grande Valley,UNITED STATES,False,11052429.0,17,15,8225914.0,3465758.0,0,1764558.0,3,3,0.0,0,0,1764558.0,3,2924725.0,9,6053747.0,3,0.0,0,309399.0,2,0.0,0,0.0,0,0.0,0,0.0,0,0.0,0,9287871.0,14,20,14,552621.0,736829.0,650143.0,88228.0,0.75,16.0,277.0,278.0,293.0,385.0,369.0,1.0,True,227.0,,,,,,,True,2587,non-rollup institutions
FY2025,IPF10004600,SEATTLE INST FOR BIOMEDICAL/CLINICAL RES,Seattle Institute for Biomedical/Clinical Research,UNITED STATES,False,10934432.0,19,19,11019543.0,2182473.0,0,9115480.0,16,16,0.0,0,0,9115480.0,16,603454.0,2,1215498.0,1,0.0,0,0.0,0,0.0,0,0.0,0,0.0,0,0.0,0,0.0,0,1818952.0,3,22,14,497020.0,575496.0,575496.0,414340.0,0.86,83.4,278.0,267.0,264.0,220.0,215.0,1.0,True,275.0,,,,,,,True,2587,non-rollup institutions
FY2025,IPF1524002,UNIVERSITY OF OKLAHOMA,University of Oklahoma,UNITED STATES,False,10922440.0,22,22,8293646.0,2905083.0,0,4745521.0,9,9,0.0,0,0,4745521.0,9,2574485.0,10,0.0,0,3403713.0,2,198721.0,1,0.0,0,0.0,0,0.0,0,0.0,0,0.0,0,6176919.0,13,22,18,496475.0,496475.0,496475.0,215706.0,1.0,43.4,279.0,250.0,245.0,270.0,255.0,1.0,True,276.0,,,,,,,True,2587,non-rollup institutions
FY2025,IPF3201501,HARTFORD HOSPITAL,Hartford Hospital,UNITED STATES,False,10870412.0,8,6,10101053.0,769359.0,0,1822959.0,5,3,0.0,0,0,1822959.0,5,1047539.0,2,0.0,0,0.0,0,0.0,0,0.0,0,0.0,0,0.0,0,7999914.0,1,0.0,0,9047453.0,3,9,4,1207824.0,1811735.0,1358802.0,202551.0,0.67,16.8,280.0,393.0,417.0,378.0,317.0,1.0,True,29.0,,,,,,,True,2587,non-rollup institutions
FY2025,IPF6093301,UNIVERSITY OF NORTH DAKOTA,University of North Dakota,UNITED STATES,False,10859722.0,14,14,10568954.0,3326134.0,0,2354625.0,6,6,0.0,0,0,2354625.0,6,176545.0,3,0.0,0,8328552.0,5,0.0,0,0.0,0,0.0,0,0.0,0,0.0,0,0.0,0,8505097.0,8,15,13,723981.0,775694.0,775694.0,156975.0,0.93,21.7,281.0,311.0,304.0,348.0,294.0,1.0,True,101.0,,,,,,,True,2587,non-rollup institutions
FY2025,IPF1804102,"NEMOURS CHILDREN'S HOSPITAL, DELAWARE","Nemours Children's Hospital, Delaware",UNITED STATES,False,10819253.0,13,13,7862932.0,2956321.0,0,3692031.0,6,6,0.0,0,0,3692031.0,6,823790.0,2,2049858.0,3,4253574.0,2,0.0,0,0.0,0,0.0,0,0.0,0,0.0,0,0.0,0,7127222.0,7,16,11,676203.0,832250.0,832250.0,230752.0,0.81,34.1,282.0,321.0,314.0,295.0,294.0,1.0,True,126.0,,,,,,,True,2587,non-rollup institutions
FY2025,IPF3566002,HEALTHPARTNERS INSTITUTE,Healthpartners Institute,UNITED STATES,False,10506660.0,9,9,7007166.0,3499494.0,0,3077666.0,5,5,0.0,0,0,3077666.0,5,0.0,0,7186022.0,3,0.0,0,242972.0,1,0.0,0,0.0,0,0.0,0,0.0,0,0.0,0,7428994.0,4,10,7,1050666.0,1167407.0,1167407.0,307767.0,0.9,29.3,283.0,378.0,372.0,317.0,317.0,1.0,True,42.0,,,,,,,True,2587,non-rollup institutions
FY2025,IPF2200603,GEISINGER CLINIC,Geisinger Clinic,UNITED STATES,False,10493627.0,14,13,7319783.0,3367320.0,0,6767836.0,10,9,0.0,0,0,6767836.0,10,1407721.0,2,2318070.0,2,0.0,0,0.0,0,0.0,0,0.0,0,0.0,0,0.0,0,0.0,0,3725791.0,4,15,12,699575.0,807202.0,749545.0,451189.0,0.87,64.5,284.0,311.0,314.0,252.0,246.0,1.0,True,113.0,,,,,,,True,2587,non-rollup institutions
FY2025,IPF1288802,UNIVERSITY OF ALABAMA IN TUSCALOOSA,University of Alabama in Tuscaloosa,UNITED STATES,False,10492232.0,19,19,7844354.0,2647878.0,0,5074218.0,7,7,0.0,0,0,5074218.0,7,5235710.0,11,0.0,0,0.0,0,182304.0,1,0.0,0,0.0,0,0.0,0,0.0,0,0.0,0,5418014.0,12,21,17,499630.0,552223.0,552223.0,241629.0,0.9,48.4,285.0,267.0,264.0,267.0,287.0,1.0,True,272.0,,,,,,,True,2587,non-rollup institutions
FY2025,IPF1471102,UNIVERSITY OF ARKANSAS AT FAYETTEVILLE,University of Arkansas at Fayetteville,UNITED STATES,False,10487139.0,27,26,8051087.0,2765224.0,0,4468992.0,9,8,0.0,0,0,4468992.0,9,3423798.0,12,0.0,0,2103742.0,1,440607.0,4,0.0,0,0.0,0,0.0,0,50000.0,1,0.0,0,6018147.0,18,28,24,374541.0,403352.0,388413.0,159607.0,0.93,42.6,286.0,229.0,225.0,276.0,255.0,1.0,True,391.0,,,,,,,True,2587,non-rollup institutions
FY2025,IPF1742101,WHITEHEAD INSTITUTE FOR BIOMEDICAL RES,Whitehead Institute for Biomedical Research,UNITED STATES,False,10445948.0,23,22,6682491.0,3763457.0,0,1317322.0,3,3,0.0,0,0,1317322.0,3,6238986.0,7,0.0,0,0.0,0,1018780.0,8,0.0,0,213360.0,3,0.0,0,1657500.0,2,0.0,0,9128626.0,20,26,22,401767.0,474816.0,454172.0,50666.0,0.85,12.6,287.0,246.0,245.0,418.0,369.0,1.0,True,370.0,,,,,,,True,2587,non-rollup institutions
FY2025,IPF10034646,"EPICYPHER, INC.",Epicypher,UNITED STATES,False,10408249.0,9,9,7316641.0,2411781.0,0,0.0,0,0,0.0,0,0,0.0,0,10408249.0,9,0.0,0,0.0,0,0.0,0,0.0,0,0.0,0,0.0,0,0.0,0,0.0,0,10408249.0,9,7,6,1486893.0,1156472.0,1156472.0,0.0,1.29,0.0,288.0,378.0,372.0,669.0,669.0,1.0,True,19.0,,,,,,,True,2587,non-rollup institutions
FY2025,IPF3543501,UNIVERSITY OF IDAHO,University of Idaho,UNITED STATES,False,10400266.0,15,14,8015569.0,2541472.0,0,1992312.0,6,5,0.0,0,0,1992312.0,6,898943.0,5,0.0,0,7305445.0,3,0.0,0,203566.0,1,0.0,0,0.0,0,0.0,0,0.0,0,8407954.0,9,17,13,611780.0,742876.0,693351.0,117195.0,0.82,19.2,289.0,297.0,304.0,374.0,294.0,1.0,True,173.0,,,,,,,True,2587,non-rollup institutions
FY2025,IPF10061906,LOVELACE BIOMEDICAL RESEARCH INSTITUTE,Lovelace Biomedical Research Institute,UNITED STATES,False,10388630.0,13,13,6017804.0,4370826.0,0,8636405.0,11,11,0.0,0,0,8636405.0,11,852356.0,1,899869.0,1,0.0,0,0.0,0,0.0,0,0.0,0,0.0,0,0.0,0,0.0,0,1752225.0,2,11,9,944421.0,799125.0,799125.0,785128.0,1.18,83.1,290.0,321.0,314.0,224.0,239.0,1.0,True,55.0,,,,,,,True,2587,non-rollup institutions
FY2025,IPF9412601,UNIVERSITY OF WYOMING,University of Wyoming,UNITED STATES,False,10329646.0,16,16,7909933.0,2915276.0,0,1413531.0,3,3,0.0,0,0,1413531.0,3,3111490.0,11,0.0,0,5804625.0,2,0.0,0,0.0,0,0.0,0,0.0,0,0.0,0,0.0,0,8916115.0,13,18,14,573869.0,645603.0,645603.0,78530.0,0.89,13.7,291.0,288.0,280.0,409.0,369.0,1.0,True,211.0,,,,,,,True,2587,non-rollup institutions
FY2025,IPF3499801,HOWARD UNIVERSITY,Howard University,UNITED STATES,False,10262554.0,19,19,9179238.0,4168804.0,0,1786531.0,4,4,0.0,0,0,1786531.0,4,2486805.0,10,5226293.0,2,0.0,0,440547.0,2,322378.0,1,0.0,0,0.0,0,0.0,0,0.0,0,8476023.0,15,30,18,342085.0,540134.0,540134.0,59551.0,0.63,17.4,292.0,267.0,264.0,383.0,340.0,1.0,True,420.0,,,,,,,True,2587,non-rollup institutions
FY2025,IPF9653901,EUROPEAN MOLECULAR BIOLOGY LABORATORY,European Molecular Biology Laboratory,GERMANY,False,10224827.0,7,4,9589848.0,634979.0,0,0.0,0,0,0.0,0,0,0.0,0,0.0,0,10224827.0,7,0.0,0,0.0,0,0.0,0,0.0,0,0.0,0,0.0,0,0.0,0,10224827.0,7,9,3,1136092.0,2556207.0,1460690.0,0.0,0.44,0.0,293.0,410.0,483.0,669.0,669.0,1.0,True,32.0,,,,,,,True,2587,non-rollup institutions
FY2025,SPAULDING,Spaulding Rehabilitation Hospital,Spaulding Rehabilitation,UNITED STATES,False,10005592.0,17,16,7480033.0,2525559.0,0,5399501.0,10,9,0.0,0,0,5399501.0,10,686382.0,3,3463791.0,1,0.0,0,455918.0,3,0.0,0,0.0,0,0.0,0,0.0,0,0.0,0,4606091.0,7,15,10,667039.0,625350.0,588564.0,359967.0,1.07,54.0,294.0,278.0,280.0,265.0,246.0,1.0,True,132.0,,,,,,,True,2587,non-rollup institutions
FY2025,IPF482601,NORTHERN ARIZONA UNIVERSITY,Northern Arizona University,UNITED STATES,False,9936629.0,11,9,8242388.0,3079314.0,0,1814710.0,4,3,0.0,0,0,1814710.0,4,513876.0,2,7395083.0,4,0.0,0,0.0,0,212960.0,1,0.0,0,0.0,0,0.0,0,0.0,0,8121919.0,7,12,7,828052.0,1104070.0,903330.0,151226.0,0.75,18.3,295.0,345.0,372.0,379.0,340.0,1.0,True,67.0,,,,,,,True,2587,non-rollup institutions
FY2025,IPF10029961,LAUREATE INSTITUTE FOR BRAIN RESEARCH,Laureate Institute for Brain Research,UNITED STATES,False,9933014.0,15,15,6828235.0,3995915.0,0,3124842.0,6,6,0.0,0,0,3124842.0,6,862405.0,4,2005967.0,1,2445455.0,1,314845.0,2,0.0,0,0.0,0,0.0,0,1179500.0,1,0.0,0,6808172.0,9,15,12,662201.0,662201.0,662201.0,208323.0,1.0,31.5,296.0,297.0,293.0,313.0,294.0,1.0,True,136.0,,,,,,,True,2587,non-rollup institutions
FY2025,IPF8285902,TEXAS TECH UNIVERSITY HEALTH SCIS CENTER,Texas Tech Health Sciences,UNITED STATES,False,9882085.0,25,25,7036510.0,3041613.0,0,6674388.0,14,14,0.0,0,0,6674388.0,14,1378838.0,6,1636122.0,4,0.0,0,192737.0,1,0.0,0,0.0,0,0.0,0,0.0,0,0.0,0,3207697.0,11,26,22,380080.0,395283.0,395283.0,256707.0,0.96,67.5,297.0,238.0,232.0,253.0,223.0,1.0,True,385.0,,,,,,,True,2587,non-rollup institutions
FY2025,IPF10065401,DELL FEDERAL SYSTEMS L.P.,Dell Federal Systems L.p.,UNITED STATES,False,9846715.0,4,1,9846715.0,0.0,0,0.0,0,0,0.0,0,0,0.0,0,0.0,0,0.0,0,0.0,0,0.0,0,0.0,0,0.0,0,0.0,0,9846715.0,4,0.0,0,9846715.0,4,2,1,4923358.0,9846715.0,2461679.0,0.0,0.5,0.0,298.0,504.0,958.0,669.0,669.0,1.0,False,,,,,,,,True,2587,non-rollup institutions
FY2025,IPF850905,UNIVERSITY OF MASSACHUSETTS LOWELL,University of Massachusetts Lowell,UNITED STATES,False,9831284.0,18,17,7700006.0,2131278.0,0,6243496.0,10,9,0.0,0,0,6243496.0,10,2144560.0,7,1443228.0,1,0.0,0,0.0,0,0.0,0,0.0,0,0.0,0,0.0,0,0.0,0,3587788.0,8,18,14,546182.0,578311.0,546182.0,346861.0,0.94,63.5,299.0,275.0,275.0,256.0,246.0,1.0,True,238.0,,,,,,,True,2587,non-rollup institutions
FY2025,IPF8455007,ALBANY MEDICAL COLLEGE,Albany Medical College,UNITED STATES,False,9656853.0,24,24,6540538.0,3116315.0,0,7155366.0,12,12,0.0,0,0,7155366.0,12,2451949.0,11,0.0,0,0.0,0,0.0,0,0.0,0,49538.0,1,0.0,0,0.0,0,0.0,0,2501487.0,12,24,20,402369.0,402369.0,402369.0,298140.0,1.0,74.1,300.0,242.0,235.0,245.0,235.0,1.0,True,368.0,,,,,,,True,2587,non-rollup institutions
FY2025,IPF4822201,MARINE BIOLOGICAL LABORATORY,Marine Biological Laboratory,UNITED STATES,False,9602699.0,19,19,7347151.0,2255548.0,0,1305709.0,3,3,0.0,0,0,1305709.0,3,2773712.0,12,4438327.0,2,1006911.0,1,0.0,0,0.0,0,78040.0,1,0.0,0,0.0,0,0.0,0,8296990.0,16,27,11,355656.0,505405.0,505405.0,48360.0,0.7,13.6,301.0,267.0,264.0,421.0,369.0,1.0,True,407.0,,,,,,,True,2587,non-rollup institutions
FY2025,IPF578416,UNIVERSITY OF TEXAS SAN ANTONIO,University of Texas San Antonio,UNITED STATES,False,9593252.0,27,24,8222144.0,2549316.0,0,2682281.0,8,7,0.0,0,0,2682281.0,8,2919289.0,13,3602765.0,2,0.0,0,99619.0,1,248140.0,2,41158.0,1,0.0,0,0.0,0,0.0,0,6910971.0,19,27,20,355306.0,399719.0,355306.0,99344.0,0.89,28.0,302.0,229.0,235.0,332.0,273.0,1.0,True,408.0,,,,,,,True,2587,non-rollup institutions
FY2025,IPF951901,BRIGHAM YOUNG UNIVERSITY,Brigham Young University,UNITED STATES,False,9572029.0,18,18,6915928.0,2656101.0,0,2257202.0,6,6,0.0,0,0,2257202.0,6,4575862.0,11,2738965.0,1,0.0,0,0.0,0,0.0,0,0.0,0,0.0,0,0.0,0,0.0,0,7314827.0,12,22,17,435092.0,531779.0,531779.0,102600.0,0.82,23.6,303.0,275.0,269.0,357.0,294.0,1.0,True,336.0,,,,,,,True,2587,non-rollup institutions
FY2025,IPF10027618,"LIEBER INSTITUTE, INC.",Lieber Institute,UNITED STATES,False,9499141.0,13,13,6316514.0,3682348.0,0,8774583.0,10,10,0.0,0,0,8774583.0,10,681420.0,2,0.0,0,0.0,0,0.0,0,0.0,0,43138.0,1,0.0,0,0.0,0,0.0,0,724558.0,3,13,9,730703.0,730703.0,730703.0,674968.0,1.0,92.4,304.0,321.0,314.0,223.0,246.0,1.0,True,98.0,,,,,,,True,2587,non-rollup institutions
FY2025,IPF3619201,INSTITUTE FOR MOLECULAR MEDICINE,Institute for Molecular Medicine,UNITED STATES,False,9446281.0,3,3,8182612.0,1263669.0,0,7597234.0,2,2,0.0,0,0,7597234.0,2,0.0,0,1849047.0,1,0.0,0,0.0,0,0.0,0,0.0,0,0.0,0,0.0,0,0.0,0,1849047.0,1,5,1,1889256.0,3148760.0,3148760.0,1519447.0,0.6,80.4,305.0,578.0,550.0,240.0,414.0,1.0,True,12.0,,,,,,,True,2587,non-rollup institutions
FY2025,IPF10051506,CARAHSOFT TECHNOLOGY CORPORATION,Carahsoft Technology Corporation,UNITED STATES,False,9342064.0,4,1,9342064.0,0.0,0,0.0,0,0,0.0,0,0,0.0,0,0.0,0,0.0,0,0.0,0,0.0,0,0.0,0,0.0,0,0.0,0,9342064.0,4,0.0,0,9342064.0,4,1,1,9342064.0,9342064.0,2335516.0,0.0,1.0,0.0,306.0,504.0,958.0,669.0,669.0,1.0,False,,,,,,,,True,2587,non-rollup institutions
FY2025,IPF9510402,AMERICAN COLLEGE OF RADIOLOGY,American College of Radiology,UNITED STATES,False,9296948.0,1,1,8647218.0,649730.0,0,0.0,0,0,0.0,0,0,0.0,0,0.0,0,9296948.0,1,0.0,0,0.0,0,0.0,0,0.0,0,0.0,0,0.0,0,0.0,0,9296948.0,1,2,1,4648474.0,9296948.0,9296948.0,0.0,0.5,0.0,307.0,1009.0,958.0,669.0,669.0,1.0,False,,,,,,,,True,2587,non-rollup institutions
FY2025,IPF697301,BAYLOR UNIVERSITY,Baylor University,UNITED STATES,False,9280762.0,24,23,7119115.0,2297272.0,0,1550903.0,3,3,0.0,0,0,1550903.0,3,7014776.0,18,521294.0,2,0.0,0,193789.0,1,0.0,0,0.0,0,0.0,0,0.0,0,0.0,0,7729859.0,21,26,21,356952.0,403511.0,386698.0,59650.0,0.88,16.7,308.0,242.0,242.0,399.0,369.0,1.0,True,404.0,,,,,,,True,2587,non-rollup institutions
FY2025,IPF10072674,VERILY LIFE SCIENCES LLC,Verily Life Sciences,UNITED STATES,False,9151568.0,1,1,9069624.0,81944.0,0,0.0,0,0,0.0,0,0,0.0,0,0.0,0,0.0,0,0.0,0,0.0,0,0.0,0,0.0,0,0.0,0,9151568.0,1,0.0,0,9151568.0,1,10,1,915157.0,9151568.0,9151568.0,0.0,0.1,0.0,309.0,1009.0,958.0,669.0,669.0,1.0,True,57.0,,,,,,,True,2587,non-rollup institutions
FY2025,IPF850902,UNIVERSITY OF MASSACHUSETTS BOSTON,University of Massachusetts Boston,UNITED STATES,False,9151460.0,16,16,6590462.0,2996861.0,0,3196332.0,6,6,0.0,0,0,3196332.0,6,3880700.0,8,2074428.0,2,0.0,0,0.0,0,0.0,0,0.0,0,0.0,0,0.0,0,0.0,0,5955128.0,10,18,15,508414.0,571966.0,571966.0,177574.0,0.89,34.9,310.0,288.0,280.0,312.0,294.0,1.0,True,265.0,,,,,,,True,2587,non-rollup institutions
FY2025,IPF6249601,OLD DOMINION UNIVERSITY,Old Dominion University,UNITED STATES,False,9088242.0,21,21,6754404.0,2657640.0,0,4683186.0,9,9,0.0,0,0,4683186.0,9,2791959.0,8,1396142.0,2,0.0,0,216955.0,2,0.0,0,0.0,0,0.0,0,0.0,0,0.0,0,4405056.0,12,27,18,336602.0,432773.0,432773.0,173451.0,0.78,51.5,311.0,260.0,253.0,272.0,255.0,1.0,True,427.0,,,,,,,True,2587,non-rollup institutions
FY2025,IPF685903,BATTELLE PACIFIC NORTHWEST LABORATORIES,Battelle Pacific Northwest Laboratories,UNITED STATES,False,9046583.0,15,15,8215865.0,4876813.0,0,2879203.0,5,5,0.0,0,0,2879203.0,5,1545021.0,5,4622359.0,5,0.0,0,0.0,0,0.0,0,0.0,0,0.0,0,0.0,0,0.0,0,6167380.0,10,21,14,430790.0,603106.0,603106.0,137105.0,0.71,31.8,312.0,297.0,293.0,325.0,317.0,1.0,True,340.0,,,,,,,True,2587,non-rollup institutions
FY2025,IPF4079901,PPD DEVELOPMENT LP,Ppd Development Lp,UNITED STATES,False,8992658.0,1,1,5819371.0,3173287.0,0,0.0,0,0,0.0,0,0,0.0,0,0.0,0,8992658.0,1,0.0,0,0.0,0,0.0,0,0.0,0,0.0,0,0.0,0,0.0,0,8992658.0,1,1,1,8992658.0,8992658.0,8992658.0,0.0,1.0,0.0,313.0,1009.0,958.0,669.0,669.0,1.0,False,,,,,,,,True,2587,non-rollup institutions
FY2025,IPF9512301,HEBREW REHABILITATION CENTER FOR AGED,Hebrew Rehabilitation Center for Aged,UNITED STATES,False,8858331.0,17,16,6408708.0,2449623.0,0,5553415.0,9,8,0.0,0,0,5553415.0,9,2357124.0,2,0.0,0,0.0,0,947792.0,6,0.0,0,0.0,0,0.0,0,0.0,0,0.0,0,3304916.0,8,15,13,590555.0,553646.0,521078.0,370228.0,1.07,62.7,314.0,278.0,280.0,261.0,255.0,1.0,True,193.0,,,,,,,True,2587,non-rollup institutions
FY2025,IPF1300201,"FRIENDS RESEARCH INSTITUTE, INC.",Friends Research Institute,UNITED STATES,False,8818533.0,11,11,6597372.0,2221161.0,0,5816168.0,7,7,0.0,0,0,5816168.0,7,1608443.0,3,1393922.0,1,0.0,0,0.0,0,0.0,0,0.0,0,0.0,0,0.0,0,0.0,0,3002365.0,4,11,7,801685.0,801685.0,801685.0,528743.0,1.0,66.0,315.0,345.0,335.0,260.0,287.0,1.0,True,73.0,,,,,,,True,2587,non-rollup institutions
FY2025,IPF2357101,PALO ALTO VETERANS INSTIT FOR RESEARCH,Palo Alto Veterans Instit for Research,UNITED STATES,False,8760480.0,19,16,6863979.0,1896501.0,0,8362434.0,18,15,0.0,0,0,8362434.0,18,398046.0,1,0.0,0,0.0,0,0.0,0,0.0,0,0.0,0,0.0,0,0.0,0,0.0,0,398046.0,1,19,14,461078.0,547530.0,461078.0,440128.0,0.84,95.5,316.0,267.0,280.0,226.0,196.0,1.0,True,303.0,,,,,,,True,2587,non-rollup institutions
FY2025,IPF578405,UNIVERSITY OF TEXAS EL PASO,University of Texas El Paso,UNITED STATES,False,8753934.0,22,18,6128053.0,2625881.0,0,1644099.0,5,3,0.0,0,0,1644099.0,5,1969362.0,14,4454190.0,2,686283.0,1,0.0,0,0.0,0,0.0,0,0.0,0,0.0,0,0.0,0,7109835.0,17,22,16,397906.0,486330.0,397906.0,74732.0,0.82,18.8,317.0,250.0,269.0,393.0,317.0,1.0,True,373.0,,,,,,,True,2587,non-rollup institutions
FY2025,IPF1605019,HUNTER COLLEGE,Hunter College,UNITED STATES,False,8715319.0,17,17,6639524.0,2075795.0,0,4180419.0,8,8,0.0,0,0,4180419.0,8,1061366.0,3,959026.0,1,0.0,0,765749.0,2,649759.0,2,0.0,0,0.0,0,1099000.0,1,0.0,0,4534900.0,9,24,16,363138.0,512666.0,512666.0,174184.0,0.71,48.0,318.0,278.0,275.0,281.0,273.0,1.0,True,400.0,,,,,,,True,2587,non-rollup institutions
FY2025,IPF130401,UNIVERSITY OF SOUTH ALABAMA,University of South Alabama,UNITED STATES,False,8657579.0,21,21,6021493.0,2636086.0,0,6846545.0,13,13,0.0,0,0,6846545.0,13,1686647.0,6,0.0,0,0.0,0,124386.0,1,0.0,0,1.0,1,0.0,0,0.0,0,0.0,0,1811034.0,8,22,20,393526.0,412266.0,412266.0,311207.0,0.95,79.1,319.0,260.0,253.0,251.0,229.0,1.0,True,377.0,,,,,,,True,2587,non-rollup institutions
FY2025,IPF4202801,KANSAS STATE UNIVERSITY,Kansas State University,UNITED STATES,False,8654581.0,18,18,6315675.0,2338906.0,0,3657598.0,8,8,0.0,0,0,3657598.0,8,2391244.0,7,0.0,0,2250623.0,1,0.0,0,355116.0,2,0.0,0,0.0,0,0.0,0,0.0,0,4996983.0,10,19,14,455504.0,480810.0,480810.0,192505.0,0.95,42.3,320.0,275.0,269.0,297.0,273.0,1.0,True,309.0,,,,,,,True,2587,non-rollup institutions
FY2025,IPF1782801,NEW YORK BLOOD CENTER,New York Blood Center,UNITED STATES,False,8586041.0,13,13,5390008.0,3196033.0,0,2112591.0,3,3,0.0,0,0,2112591.0,3,2576210.0,7,719415.0,1,3043095.0,1,134730.0,1,0.0,0,0.0,0,0.0,0,0.0,0,0.0,0,6473450.0,10,12,9,715503.0,660465.0,660465.0,176049.0,1.08,24.6,321.0,321.0,314.0,366.0,369.0,1.0,True,103.0,,,,,,,True,2587,non-rollup institutions
FY2025,IPF10015346,"BIOSENSICS, LLC",Biosensics,UNITED STATES,False,8508007.0,5,5,6677054.0,1616117.0,0,0.0,0,0,0.0,0,0,0.0,0,3333931.0,4,5174076.0,1,0.0,0,0.0,0,0.0,0,0.0,0,0.0,0,0.0,0,0.0,0,8508007.0,5,7,1,1215430.0,1701601.0,1701601.0,0.0,0.71,0.0,322.0,458.0,446.0,669.0,669.0,1.0,True,27.0,,,,,,,True,2587,non-rollup institutions
FY2025,IPF9416401,XAVIER UNIVERSITY OF LOUISIANA,Xavier University of Louisiana,UNITED STATES,False,8490874.0,11,10,6417028.0,2073846.0,0,0.0,0,0,0.0,0,0,0.0,0,1309066.0,7,4731808.0,2,0.0,0,0.0,0,0.0,0,0.0,0,0.0,0,2450000.0,2,0.0,0,8490874.0,11,11,9,771898.0,849087.0,771898.0,0.0,0.91,0.0,323.0,345.0,352.0,669.0,669.0,1.0,True,86.0,,,,,,,True,2587,non-rollup institutions
FY2025,IPF489501,CHARLES R. DREW UNIVERSITY OF MED & SCI,Charles R. Drew University,UNITED STATES,False,8403071.0,11,11,6734122.0,1668949.0,0,0.0,0,0,0.0,0,0,0.0,0,2166423.0,9,4236648.0,1,0.0,0,0.0,0,0.0,0,0.0,0,0.0,0,2000000.0,1,0.0,0,8403071.0,11,12,11,700256.0,763916.0,763916.0,0.0,0.92,0.0,324.0,345.0,335.0,669.0,669.0,1.0,True,112.0,,,,,,,True,2587,non-rollup institutions
FY2025,IPF3327002,ADVENTHEALTH ORLANDO,Adventhealth Orlando,UNITED STATES,False,8373370.0,11,11,6911124.0,2296763.0,0,4124618.0,4,4,0.0,0,0,4124618.0,4,627895.0,1,3179433.0,3,0.0,0,441424.0,3,0.0,0,0.0,0,0.0,0,0.0,0,0.0,0,4248752.0,7,17,9,492551.0,761215.0,761215.0,242625.0,0.65,49.3,325.0,345.0,335.0,284.0,340.0,1.0,True,278.0,,,,,,,True,2587,non-rollup institutions
FY2025,IPF5895702,NEW MEXICO STATE UNIVERSITY LAS CRUCES,New Mexico State University Las Cruces,UNITED STATES,False,8366681.0,14,13,6702437.0,1664244.0,0,0.0,0,0,0.0,0,0,0.0,0,1805794.0,9,1178138.0,1,3908941.0,1,0.0,0,1473808.0,3,0.0,0,0.0,0,0.0,0,0.0,0,8366681.0,14,15,11,557779.0,643591.0,597620.0,0.0,0.87,0.0,326.0,311.0,314.0,669.0,669.0,1.0,True,223.0,,,,,,,True,2587,non-rollup institutions
FY2025,IPF2091901,UNIVERSITY OF DENVER (COLORADO SEMINARY),University of Denver (Colorado Seminary),UNITED STATES,False,8350476.0,22,20,5878868.0,2471608.0,0,4747301.0,11,9,0.0,0,0,4747301.0,11,3411828.0,9,0.0,0,0.0,0,138809.0,1,0.0,0,52538.0,1,0.0,0,0.0,0,0.0,0,3603175.0,11,22,18,379567.0,417524.0,379567.0,215786.0,0.91,56.9,327.0,250.0,260.0,269.0,239.0,1.0,True,386.0,,,,,,,True,2587,non-rollup institutions
FY2025,IPF578202,UNIVERSITY OF NORTH CAROLINA CHARLOTTE,University of North Carolina Charlotte,UNITED STATES,False,8281064.0,21,21,5712000.0,2569064.0,0,3801601.0,8,8,0.0,0,0,3801601.0,8,4479463.0,13,0.0,0,0.0,0,0.0,0,0.0,0,0.0,0,0.0,0,0.0,0,0.0,0,4479463.0,13,20,18,414053.0,394336.0,394336.0,190080.0,1.05,45.9,328.0,260.0,253.0,293.0,273.0,1.0,True,359.0,,,,,,,True,2587,non-rollup institutions
FY2025,IPF10023027,SAGE BIONETWORKS,Sage Bionetworks,UNITED STATES,False,8190089.0,5,3,5654803.0,3362192.0,0,0.0,0,0,0.0,0,0,0.0,0,0.0,0,8190089.0,5,0.0,0,0.0,0,0.0,0,0.0,0,0.0,0,0.0,0,0.0,0,8190089.0,5,5,2,1638018.0,2730030.0,1638018.0,0.0,0.6,0.0,329.0,458.0,550.0,669.0,669.0,1.0,True,14.0,,,,,,,True,2587,non-rollup institutions
FY2025,IPF10006783,"WITS HEALTH CONSORTIUM (PTY), LTD",Wits Health Consortium,SOUTH AFRICA,False,8103020.0,13,6,7592408.0,570775.0,0,0.0,0,0,0.0,0,0,0.0,0,0.0,0,8103020.0,13,0.0,0,0.0,0,0.0,0,0.0,0,0.0,0,0.0,0,0.0,0,8103020.0,13,13,6,623309.0,1350503.0,623309.0,0.0,0.46,0.0,330.0,321.0,417.0,669.0,669.0,1.0,True,158.0,,,,,,,True,2587,non-rollup institutions
FY2025,IPF578004,UNIVERSITY OF MISSOURI KANSAS CITY,Missouri–Kansas City,UNITED STATES,False,8100191.0,16,16,5900205.0,2207486.0,0,6116928.0,10,10,0.0,0,0,6116928.0,10,1470049.0,4,0.0,0,0.0,0,108000.0,1,405214.0,1,0.0,0,0.0,0,0.0,0,0.0,0,1983263.0,6,18,14,450011.0,506262.0,506262.0,339829.0,0.89,75.5,331.0,288.0,280.0,257.0,246.0,1.0,True,317.0,,,,,,,True,2587,non-rollup institutions
FY2025,IPF10054008,"PASCALL SYSTEMS, INCORPORATED","Pascall Systems, Incorporated",UNITED STATES,False,8087235.0,6,6,5651910.0,1939888.0,0,0.0,0,0,0.0,0,0,0.0,0,6088700.0,5,0.0,0,0.0,0,0.0,0,0.0,0,0.0,0,0.0,0,1998535.0,1,0.0,0,8087235.0,6,5,1,1617447.0,1347872.0,1347872.0,0.0,1.2,0.0,332.0,433.0,417.0,669.0,669.0,1.0,True,15.0,,,,,,,True,2587,non-rollup institutions
FY2025,IPF5390301,UNIVERSITY OF MISSISSIPPI,University of Mississippi,UNITED STATES,False,8068312.0,17,16,6238675.0,2065606.0,0,1710857.0,5,4,0.0,0,0,1710857.0,5,2775993.0,9,1260872.0,1,2188528.0,1,0.0,0,0.0,0,0.0,0,0.0,0,132062.0,1,0.0,0,6357455.0,12,20,13,403416.0,504270.0,474607.0,85543.0,0.8,21.2,333.0,278.0,280.0,387.0,317.0,1.0,True,367.0,,,,,,,True,2587,non-rollup institutions
FY2025,IPF10014066,SANFORD RESEARCH/USD,Sanford Research/Usd,UNITED STATES,False,8024667.0,14,14,4906824.0,3117843.0,0,3117256.0,7,7,0.0,0,0,3117256.0,7,1439013.0,4,995102.0,1,2473296.0,2,0.0,0,0.0,0,0.0,0,0.0,0,0.0,0,0.0,0,4907411.0,7,14,13,573190.0,573190.0,573190.0,222661.0,1.0,38.8,334.0,311.0,304.0,314.0,287.0,1.0,True,212.0,,,,,,,True,2587,non-rollup institutions
FY2025,IPF10060073,ALLIANCE NCTN FOUNDATION,Alliance Nctn Foundation,UNITED STATES,False,7877673.0,1,1,7949151.0,1129143.0,0,0.0,0,0,0.0,0,0,0.0,0,0.0,0,7877673.0,1,0.0,0,0.0,0,0.0,0,0.0,0,0.0,0,0.0,0,0.0,0,7877673.0,1,3,1,2625891.0,7877673.0,7877673.0,0.0,0.33,0.0,335.0,1009.0,958.0,669.0,669.0,1.0,False,,,,,,,,True,2587,non-rollup institutions
FY2025,IPF1470402,AUBURN UNIVERSITY AT AUBURN,Auburn University,UNITED STATES,False,7822512.0,23,22,5735256.0,2090314.0,0,2720805.0,5,5,0.0,0,0,2720805.0,5,3918698.0,13,614159.0,2,0.0,0,176988.0,1,0.0,0,43138.0,1,0.0,0,348724.0,1,0.0,0,5101707.0,18,23,20,340109.0,355569.0,340109.0,118296.0,0.96,34.8,336.0,246.0,245.0,331.0,317.0,1.0,True,424.0,,,,,,,True,2587,non-rollup institutions
FY2025,IPF10002981,"UNIVERSITY OF CALIFORNIA, MERCED","University of California, Merced",UNITED STATES,False,7780262.0,23,20,5466327.0,2313935.0,0,2312648.0,7,5,0.0,0,0,2312648.0,7,4508648.0,14,0.0,0,0.0,0,0.0,0,958966.0,2,0.0,0,0.0,0,0.0,0,0.0,0,5467614.0,16,19,17,409487.0,389013.0,338272.0,121718.0,1.05,29.7,337.0,246.0,260.0,353.0,287.0,1.0,True,361.0,,,,,,,True,2587,non-rollup institutions
FY2025,IPF5052101,UNIVERSITY OF MELBOURNE,University of Melbourne,AUSTRALIA,False,7719308.0,15,7,14247499.0,784089.0,0,394820.0,1,1,0.0,0,0,394820.0,1,0.0,0,7324488.0,14,0.0,0,0.0,0,0.0,0,0.0,0,0.0,0,0.0,0,0.0,0,7324488.0,14,14,6,551379.0,1102758.0,514621.0,28201.0,0.5,5.1,338.0,297.0,401.0,587.0,484.0,1.0,True,229.0,,,,,,,True,2587,non-rollup institutions
FY2025,IPF820103,UNIVERSITY OF MARYLAND BALTIMORE COUNTY,University of Maryland Baltimore County,UNITED STATES,False,7700684.0,16,16,6206864.0,1493820.0,0,3768921.0,9,9,0.0,0,0,3768921.0,9,1079519.0,3,0.0,0,0.0,0,136350.0,1,2715894.0,3,0.0,0,0.0,0,0.0,0,0.0,0,3931763.0,7,21,13,366699.0,481293.0,481293.0,179472.0,0.76,48.9,339.0,288.0,280.0,294.0,255.0,1.0,True,396.0,,,,,,,True,2587,non-rollup institutions
FY2025,IPF10004362,"J. CRAIG VENTER INSTITUTE, INC.",J. Craig Venter Institute,UNITED STATES,False,7674539.0,8,7,6386462.0,4188077.0,0,2300466.0,3,3,0.0,0,0,2300466.0,3,660950.0,3,4713123.0,2,0.0,0,0.0,0,0.0,0,0.0,0,0.0,0,0.0,0,0.0,0,5374073.0,5,6,6,1279090.0,1096363.0,959317.0,383411.0,1.17,30.0,340.0,393.0,401.0,354.0,369.0,1.0,True,23.0,,,,,,,True,2587,non-rollup institutions
FY2025,IPF10035282,SAN DIEGO BIOMEDICAL RESEARCH INSTITUTE,San Diego Biomedical Research Institute,UNITED STATES,False,7608117.0,12,11,4548486.0,3059631.0,0,6268195.0,10,9,0.0,0,0,6268195.0,10,1339922.0,2,0.0,0,0.0,0,0.0,0,0.0,0,0.0,0,0.0,0,0.0,0,0.0,0,1339922.0,2,9,7,845346.0,691647.0,634010.0,696466.0,1.22,82.4,341.0,339.0,335.0,254.0,246.0,1.0,True,64.0,,,,,,,True,2587,non-rollup institutions
FY2025,IPF578209,EAST CAROLINA UNIVERSITY,East Carolina University,UNITED STATES,False,7583244.0,20,20,5512932.0,2178142.0,0,4486749.0,9,9,0.0,0,0,4486749.0,9,2687326.0,8,376814.0,1,0.0,0,0.0,0,0.0,0,32355.0,2,0.0,0,0.0,0,0.0,0,3096495.0,11,23,20,329706.0,379162.0,379162.0,195076.0,0.87,59.2,342.0,265.0,260.0,275.0,255.0,1.0,True,431.0,,,,,,,True,2587,non-rollup institutions
FY2025,IPF4562901,LOMA LINDA UNIVERSITY,Loma Linda University,UNITED STATES,False,7470622.0,14,14,5121874.0,2348748.0,0,5269140.0,9,9,0.0,0,0,5269140.0,9,560014.0,2,1223346.0,1,0.0,0,173016.0,1,245106.0,1,0.0,0,0.0,0,0.0,0,0.0,0,2201482.0,5,18,10,415035.0,533616.0,533616.0,292730.0,0.78,70.5,343.0,311.0,304.0,266.0,255.0,1.0,True,357.0,,,,,,,True,2587,non-rollup institutions
FY2025,IPF578504,UNIVERSITY OF WISCONSIN MILWAUKEE,Wisconsin Milwaukee,UNITED STATES,False,7447661.0,13,13,5450382.0,1997279.0,0,2361939.0,4,4,0.0,0,0,2361939.0,4,3899991.0,8,1185731.0,1,0.0,0,0.0,0,0.0,0,0.0,0,0.0,0,0.0,0,0.0,0,5085722.0,9,14,11,531976.0,572897.0,572897.0,168710.0,0.93,31.7,344.0,321.0,314.0,346.0,340.0,1.0,True,244.0,,,,,,,True,2587,non-rollup institutions
FY2025,IPF830102,UNIVERSITY OF NEW HAMPSHIRE,University of New Hampshire,UNITED STATES,False,7402695.0,13,13,5766785.0,2291755.0,0,1688344.0,3,3,0.0,0,0,1688344.0,3,3463448.0,9,0.0,0,2250903.0,1,0.0,0,0.0,0,0.0,0,0.0,0,0.0,0,0.0,0,5714351.0,10,14,12,528764.0,569438.0,569438.0,120596.0,0.93,22.8,345.0,321.0,314.0,392.0,369.0,1.0,True,249.0,,,,,,,True,2587,non-rollup institutions
FY2025,IPF513615,SAN FRANCISCO STATE UNIVERSITY,San Francisco State University,UNITED STATES,False,7398251.0,16,14,6155963.0,1581774.0,0,0.0,0,0,0.0,0,0,0.0,0,1908801.0,9,3043319.0,4,0.0,0,0.0,0,2329881.0,2,0.0,0,0.0,0,116250.0,1,0.0,0,7398251.0,16,17,14,435191.0,528446.0,462391.0,0.0,0.82,0.0,346.0,288.0,304.0,669.0,669.0,1.0,True,335.0,,,,,,,True,2587,non-rollup institutions
FY2025,IPF1328101,CHAPMAN UNIVERSITY,Chapman University,UNITED STATES,False,7286537.0,11,11,5986553.0,1299984.0,0,6262158.0,8,8,0.0,0,0,6262158.0,8,873547.0,2,0.0,0,0.0,0,150832.0,1,0.0,0,0.0,0,0.0,0,0.0,0,0.0,0,1024379.0,3,18,10,404808.0,662412.0,662412.0,347898.0,0.61,85.9,347.0,345.0,335.0,255.0,273.0,1.0,True,364.0,,,,,,,True,2587,non-rollup institutions
FY2025,IPF1943701,CREIGHTON UNIVERSITY,Creighton University,UNITED STATES,False,7262069.0,16,16,5062372.0,2199697.0,0,3849680.0,9,9,0.0,0,0,3849680.0,9,1092238.0,5,0.0,0,2160551.0,1,159600.0,1,0.0,0,0.0,0,0.0,0,0.0,0,0.0,0,3412389.0,7,17,16,427181.0,453879.0,453879.0,226452.0,0.94,53.0,348.0,288.0,280.0,292.0,255.0,1.0,True,345.0,,,,,,,True,2587,non-rollup institutions
FY2025,IPF6910301,RENSSELAER POLYTECHNIC INSTITUTE,Rensselaer Polytechnic Institute,UNITED STATES,False,7194463.0,16,16,5457146.0,1737317.0,0,4352636.0,8,8,0.0,0,0,4352636.0,8,2124176.0,5,0.0,0,0.0,0,0.0,0,668113.0,2,49538.0,1,0.0,0,0.0,0,0.0,0,2841827.0,8,22,13,327021.0,449654.0,449654.0,197847.0,0.73,60.5,349.0,288.0,280.0,279.0,273.0,1.0,True,432.0,,,,,,,True,2587,non-rollup institutions
FY2025,IPF7596201,UNIVERSITY OF SOUTH DAKOTA,University of South Dakota,UNITED STATES,False,7186800.0,8,8,5624552.0,1562248.0,0,2854903.0,6,6,0.0,0,0,2854903.0,6,74750.0,1,0.0,0,4257147.0,1,0.0,0,0.0,0,0.0,0,0.0,0,0.0,0,0.0,0,4331897.0,2,8,7,898350.0,898350.0,898350.0,356863.0,1.0,39.7,350.0,393.0,388.0,327.0,294.0,1.0,True,60.0,,,,,,,True,2587,non-rollup institutions
FY2025,IPF10051177,"SPARIAN BIOSCIENCES, INC.",Sparian Biosciences,UNITED STATES,False,7122660.0,2,2,7490707.0,2473465.0,0,0.0,0,0,0.0,0,0,0.0,0,0.0,0,7122660.0,2,0.0,0,0.0,0,0.0,0,0.0,0,0.0,0,0.0,0,0.0,0,7122660.0,2,3,2,2374220.0,3561330.0,3561330.0,0.0,0.67,0.0,351.0,698.0,671.0,669.0,669.0,1.0,False,,,,,,,,True,2587,non-rollup institutions
FY2025,IPF10004565,AVERA MCKENNAN,Avera Mckennan,UNITED STATES,False,7091426.0,3,3,6021205.0,2514333.0,0,0.0,0,0,0.0,0,0,0.0,0,0.0,0,7091426.0,3,0.0,0,0.0,0,0.0,0,0.0,0,0.0,0,0.0,0,0.0,0,7091426.0,3,4,2,1772856.0,2363809.0,2363809.0,0.0,0.75,0.0,352.0,578.0,550.0,669.0,669.0,1.0,False,,,,,,,,True,2587,non-rollup institutions
FY2025,IPF10039543,FOUNDATION FOR THE NIH,Foundation for the NIH,UNITED STATES,False,7024843.0,6,4,6872008.0,152835.0,0,0.0,0,0,0.0,0,0,0.0,0,0.0,0,0.0,0,0.0,0,0.0,0,0.0,0,0.0,0,0.0,0,7024843.0,6,0.0,0,7024843.0,6,2,2,3512422.0,1756211.0,1170807.0,0.0,2.0,0.0,353.0,433.0,483.0,669.0,669.0,1.0,False,,,,,,,,True,2587,non-rollup institutions
FY2025,IPF8042701,SRI INTERNATIONAL,SRI International,UNITED STATES,False,6928483.0,9,9,3646680.0,3410344.0,0,3351199.0,4,4,0.0,0,0,3351199.0,4,1604964.0,3,1972320.0,2,0.0,0,0.0,0,0.0,0,0.0,0,0.0,0,0.0,0,0.0,0,3577284.0,5,8,6,866060.0,769831.0,769831.0,418900.0,1.12,48.4,354.0,378.0,372.0,308.0,340.0,1.0,True,63.0,,,,,,,True,2587,non-rollup institutions
FY2025,IPF10026055,MAX PLANCK FLORIDA CORPORATION,Max Planck Florida Corporation,UNITED STATES,False,6797984.0,6,6,4808308.0,2667050.0,0,2412500.0,2,2,0.0,0,0,2412500.0,2,1158000.0,1,1957725.0,1,0.0,0,111759.0,1,0.0,0,0.0,0,0.0,0,1158000.0,1,0.0,0,4385484.0,4,9,6,755332.0,1132997.0,1132997.0,268056.0,0.67,35.5,355.0,433.0,417.0,343.0,414.0,1.0,True,94.0,,,,,,,True,2587,non-rollup institutions
FY2025,IPF5517601,MOUNT DESERT ISLAND BIOLOGICAL LAB,Mount Desert Island Biological Lab,UNITED STATES,False,6746552.0,8,8,5271076.0,1480274.0,0,0.0,0,0,0.0,0,0,0.0,0,1494478.0,6,0.0,0,5252074.0,2,0.0,0,0.0,0,0.0,0,0.0,0,0.0,0,0.0,0,6746552.0,8,8,7,843319.0,843319.0,843319.0,0.0,1.0,0.0,356.0,393.0,388.0,669.0,669.0,1.0,True,65.0,,,,,,,True,2587,non-rollup institutions
FY2025,IPF1078602,UNIVERSITY OF ALASKA FAIRBANKS,University of Alaska Fairbanks,UNITED STATES,False,6695926.0,6,6,4786700.0,1909226.0,0,1381876.0,1,1,0.0,0,0,1381876.0,1,1064762.0,4,0.0,0,4249288.0,1,0.0,0,0.0,0,0.0,0,0.0,0,0.0,0,0.0,0,5314050.0,5,6,5,1115988.0,1115988.0,1115988.0,230313.0,1.0,20.6,357.0,433.0,417.0,411.0,484.0,1.0,True,35.0,,,,,,,True,2587,non-rollup institutions
FY2025,IPF1197101,UNIVERSITY OF NEW ENGLAND,University of New England,UNITED STATES,False,6488144.0,13,13,4829087.0,1659057.0,0,1445554.0,5,5,0.0,0,0,1445554.0,5,603500.0,4,1117237.0,1,3194953.0,2,126900.0,1,0.0,0,0.0,0,0.0,0,0.0,0,0.0,0,5042590.0,8,13,11,499088.0,499088.0,499088.0,111196.0,1.0,22.3,358.0,321.0,314.0,403.0,317.0,1.0,True,273.0,,,,,,,True,2587,non-rollup institutions
FY2025,IPF7648301,UNIVERSITY OF SOUTHERN MISSISSIPPI,University of Southern Mississippi,UNITED STATES,False,6407475.0,10,10,5281477.0,1581560.0,0,367797.0,1,1,0.0,0,0,367797.0,1,1905660.0,7,0.0,0,4095081.0,1,0.0,0,0.0,0,38937.0,1,0.0,0,0.0,0,0.0,0,6039678.0,9,8,8,800934.0,640748.0,640748.0,45975.0,1.25,5.7,359.0,363.0,352.0,599.0,484.0,1.0,True,74.0,,,,,,,True,2587,non-rollup institutions
FY2025,IPF1402201,ROSALIND FRANKLIN UNIV OF MEDICINE & SCI,Rosalind Franklin University of Medicine & Sciences,UNITED STATES,False,6401944.0,17,17,4289824.0,2199937.0,0,5413536.0,11,11,0.0,0,0,5413536.0,11,762400.0,4,0.0,0,0.0,0,177714.0,1,48294.0,1,0.0,0,0.0,0,0.0,0,0.0,0,988408.0,6,14,14,457282.0,376585.0,376585.0,386681.0,1.21,84.6,360.0,278.0,275.0,264.0,239.0,1.0,True,307.0,,,,,,,True,2587,non-rollup institutions
FY2025,IPF9021201,WAKE FOREST UNIVERSITY,Wake Forest University,UNITED STATES,False,6396091.0,8,8,6550749.0,1058607.0,0,3034712.0,4,4,0.0,0,0,3034712.0,4,753851.0,2,2607528.0,2,0.0,0,0.0,0,0.0,0,0.0,0,0.0,0,0.0,0,0.0,0,3361379.0,4,10,7,639609.0,799511.0,799511.0,303471.0,0.8,47.4,361.0,393.0,388.0,319.0,340.0,1.0,True,150.0,,,,,,,True,2587,non-rollup institutions
FY2025,IPF4842001,MARSHALL UNIVERSITY,Marshall University,UNITED STATES,False,6388629.0,6,6,6195203.0,1176736.0,0,2195953.0,5,5,0.0,0,0,2195953.0,5,0.0,0,0.0,0,4192676.0,1,0.0,0,0.0,0,0.0,0,0.0,0,0.0,0,0.0,0,4192676.0,1,5,5,1277726.0,1064772.0,1064772.0,439191.0,1.2,34.4,362.0,433.0,417.0,360.0,317.0,1.0,True,24.0,,,,,,,True,2587,non-rollup institutions
FY2025,IPF10001610,STELLENBOSCH UNIVERSITY,Stellenbosch University,SOUTH AFRICA,False,6384514.0,20,14,6232457.0,413731.0,0,2076311.0,9,4,0.0,0,0,2076311.0,9,503613.0,2,2554616.0,2,0.0,0,403594.0,4,0.0,0,0.0,0,0.0,0,846380.0,3,0.0,0,4308203.0,11,21,12,304024.0,456037.0,319226.0,98872.0,0.67,32.5,363.0,265.0,304.0,371.0,255.0,1.0,True,446.0,,,,,,,True,2587,non-rollup institutions
FY2025,IPF2495801,CENTER FOR CONSTRUCTION RES AND TRAINING,Center for Construction Research and Training,UNITED STATES,False,6384428.0,2,2,7066587.0,25015.0,0,0.0,0,0,0.0,0,0,0.0,0,0.0,0,6384428.0,2,0.0,0,0.0,0,0.0,0,0.0,0,0.0,0,0.0,0,0.0,0,6384428.0,2,1,1,6384428.0,3192214.0,3192214.0,0.0,2.0,0.0,364.0,698.0,671.0,669.0,669.0,1.0,False,,,,,,,,True,2587,non-rollup institutions
FY2025,IPF3256901,"CHESTNUT HEALTH SYSTEMS, INC.",Chestnut Health Systems,UNITED STATES,False,6377603.0,9,9,4939553.0,1438050.0,0,782800.0,1,1,0.0,0,0,782800.0,1,3233166.0,5,2213289.0,2,0.0,0,148348.0,1,0.0,0,0.0,0,0.0,0,0.0,0,0.0,0,5594803.0,8,8,5,797200.0,708623.0,708623.0,97850.0,1.12,12.3,365.0,378.0,372.0,472.0,484.0,1.0,True,75.0,,,,,,,True,2587,non-rollup institutions
FY2025,IPF513803,FLORIDA ATLANTIC UNIVERSITY,Florida Atlantic University,UNITED STATES,False,6354233.0,19,18,4576524.0,1777709.0,0,2545330.0,6,5,0.0,0,0,2545330.0,6,3475885.0,11,0.0,0,0.0,0,333018.0,2,0.0,0,0.0,0,0.0,0,0.0,0,0.0,0,3808903.0,13,18,15,353013.0,353013.0,334433.0,141407.0,1.0,40.1,366.0,267.0,269.0,338.0,294.0,1.0,True,412.0,,,,,,,True,2587,non-rollup institutions
FY2025,IPF513802,FLORIDA AGRICULTURAL AND MECHANICAL UNIV,Florida Agricultural and Mechanical University,UNITED STATES,False,6286322.0,9,9,4427946.0,1858376.0,0,1123658.0,2,2,0.0,0,0,1123658.0,2,593884.0,4,4303970.0,2,0.0,0,0.0,0,264810.0,1,0.0,0,0.0,0,0.0,0,0.0,0,5162664.0,7,12,8,523860.0,698480.0,698480.0,93638.0,0.75,17.9,367.0,378.0,372.0,438.0,414.0,1.0,True,252.0,,,,,,,True,2587,non-rollup institutions
FY2025,IPF1801901,NATIONAL DISEASE RESEARCH INTERCHANGE,National Disease Research Interchange,UNITED STATES,False,6253010.0,5,3,5222893.0,2372467.0,0,0.0,0,0,0.0,0,0,0.0,0,0.0,0,6253010.0,5,0.0,0,0.0,0,0.0,0,0.0,0,0.0,0,0.0,0,0.0,0,6253010.0,5,6,1,1042168.0,2084337.0,1250602.0,0.0,0.5,0.0,368.0,458.0,550.0,669.0,669.0,1.0,True,43.0,,,,,,,True,2587,non-rollup institutions
FY2025,IPF2321401,HENNEPIN HEALTHCARE RESEARCH INSTITUTE,Hennepin Healthcare Research Institute,UNITED STATES,False,6226042.0,13,12,9246254.0,955416.0,0,3496936.0,9,8,0.0,0,0,3496936.0,9,343190.0,2,2385916.0,2,0.0,0,0.0,0,0.0,0,0.0,0,0.0,0,0.0,0,0.0,0,2729106.0,4,16,10,389128.0,518837.0,478926.0,218558.0,0.75,56.2,369.0,321.0,331.0,302.0,255.0,1.0,True,379.0,,,,,,,True,2587,non-rollup institutions
FY2025,IPF108401,DELAWARE STATE UNIVERSITY,Delaware State University,UNITED STATES,False,6199711.0,7,6,4593982.0,1605729.0,0,0.0,0,0,0.0,0,0,0.0,0,108000.0,1,4504704.0,4,1142020.0,1,0.0,0,444987.0,1,0.0,0,0.0,0,0.0,0,0.0,0,6199711.0,7,6,2,1033285.0,1033285.0,885673.0,0.0,1.0,0.0,370.0,410.0,417.0,669.0,669.0,1.0,True,45.0,,,,,,,True,2587,non-rollup institutions
FY2025,IPF10028090,"INNOVATIVE DESIGN LABS, INC.",Innovative Design Labs,UNITED STATES,False,6157235.0,7,7,4152070.0,1605628.0,0,0.0,0,0,0.0,0,0,0.0,0,6157235.0,7,0.0,0,0.0,0,0.0,0,0.0,0,0.0,0,0.0,0,0.0,0,0.0,0,6157235.0,7,3,3,2052412.0,879605.0,879605.0,0.0,2.33,0.0,371.0,410.0,401.0,669.0,669.0,1.0,False,,,,,,,,True,2587,non-rollup institutions
FY2025,IPF10059523,NYU LONG ISLAND SCHOOL OF MEDICINE,NYU Long Island,UNITED STATES,False,6103542.0,6,6,4041179.0,2062363.0,0,3635618.0,5,5,0.0,0,0,3635618.0,5,0.0,0,0.0,0,2467924.0,1,0.0,0,0.0,0,0.0,0,0.0,0,0.0,0,0.0,0,2467924.0,1,3,3,2034514.0,1017257.0,1017257.0,1211873.0,2.0,59.6,372.0,433.0,417.0,298.0,317.0,1.0,False,,,,,,,,True,2587,non-rollup institutions
FY2025,IPF10038635,"MUCOMMUNE, LLC",Mucommune,UNITED STATES,False,6085690.0,9,9,4413303.0,1304327.0,0,0.0,0,0,0.0,0,0,0.0,0,6085690.0,9,0.0,0,0.0,0,0.0,0,0.0,0,0.0,0,0.0,0,0.0,0,0.0,0,6085690.0,9,2,2,3042845.0,676188.0,676188.0,0.0,4.5,0.0,373.0,378.0,372.0,669.0,669.0,1.0,False,,,,,,,,True,2587,non-rollup institutions
FY2025,IPF6091701,NORTH DAKOTA STATE UNIVERSITY,North Dakota State University,UNITED STATES,False,6085256.0,10,10,4509093.0,1576163.0,0,2589939.0,5,5,0.0,0,0,2589939.0,5,1610730.0,4,0.0,0,1884587.0,1,0.0,0,0.0,0,0.0,0,0.0,0,0.0,0,0.0,0,3495317.0,5,10,8,608526.0,608526.0,608526.0,258994.0,1.0,42.6,374.0,363.0,352.0,335.0,317.0,1.0,True,175.0,,,,,,,True,2587,non-rollup institutions
FY2025,IPF10034094,"EIP PHARMA, INC.",Eip Pharma,UNITED STATES,False,6072987.0,1,1,6072987.0,0.0,0,6072987.0,1,1,0.0,0,0,6072987.0,1,0.0,0,0.0,0,0.0,0,0.0,0,0.0,0,0.0,0,0.0,0,0.0,0,0.0,0,0.0,0,2,1,3036494.0,6072987.0,6072987.0,3036494.0,0.5,100.0,375.0,1009.0,958.0,258.0,484.0,1.0,False,,,,,,,,True,2587,non-rollup institutions
FY2025,IPF1043101,"BUTLER HOSPITAL (PROVIDENCE, RI)","Butler Hospital (Providence, Ri)",UNITED STATES,False,6016091.0,10,10,4833036.0,1191775.0,0,4010142.0,5,5,0.0,0,0,4010142.0,5,777114.0,1,496284.0,1,0.0,0,732551.0,3,0.0,0,0.0,0,0.0,0,0.0,0,0.0,0,2005949.0,5,13,8,462776.0,601609.0,601609.0,308472.0,0.77,66.7,376.0,363.0,352.0,289.0,317.0,1.0,True,301.0,,,,,,,True,2587,non-rollup institutions
FY2025,IPF2618201,CLEVELAND STATE UNIVERSITY,Cleveland State University,UNITED STATES,False,6013942.0,15,14,4288988.0,1724954.0,0,4364924.0,10,9,0.0,0,0,4364924.0,10,1649018.0,5,0.0,0,0.0,0,0.0,0,0.0,0,0.0,0,0.0,0,0.0,0,0.0,0,1649018.0,5,11,11,546722.0,429567.0,400929.0,396811.0,1.27,72.6,377.0,297.0,304.0,277.0,246.0,1.0,True,237.0,,,,,,,True,2587,non-rollup institutions
FY2025,IPF7035701,ROCHESTER INSTITUTE OF TECHNOLOGY,Rochester Institute of Technology,UNITED STATES,False,5973585.0,22,22,4262033.0,1711552.0,0,1414527.0,2,2,0.0,0,0,1414527.0,2,4559058.0,20,0.0,0,0.0,0,0.0,0,0.0,0,0.0,0,0.0,0,0.0,0,0.0,0,4559058.0,20,23,21,259721.0,271527.0,271527.0,61501.0,0.96,23.7,378.0,250.0,245.0,408.0,414.0,1.0,True,472.0,,,,,,,True,2587,non-rollup institutions
FY2025,IPF4833601,MARQUETTE UNIVERSITY,Marquette University,UNITED STATES,False,5963168.0,17,17,4486048.0,1477120.0,0,4589554.0,10,10,0.0,0,0,4589554.0,10,801081.0,3,0.0,0,0.0,0,149422.0,1,0.0,0,46672.0,2,0.0,0,376439.0,1,0.0,0,1373614.0,7,24,17,248465.0,350775.0,350775.0,191231.0,0.71,77.0,379.0,278.0,275.0,274.0,246.0,1.0,True,481.0,,,,,,,True,2587,non-rollup institutions
FY2025,IPF578213,NORTH CAROLINA CENTRAL UNIVERSITY,North Carolina Central University,UNITED STATES,False,5949605.0,9,9,4128002.0,1821603.0,0,0.0,0,0,0.0,0,0,0.0,0,1086844.0,6,4862761.0,3,0.0,0,0.0,0,0.0,0,0.0,0,0.0,0,0.0,0,0.0,0,5949605.0,9,11,8,540873.0,661067.0,661067.0,0.0,0.82,0.0,380.0,378.0,372.0,669.0,669.0,1.0,True,242.0,,,,,,,True,2587,non-rollup institutions
FY2025,IPF3873001,ROWAN UNIVERSITY,Rowan University,UNITED STATES,False,5846782.0,15,15,4253026.0,1593756.0,0,1327351.0,3,3,0.0,0,0,1327351.0,3,3711884.0,10,0.0,0,0.0,0,0.0,0,807547.0,2,0.0,0,0.0,0,0.0,0,0.0,0,4519431.0,12,19,14,307725.0,389785.0,389785.0,69861.0,0.79,22.7,381.0,297.0,293.0,415.0,369.0,1.0,True,442.0,,,,,,,True,2587,non-rollup institutions
FY2025,IPF10006862,STEELWORKER CHARITABLE/EDUCATIONAL ORG,Steelworker Charitable/Educational Org,UNITED STATES,False,5792670.0,2,2,5389592.0,403078.0,0,0.0,0,0,0.0,0,0,0.0,0,0.0,0,5792670.0,2,0.0,0,0.0,0,0.0,0,0.0,0,0.0,0,0.0,0,0.0,0,5792670.0,2,1,1,5792670.0,2896335.0,2896335.0,0.0,2.0,0.0,382.0,698.0,671.0,669.0,669.0,1.0,False,,,,,,,,True,2587,non-rollup institutions
FY2025,IPF10053216,"INHALON BIOPHARMA, INC.",Inhalon Biopharma,UNITED STATES,False,5709002.0,6,6,3868681.0,1471671.0,0,0.0,0,0,0.0,0,0,0.0,0,5100170.0,5,0.0,0,0.0,0,0.0,0,0.0,0,0.0,0,0.0,0,608832.0,1,0.0,0,5709002.0,6,2,2,2854501.0,951500.0,951500.0,0.0,3.0,0.0,383.0,433.0,417.0,669.0,669.0,1.0,False,,,,,,,,True,2587,non-rollup institutions
FY2025,IPF578212,NORTH CAROLINA AGRI & TECH ST UNIV,North Carolina A&T,UNITED STATES,False,5706711.0,16,16,4356839.0,1349872.0,0,1716968.0,2,2,0.0,0,0,1716968.0,2,2151551.0,12,1838192.0,2,0.0,0,0.0,0,0.0,0,0.0,0,0.0,0,0.0,0,0.0,0,3989743.0,14,23,16,248118.0,356669.0,356669.0,74651.0,0.7,30.1,384.0,288.0,280.0,386.0,414.0,1.0,True,484.0,,,,,,,True,2587,non-rollup institutions
FY2025,IPF253101,WRIGHT STATE UNIVERSITY,Wright State University,UNITED STATES,False,5688361.0,17,15,4281391.0,1406970.0,0,3541842.0,9,7,0.0,0,0,3541842.0,9,1649776.0,4,0.0,0,0.0,0,267855.0,2,0.0,0,54538.0,1,0.0,0,174350.0,1,0.0,0,2146519.0,8,15,12,379224.0,379224.0,334609.0,236123.0,1.0,62.3,385.0,278.0,293.0,299.0,255.0,1.0,True,387.0,,,,,,,True,2587,non-rollup institutions
FY2025,IPF10051367,"AKYSO THERAPEUTICS, LLC",Akyso Therapeutics,UNITED STATES,False,5641203.0,2,2,5053299.0,587904.0,0,0.0,0,0,0.0,0,0,0.0,0,0.0,0,5641203.0,2,0.0,0,0.0,0,0.0,0,0.0,0,0.0,0,0.0,0,0.0,0,5641203.0,2,2,1,2820602.0,2820602.0,2820602.0,0.0,1.0,0.0,386.0,698.0,671.0,669.0,669.0,1.0,False,,,,,,,,True,2587,non-rollup institutions
FY2025,IPF10023197,"MORGRIDGE INSTITUTE FOR RESEARCH, INC.",Morgridge Institute for Research,UNITED STATES,False,5608631.0,11,10,3615715.0,1992916.0,0,2916487.0,6,5,0.0,0,0,2916487.0,6,2692144.0,5,0.0,0,0.0,0,0.0,0,0.0,0,0.0,0,0.0,0,0.0,0,0.0,0,2692144.0,5,9,5,623181.0,560863.0,509876.0,324054.0,1.11,52.0,387.0,345.0,352.0,322.0,294.0,1.0,True,159.0,,,,,,,True,2587,non-rollup institutions
FY2025,IPF578102,UNIVERSITY OF NEBRASKA OMAHA,Nebraska Omaha,UNITED STATES,False,5607402.0,7,7,4219505.0,1516968.0,0,1318776.0,2,2,0.0,0,0,1318776.0,2,829582.0,2,0.0,0,3332306.0,2,126738.0,1,0.0,0,0.0,0,0.0,0,0.0,0,0.0,0,4288626.0,5,8,6,700925.0,801057.0,801057.0,164847.0,0.88,23.5,388.0,410.0,401.0,417.0,414.0,1.0,True,111.0,,,,,,,True,2587,non-rollup institutions
FY2025,IPF1274603,EAST TENNESSEE STATE UNIVERSITY,East Tennessee State,UNITED STATES,False,5525502.0,17,16,3987573.0,1537929.0,0,3442202.0,8,7,0.0,0,0,3442202.0,8,1601500.0,8,0.0,0,0.0,0,0.0,0,0.0,0,0.0,0,0.0,0,481800.0,1,0.0,0,2083300.0,9,13,13,425039.0,345344.0,325030.0,264785.0,1.23,62.3,389.0,278.0,280.0,306.0,273.0,1.0,True,347.0,,,,,,,True,2587,non-rollup institutions
FY2025,IPF10003002,CENTER FOR INNOVATIVE PUBLIC HEALTH RESEARCH,Center for Innovative Public Health Research,UNITED STATES,False,5523045.0,3,3,4279169.0,1243876.0,0,533771.0,1,1,0.0,0,0,533771.0,1,3633977.0,1,1355297.0,1,0.0,0,0.0,0,0.0,0,0.0,0,0.0,0,0.0,0,0.0,0,4989274.0,2,1,1,5523045.0,1841015.0,1841015.0,533771.0,3.0,9.7,390.0,578.0,550.0,534.0,484.0,1.0,False,,,,,,,,True,2587,non-rollup institutions
FY2025,IPF8439801,TUSKEGEE UNIVERSITY,Tuskegee University,UNITED STATES,False,5433753.0,4,4,3795464.0,1638289.0,0,361155.0,1,1,0.0,0,0,361155.0,1,147000.0,1,4925598.0,2,0.0,0,0.0,0,0.0,0,0.0,0,0.0,0,0.0,0,0.0,0,5072598.0,3,6,4,905626.0,1358438.0,1358438.0,60192.0,0.67,6.6,391.0,504.0,483.0,601.0,484.0,1.0,True,59.0,,,,,,,True,2587,non-rollup institutions
FY2025,IPF10034303,ROWAN UNIVERSITY SCHOOL/OSTEOPATHIC MED,Rowan University School/Osteopathic Medicine,UNITED STATES,False,5414128.0,10,10,3567258.0,1846870.0,0,4360077.0,6,6,0.0,0,0,4360077.0,6,980875.0,3,0.0,0,0.0,0,73176.0,1,0.0,0,0.0,0,0.0,0,0.0,0,0.0,0,1054051.0,4,9,8,601570.0,541413.0,541413.0,484453.0,1.11,80.5,392.0,363.0,352.0,278.0,294.0,1.0,True,184.0,,,,,,,True,2587,non-rollup institutions
FY2025,IPF540201,PUBLIC HEALTH FOUNDATION ENTERPRISES,Public Health Foundation Enterprises,UNITED STATES,False,5393164.0,7,6,5088935.0,304229.0,0,1709111.0,3,3,0.0,0,0,1709111.0,3,135442.0,1,3548611.0,3,0.0,0,0.0,0,0.0,0,0.0,0,0.0,0,0.0,0,0.0,0,3684053.0,4,9,5,599240.0,898861.0,770452.0,189901.0,0.67,31.7,393.0,410.0,417.0,388.0,369.0,1.0,True,186.0,,,,,,,True,2587,non-rollup institutions
FY2025,IPF10052232,"CLEAR SCIENTIFIC, LLC",Clear Scientific,UNITED STATES,False,5336671.0,2,2,4463172.0,772961.0,0,0.0,0,0,0.0,0,0,0.0,0,1536796.0,1,3799875.0,1,0.0,0,0.0,0,0.0,0,0.0,0,0.0,0,0.0,0,0.0,0,5336671.0,2,1,1,5336671.0,2668336.0,2668336.0,0.0,2.0,0.0,394.0,698.0,671.0,669.0,669.0,1.0,False,,,,,,,,True,2587,non-rollup institutions
FY2025,IPF1164401,NORTHEAST OHIO MEDICAL UNIVERSITY,NEOMED,UNITED STATES,False,5324348.0,14,14,3635504.0,1690690.0,0,4001069.0,8,8,0.0,0,0,4001069.0,8,703115.0,3,0.0,0,0.0,0,187444.0,1,0.0,0,42720.0,1,0.0,0,390000.0,1,0.0,0,1323279.0,6,14,13,380311.0,380311.0,380311.0,285791.0,1.0,75.1,395.0,311.0,304.0,290.0,273.0,1.0,True,384.0,,,,,,,True,2587,non-rollup institutions
FY2025,IPF4012501,ENDEAVOR HEALTH CLINICAL OPERATIONS,Endeavor Health Clinical Operations,UNITED STATES,False,5319885.0,10,10,3684353.0,1635532.0,0,4597640.0,8,8,0.0,0,0,4597640.0,8,334235.0,1,0.0,0,388010.0,1,0.0,0,0.0,0,0.0,0,0.0,0,0.0,0,0.0,0,722245.0,2,12,8,443324.0,531988.0,531988.0,383137.0,0.83,86.4,396.0,363.0,352.0,273.0,273.0,1.0,True,326.0,,,,,,,True,2587,non-rollup institutions
FY2025,IPF6004001,NEW JERSEY INSTITUTE OF TECHNOLOGY,New Jersey Institute of Technology,UNITED STATES,False,5307432.0,12,11,4089256.0,1218176.0,0,3690028.0,8,7,0.0,0,0,3690028.0,8,1205400.0,3,0.0,0,0.0,0,0.0,0,412004.0,1,0.0,0,0.0,0,0.0,0,0.0,0,1617404.0,4,17,10,312202.0,482494.0,442286.0,217060.0,0.65,69.5,397.0,339.0,335.0,296.0,273.0,1.0,True,439.0,,,,,,,True,2587,non-rollup institutions
FY2025,IPF10019566,"ENSYSCE BIOSCIENCES, INC.",Ensysce Biosciences,UNITED STATES,False,5288921.0,1,1,3777801.0,1511120.0,0,0.0,0,0,0.0,0,0,0.0,0,0.0,0,5288921.0,1,0.0,0,0.0,0,0.0,0,0.0,0,0.0,0,0.0,0,0.0,0,5288921.0,1,1,1,5288921.0,5288921.0,5288921.0,0.0,1.0,0.0,398.0,1009.0,958.0,669.0,669.0,1.0,False,,,,,,,,True,2587,non-rollup institutions
FY2025,IPF10053818,WEST VIRGINIA UNIVERSITY,West Virginia University,UNITED STATES,False,5255885.0,8,7,4036528.0,1219357.0,0,2340007.0,3,3,0.0,0,0,2340007.0,3,736408.0,2,0.0,0,0.0,0,159840.0,1,0.0,0,0.0,0,0.0,0,2019630.0,2,0.0,0,2915878.0,5,8,7,656986.0,750841.0,656986.0,292501.0,0.88,44.5,399.0,393.0,401.0,352.0,369.0,1.0,True,138.0,,,,,,,True,2587,non-rollup institutions
FY2025,IPF5492901,MORGAN STATE UNIVERSITY,Morgan State University,UNITED STATES,False,5117609.0,3,3,3635839.0,1481770.0,0,0.0,0,0,0.0,0,0,0.0,0,152437.0,1,4717826.0,1,0.0,0,0.0,0,247346.0,1,0.0,0,0.0,0,0.0,0,0.0,0,5117609.0,3,5,3,1023522.0,1705870.0,1705870.0,0.0,0.6,0.0,400.0,578.0,550.0,669.0,669.0,1.0,True,47.0,,,,,,,True,2587,non-rollup institutions
FY2025,IPF10042526,TRETHERA CORPORATION,Trethera Corporation,UNITED STATES,False,5079216.0,6,6,3917978.0,831014.0,0,0.0,0,0,0.0,0,0,0.0,0,5079216.0,6,0.0,0,0.0,0,0.0,0,0.0,0,0.0,0,0.0,0,0.0,0,0.0,0,5079216.0,6,1,1,5079216.0,846536.0,846536.0,0.0,6.0,0.0,401.0,433.0,417.0,669.0,669.0,1.0,False,,,,,,,,True,2587,non-rollup institutions
FY2025,IPF10033210,"HELIXBIND, INC.",Helixbind,UNITED STATES,False,5074337.0,5,5,3475761.0,1272645.0,0,0.0,0,0,0.0,0,0,0.0,0,3074337.0,3,0.0,0,0.0,0,0.0,0,0.0,0,0.0,0,0.0,0,2000000.0,2,0.0,0,5074337.0,5,1,1,5074337.0,1014867.0,1014867.0,0.0,5.0,0.0,402.0,458.0,446.0,669.0,669.0,1.0,False,,,,,,,,True,2587,non-rollup institutions
FY2025,IPF130501,COLORADO SCHOOL OF MINES,Colorado School of Mines,UNITED STATES,False,5045529.0,11,11,3756545.0,1288984.0,0,1295669.0,3,3,0.0,0,0,1295669.0,3,3710345.0,7,0.0,0,0.0,0,0.0,0,0.0,0,39515.0,1,0.0,0,0.0,0,0.0,0,3749860.0,8,10,8,504553.0,458684.0,458684.0,129567.0,1.1,25.7,403.0,345.0,335.0,423.0,369.0,1.0,True,269.0,,,,,,,True,2587,non-rollup institutions
FY2025,IPF10040571,TERASAKI INSTITUTE FOR BIOMEDICAL INNOVATION,Terasaki Institute for Biomedical Innovation,UNITED STATES,False,5036664.0,5,5,3587749.0,1448915.0,0,4153299.0,3,3,0.0,0,0,4153299.0,3,883365.0,2,0.0,0,0.0,0,0.0,0,0.0,0,0.0,0,0.0,0,0.0,0,0.0,0,883365.0,2,4,4,1259166.0,1007333.0,1007333.0,1038325.0,1.25,82.5,404.0,458.0,446.0,282.0,369.0,1.0,False,,,,,,,,True,2587,non-rollup institutions
FY2025,IPF3527409,UNIVERSITY COLLEGE LONDON,University College London,UNITED KINGDOM,False,5016462.0,13,4,4482514.0,533948.0,0,4087905.0,3,2,0.0,0,0,4087905.0,3,0.0,0,928557.0,10,0.0,0,0.0,0,0.0,0,0.0,0,0.0,0,0.0,0,0.0,0,928557.0,10,5,4,1003292.0,1254116.0,385882.0,817581.0,0.8,81.5,405.0,321.0,483.0,285.0,369.0,1.0,True,50.0,,,,,,,True,2587,non-rollup institutions
FY2025,IPF10000312,"SANARIA, INC.",Sanaria,UNITED STATES,False,4951927.0,5,5,3571320.0,1184723.0,0,0.0,0,0,0.0,0,0,0.0,0,999150.0,1,2957705.0,3,0.0,0,0.0,0,0.0,0,0.0,0,0.0,0,995072.0,1,0.0,0,4951927.0,5,3,3,1650642.0,990385.0,990385.0,0.0,1.67,0.0,406.0,458.0,446.0,669.0,669.0,1.0,False,,,,,,,,True,2587,non-rollup institutions
FY2025,IPF10045586,"NIRSUM LABORATORIES, INC.",Nirsum Laboratories,UNITED STATES,False,4947774.0,1,1,4497976.0,449798.0,0,0.0,0,0,0.0,0,0,0.0,0,0.0,0,4947774.0,1,0.0,0,0.0,0,0.0,0,0.0,0,0.0,0,0.0,0,0.0,0,4947774.0,1,2,1,2473887.0,4947774.0,4947774.0,0.0,0.5,0.0,407.0,1009.0,958.0,669.0,669.0,1.0,False,,,,,,,,True,2587,non-rollup institutions
FY2025,IPF10044686,"KEPHERA DIAGNOSTICS, LLC",Kephera Diagnostics,UNITED STATES,False,4917123.0,7,6,3580267.0,1019273.0,0,0.0,0,0,0.0,0,0,0.0,0,4917123.0,7,0.0,0,0.0,0,0.0,0,0.0,0,0.0,0,0.0,0,0.0,0,0.0,0,4917123.0,7,1,1,4917123.0,819520.0,702446.0,0.0,6.0,0.0,408.0,410.0,417.0,669.0,669.0,1.0,False,,,,,,,,True,2587,non-rollup institutions
FY2025,IPF10064818,MYOSIN THERAPEUTICS INC.,Myosin Therapeutics,UNITED STATES,False,4903212.0,4,4,3673131.0,910608.0,0,0.0,0,0,0.0,0,0,0.0,0,4653795.0,3,0.0,0,0.0,0,0.0,0,0.0,0,0.0,0,0.0,0,249417.0,1,0.0,0,4903212.0,4,3,3,1634404.0,1225803.0,1225803.0,0.0,1.33,0.0,409.0,504.0,483.0,669.0,669.0,1.0,False,,,,,,,,True,2587,non-rollup institutions
FY2025,IPF6695601,WOMEN AND INFANTS HOSPITAL-RHODE ISLAND,Women and Infants Hospital-Rhode Island,UNITED STATES,False,4890449.0,13,13,3221491.0,1668958.0,0,3037628.0,6,6,0.0,0,0,3037628.0,6,0.0,0,680215.0,2,0.0,0,735153.0,4,0.0,0,0.0,0,0.0,0,437453.0,1,0.0,0,1852821.0,7,13,11,376188.0,376188.0,376188.0,233664.0,1.0,62.1,410.0,321.0,314.0,318.0,294.0,1.0,True,389.0,,,,,,,True,2587,non-rollup institutions
FY2025,IPF514003,UTAH STATE UNIVERSITY,Utah State University,UNITED STATES,False,4880574.0,15,15,3669222.0,1211352.0,0,2972690.0,6,6,0.0,0,0,2972690.0,6,1768123.0,8,0.0,0,0.0,0,139761.0,1,0.0,0,0.0,0,0.0,0,0.0,0,0.0,0,1907884.0,9,17,14,287093.0,325372.0,325372.0,174864.0,0.88,60.9,411.0,297.0,293.0,321.0,294.0,1.0,True,457.0,,,,,,,True,2587,non-rollup institutions
FY2025,IPF793001,MAKERERE UNIVERSITY COLLEGE OF HEALTH SCIENCES,Makerere University College of Health Sciences,UGANDA,False,4879472.0,19,18,4586127.0,293345.0,0,895703.0,2,2,0.0,0,0,895703.0,2,425002.0,2,1082642.0,4,0.0,0,96479.0,1,0.0,0,0.0,0,0.0,0,2379646.0,10,0.0,0,3983769.0,17,29,11,168258.0,271082.0,256814.0,30886.0,0.62,18.4,412.0,267.0,269.0,462.0,414.0,1.0,True,517.0,,,,,,,True,2587,non-rollup institutions
FY2025,IPF10000378,"TRANSCENDENT INTERNATIONAL, LLC",Transcendent International,UNITED STATES,False,4809365.0,7,6,2867530.0,1688800.0,0,0.0,0,0,0.0,0,0,0.0,0,4809365.0,7,0.0,0,0.0,0,0.0,0,0.0,0,0.0,0,0.0,0,0.0,0,0.0,0,4809365.0,7,5,5,961873.0,801561.0,687052.0,0.0,1.2,0.0,413.0,410.0,417.0,669.0,669.0,1.0,True,53.0,,,,,,,True,2587,non-rollup institutions
FY2025,IPF10043538,"UCHICAGO ARGONNE, LLC",Uchicago Argonne,UNITED STATES,False,4783121.0,1,1,2994610.0,1788511.0,0,0.0,0,0,0.0,0,0,0.0,0,0.0,0,0.0,0,4783121.0,1,0.0,0,0.0,0,0.0,0,0.0,0,0.0,0,0.0,0,4783121.0,1,2,1,2391560.0,4783121.0,4783121.0,0.0,0.5,0.0,414.0,1009.0,958.0,669.0,669.0,1.0,False,,,,,,,,True,2587,non-rollup institutions
FY2025,IPF10031281,"SCANOGEN, INC.",Scanogen,UNITED STATES,False,4754717.0,5,5,3035233.0,1459825.0,0,785440.0,1,1,0.0,0,0,785440.0,1,2999828.0,3,0.0,0,0.0,0,0.0,0,0.0,0,0.0,0,0.0,0,969449.0,1,0.0,0,3969277.0,4,1,1,4754717.0,950943.0,950943.0,785440.0,5.0,16.5,415.0,458.0,446.0,471.0,484.0,1.0,False,,,,,,,,True,2587,non-rollup institutions
FY2025,IPF1523702,OHIO UNIVERSITY ATHENS,Ohio University Athens,UNITED STATES,False,4750805.0,12,11,3575556.0,1175249.0,0,3444815.0,6,6,0.0,0,0,3444815.0,6,1305990.0,6,0.0,0,0.0,0,0.0,0,0.0,0,0.0,0,0.0,0,0.0,0,0.0,0,1305990.0,6,13,9,365447.0,431891.0,395900.0,264986.0,0.85,72.5,416.0,339.0,335.0,305.0,294.0,1.0,True,397.0,,,,,,,True,2587,non-rollup institutions
FY2025,IPF10042971,"MEBIAS DISCOVERY, INC.",Mebias Discovery,UNITED STATES,False,4710576.0,1,1,4514333.0,196243.0,0,0.0,0,0,0.0,0,0,0.0,0,0.0,0,4710576.0,1,0.0,0,0.0,0,0.0,0,0.0,0,0.0,0,0.0,0,0.0,0,4710576.0,1,4,1,1177644.0,4710576.0,4710576.0,0.0,0.25,0.0,417.0,1009.0,958.0,669.0,669.0,1.0,False,,,,,,,,True,2587,non-rollup institutions
FY2025,IPF3836301,UNIVERSITY HEALTH NETWORK,University Health Network,CANADA,False,4672794.0,8,8,4564311.0,176087.0,0,2168267.0,4,4,0.0,0,0,2168267.0,4,138846.0,1,2365681.0,3,0.0,0,0.0,0,0.0,0,0.0,0,0.0,0,0.0,0,0.0,0,2504527.0,4,17,7,274870.0,584099.0,584099.0,127545.0,0.47,46.4,418.0,393.0,388.0,362.0,340.0,1.0,True,463.0,,,,,,,True,2587,non-rollup institutions
FY2025,IPF3833403,UNIVERSITY OF MAINE ORONO,University of Maine Orono,UNITED STATES,False,4642963.0,7,7,3535477.0,1107486.0,0,689330.0,2,2,0.0,0,0,689330.0,2,1471986.0,3,0.0,0,2166759.0,1,0.0,0,314888.0,1,0.0,0,0.0,0,0.0,0,0.0,0,3953633.0,5,9,5,515885.0,663280.0,663280.0,76592.0,0.78,14.8,419.0,410.0,401.0,490.0,414.0,1.0,True,261.0,,,,,,,True,2587,non-rollup institutions
FY2025,IPF1871901,PACIFIC INSTITUTE FOR RES AND EVALUATION,Pacific Institute for Research and Evaluation,UNITED STATES,False,4611373.0,7,6,3148354.0,1463019.0,0,2647859.0,4,4,0.0,0,0,2647859.0,4,170799.0,2,0.0,0,1792715.0,1,0.0,0,0.0,0,0.0,0,0.0,0,0.0,0,0.0,0,1963514.0,3,6,6,768562.0,768562.0,658768.0,441310.0,1.0,57.4,420.0,410.0,417.0,333.0,340.0,1.0,True,87.0,,,,,,,True,2587,non-rollup institutions
FY2025,IPF4459301,LEHIGH UNIVERSITY,Lehigh University,UNITED STATES,False,4599577.0,15,15,3085587.0,1513990.0,0,2147014.0,7,7,0.0,0,0,2147014.0,7,2068290.0,7,384273.0,1,0.0,0,0.0,0,0.0,0,0.0,0,0.0,0,0.0,0,0.0,0,2452563.0,8,15,15,306638.0,306638.0,306638.0,143134.0,1.0,46.7,421.0,297.0,293.0,364.0,287.0,1.0,True,444.0,,,,,,,True,2587,non-rollup institutions
FY2025,IPF3801901,BROOKHAVEN SCIENCE ASSOC-BROOKHAVEN LAB,Brookhaven Science Assoc-Brookhaven Lab,UNITED STATES,False,4592873.0,1,1,2691243.0,1901630.0,0,0.0,0,0,0.0,0,0,0.0,0,0.0,0,0.0,0,4592873.0,1,0.0,0,0.0,0,0.0,0,0.0,0,0.0,0,0.0,0,4592873.0,1,1,1,4592873.0,4592873.0,4592873.0,0.0,1.0,0.0,422.0,1009.0,958.0,669.0,669.0,1.0,False,,,,,,,,True,2587,non-rollup institutions
FY2025,IPF10053202,TURING MEDICAL TECHNOLOGIES INC,Turing Medical Technologies,UNITED STATES,False,4576418.0,4,4,2890548.0,1388050.0,0,0.0,0,0,0.0,0,0,0.0,0,2199964.0,2,0.0,0,0.0,0,0.0,0,0.0,0,0.0,0,0.0,0,2376454.0,2,0.0,0,4576418.0,4,4,1,1144104.0,1144104.0,1144104.0,0.0,1.0,0.0,423.0,504.0,483.0,669.0,669.0,1.0,False,,,,,,,,True,2587,non-rollup institutions
FY2025,IPF3553001,ILLINOIS INSTITUTE OF TECHNOLOGY,Illinois Institute of Technology,UNITED STATES,False,4507390.0,9,9,3584336.0,1093067.0,0,2638133.0,6,6,0.0,0,0,2638133.0,6,652587.0,2,0.0,0,1216670.0,1,0.0,0,0.0,0,0.0,0,0.0,0,0.0,0,0.0,0,1869257.0,3,7,7,643913.0,500821.0,500821.0,376876.0,1.29,58.5,424.0,378.0,372.0,334.0,294.0,1.0,True,146.0,,,,,,,True,2587,non-rollup institutions
FY2025,IPF2458501,UNIVERSIDAD PERUANA CAYETANO HEREDIA,Universidad Peruana Cayetano Heredia,PERU,False,4492620.0,10,9,4211968.0,280652.0,0,0.0,0,0,0.0,0,0,0.0,0,245245.0,1,3208895.0,4,0.0,0,202265.0,2,0.0,0,0.0,0,0.0,0,836215.0,3,0.0,0,4492620.0,10,15,5,299508.0,499180.0,449262.0,0.0,0.6,0.0,425.0,363.0,372.0,669.0,669.0,1.0,True,450.0,,,,,,,True,2587,non-rollup institutions
FY2025,IPF578420,UNIVERSITY OF TEXAS HLTH CTR AT TYLER,UT Health Tyler,UNITED STATES,False,4470554.0,11,11,3128792.0,1341762.0,0,3077733.0,6,6,0.0,0,0,3077733.0,6,1277359.0,4,0.0,0,0.0,0,115462.0,1,0.0,0,0.0,0,0.0,0,0.0,0,0.0,0,1392821.0,5,10,9,447055.0,406414.0,406414.0,307773.0,1.1,68.8,426.0,345.0,335.0,316.0,294.0,1.0,True,323.0,,,,,,,True,2587,non-rollup institutions
FY2025,IPF3942201,OMEROS CORPORATION,Omeros Corporation,UNITED STATES,False,4461636.0,1,1,4056033.0,405603.0,0,0.0,0,0,0.0,0,0,0.0,0,0.0,0,4461636.0,1,0.0,0,0.0,0,0.0,0,0.0,0,0.0,0,0.0,0,0.0,0,4461636.0,1,1,1,4461636.0,4461636.0,4461636.0,0.0,1.0,0.0,427.0,1009.0,958.0,669.0,669.0,1.0,False,,,,,,,,True,2587,non-rollup institutions
FY2025,IPF10052525,"AUTONOMOUS THERAPEUTICS, INC.",Autonomous Therapeutics,UNITED STATES,False,4442694.0,3,3,1793853.0,2586399.0,0,3438221.0,2,2,0.0,0,0,3438221.0,2,1004473.0,1,0.0,0,0.0,0,0.0,0,0.0,0,0.0,0,0.0,0,0.0,0,0.0,0,1004473.0,1,3,2,1480898.0,1480898.0,1480898.0,1146074.0,1.0,77.4,428.0,578.0,550.0,307.0,414.0,1.0,False,,,,,,,,True,2587,non-rollup institutions
FY2025,IPF7710201,"BAYSTATE MEDICAL CENTER, INC.",Baystate Medical Center,UNITED STATES,False,4425300.0,11,10,3626593.0,1096346.0,0,2446565.0,4,4,0.0,0,0,2446565.0,4,1348229.0,4,0.0,0,0.0,0,630506.0,3,0.0,0,0.0,0,0.0,0,0.0,0,0.0,0,1978735.0,7,10,8,442530.0,442530.0,402300.0,244656.0,1.0,55.3,429.0,345.0,352.0,342.0,340.0,1.0,True,327.0,,,,,,,True,2587,non-rollup institutions
FY2025,IPF10088930,"COG RESEARCH FOUNDATION, LLC",Cog Research Foundation,UNITED STATES,False,4394441.0,1,1,3941252.0,453189.0,0,0.0,0,0,0.0,0,0,0.0,0,0.0,0,4394441.0,1,0.0,0,0.0,0,0.0,0,0.0,0,0.0,0,0.0,0,0.0,0,4394441.0,1,1,1,4394441.0,4394441.0,4394441.0,0.0,1.0,0.0,430.0,1009.0,958.0,669.0,669.0,1.0,False,,,,,,,,True,2587,non-rollup institutions
FY2025,IPF8285901,TEXAS TECH UNIVERSITY,Texas Tech University,UNITED STATES,False,4391554.0,13,13,2935392.0,1456162.0,0,2105077.0,4,4,0.0,0,0,2105077.0,4,2239592.0,8,0.0,0,0.0,0,0.0,0,0.0,0,46885.0,1,0.0,0,0.0,0,0.0,0,2286477.0,9,13,11,337812.0,337812.0,337812.0,161929.0,1.0,47.9,431.0,321.0,314.0,367.0,340.0,1.0,True,426.0,,,,,,,True,2587,non-rollup institutions
FY2025,IPF218602,HENRY FORD HEALTH SYSTEM,Henry Ford Health System,UNITED STATES,False,4335207.0,10,10,3438505.0,1186898.0,0,3457621.0,7,7,0.0,0,0,3457621.0,7,0.0,0,466781.0,1,0.0,0,130621.0,1,280184.0,1,0.0,0,0.0,0,0.0,0,0.0,0,877586.0,3,14,9,309658.0,433521.0,433521.0,246973.0,0.71,79.8,432.0,363.0,352.0,303.0,287.0,1.0,True,440.0,,,,,,,True,2587,non-rollup institutions
FY2025,IPF6297008,PORTLAND STATE UNIVERSITY,Portland State University,UNITED STATES,False,4329904.0,13,13,3649684.0,680908.0,0,2357628.0,4,4,0.0,0,0,2357628.0,4,775392.0,5,0.0,0,0.0,0,135540.0,1,823100.0,2,0.0,0,0.0,0,238244.0,1,0.0,0,1972276.0,9,15,11,288660.0,333070.0,333070.0,157175.0,0.87,54.4,433.0,321.0,314.0,347.0,340.0,1.0,True,455.0,,,,,,,True,2587,non-rollup institutions
FY2025,IPF3876801,ALASKA NATIVE TRIBAL HEALTH CONSORTIUM,Alaska Native Tribal Health Consortium,UNITED STATES,False,4317763.0,6,6,4208988.0,282854.0,0,505544.0,1,1,0.0,0,0,505544.0,1,0.0,0,874096.0,2,1672949.0,1,0.0,0,0.0,0,0.0,0,0.0,0,1265174.0,2,0.0,0,3812219.0,5,6,5,719627.0,719627.0,719627.0,84257.0,1.0,11.7,434.0,433.0,417.0,549.0,484.0,1.0,True,102.0,,,,,,,True,2587,non-rollup institutions
FY2025,IPF2439601,DOHENY EYE INSTITUTE,Doheny Eye Institute,UNITED STATES,False,4267019.0,7,7,3045676.0,1221343.0,0,4018019.0,6,6,0.0,0,0,4018019.0,6,249000.0,1,0.0,0,0.0,0,0.0,0,0.0,0,0.0,0,0.0,0,0.0,0,0.0,0,249000.0,1,11,6,387911.0,609574.0,609574.0,365274.0,0.64,94.2,435.0,410.0,401.0,288.0,294.0,1.0,True,380.0,,,,,,,True,2587,non-rollup institutions
FY2025,IPF5992605,STATE COLLEGE OF OPTOMETRY,State College of Optometry,UNITED STATES,False,4257975.0,10,10,2859342.0,1398633.0,0,3523605.0,5,5,0.0,0,0,3523605.0,5,448949.0,2,0.0,0,0.0,0,161624.0,1,45277.0,1,78520.0,1,0.0,0,0.0,0,0.0,0,734370.0,5,12,9,354831.0,425798.0,425798.0,293634.0,0.83,82.8,436.0,363.0,352.0,300.0,317.0,1.0,True,409.0,,,,,,,True,2587,non-rollup institutions
FY2025,IPF10040550,AMERICAN SAMOA COMMUNITY CANCER COALITIO,American Samoa Community Cancer Coalitio,UNITED STATES,False,4250641.0,2,2,3788094.0,462547.0,0,0.0,0,0,0.0,0,0,0.0,0,4250641.0,2,0.0,0,0.0,0,0.0,0,0.0,0,0.0,0,0.0,0,0.0,0,0.0,0,4250641.0,2,3,2,1416880.0,2125320.0,2125320.0,0.0,0.67,0.0,437.0,698.0,671.0,669.0,669.0,1.0,False,,,,,,,,True,2587,non-rollup institutions
FY2025,IPF10053983,"NEUROGT, INC.",Neurogt,UNITED STATES,False,4125056.0,4,4,3188387.0,802067.0,0,0.0,0,0,0.0,0,0,0.0,0,4125056.0,4,0.0,0,0.0,0,0.0,0,0.0,0,0.0,0,0.0,0,0.0,0,0.0,0,4125056.0,4,2,2,2062528.0,1031264.0,1031264.0,0.0,2.0,0.0,438.0,504.0,483.0,669.0,669.0,1.0,False,,,,,,,,True,2587,non-rollup institutions
FY2025,IPF8350501,UNIVERSITY OF TOLEDO,University of Toledo,UNITED STATES,False,4116544.0,11,11,2886388.0,1230156.0,0,308478.0,1,1,0.0,0,0,308478.0,1,3808066.0,10,0.0,0,0.0,0,0.0,0,0.0,0,0.0,0,0.0,0,0.0,0,0.0,0,3808066.0,10,15,11,274436.0,374231.0,374231.0,20565.0,0.73,7.5,439.0,345.0,335.0,620.0,484.0,1.0,True,464.0,,,,,,,True,2587,non-rollup institutions
FY2025,IPF10037027,"VIVREON BIOSCIENCES, LLC",Vivreon Biosciences,UNITED STATES,False,4094236.0,3,3,2733135.0,1093254.0,0,0.0,0,0,0.0,0,0,0.0,0,2097851.0,2,0.0,0,0.0,0,0.0,0,0.0,0,0.0,0,0.0,0,1996385.0,1,0.0,0,4094236.0,3,1,1,4094236.0,1364745.0,1364745.0,0.0,3.0,0.0,440.0,578.0,550.0,669.0,669.0,1.0,False,,,,,,,,True,2587,non-rollup institutions
FY2025,IPF746601,OAKLAND UNIVERSITY,Oakland University,UNITED STATES,False,4083514.0,10,10,2856581.0,1226933.0,0,1424368.0,3,3,0.0,0,0,1424368.0,3,2659146.0,7,0.0,0,0.0,0,0.0,0,0.0,0,0.0,0,0.0,0,0.0,0,0.0,0,2659146.0,7,12,10,340293.0,408351.0,408351.0,118697.0,0.83,34.9,441.0,363.0,352.0,406.0,369.0,1.0,True,423.0,,,,,,,True,2587,non-rollup institutions
FY2025,IPF8360001,UNIVERSITY OF TORONTO,University of Toronto,CANADA,False,4082121.0,8,8,3879439.0,202682.0,0,4082121.0,8,8,0.0,0,0,4082121.0,8,0.0,0,0.0,0,0.0,0,0.0,0,0.0,0,0.0,0,0.0,0,0.0,0,0.0,0,0.0,0,9,5,453569.0,510265.0,510265.0,453569.0,0.89,100.0,442.0,393.0,388.0,286.0,273.0,1.0,True,312.0,,,,,,,True,2587,non-rollup institutions
FY2025,IPF10057540,"INSTANOSIS, INC.",Instanosis,UNITED STATES,False,4075528.0,3,3,2821925.0,986980.0,0,0.0,0,0,0.0,0,0,0.0,0,3120975.0,2,954553.0,1,0.0,0,0.0,0,0.0,0,0.0,0,0.0,0,0.0,0,0.0,0,4075528.0,3,2,1,2037764.0,1358509.0,1358509.0,0.0,1.5,0.0,443.0,578.0,550.0,669.0,669.0,1.0,False,,,,,,,,True,2587,non-rollup institutions
FY2025,IPF8280201,TEXAS SOUTHERN UNIVERSITY,Texas Southern University,UNITED STATES,False,4021120.0,4,4,2754165.0,1349503.0,0,0.0,0,0,0.0,0,0,0.0,0,323507.0,2,3494598.0,1,203015.0,1,0.0,0,0.0,0,0.0,0,0.0,0,0.0,0,0.0,0,4021120.0,4,7,4,574446.0,1005280.0,1005280.0,0.0,0.57,0.0,444.0,504.0,483.0,669.0,669.0,1.0,True,210.0,,,,,,,True,2587,non-rollup institutions
FY2025,IPF10024554,COMPREHENSIVE CANCER CENTER/ UNIV/PR,Comprehensive Cancer Center/ University/Pr,UNITED STATES,False,3965240.0,7,6,3789872.0,519641.0,0,970733.0,3,2,0.0,0,0,970733.0,3,810260.0,2,1040303.0,1,1143944.0,1,0.0,0,0.0,0,0.0,0,0.0,0,0.0,0,0.0,0,2994507.0,4,11,3,360476.0,660873.0,566463.0,88248.0,0.55,24.5,445.0,410.0,417.0,457.0,369.0,1.0,True,401.0,,,,,,,True,2587,non-rollup institutions
FY2025,IPF676623,KENNESAW STATE UNIVERSITY,Kennesaw State University,UNITED STATES,False,3910670.0,10,10,3051472.0,859198.0,0,1308541.0,2,2,0.0,0,0,1308541.0,2,2230993.0,7,0.0,0,0.0,0,0.0,0,371136.0,1,0.0,0,0.0,0,0.0,0,0.0,0,2602129.0,8,13,9,300821.0,391067.0,391067.0,100657.0,0.77,33.5,446.0,363.0,352.0,420.0,414.0,1.0,True,449.0,,,,,,,True,2587,non-rollup institutions
FY2025,IPF10052746,"TRIAD NATIONAL SECURITY, LLC",Triad National Security,UNITED STATES,False,3909463.0,6,6,2601713.0,1307750.0,0,3251298.0,5,5,0.0,0,0,3251298.0,5,658165.0,1,0.0,0,0.0,0,0.0,0,0.0,0,0.0,0,0.0,0,0.0,0,0.0,0,658165.0,1,9,6,434385.0,651577.0,651577.0,361255.0,0.67,83.2,447.0,433.0,417.0,311.0,317.0,1.0,True,338.0,,,,,,,True,2587,non-rollup institutions
FY2025,IPF10035387,"ANTIDOTE THERAPEUTICS, INC.",Antidote Therapeutics,UNITED STATES,False,3883739.0,1,1,3239449.0,644290.0,0,0.0,0,0,0.0,0,0,0.0,0,0.0,0,3883739.0,1,0.0,0,0.0,0,0.0,0,0.0,0,0.0,0,0.0,0,0.0,0,3883739.0,1,1,1,3883739.0,3883739.0,3883739.0,0.0,1.0,0.0,448.0,1009.0,958.0,669.0,669.0,1.0,False,,,,,,,,True,2587,non-rollup institutions
FY2025,IPF4843101,MARSHFIELD CLINIC RESEARCH FOUNDATION,Marshfield Clinic Research Foundation,UNITED STATES,False,3881722.0,4,4,3129559.0,752163.0,0,0.0,0,0,0.0,0,0,0.0,0,1.0,1,2581721.0,1,0.0,0,0.0,0,0.0,0,0.0,0,0.0,0,1300000.0,2,0.0,0,3881722.0,4,11,3,352884.0,970430.0,970430.0,0.0,0.36,0.0,449.0,504.0,483.0,669.0,669.0,1.0,True,413.0,,,,,,,True,2587,non-rollup institutions
FY2025,IPF1522802,MIAMI UNIVERSITY OXFORD,Miami University Oxford,UNITED STATES,False,3842911.0,11,11,2781719.0,1061192.0,0,1553867.0,4,4,0.0,0,0,1553867.0,4,2289044.0,7,0.0,0,0.0,0,0.0,0,0.0,0,0.0,0,0.0,0,0.0,0,0.0,0,2289044.0,7,13,10,295609.0,349356.0,349356.0,119528.0,0.85,40.4,450.0,345.0,335.0,398.0,340.0,1.0,True,452.0,,,,,,,True,2587,non-rollup institutions
FY2025,IPF10064940,PANLUMINATE INC.,Panluminate,UNITED STATES,False,3840213.0,6,6,3045499.0,581641.0,0,0.0,0,0,0.0,0,0,0.0,0,3256966.0,5,583247.0,1,0.0,0,0.0,0,0.0,0,0.0,0,0.0,0,0.0,0,0.0,0,3840213.0,6,2,1,1920106.0,640036.0,640036.0,0.0,3.0,0.0,451.0,433.0,417.0,669.0,669.0,1.0,False,,,,,,,,True,2587,non-rollup institutions
FY2025,IPF10040964,"ZETROZ SYSTEMS, LLC",Zetroz Systems,UNITED STATES,False,3816947.0,2,2,2548049.0,1019220.0,0,0.0,0,0,0.0,0,0,0.0,0,3816947.0,2,0.0,0,0.0,0,0.0,0,0.0,0,0.0,0,0.0,0,0.0,0,0.0,0,3816947.0,2,1,1,3816947.0,1908474.0,1908474.0,0.0,2.0,0.0,452.0,698.0,671.0,669.0,669.0,1.0,False,,,,,,,,True,2587,non-rollup institutions
FY2025,IPF1605021,QUEENS COLLEGE,Queens College,UNITED STATES,False,3816894.0,12,12,2956646.0,860248.0,0,2173417.0,3,3,0.0,0,0,2173417.0,3,1143692.0,6,0.0,0,0.0,0,0.0,0,268785.0,1,0.0,0,0.0,0,231000.0,2,0.0,0,1643477.0,9,14,10,272635.0,318074.0,318074.0,155244.0,0.86,56.9,453.0,339.0,331.0,361.0,369.0,1.0,True,466.0,,,,,,,True,2587,non-rollup institutions
FY2025,IPF4368501,"KLEIN BUENDEL, INC.",Klein Buendel,UNITED STATES,False,3808530.0,5,4,2877846.0,862855.0,0,2771704.0,3,2,0.0,0,0,2771704.0,3,1036826.0,2,0.0,0,0.0,0,0.0,0,0.0,0,0.0,0,0.0,0,0.0,0,0.0,0,1036826.0,2,5,4,761706.0,952132.0,761706.0,554341.0,0.8,72.8,454.0,458.0,483.0,329.0,369.0,1.0,True,90.0,,,,,,,True,2587,non-rollup institutions
FY2025,IPF5948901,NEW YORK MEDICAL COLLEGE,New York Medical College,UNITED STATES,False,3801152.0,9,9,2510094.0,1291058.0,0,2281312.0,4,4,0.0,0,0,2281312.0,4,1519840.0,5,0.0,0,0.0,0,0.0,0,0.0,0,0.0,0,0.0,0,0.0,0,0.0,0,1519840.0,5,13,9,292396.0,422350.0,422350.0,175486.0,0.69,60.0,455.0,378.0,372.0,355.0,340.0,1.0,True,453.0,,,,,,,True,2587,non-rollup institutions
FY2025,IPF2062001,DECATUR MEMORIAL HOSPITAL,Decatur Memorial Hospital,UNITED STATES,False,3763486.0,1,1,3368259.0,395227.0,0,0.0,0,0,0.0,0,0,0.0,0,0.0,0,3763486.0,1,0.0,0,0.0,0,0.0,0,0.0,0,0.0,0,0.0,0,0.0,0,3763486.0,1,1,1,3763486.0,3763486.0,3763486.0,0.0,1.0,0.0,456.0,1009.0,958.0,669.0,669.0,1.0,False,,,,,,,,True,2587,non-rollup institutions
FY2025,IPF10011562,REGENERATIVE RESEARCH FOUNDATION,Regenerative Research Foundation,UNITED STATES,False,3718714.0,3,3,3100984.0,792916.0,0,663462.0,1,1,0.0,0,0,663462.0,1,1540579.0,1,1514673.0,1,0.0,0,0.0,0,0.0,0,0.0,0,0.0,0,0.0,0,0.0,0,3055252.0,2,6,1,619786.0,1239571.0,1239571.0,110577.0,0.5,17.8,457.0,578.0,550.0,502.0,484.0,1.0,True,168.0,,,,,,,True,2587,non-rollup institutions
FY2025,IPF1387101,WESTERN UNIVERSITY OF HEALTH SCIENCES,Western University of Health Sciences,UNITED STATES,False,3700255.0,10,10,2880737.0,819518.0,0,1804788.0,4,4,0.0,0,0,1804788.0,4,1844790.0,5,0.0,0,0.0,0,0.0,0,50677.0,1,0.0,0,0.0,0,0.0,0,0.0,0,1895467.0,6,12,8,308355.0,370026.0,370026.0,150399.0,0.83,48.8,458.0,363.0,352.0,381.0,340.0,1.0,True,441.0,,,,,,,True,2587,non-rollup institutions
FY2025,IPF10020536,"CELDARA MEDICAL, LLC",Celdara Medical,UNITED STATES,False,3689267.0,5,5,2512962.0,947185.0,0,0.0,0,0,0.0,0,0,0.0,0,3689267.0,5,0.0,0,0.0,0,0.0,0,0.0,0,0.0,0,0.0,0,0.0,0,0.0,0,3689267.0,5,4,3,922317.0,737853.0,737853.0,0.0,1.25,0.0,459.0,458.0,446.0,669.0,669.0,1.0,False,,,,,,,,True,2587,non-rollup institutions
FY2025,IPF578205,UNIVERSITY OF NORTH CAROLINA GREENSBORO,University of North Carolina Greensboro,UNITED STATES,False,3685347.0,9,9,2754073.0,931274.0,0,3109540.0,6,6,0.0,0,0,3109540.0,6,348202.0,1,0.0,0,0.0,0,0.0,0,191275.0,1,36330.0,1,0.0,0,0.0,0,0.0,0,575807.0,3,10,9,368535.0,409483.0,409483.0,310954.0,0.9,84.4,460.0,378.0,372.0,315.0,294.0,1.0,True,394.0,,,,,,,True,2587,non-rollup institutions
FY2025,IPF10031214,SCINTILLON INSTITUTE FOR PHOTOBIOLOGY,Scintillon Institute for Photobiology,UNITED STATES,False,3681059.0,7,7,2117926.0,1563133.0,0,2079744.0,4,4,0.0,0,0,2079744.0,4,1601315.0,3,0.0,0,0.0,0,0.0,0,0.0,0,0.0,0,0.0,0,0.0,0,0.0,0,1601315.0,3,7,6,525866.0,525866.0,525866.0,297106.0,1.0,56.5,461.0,410.0,401.0,370.0,340.0,1.0,True,251.0,,,,,,,True,2587,non-rollup institutions
FY2025,IPF10035723,"CORIDEA, LLC",Coridea,UNITED STATES,False,3676095.0,3,2,2991019.0,620827.0,0,0.0,0,0,0.0,0,0,0.0,0,982086.0,1,2694009.0,2,0.0,0,0.0,0,0.0,0,0.0,0,0.0,0,0.0,0,0.0,0,3676095.0,3,5,2,735219.0,1838048.0,1225365.0,0.0,0.4,0.0,462.0,578.0,671.0,669.0,669.0,1.0,True,97.0,,,,,,,True,2587,non-rollup institutions
FY2025,IPF688801,OSU CENTER FOR HEALTH SCIENCES,Oklahoma State (Tulsa),UNITED STATES,False,3673356.0,3,3,3212877.0,891516.0,0,526240.0,1,1,0.0,0,0,526240.0,1,0.0,0,1254284.0,1,1892832.0,1,0.0,0,0.0,0,0.0,0,0.0,0,0.0,0,0.0,0,3147116.0,2,3,2,1224452.0,1224452.0,1224452.0,175413.0,1.0,14.3,463.0,578.0,550.0,537.0,484.0,1.0,False,,,,,,,,True,2587,non-rollup institutions
FY2025,IPF7668401,TEXAS STATE UNIVERSITY,Texas State University,UNITED STATES,False,3643915.0,11,11,2848126.0,795789.0,0,751871.0,2,2,0.0,0,0,751871.0,2,1920379.0,6,0.0,0,0.0,0,150308.0,1,611505.0,1,0.0,0,0.0,0,209852.0,1,0.0,0,2892044.0,9,16,11,227745.0,331265.0,331265.0,46992.0,0.69,20.6,464.0,345.0,335.0,478.0,414.0,1.0,True,489.0,,,,,,,True,2587,non-rollup institutions
FY2025,IPF6817201,QUEEN'S UNIVERSITY AT KINGSTON,Queen's University at Kingston,CANADA,False,3620940.0,1,1,3352722.0,268218.0,0,0.0,0,0,0.0,0,0,0.0,0,0.0,0,3620940.0,1,0.0,0,0.0,0,0.0,0,0.0,0,0.0,0,0.0,0,0.0,0,3620940.0,1,1,1,3620940.0,3620940.0,3620940.0,0.0,1.0,0.0,465.0,1009.0,958.0,669.0,669.0,1.0,False,,,,,,,,True,2587,non-rollup institutions
FY2025,IPF2908201,VETERANS MEDICAL RESEARCH FDN/SAN DIEGO,Veterans Medical Research Foundation/San Diego,UNITED STATES,False,3619545.0,11,11,2547096.0,1121242.0,0,2458491.0,6,6,0.0,0,0,2458491.0,6,1161054.0,5,0.0,0,0.0,0,0.0,0,0.0,0,0.0,0,0.0,0,0.0,0,0.0,0,1161054.0,5,13,10,278427.0,329050.0,329050.0,189115.0,0.85,67.9,466.0,345.0,335.0,341.0,294.0,1.0,True,462.0,,,,,,,True,2587,non-rollup institutions
FY2025,IPF10027903,"REDBUD LABS, INC.",Redbud Labs,UNITED STATES,False,3591493.0,5,3,2408005.0,955774.0,0,0.0,0,0,0.0,0,0,0.0,0,3591493.0,5,0.0,0,0.0,0,0.0,0,0.0,0,0.0,0,0.0,0,0.0,0,0.0,0,3591493.0,5,1,1,3591493.0,1197164.0,718299.0,0.0,3.0,0.0,467.0,458.0,550.0,669.0,669.0,1.0,False,,,,,,,,True,2587,non-rollup institutions
FY2025,IPF10000863,CENTER FOR VETERANS RESEARCH AND EDUCATION,Center for Veterans Research and Education,UNITED STATES,False,3568521.0,1,1,3209096.0,359425.0,0,0.0,0,0,0.0,0,0,0.0,0,0.0,0,3568521.0,1,0.0,0,0.0,0,0.0,0,0.0,0,0.0,0,0.0,0,0.0,0,3568521.0,1,3,1,1189507.0,3568521.0,3568521.0,0.0,0.33,0.0,468.0,1009.0,958.0,669.0,669.0,1.0,False,,,,,,,,True,2587,non-rollup institutions
FY2025,IPF1523302,KENT STATE UNIVERSITY,Kent State University,UNITED STATES,False,3527917.0,10,10,2424406.0,1103511.0,0,2128907.0,5,5,0.0,0,0,2128907.0,5,1399010.0,5,0.0,0,0.0,0,0.0,0,0.0,0,0.0,0,0.0,0,0.0,0,0.0,0,1399010.0,5,10,9,352792.0,352792.0,352792.0,212891.0,1.0,60.3,469.0,363.0,352.0,365.0,317.0,1.0,True,414.0,,,,,,,True,2587,non-rollup institutions
FY2025,IPF99401,MC LAUGHLIN RESEARCH INSTITUTE,Mc Laughlin Research Institute,UNITED STATES,False,3511130.0,3,3,2059802.0,1451328.0,0,641317.0,1,1,0.0,0,0,641317.0,1,0.0,0,0.0,0,2699138.0,1,0.0,0,0.0,0,0.0,0,0.0,0,170675.0,1,0.0,0,2869813.0,2,3,3,1170377.0,1170377.0,1170377.0,213772.0,1.0,18.3,470.0,578.0,550.0,507.0,484.0,1.0,False,,,,,,,,True,2587,non-rollup institutions
FY2025,IPF10007341,CENTRE HOSPITALIER DE L'UNIVERSITE DE MONTREAL (UNIVERSITY OF MONTREAL HOSPITAL),Centre Hospitalier de L'universite de Montreal (University of Montreal Hospital),CANADA,False,3504046.0,2,2,3369816.0,134230.0,0,3504046.0,2,2,0.0,0,0,3504046.0,2,0.0,0,0.0,0,0.0,0,0.0,0,0.0,0,0.0,0,0.0,0,0.0,0,0.0,0,0.0,0,3,2,1168015.0,1752023.0,1752023.0,1168015.0,0.67,100.0,471.0,698.0,671.0,301.0,414.0,1.0,False,,,,,,,,True,2587,non-rollup institutions
FY2025,IPF10072479,"ABVACC, INC.",Abvacc,UNITED STATES,False,3497008.0,5,5,2906061.0,446242.0,0,1285091.0,2,2,0.0,0,0,1285091.0,2,2211917.0,3,0.0,0,0.0,0,0.0,0,0.0,0,0.0,0,0.0,0,0.0,0,0.0,0,2211917.0,3,3,2,1165669.0,699402.0,699402.0,428364.0,1.67,36.7,472.0,458.0,446.0,424.0,414.0,1.0,False,,,,,,,,True,2587,non-rollup institutions
FY2025,IPF337706,INTERNATIONAL AGENCY FOR RES ON CANCER,International Agency for Research On Cancer,FRANCE,False,3486153.0,8,5,3250819.0,235334.0,0,2370234.0,5,3,0.0,0,0,2370234.0,5,0.0,0,1115919.0,3,0.0,0,0.0,0,0.0,0,0.0,0,0.0,0,0.0,0,0.0,0,1115919.0,3,8,5,435769.0,697231.0,435769.0,296279.0,0.62,68.0,473.0,393.0,446.0,345.0,317.0,1.0,True,334.0,,,,,,,True,2587,non-rollup institutions
FY2025,IPF1380701,MONELL CHEMICAL SENSES CENTER,Monell Chemical Senses Center,UNITED STATES,False,3469334.0,9,8,2538938.0,1110122.0,0,2858746.0,6,5,0.0,0,0,2858746.0,6,266174.0,1,0.0,0,0.0,0,87523.0,1,256891.0,1,0.0,0,0.0,0,0.0,0,0.0,0,610588.0,3,10,7,346933.0,433667.0,385482.0,285875.0,0.8,82.4,474.0,378.0,388.0,326.0,294.0,1.0,True,418.0,,,,,,,True,2587,non-rollup institutions
FY2025,IPF10048733,"XYLYX BIO, INC.",Xylyx Bio,UNITED STATES,False,3450061.0,3,3,2149926.0,1074648.0,0,0.0,0,0,0.0,0,0,0.0,0,3450061.0,3,0.0,0,0.0,0,0.0,0,0.0,0,0.0,0,0.0,0,0.0,0,0.0,0,3450061.0,3,3,1,1150020.0,1150020.0,1150020.0,0.0,1.0,0.0,475.0,578.0,550.0,669.0,669.0,1.0,False,,,,,,,,True,2587,non-rollup institutions
FY2025,IPF10081050,"REACX PHARMACEUTICALS, INC.",Reacx Pharmaceuticals,UNITED STATES,False,3450000.0,1,1,3000000.0,450000.0,0,0.0,0,0,0.0,0,0,0.0,0,0.0,0,3450000.0,1,0.0,0,0.0,0,0.0,0,0.0,0,0.0,0,0.0,0,0.0,0,3450000.0,1,1,1,3450000.0,3450000.0,3450000.0,0.0,1.0,0.0,476.0,1009.0,958.0,669.0,669.0,1.0,False,,,,,,,,True,2587,non-rollup institutions
FY2025,IPF2079801,INTERNATIONAL BROTHERHOOD OF TEAMSTERS,International Brotherhood of Teamsters,UNITED STATES,False,3437157.0,1,1,3311536.0,125669.0,0,0.0,0,0,0.0,0,0,0.0,0,0.0,0,3437157.0,1,0.0,0,0.0,0,0.0,0,0.0,0,0.0,0,0.0,0,0.0,0,3437157.0,1,1,1,3437157.0,3437157.0,3437157.0,0.0,1.0,0.0,477.0,1009.0,958.0,669.0,669.0,1.0,False,,,,,,,,True,2587,non-rollup institutions
FY2025,IPF6108501,UNIVERSITY OF NORTH TEXAS,University of North Texas,UNITED STATES,False,3433898.0,13,10,2461276.0,972622.0,0,0.0,0,0,0.0,0,0,0.0,0,3433898.0,13,0.0,0,0.0,0,0.0,0,0.0,0,0.0,0,0.0,0,0.0,0,0.0,0,3433898.0,13,10,10,343390.0,343390.0,264146.0,0.0,1.0,0.0,478.0,321.0,352.0,669.0,669.0,1.0,True,419.0,,,,,,,True,2587,non-rollup institutions
FY2025,IPF10038390,"COLLABORATIONS PHARMACEUTICALS, INC.",Collaborations Pharmaceuticals,UNITED STATES,False,3430228.0,2,2,2769612.0,436208.0,0,0.0,0,0,0.0,0,0,0.0,0,1317335.0,1,0.0,0,0.0,0,0.0,0,0.0,0,0.0,0,0.0,0,2112893.0,1,0.0,0,3430228.0,2,1,1,3430228.0,1715114.0,1715114.0,0.0,2.0,0.0,479.0,698.0,671.0,669.0,669.0,1.0,False,,,,,,,,True,2587,non-rollup institutions
FY2025,IPF2698001,FORDHAM UNIVERSITY,Fordham University,UNITED STATES,False,3406602.0,8,8,2554910.0,851692.0,0,2852295.0,5,5,0.0,0,0,2852295.0,5,504769.0,2,0.0,0,0.0,0,0.0,0,0.0,0,49538.0,1,0.0,0,0.0,0,0.0,0,554307.0,3,7,6,486657.0,425825.0,425825.0,407471.0,1.14,83.7,480.0,393.0,388.0,328.0,317.0,1.0,True,285.0,,,,,,,True,2587,non-rollup institutions
FY2025,IPF10020652,"FOX CHASE CHEMICAL DIVERSITY CENTER, INC",Fox Chase Chemical Diversity Center,UNITED STATES,False,3406153.0,3,3,2500711.0,791251.0,0,0.0,0,0,0.0,0,0,0.0,0,1967415.0,2,1438738.0,1,0.0,0,0.0,0,0.0,0,0.0,0,0.0,0,0.0,0,0.0,0,3406153.0,3,3,3,1135384.0,1135384.0,1135384.0,0.0,1.0,0.0,481.0,578.0,550.0,669.0,669.0,1.0,False,,,,,,,,True,2587,non-rollup institutions
FY2025,IPF3740501,"INFINITE BIOMEDICAL TECHNOLOGIES, LLC",Infinite Biomedical Technologies,UNITED STATES,False,3393338.0,3,3,2520753.0,650591.0,0,0.0,0,0,0.0,0,0,0.0,0,2373538.0,2,1019800.0,1,0.0,0,0.0,0,0.0,0,0.0,0,0.0,0,0.0,0,0.0,0,3393338.0,3,3,1,1131113.0,1131113.0,1131113.0,0.0,1.0,0.0,482.0,578.0,550.0,669.0,669.0,1.0,False,,,,,,,,True,2587,non-rollup institutions
FY2025,IPF4091301,"UNIV OF SCIENCES, TECH & TECH OF BAMAKO","University of Sciences, Tech & Tech of Bamako",MALI,False,3365427.0,13,13,3208690.0,156737.0,0,876243.0,4,4,0.0,0,0,876243.0,4,245495.0,1,1065778.0,3,0.0,0,100440.0,1,0.0,0,0.0,0,0.0,0,1077471.0,4,0.0,0,2489184.0,9,21,9,160258.0,258879.0,258879.0,41726.0,0.62,26.0,483.0,321.0,314.0,467.0,340.0,1.0,True,519.0,,,,,,,True,2587,non-rollup institutions
FY2025,IPF10031990,"MARKER THERAPEUTICS, INC.",Marker Therapeutics,UNITED STATES,False,3352587.0,4,4,3129141.0,223446.0,0,0.0,0,0,0.0,0,0,0.0,0,3352587.0,4,0.0,0,0.0,0,0.0,0,0.0,0,0.0,0,0.0,0,0.0,0,0.0,0,3352587.0,4,3,1,1117529.0,838147.0,838147.0,0.0,1.33,0.0,484.0,504.0,483.0,669.0,669.0,1.0,False,,,,,,,,True,2587,non-rollup institutions
FY2025,IPF10023818,ADVANCED SCIENCE RESEARCH CENTER,Advanced Science Research Center,UNITED STATES,False,3347944.0,6,6,2197546.0,1150398.0,0,1149300.0,3,3,0.0,0,0,1149300.0,3,2198644.0,3,0.0,0,0.0,0,0.0,0,0.0,0,0.0,0,0.0,0,0.0,0,0.0,0,2198644.0,3,6,6,557991.0,557991.0,557991.0,191550.0,1.0,34.3,485.0,433.0,417.0,434.0,369.0,1.0,True,222.0,,,,,,,True,2587,non-rollup institutions
FY2025,IPF10042706,"BOSTON IMMUNE TECHNOLOGIES AND THERAPEUTICS, INC.",Boston Immune Technologies and Therapeutics,UNITED STATES,False,3336141.0,2,2,2803946.0,315578.0,0,0.0,0,0,0.0,0,0,0.0,0,3336141.0,2,0.0,0,0.0,0,0.0,0,0.0,0,0.0,0,0.0,0,0.0,0,0.0,0,3336141.0,2,2,2,1668070.0,1668070.0,1668070.0,0.0,1.0,0.0,486.0,698.0,671.0,669.0,669.0,1.0,False,,,,,,,,True,2587,non-rollup institutions
FY2025,IPF513617,CALIFORNIA STATE UNIVERSITY NORTHRIDGE,Cal State Northridge,UNITED STATES,False,3329937.0,14,13,2554643.0,775294.0,0,0.0,0,0,0.0,0,0,0.0,0,2227494.0,11,0.0,0,0.0,0,0.0,0,661818.0,1,0.0,0,0.0,0,440625.0,2,0.0,0,3329937.0,14,17,13,195879.0,256149.0,237853.0,0.0,0.76,0.0,487.0,311.0,314.0,669.0,669.0,1.0,True,503.0,,,,,,,True,2587,non-rollup institutions
FY2025,IPF3618201,CONNECTICUT CHILDREN'S MEDICAL CENTER,Connecticut Children's Medical Center,UNITED STATES,False,3329551.0,3,3,2966619.0,362932.0,0,0.0,0,0,0.0,0,0,0.0,0,0.0,0,2900000.0,1,0.0,0,429551.0,2,0.0,0,0.0,0,0.0,0,0.0,0,0.0,0,3329551.0,3,5,3,665910.0,1109850.0,1109850.0,0.0,0.6,0.0,488.0,578.0,550.0,669.0,669.0,1.0,True,133.0,,,,,,,True,2587,non-rollup institutions
FY2025,IPF10011140,SAINT JOSEPH MERCY HEALTH SYSTEM,Saint Joseph Mercy Health System,UNITED STATES,False,3329228.0,2,2,2281500.0,1047728.0,0,0.0,0,0,0.0,0,0,0.0,0,113202.0,1,3216026.0,1,0.0,0,0.0,0,0.0,0,0.0,0,0.0,0,0.0,0,0.0,0,3329228.0,2,2,2,1664614.0,1664614.0,1664614.0,0.0,1.0,0.0,489.0,698.0,671.0,669.0,669.0,1.0,False,,,,,,,,True,2587,non-rollup institutions
FY2025,IPF10073271,"GE MEDICAL SYSTEMS INFORMATION TECHNOLOGIES, INC",GE Medical Systems Information Technologies,UNITED STATES,False,3316967.0,6,5,2607377.0,1080473.0,0,547547.0,1,1,0.0,0,0,547547.0,1,440287.0,1,2329133.0,4,0.0,0,0.0,0,0.0,0,0.0,0,0.0,0,0.0,0,0.0,0,2769420.0,5,9,4,368552.0,663393.0,552828.0,60839.0,0.56,16.5,490.0,433.0,446.0,525.0,484.0,1.0,True,393.0,,,,,,,True,2587,non-rollup institutions
FY2025,IPF10047410,APPLIED UNIVERSAL DYNAMICS CORPORATION,Applied Universal Dynamics Corporation,UNITED STATES,False,3301208.0,5,5,2234699.0,881680.0,0,0.0,0,0,0.0,0,0,0.0,0,3301208.0,5,0.0,0,0.0,0,0.0,0,0.0,0,0.0,0,0.0,0,0.0,0,0.0,0,3301208.0,5,2,2,1650604.0,660242.0,660242.0,0.0,2.5,0.0,491.0,458.0,446.0,669.0,669.0,1.0,False,,,,,,,,True,2587,non-rollup institutions
FY2025,IPF10026365,MBARARA UNIVERSITY/SCIENCE/ TECHNOLOGY,Mbarara University/Science/ Technology,UGANDA,False,3293134.0,14,12,3060208.0,232926.0,0,490990.0,1,1,0.0,0,0,490990.0,1,822788.0,4,1245375.0,3,0.0,0,507759.0,5,0.0,0,0.0,0,0.0,0,226222.0,1,0.0,0,2802144.0,13,15,12,219542.0,274428.0,235224.0,32733.0,0.8,14.9,492.0,311.0,331.0,556.0,484.0,1.0,True,492.0,,,,,,,True,2587,non-rollup institutions
FY2025,IPF10039067,"VIROGENOMICS BIODEVELOPMENT, INC.",Virogenomics Biodevelopment,UNITED STATES,False,3287052.0,1,1,2967994.0,319058.0,0,0.0,0,0,0.0,0,0,0.0,0,0.0,0,3287052.0,1,0.0,0,0.0,0,0.0,0,0.0,0,0.0,0,0.0,0,0.0,0,3287052.0,1,3,1,1095684.0,3287052.0,3287052.0,0.0,0.33,0.0,493.0,1009.0,958.0,669.0,669.0,1.0,False,,,,,,,,True,2587,non-rollup institutions
FY2025,IPF296901,NOVA SOUTHEASTERN UNIVERSITY,Nova Southeastern University,UNITED STATES,False,3281158.0,14,13,2414939.0,882566.0,0,608113.0,3,2,0.0,0,0,608113.0,3,1749165.0,9,822524.0,1,0.0,0,101356.0,1,0.0,0,0.0,0,0.0,0,0.0,0,0.0,0,2673045.0,11,15,13,218744.0,252397.0,234368.0,40541.0,0.87,18.5,494.0,311.0,314.0,513.0,369.0,1.0,True,493.0,,,,,,,True,2587,non-rollup institutions
FY2025,IPF2189101,CLARK ATLANTA UNIVERSITY,Clark Atlanta University,UNITED STATES,False,3279218.0,3,3,2463217.0,816001.0,0,428304.0,1,1,0.0,0,0,428304.0,1,0.0,0,2168138.0,1,0.0,0,0.0,0,682776.0,1,0.0,0,0.0,0,0.0,0,0.0,0,2850914.0,2,4,3,819804.0,1093073.0,1093073.0,107076.0,0.75,13.1,495.0,578.0,550.0,573.0,484.0,1.0,False,,,,,,,,True,2587,non-rollup institutions
FY2025,IPF10061181,BIOCORRX PHARMACEUTICALS INC,Biocorrx Pharmaceuticals,UNITED STATES,False,3274441.0,1,1,2976765.0,297676.0,0,0.0,0,0,0.0,0,0,0.0,0,0.0,0,3274441.0,1,0.0,0,0.0,0,0.0,0,0.0,0,0.0,0,0.0,0,0.0,0,3274441.0,1,1,1,3274441.0,3274441.0,3274441.0,0.0,1.0,0.0,496.0,1009.0,958.0,669.0,669.0,1.0,False,,,,,,,,True,2587,non-rollup institutions
FY2025,IPF2226801,DUQUESNE UNIVERSITY,Duquesne University,UNITED STATES,False,3237248.0,10,10,2558618.0,678630.0,0,389107.0,2,2,0.0,0,0,389107.0,2,2241326.0,7,606815.0,1,0.0,0,0.0,0,0.0,0,0.0,0,0.0,0,0.0,0,0.0,0,2848141.0,8,13,9,249019.0,323725.0,323725.0,29931.0,0.77,12.0,497.0,363.0,352.0,588.0,414.0,1.0,True,480.0,,,,,,,True,2587,non-rollup institutions
FY2025,IPF10056228,"ENCLEAR THERAPIES, INC.",Enclear Therapies,UNITED STATES,False,3234674.0,3,2,2505614.0,527372.0,0,0.0,0,0,0.0,0,0,0.0,0,3234674.0,3,0.0,0,0.0,0,0.0,0,0.0,0,0.0,0,0.0,0,0.0,0,0.0,0,3234674.0,3,1,1,3234674.0,1617337.0,1078225.0,0.0,2.0,0.0,498.0,578.0,671.0,669.0,669.0,1.0,False,,,,,,,,True,2587,non-rollup institutions
FY2025,IPF149201,SPARTANBURG REGIONAL MEDICAL CENTER,Spartanburg Regional Medical Center,UNITED STATES,False,3234639.0,1,1,2965610.0,361906.0,0,0.0,0,0,0.0,0,0,0.0,0,0.0,0,3234639.0,1,0.0,0,0.0,0,0.0,0,0.0,0,0.0,0,0.0,0,0.0,0,3234639.0,1,3,1,1078213.0,3234639.0,3234639.0,0.0,0.33,0.0,499.0,1009.0,958.0,669.0,669.0,1.0,False,,,,,,,,True,2587,non-rollup institutions
FY2025,IPF5966012,WADSWORTH CENTER,Wadsworth Center,UNITED STATES,False,3229093.0,8,8,2327184.0,901909.0,0,2535715.0,6,6,0.0,0,0,2535715.0,6,593378.0,1,100000.0,1,0.0,0,0.0,0,0.0,0,0.0,0,0.0,0,0.0,0,0.0,0,693378.0,2,13,7,248392.0,403637.0,403637.0,195055.0,0.62,78.5,500.0,393.0,388.0,339.0,294.0,1.0,True,482.0,,,,,,,True,2587,non-rollup institutions
FY2025,IPF10026839,"VENATORX PHARMACEUTICALS, INC.",Venatorx Pharmaceuticals,UNITED STATES,False,3220773.0,3,3,1947978.0,1159374.0,0,1220775.0,1,1,0.0,0,0,1220775.0,1,1999998.0,2,0.0,0,0.0,0,0.0,0,0.0,0,0.0,0,0.0,0,0.0,0,0.0,0,1999998.0,2,3,3,1073591.0,1073591.0,1073591.0,406925.0,1.0,37.9,501.0,578.0,550.0,427.0,484.0,1.0,False,,,,,,,,True,2587,non-rollup institutions
FY2025,IPF10038098,"EMMUNE, INC",Emmune,UNITED STATES,False,3217291.0,4,4,2133772.0,933052.0,0,0.0,0,0,0.0,0,0,0.0,0,3217291.0,4,0.0,0,0.0,0,0.0,0,0.0,0,0.0,0,0.0,0,0.0,0,0.0,0,3217291.0,4,3,2,1072430.0,804323.0,804323.0,0.0,1.33,0.0,502.0,504.0,483.0,669.0,669.0,1.0,False,,,,,,,,True,2587,non-rollup institutions
FY2025,IPF10060646,PYXIS PARTNERS LLC,Pyxis Partners,UNITED STATES,False,3201703.0,2,1,2844494.0,357209.0,0,0.0,0,0,0.0,0,0,0.0,0,0.0,0,0.0,0,0.0,0,0.0,0,0.0,0,0.0,0,0.0,0,3201703.0,2,0.0,0,3201703.0,2,3,1,1067234.0,3201703.0,1600852.0,0.0,0.33,0.0,503.0,698.0,958.0,669.0,669.0,1.0,False,,,,,,,,True,2587,non-rollup institutions
FY2025,IPF10054958,"MAGNETIC TIDES, INC.",Magnetic Tides,UNITED STATES,False,3195624.0,4,4,2542221.0,447598.0,0,0.0,0,0,0.0,0,0,0.0,0,3195624.0,4,0.0,0,0.0,0,0.0,0,0.0,0,0.0,0,0.0,0,0.0,0,0.0,0,3195624.0,4,1,1,3195624.0,798906.0,798906.0,0.0,4.0,0.0,504.0,504.0,483.0,669.0,669.0,1.0,False,,,,,,,,True,2587,non-rollup institutions
FY2025,IPF10030530,"BIOTHERAPEUTICS, INC.",Biotherapeutics,UNITED STATES,False,3190301.0,5,5,2129729.0,851891.0,0,0.0,0,0,0.0,0,0,0.0,0,3190301.0,5,0.0,0,0.0,0,0.0,0,0.0,0,0.0,0,0.0,0,0.0,0,0.0,0,3190301.0,5,4,4,797575.0,638060.0,638060.0,0.0,1.25,0.0,505.0,458.0,446.0,669.0,669.0,1.0,False,,,,,,,,True,2587,non-rollup institutions
FY2025,IPF10035818,OREGON RES BEHAVIORAL INTERVENTION STRAT,Oregon Research Behavioral Intervention Strat,UNITED STATES,False,3183931.0,5,5,2199479.0,776158.0,0,0.0,0,0,0.0,0,0,0.0,0,3183931.0,5,0.0,0,0.0,0,0.0,0,0.0,0,0.0,0,0.0,0,0.0,0,0.0,0,3183931.0,5,6,1,530655.0,636786.0,636786.0,0.0,0.83,0.0,506.0,458.0,446.0,669.0,669.0,1.0,True,246.0,,,,,,,True,2587,non-rollup institutions
FY2025,IPF10034629,GLYCAN THERAPEUTICS CORPORATION,Glycan Therapeutics Corporation,UNITED STATES,False,3178435.0,4,4,2224321.0,749450.0,0,0.0,0,0,0.0,0,0,0.0,0,3178435.0,4,0.0,0,0.0,0,0.0,0,0.0,0,0.0,0,0.0,0,0.0,0,0.0,0,3178435.0,4,3,3,1059478.0,794609.0,794609.0,0.0,1.33,0.0,507.0,504.0,483.0,669.0,669.0,1.0,False,,,,,,,,True,2587,non-rollup institutions
FY2025,IPF10072794,SYNTIS BIO INC,Syntis Bio,UNITED STATES,False,3177564.0,5,5,2394804.0,588095.0,0,0.0,0,0,0.0,0,0,0.0,0,3177564.0,5,0.0,0,0.0,0,0.0,0,0.0,0,0.0,0,0.0,0,0.0,0,0.0,0,3177564.0,5,1,1,3177564.0,635513.0,635513.0,0.0,5.0,0.0,508.0,458.0,446.0,669.0,669.0,1.0,False,,,,,,,,True,2587,non-rollup institutions
FY2025,IPF10038603,"REVBIO, INC.",Revbio,UNITED STATES,False,3168960.0,3,3,2115461.0,846184.0,0,0.0,0,0,0.0,0,0,0.0,0,2755127.0,2,0.0,0,0.0,0,0.0,0,0.0,0,0.0,0,0.0,0,413833.0,1,0.0,0,3168960.0,3,2,2,1584480.0,1056320.0,1056320.0,0.0,1.5,0.0,509.0,578.0,550.0,669.0,669.0,1.0,False,,,,,,,,True,2587,non-rollup institutions
FY2025,IPF4323301,STOWERS INSTITUTE FOR MEDICAL RESEARCH,Stowers Institute for Medical Research,UNITED STATES,False,3164904.0,13,13,2032753.0,1132151.0,0,1580422.0,4,4,0.0,0,0,1580422.0,4,1289696.0,5,0.0,0,0.0,0,100000.0,1,0.0,0,194786.0,3,0.0,0,0.0,0,0.0,0,1584482.0,9,12,12,263742.0,243454.0,243454.0,131702.0,1.08,49.9,510.0,321.0,314.0,397.0,340.0,1.0,True,471.0,,,,,,,True,2587,non-rollup institutions
FY2025,IPF692401,JACKSON STATE UNIVERSITY,Jackson State University,UNITED STATES,False,3138005.0,5,5,2649306.0,488699.0,0,0.0,0,0,0.0,0,0,0.0,0,297280.0,2,2491541.0,1,0.0,0,0.0,0,0.0,0,0.0,0,0.0,0,349184.0,2,0.0,0,3138005.0,5,6,4,523001.0,627601.0,627601.0,0.0,0.83,0.0,511.0,458.0,446.0,669.0,669.0,1.0,True,254.0,,,,,,,True,2587,non-rollup institutions
FY2025,IPF10004326,VITALANT,Vitalant,UNITED STATES,False,3135473.0,7,7,2316046.0,819427.0,0,2224567.0,4,4,0.0,0,0,2224567.0,4,393750.0,2,0.0,0,0.0,0,0.0,0,0.0,0,0.0,0,0.0,0,517156.0,1,0.0,0,910906.0,3,7,6,447925.0,447925.0,447925.0,317795.0,1.0,70.9,512.0,410.0,401.0,359.0,340.0,1.0,True,320.0,,,,,,,True,2587,non-rollup institutions
FY2025,IPF2034501,"NEW ENGLAND RESEARCH INSTITUTES, INC.",New England Research Institutes,UNITED STATES,False,3125882.0,1,1,2104579.0,1021303.0,0,0.0,0,0,0.0,0,0,0.0,0,0.0,0,3125882.0,1,0.0,0,0.0,0,0.0,0,0.0,0,0.0,0,0.0,0,0.0,0,3125882.0,1,2,1,1562941.0,3125882.0,3125882.0,0.0,0.5,0.0,513.0,1009.0,958.0,669.0,669.0,1.0,False,,,,,,,,True,2587,non-rollup institutions
FY2025,IPF3728601,"BARRON ASSOCIATES, INC.",Barron Associates,UNITED STATES,False,3102411.0,3,3,1547232.0,1355226.0,0,0.0,0,0,0.0,0,0,0.0,0,3102411.0,3,0.0,0,0.0,0,0.0,0,0.0,0,0.0,0,0.0,0,0.0,0,0.0,0,3102411.0,3,3,3,1034137.0,1034137.0,1034137.0,0.0,1.0,0.0,514.0,578.0,550.0,669.0,669.0,1.0,False,,,,,,,,True,2587,non-rollup institutions
FY2025,IPF1979301,"TSRL, INC.",Tsrl,UNITED STATES,False,3097238.0,3,3,2103988.0,790729.0,0,0.0,0,0,0.0,0,0,0.0,0,3097238.0,3,0.0,0,0.0,0,0.0,0,0.0,0,0.0,0,0.0,0,0.0,0,0.0,0,3097238.0,3,1,1,3097238.0,1032413.0,1032413.0,0.0,3.0,0.0,515.0,578.0,550.0,669.0,669.0,1.0,False,,,,,,,,True,2587,non-rollup institutions
FY2025,IPF10008064,MGH INSTITUTE OF HEALTH PROFESSIONS,MGH Institute of Health Professions,UNITED STATES,False,3078145.0,9,9,2462214.0,615931.0,0,2260397.0,4,4,0.0,0,0,2260397.0,4,249989.0,2,0.0,0,0.0,0,567759.0,3,0.0,0,0.0,0,0.0,0,0.0,0,0.0,0,817748.0,5,12,9,256512.0,342016.0,342016.0,188366.0,0.75,73.4,516.0,378.0,372.0,356.0,340.0,1.0,True,475.0,,,,,,,True,2587,non-rollup institutions
FY2025,IPF1274604,UNIVERSITY OF MEMPHIS,University of Memphis,UNITED STATES,False,3073828.0,8,8,2478137.0,595691.0,0,692350.0,2,2,0.0,0,0,692350.0,2,508135.0,2,473385.0,1,1120067.0,1,0.0,0,227353.0,1,52538.0,1,0.0,0,0.0,0,0.0,0,2381478.0,6,9,8,341536.0,384228.0,384228.0,76928.0,0.89,22.5,517.0,393.0,388.0,488.0,414.0,1.0,True,421.0,,,,,,,True,2587,non-rollup institutions
FY2025,IPF10064619,CELLCHORUS INC.,Cellchorus,UNITED STATES,False,3031916.0,5,4,2355447.0,542542.0,0,0.0,0,0,0.0,0,0,0.0,0,3031916.0,5,0.0,0,0.0,0,0.0,0,0.0,0,0.0,0,0.0,0,0.0,0,0.0,0,3031916.0,5,3,2,1010639.0,757979.0,606383.0,0.0,1.33,0.0,518.0,458.0,483.0,669.0,669.0,1.0,False,,,,,,,,True,2587,non-rollup institutions
FY2025,IPF10030619,"EOLAS THERAPEUTICS, INC.",Eolas Therapeutics,UNITED STATES,False,3027897.0,1,1,2822986.0,204911.0,0,0.0,0,0,0.0,0,0,0.0,0,0.0,0,3027897.0,1,0.0,0,0.0,0,0.0,0,0.0,0,0.0,0,0.0,0,0.0,0,3027897.0,1,1,1,3027897.0,3027897.0,3027897.0,0.0,1.0,0.0,519.0,1009.0,958.0,669.0,669.0,1.0,False,,,,,,,,True,2587,non-rollup institutions
FY2025,IPF10035863,"SPIKEGADGETS, LLC",Spikegadgets,UNITED STATES,False,3014130.0,2,2,2204156.0,640034.0,0,0.0,0,0,0.0,0,0,0.0,0,3014130.0,2,0.0,0,0.0,0,0.0,0,0.0,0,0.0,0,0.0,0,0.0,0,0.0,0,3014130.0,2,3,1,1004710.0,1507065.0,1507065.0,0.0,0.67,0.0,520.0,698.0,671.0,669.0,669.0,1.0,False,,,,,,,,True,2587,non-rollup institutions
FY2025,IPF6346001,UNIVERSITY OF OXFORD,University of Oxford,UNITED KINGDOM,False,3013671.0,7,6,3086811.0,213561.0,0,668346.0,2,2,0.0,0,0,668346.0,2,139617.0,1,2205708.0,4,0.0,0,0.0,0,0.0,0,0.0,0,0.0,0,0.0,0,0.0,0,2345325.0,5,5,5,602734.0,502278.0,430524.0,133669.0,1.2,22.2,521.0,410.0,417.0,500.0,414.0,1.0,True,181.0,,,,,,,True,2587,non-rollup institutions
FY2025,IPF3290801,HEKTOEN INSTITUTE FOR MEDICAL RESEARCH,Hektoen Institute for Medical Research,UNITED STATES,False,3000561.0,1,1,5378211.0,550371.0,0,0.0,0,0,0.0,0,0,0.0,0,0.0,0,3000561.0,1,0.0,0,0.0,0,0.0,0,0.0,0,0.0,0,0.0,0,0.0,0,3000561.0,1,3,1,1000187.0,3000561.0,3000561.0,0.0,0.33,0.0,522.0,1009.0,958.0,669.0,669.0,1.0,False,,,,,,,,True,2587,non-rollup institutions
FY2025,IPF824801,NATIONAL ALLIANCE FOR HISPANIC HEALTH,National Alliance for Hispanic Health,UNITED STATES,False,3000000.0,1,1,2485350.0,514650.0,0,0.0,0,0,0.0,0,0,0.0,0,0.0,0,0.0,0,0.0,0,0.0,0,0.0,0,0.0,0,0.0,0,3000000.0,1,0.0,0,3000000.0,1,2,1,1500000.0,3000000.0,3000000.0,0.0,0.5,0.0,523.0,1009.0,958.0,669.0,669.0,1.0,False,,,,,,,,True,2587,non-rollup institutions
FY2025,IPF10041138,"HUNGRY HEART MEDIA, INC.",Hungry Heart Media,UNITED STATES,False,2998297.0,2,1,2998297.0,0.0,0,0.0,0,0,0.0,0,0,0.0,0,0.0,0,0.0,0,0.0,0,0.0,0,0.0,0,0.0,0,0.0,0,2998297.0,2,0.0,0,2998297.0,2,1,1,2998297.0,2998297.0,1499148.0,0.0,1.0,0.0,524.0,698.0,958.0,669.0,669.0,1.0,False,,,,,,,,True,2587,non-rollup institutions
FY2025,IPF10042803,"VAXNEWMO, LLC",Vaxnewmo,UNITED STATES,False,2995399.0,3,3,2358671.0,454737.0,0,0.0,0,0,0.0,0,0,0.0,0,2995399.0,3,0.0,0,0.0,0,0.0,0,0.0,0,0.0,0,0.0,0,0.0,0,0.0,0,2995399.0,3,1,1,2995399.0,998466.0,998466.0,0.0,3.0,0.0,525.0,578.0,550.0,669.0,669.0,1.0,False,,,,,,,,True,2587,non-rollup institutions
FY2025,IPF2531001,"AURORA HEALTH CARE, INC.",Aurora Health Care,UNITED STATES,False,2972752.0,2,2,2103850.0,868902.0,0,762556.0,1,1,0.0,0,0,762556.0,1,0.0,0,2210196.0,1,0.0,0,0.0,0,0.0,0,0.0,0,0.0,0,0.0,0,0.0,0,2210196.0,1,4,2,743188.0,1486376.0,1486376.0,190639.0,0.5,25.7,526.0,698.0,671.0,477.0,484.0,1.0,False,,,,,,,,True,2587,non-rollup institutions
FY2025,IPF7590501,SOUTH DAKOTA STATE UNIVERSITY,South Dakota State University,UNITED STATES,False,2969727.0,3,3,1996143.0,973584.0,0,251201.0,1,1,0.0,0,0,251201.0,1,533726.0,1,0.0,0,2184800.0,1,0.0,0,0.0,0,0.0,0,0.0,0,0.0,0,0.0,0,2718526.0,2,3,3,989909.0,989909.0,989909.0,83734.0,1.0,8.5,527.0,578.0,550.0,629.0,484.0,1.0,False,,,,,,,,True,2587,non-rollup institutions
FY2025,IPF1859701,SANFORD RESEARCH NORTH,Sanford Research North,UNITED STATES,False,2943985.0,2,2,2969367.0,1298940.0,0,701314.0,1,1,0.0,0,0,701314.0,1,0.0,0,0.0,0,2242671.0,1,0.0,0,0.0,0,0.0,0,0.0,0,0.0,0,0.0,0,2242671.0,1,4,2,735996.0,1471992.0,1471992.0,175328.0,0.5,23.8,528.0,698.0,671.0,486.0,484.0,1.0,False,,,,,,,,True,2587,non-rollup institutions
FY2025,IPF2330801,SOUTHCENTRAL FOUNDATION,Southcentral Foundation,UNITED STATES,False,2928146.0,4,4,2495593.0,432553.0,0,1129492.0,2,2,0.0,0,0,1129492.0,2,0.0,0,1553238.0,1,0.0,0,0.0,0,0.0,0,0.0,0,0.0,0,245416.0,1,0.0,0,1798654.0,2,5,4,585629.0,732036.0,732036.0,225898.0,0.8,38.6,529.0,504.0,483.0,437.0,414.0,1.0,True,198.0,,,,,,,True,2587,non-rollup institutions
FY2025,IPF10087869,"ATAI THERAPEUTICS, INC.",Atai Therapeutics,UNITED STATES,False,2923842.0,1,1,2542471.0,381371.0,0,0.0,0,0,0.0,0,0,0.0,0,0.0,0,2923842.0,1,0.0,0,0.0,0,0.0,0,0.0,0,0.0,0,0.0,0,0.0,0,2923842.0,1,1,1,2923842.0,2923842.0,2923842.0,0.0,1.0,0.0,530.0,1009.0,958.0,669.0,669.0,1.0,False,,,,,,,,True,2587,non-rollup institutions
FY2025,IPF6182601,OAK RIDGE ASSOCIATED UNIVERSITIES,Oak Ridge Associated Universities,UNITED STATES,False,2921630.0,1,1,2151952.0,769678.0,0,0.0,0,0,0.0,0,0,0.0,0,0.0,0,0.0,0,0.0,0,0.0,0,0.0,0,0.0,0,0.0,0,2921630.0,1,0.0,0,2921630.0,1,2,1,1460815.0,2921630.0,2921630.0,0.0,0.5,0.0,531.0,1009.0,958.0,669.0,669.0,1.0,False,,,,,,,,True,2587,non-rollup institutions
FY2025,IPF10005243,"CHROMOLOGIC, LLC",Chromologic,UNITED STATES,False,2917058.0,4,4,2504848.0,287036.0,0,0.0,0,0,0.0,0,0,0.0,0,1913365.0,2,1003693.0,2,0.0,0,0.0,0,0.0,0,0.0,0,0.0,0,0.0,0,0.0,0,2917058.0,4,6,2,486176.0,729264.0,729264.0,0.0,0.67,0.0,532.0,504.0,483.0,669.0,669.0,1.0,True,286.0,,,,,,,True,2587,non-rollup institutions
FY2025,IPF10045644,"RISE THERAPEUTICS, LLC",Rise Therapeutics,UNITED STATES,False,2914403.0,4,4,2168681.0,584003.0,0,0.0,0,0,0.0,0,0,0.0,0,1780680.0,2,429158.0,1,0.0,0,0.0,0,0.0,0,0.0,0,0.0,0,704565.0,1,0.0,0,2914403.0,4,3,2,971468.0,728601.0,728601.0,0.0,1.33,0.0,533.0,504.0,483.0,669.0,669.0,1.0,False,,,,,,,,True,2587,non-rollup institutions
FY2025,IPF10036537,CALIFORNIA MEDICAL INNOVATIONS INSTITUTE,California Medical Innovations Institute,UNITED STATES,False,2901248.0,5,5,1989563.0,911685.0,0,2901248.0,5,5,0.0,0,0,2901248.0,5,0.0,0,0.0,0,0.0,0,0.0,0,0.0,0,0.0,0,0.0,0,0.0,0,0.0,0,0.0,0,4,2,725312.0,580250.0,580250.0,725312.0,1.25,100.0,534.0,458.0,446.0,323.0,317.0,1.0,False,,,,,,,,True,2587,non-rollup institutions
FY2025,IPF10071517,"BIOMEMBRETICS, INC.",Biomembretics,UNITED STATES,False,2899006.0,1,1,2781355.0,117651.0,0,0.0,0,0,0.0,0,0,0.0,0,2899006.0,1,0.0,0,0.0,0,0.0,0,0.0,0,0.0,0,0.0,0,0.0,0,0.0,0,2899006.0,1,2,1,1449503.0,2899006.0,2899006.0,0.0,0.5,0.0,535.0,1009.0,958.0,669.0,669.0,1.0,False,,,,,,,,True,2587,non-rollup institutions
FY2025,IPF513616,SAN JOSE STATE UNIVERSITY,San Jose State University,UNITED STATES,False,2889641.0,15,15,2107113.0,782528.0,0,0.0,0,0,0.0,0,0,0.0,0,2410181.0,13,0.0,0,0.0,0,0.0,0,274458.0,1,0.0,0,0.0,0,205002.0,1,0.0,0,2889641.0,15,16,15,180603.0,192643.0,192643.0,0.0,0.94,0.0,536.0,297.0,293.0,669.0,669.0,1.0,True,509.0,,,,,,,True,2587,non-rollup institutions
FY2025,IPF2101601,INTERNATIONAL ASSOCIATION FIRE FIGHTERS,International Association Fire Fighters,UNITED STATES,False,2878102.0,2,2,2666107.0,211995.0,0,0.0,0,0,0.0,0,0,0.0,0,0.0,0,2878102.0,2,0.0,0,0.0,0,0.0,0,0.0,0,0.0,0,0.0,0,0.0,0,2878102.0,2,2,1,1439051.0,1439051.0,1439051.0,0.0,1.0,0.0,537.0,698.0,671.0,669.0,669.0,1.0,False,,,,,,,,True,2587,non-rollup institutions
FY2025,IPF746701,UNIVERSITAT BERN,Universitat Bern,SWITZERLAND,False,2876367.0,5,1,2860036.0,214323.0,0,0.0,0,0,0.0,0,0,0.0,0,0.0,0,2876367.0,5,0.0,0,0.0,0,0.0,0,0.0,0,0.0,0,0.0,0,0.0,0,2876367.0,5,4,1,719092.0,2876367.0,575273.0,0.0,0.25,0.0,538.0,458.0,958.0,669.0,669.0,1.0,False,,,,,,,,True,2587,non-rollup institutions
FY2025,IPF7839401,ST. JOHN'S UNIVERSITY,St. John's University,UNITED STATES,False,2871063.0,15,15,1865063.0,1006000.0,0,0.0,0,0,0.0,0,0,0.0,0,2871063.0,15,0.0,0,0.0,0,0.0,0,0.0,0,0.0,0,0.0,0,0.0,0,0.0,0,2871063.0,15,14,14,205076.0,191404.0,191404.0,0.0,1.07,0.0,539.0,297.0,293.0,669.0,669.0,1.0,True,497.0,,,,,,,True,2587,non-rollup institutions
FY2025,IPF10037581,CURZA INC,Curza,UNITED STATES,False,2858433.0,3,3,1961698.0,709736.0,0,0.0,0,0,0.0,0,0,0.0,0,2858433.0,3,0.0,0,0.0,0,0.0,0,0.0,0,0.0,0,0.0,0,0.0,0,0.0,0,2858433.0,3,2,2,1429216.0,952811.0,952811.0,0.0,1.5,0.0,540.0,578.0,550.0,669.0,669.0,1.0,False,,,,,,,,True,2587,non-rollup institutions
FY2025,IPF10052861,AGA KHAN UNIVERSITY (KENYA),Aga Khan University (Kenya),KENYA,False,2855916.0,4,4,2707151.0,148765.0,0,514809.0,1,1,0.0,0,0,514809.0,1,0.0,0,2341107.0,3,0.0,0,0.0,0,0.0,0,0.0,0,0.0,0,0.0,0,0.0,0,2341107.0,3,9,3,317324.0,713979.0,713979.0,57201.0,0.44,18.0,541.0,504.0,483.0,545.0,484.0,1.0,True,434.0,,,,,,,True,2587,non-rollup institutions
FY2025,IPF4353001,ASOCIACION CIVIL IMPACTA SALUD Y EDUCACN,Asociacion Civil Impacta Salud Y Educacn,PERU,False,2850010.0,4,1,2670639.0,179371.0,0,0.0,0,0,0.0,0,0,0.0,0,0.0,0,2850010.0,4,0.0,0,0.0,0,0.0,0,0.0,0,0.0,0,0.0,0,0.0,0,2850010.0,4,2,1,1425005.0,2850010.0,712502.0,0.0,0.5,0.0,542.0,504.0,958.0,669.0,669.0,1.0,False,,,,,,,,True,2587,non-rollup institutions
FY2025,IPF2336201,"MICROBRIGHTFIELD, LLC",Microbrightfield,UNITED STATES,False,2840238.0,3,3,2020002.0,634427.0,0,0.0,0,0,0.0,0,0,0.0,0,2840238.0,3,0.0,0,0.0,0,0.0,0,0.0,0,0.0,0,0.0,0,0.0,0,0.0,0,2840238.0,3,1,1,2840238.0,946746.0,946746.0,0.0,3.0,0.0,543.0,578.0,550.0,669.0,669.0,1.0,False,,,,,,,,True,2587,non-rollup institutions
FY2025,IPF10006802,FOUNDATION FOR AIDS RESEARCH,Foundation for Aids Research,UNITED STATES,False,2821572.0,2,2,2222278.0,599294.0,0,0.0,0,0,0.0,0,0,0.0,0,0.0,0,2522324.0,1,0.0,0,0.0,0,0.0,0,0.0,0,0.0,0,299248.0,1,0.0,0,2821572.0,2,2,1,1410786.0,1410786.0,1410786.0,0.0,1.0,0.0,544.0,698.0,671.0,669.0,669.0,1.0,False,,,,,,,,True,2587,non-rollup institutions
FY2025,IPF1426602,LEGACY EMANUEL HOSPITAL AND HEALTH CENTER,Legacy Emanuel Hospital and Health Center,UNITED STATES,False,2816459.0,5,5,2104276.0,712183.0,0,2579847.0,4,4,0.0,0,0,2579847.0,4,236612.0,1,0.0,0,0.0,0,0.0,0,0.0,0,0.0,0,0.0,0,0.0,0,0.0,0,236612.0,1,9,4,312940.0,563292.0,563292.0,286650.0,0.56,91.6,545.0,458.0,446.0,336.0,340.0,1.0,True,437.0,,,,,,,True,2587,non-rollup institutions
FY2025,IPF951201,TEXAS HEART INSTITUTE,Texas Heart Institute,UNITED STATES,False,2814590.0,6,6,1911570.0,903020.0,0,2381706.0,4,4,0.0,0,0,2381706.0,4,432883.0,1,0.0,0,0.0,0,1.0,1,0.0,0,0.0,0,0.0,0,0.0,0,0.0,0,432884.0,2,9,6,312732.0,469098.0,469098.0,264634.0,0.67,84.6,546.0,433.0,417.0,344.0,340.0,1.0,True,438.0,,,,,,,True,2587,non-rollup institutions
FY2025,IPF2805101,CFD RESEARCH CORPORATION,Cfd Research Corporation,UNITED STATES,False,2807803.0,5,4,1644088.0,1051890.0,0,0.0,0,0,0.0,0,0,0.0,0,1759322.0,4,1048481.0,1,0.0,0,0.0,0,0.0,0,0.0,0,0.0,0,0.0,0,0.0,0,2807803.0,5,3,3,935934.0,701951.0,561561.0,0.0,1.33,0.0,547.0,458.0,483.0,669.0,669.0,1.0,False,,,,,,,,True,2587,non-rollup institutions
FY2025,IPF10043574,"RAMONA OPTICS, INC.",Ramona Optics,UNITED STATES,False,2778251.0,4,4,2152608.0,503929.0,0,0.0,0,0,0.0,0,0,0.0,0,2778251.0,4,0.0,0,0.0,0,0.0,0,0.0,0,0.0,0,0.0,0,0.0,0,0.0,0,2778251.0,4,1,1,2778251.0,694563.0,694563.0,0.0,4.0,0.0,548.0,504.0,483.0,669.0,669.0,1.0,False,,,,,,,,True,2587,non-rollup institutions
FY2025,IPF10026283,SWISS INSTITUTE OF BIOINFORMATICS,Swiss Institute of Bioinformatics,SWITZERLAND,False,2767750.0,1,1,2975057.0,187005.0,0,0.0,0,0,0.0,0,0,0.0,0,0.0,0,2767750.0,1,0.0,0,0.0,0,0.0,0,0.0,0,0.0,0,0.0,0,0.0,0,2767750.0,1,4,1,691938.0,2767750.0,2767750.0,0.0,0.25,0.0,549.0,1009.0,958.0,669.0,669.0,1.0,False,,,,,,,,True,2587,non-rollup institutions
FY2025,IPF5230701,MICHIGAN TECHNOLOGICAL UNIVERSITY,Michigan Technological University,UNITED STATES,False,2765890.0,7,7,2008596.0,757294.0,0,439240.0,1,1,0.0,0,0,439240.0,1,1821897.0,4,0.0,0,0.0,0,0.0,0,160635.0,1,0.0,0,0.0,0,344118.0,1,0.0,0,2326650.0,6,6,6,460982.0,395127.0,395127.0,73207.0,1.17,15.9,550.0,410.0,401.0,569.0,484.0,1.0,True,304.0,,,,,,,True,2587,non-rollup institutions
FY2025,IPF10033784,"THETIS PHARMACEUTICALS, LLC",Thetis Pharmaceuticals,UNITED STATES,False,2724899.0,2,2,2520728.0,25907.0,0,0.0,0,0,0.0,0,0,0.0,0,2724899.0,2,0.0,0,0.0,0,0.0,0,0.0,0,0.0,0,0.0,0,0.0,0,0.0,0,2724899.0,2,1,1,2724899.0,1362450.0,1362450.0,0.0,2.0,0.0,551.0,698.0,671.0,669.0,669.0,1.0,False,,,,,,,,True,2587,non-rollup institutions
FY2025,IPF4078901,COREWELL HEALTH,Corewell Health,UNITED STATES,False,2724475.0,1,1,1901340.0,823135.0,0,0.0,0,0,0.0,0,0,0.0,0,0.0,0,2724475.0,1,0.0,0,0.0,0,0.0,0,0.0,0,0.0,0,0.0,0,0.0,0,2724475.0,1,1,1,2724475.0,2724475.0,2724475.0,0.0,1.0,0.0,552.0,1009.0,958.0,669.0,669.0,1.0,False,,,,,,,,True,2587,non-rollup institutions
FY2025,IPF10069444,VOICELOVE LLC,Voicelove,UNITED STATES,False,2716210.0,2,2,2273993.0,267314.0,0,0.0,0,0,0.0,0,0,0.0,0,2716210.0,2,0.0,0,0.0,0,0.0,0,0.0,0,0.0,0,0.0,0,0.0,0,0.0,0,2716210.0,2,2,2,1358105.0,1358105.0,1358105.0,0.0,1.0,0.0,553.0,698.0,671.0,669.0,669.0,1.0,False,,,,,,,,True,2587,non-rollup institutions
FY2025,IPF10001759,"SWEDISH MEDICAL CENTER, FIRST HILL","Swedish Medical Center, First Hill",UNITED STATES,False,2706333.0,1,1,1971831.0,741546.0,0,0.0,0,0,0.0,0,0,0.0,0,0.0,0,2706333.0,1,0.0,0,0.0,0,0.0,0,0.0,0,0.0,0,0.0,0,0.0,0,2706333.0,1,6,1,451056.0,2706333.0,2706333.0,0.0,0.17,0.0,554.0,1009.0,958.0,669.0,669.0,1.0,True,315.0,,,,,,,True,2587,non-rollup institutions
FY2025,IPF513621,CALIFORNIA STATE UNIVERSITY SAN MARCOS,California State University San Marcos,UNITED STATES,False,2686293.0,9,9,2354514.0,402779.0,0,0.0,0,0,0.0,0,0,0.0,0,1118693.0,5,0.0,0,0.0,0,0.0,0,1455850.0,3,0.0,0,0.0,0,111750.0,1,0.0,0,2686293.0,9,12,8,223858.0,298477.0,298477.0,0.0,0.75,0.0,555.0,378.0,372.0,669.0,669.0,1.0,True,491.0,,,,,,,True,2587,non-rollup institutions
FY2025,IPF1659101,CARLE FOUNDATION,Carle Foundation,UNITED STATES,False,2672824.0,1,1,1781883.0,890942.0,0,0.0,0,0,0.0,0,0,0.0,0,0.0,0,2672824.0,1,0.0,0,0.0,0,0.0,0,0.0,0,0.0,0,0.0,0,0.0,0,2672824.0,1,1,1,2672824.0,2672824.0,2672824.0,0.0,1.0,0.0,556.0,1009.0,958.0,669.0,669.0,1.0,False,,,,,,,,True,2587,non-rollup institutions
FY2025,IPF4444601,ST. VINCENT HOSPITAL,St. Vincent Hospital,UNITED STATES,False,2644022.0,1,1,2356581.0,342219.0,0,0.0,0,0,0.0,0,0,0.0,0,0.0,0,2644022.0,1,0.0,0,0.0,0,0.0,0,0.0,0,0.0,0,0.0,0,0.0,0,2644022.0,1,1,1,2644022.0,2644022.0,2644022.0,0.0,1.0,0.0,557.0,1009.0,958.0,669.0,669.0,1.0,False,,,,,,,,True,2587,non-rollup institutions
FY2025,IPF10003781,PHARMAIN CORPORATION,Pharmain Corporation,UNITED STATES,False,2638464.0,1,1,1972683.0,493171.0,0,0.0,0,0,0.0,0,0,0.0,0,2638464.0,1,0.0,0,0.0,0,0.0,0,0.0,0,0.0,0,0.0,0,0.0,0,0.0,0,2638464.0,1,1,1,2638464.0,2638464.0,2638464.0,0.0,1.0,0.0,558.0,1009.0,958.0,669.0,669.0,1.0,False,,,,,,,,True,2587,non-rollup institutions
FY2025,IPF5179401,MERRIMACK COLLEGE,Merrimack College,UNITED STATES,False,2638335.0,6,6,2023624.0,614711.0,0,1137638.0,2,2,0.0,0,0,1137638.0,2,1500697.0,4,0.0,0,0.0,0,0.0,0,0.0,0,0.0,0,0.0,0,0.0,0,0.0,0,1500697.0,4,6,5,439722.0,439722.0,439722.0,189606.0,1.0,43.1,559.0,433.0,417.0,436.0,414.0,1.0,True,331.0,,,,,,,True,2587,non-rollup institutions
FY2025,IPF4419201,INTEGRAL MOLECULAR,Integral Molecular,UNITED STATES,False,2635735.0,4,4,1782636.0,713054.0,0,0.0,0,0,0.0,0,0,0.0,0,1211658.0,2,495061.0,1,0.0,0,0.0,0,0.0,0,0.0,0,0.0,0,929016.0,1,0.0,0,2635735.0,4,2,2,1317868.0,658934.0,658934.0,0.0,2.0,0.0,560.0,504.0,483.0,669.0,669.0,1.0,False,,,,,,,,True,2587,non-rollup institutions
FY2025,IPF513605,CALIFORNIA STATE UNIVERSITY LONG BEACH,California State University Long Beach,UNITED STATES,False,2632906.0,11,11,2086268.0,546638.0,0,0.0,0,0,0.0,0,0,0.0,0,1487848.0,9,0.0,0,0.0,0,0.0,0,1145058.0,2,0.0,0,0.0,0,0.0,0,0.0,0,2632906.0,11,11,10,239355.0,239355.0,239355.0,0.0,1.0,0.0,561.0,345.0,335.0,669.0,669.0,1.0,True,486.0,,,,,,,True,2587,non-rollup institutions
FY2025,IPF10047172,"INSPIRED THERAPEUTICS, LLC",Inspired Therapeutics,UNITED STATES,False,2632311.0,1,1,2515838.0,116473.0,0,0.0,0,0,0.0,0,0,0.0,0,2632311.0,1,0.0,0,0.0,0,0.0,0,0.0,0,0.0,0,0.0,0,0.0,0,0.0,0,2632311.0,1,1,1,2632311.0,2632311.0,2632311.0,0.0,1.0,0.0,562.0,1009.0,958.0,669.0,669.0,1.0,False,,,,,,,,True,2587,non-rollup institutions
FY2025,IPF10051687,"CESSATION THERAPEUTICS, LLC",Cessation Therapeutics,UNITED STATES,False,2612736.0,1,1,2612736.0,0.0,0,0.0,0,0,0.0,0,0,0.0,0,0.0,0,2612736.0,1,0.0,0,0.0,0,0.0,0,0.0,0,0.0,0,0.0,0,0.0,0,2612736.0,1,1,1,2612736.0,2612736.0,2612736.0,0.0,1.0,0.0,563.0,1009.0,958.0,669.0,669.0,1.0,False,,,,,,,,True,2587,non-rollup institutions
FY2025,IPF5905701,UNIVERSITY OF NEW SOUTH WALES,University of New South Wales,AUSTRALIA,False,2603078.0,4,3,2457847.0,145231.0,0,2148101.0,3,2,0.0,0,0,2148101.0,3,0.0,0,454977.0,1,0.0,0,0.0,0,0.0,0,0.0,0,0.0,0,0.0,0,0.0,0,454977.0,1,5,3,520616.0,867693.0,650770.0,429620.0,0.6,82.5,564.0,504.0,550.0,363.0,369.0,1.0,True,256.0,,,,,,,True,2587,non-rollup institutions
FY2025,IPF1431101,"IHC HEALTH SERVICES, INC.",Ihc Health Services,UNITED STATES,False,2582914.0,4,4,1893584.0,689330.0,0,600124.0,1,1,0.0,0,0,600124.0,1,383750.0,1,1599040.0,2,0.0,0,0.0,0,0.0,0,0.0,0,0.0,0,0.0,0,0.0,0,1982790.0,3,10,4,258291.0,645728.0,645728.0,60012.0,0.4,23.2,565.0,504.0,483.0,515.0,484.0,1.0,True,473.0,,,,,,,True,2587,non-rollup institutions
FY2025,IPF4102301,"MICROBIOTIX, INC",Microbiotix,UNITED STATES,False,2550940.0,5,5,1998310.0,431186.0,0,0.0,0,0,0.0,0,0,0.0,0,2550940.0,5,0.0,0,0.0,0,0.0,0,0.0,0,0.0,0,0.0,0,0.0,0,0.0,0,2550940.0,5,4,3,637735.0,510188.0,510188.0,0.0,1.25,0.0,566.0,458.0,446.0,669.0,669.0,1.0,False,,,,,,,,True,2587,non-rollup institutions
FY2025,IPF3085302,MIDWESTERN UNIVERSITY,Midwestern University,UNITED STATES,False,2538833.0,3,3,1932321.0,606512.0,0,669238.0,1,1,0.0,0,0,669238.0,1,1869595.0,2,0.0,0,0.0,0,0.0,0,0.0,0,0.0,0,0.0,0,0.0,0,0.0,0,1869595.0,2,3,3,846278.0,846278.0,846278.0,223079.0,1.0,26.4,567.0,578.0,550.0,498.0,484.0,1.0,False,,,,,,,,True,2587,non-rollup institutions
FY2025,IPF10034179,"EVON MEDICS, LLC",Evon Medics,UNITED STATES,False,2530114.0,2,2,1961294.0,568820.0,0,0.0,0,0,0.0,0,0,0.0,0,2530114.0,2,0.0,0,0.0,0,0.0,0,0.0,0,0.0,0,0.0,0,0.0,0,0.0,0,2530114.0,2,3,1,843371.0,1265057.0,1265057.0,0.0,0.67,0.0,568.0,698.0,671.0,669.0,669.0,1.0,False,,,,,,,,True,2587,non-rollup institutions
FY2025,IPF1842901,SMITH-KETTLEWELL EYE RESEARCH INSTITUTE,Smith-Kettlewell Eye Research Institute,UNITED STATES,False,2512701.0,7,7,1702244.0,885704.0,0,2344169.0,5,5,0.0,0,0,2344169.0,5,0.0,0,0.0,0,0.0,0,0.0,0,92412.0,1,76120.0,1,0.0,0,0.0,0,0.0,0,168532.0,2,6,6,418784.0,358957.0,358957.0,390695.0,1.17,93.3,569.0,410.0,401.0,351.0,317.0,1.0,True,353.0,,,,,,,True,2587,non-rollup institutions
FY2025,IPF7645601,SOUTHERN METHODIST UNIVERSITY,Southern Methodist University,UNITED STATES,False,2504026.0,5,5,2053309.0,450717.0,0,1693370.0,3,3,0.0,0,0,1693370.0,3,810656.0,2,0.0,0,0.0,0,0.0,0,0.0,0,0.0,0,0.0,0,0.0,0,0.0,0,810656.0,2,8,5,313003.0,500805.0,500805.0,211671.0,0.62,67.6,570.0,458.0,446.0,391.0,369.0,1.0,True,436.0,,,,,,,True,2587,non-rollup institutions
FY2025,IPF10002346,"HESPEROS, LLC",Hesperos,UNITED STATES,False,2500000.0,2,2,1635570.0,727580.0,0,0.0,0,0,0.0,0,0,0.0,0,1500000.0,1,1000000.0,1,0.0,0,0.0,0,0.0,0,0.0,0,0.0,0,0.0,0,0.0,0,2500000.0,2,4,2,625000.0,1250000.0,1250000.0,0.0,0.5,0.0,571.0,698.0,671.0,669.0,669.0,1.0,False,,,,,,,,True,2587,non-rollup institutions
FY2025,IPF10036116,"TRACE-ABILITY, INC.",Trace-Ability,UNITED STATES,False,2499998.0,2,2,1928265.0,410953.0,0,0.0,0,0,0.0,0,0,0.0,0,2499998.0,2,0.0,0,0.0,0,0.0,0,0.0,0,0.0,0,0.0,0,0.0,0,0.0,0,2499998.0,2,2,1,1249999.0,1249999.0,1249999.0,0.0,1.0,0.0,572.0,698.0,671.0,669.0,669.0,1.0,False,,,,,,,,True,2587,non-rollup institutions
FY2025,IPF10063573,ENALARE THERAPEUTICS INC.,Enalare Therapeutics,UNITED STATES,False,2499118.0,1,1,2322470.0,13154.0,0,0.0,0,0,0.0,0,0,0.0,0,2499118.0,1,0.0,0,0.0,0,0.0,0,0.0,0,0.0,0,0.0,0,0.0,0,0.0,0,2499118.0,1,1,1,2499118.0,2499118.0,2499118.0,0.0,1.0,0.0,573.0,1009.0,958.0,669.0,669.0,1.0,False,,,,,,,,True,2587,non-rollup institutions
FY2025,IPF10038378,"AQUINNAH PHARMACEUTICALS, INC.",Aquinnah Pharmaceuticals,UNITED STATES,False,2497903.0,2,2,1667492.0,666997.0,0,0.0,0,0,0.0,0,0,0.0,0,2497903.0,2,0.0,0,0.0,0,0.0,0,0.0,0,0.0,0,0.0,0,0.0,0,0.0,0,2497903.0,2,2,1,1248952.0,1248952.0,1248952.0,0.0,1.0,0.0,574.0,698.0,671.0,669.0,669.0,1.0,False,,,,,,,,True,2587,non-rollup institutions
FY2025,IPF4265501,BLOODWORKS,Bloodworks,UNITED STATES,False,2495552.0,4,4,1422296.0,1073256.0,0,0.0,0,0,0.0,0,0,0.0,0,2495552.0,4,0.0,0,0.0,0,0.0,0,0.0,0,0.0,0,0.0,0,0.0,0,0.0,0,2495552.0,4,4,4,623888.0,623888.0,623888.0,0.0,1.0,0.0,575.0,504.0,483.0,669.0,669.0,1.0,False,,,,,,,,True,2587,non-rollup institutions
FY2025,IPF10025848,CENTRE/AIDS PROGRAMME/RES/SOUTH AFRICA,Centre/Aids Programme/Research/South Africa,SOUTH AFRICA,False,2484689.0,4,3,2351455.0,133234.0,0,98964.0,1,1,0.0,0,0,98964.0,1,0.0,0,2385725.0,3,0.0,0,0.0,0,0.0,0,0.0,0,0.0,0,0.0,0,0.0,0,2385725.0,3,3,3,828230.0,828230.0,621172.0,32988.0,1.0,4.0,576.0,504.0,550.0,665.0,484.0,1.0,False,,,,,,,,True,2587,non-rollup institutions
FY2025,IPF10033582,"EICOSIS, LLC",Eicosis,UNITED STATES,False,2481856.0,1,1,1985485.0,496371.0,0,0.0,0,0,0.0,0,0,0.0,0,0.0,0,2481856.0,1,0.0,0,0.0,0,0.0,0,0.0,0,0.0,0,0.0,0,0.0,0,2481856.0,1,2,1,1240928.0,2481856.0,2481856.0,0.0,0.5,0.0,577.0,1009.0,958.0,669.0,669.0,1.0,False,,,,,,,,True,2587,non-rollup institutions
FY2025,IPF10059015,"HIDO TECHNOLOGIES, INC.",Hido Technologies,UNITED STATES,False,2473722.0,2,2,2101717.0,210172.0,0,0.0,0,0,0.0,0,0,0.0,0,2473722.0,2,0.0,0,0.0,0,0.0,0,0.0,0,0.0,0,0.0,0,0.0,0,0.0,0,2473722.0,2,4,1,618430.0,1236861.0,1236861.0,0.0,0.5,0.0,578.0,698.0,671.0,669.0,669.0,1.0,False,,,,,,,,True,2587,non-rollup institutions
FY2025,IPF10031086,"ARTERY THERAPEUTICS, INC.",Artery Therapeutics,UNITED STATES,False,2454521.0,1,1,1764573.0,529372.0,0,0.0,0,0,0.0,0,0,0.0,0,2454521.0,1,0.0,0,0.0,0,0.0,0,0.0,0,0.0,0,0.0,0,0.0,0,0.0,0,2454521.0,1,1,1,2454521.0,2454521.0,2454521.0,0.0,1.0,0.0,579.0,1009.0,958.0,669.0,669.0,1.0,False,,,,,,,,True,2587,non-rollup institutions
FY2025,IPF513606,CALIFORNIA STATE UNIVERSITY LOS ANGELES,California State University Los Angeles,UNITED STATES,False,2449414.0,4,4,2240229.0,209185.0,0,0.0,0,0,0.0,0,0,0.0,0,182500.0,1,0.0,0,0.0,0,0.0,0,2266914.0,3,0.0,0,0.0,0,0.0,0,0.0,0,2449414.0,4,9,4,272157.0,612354.0,612354.0,0.0,0.44,0.0,580.0,504.0,483.0,669.0,669.0,1.0,True,468.0,,,,,,,True,2587,non-rollup institutions
FY2025,IPF8272601,TEXAS CHRISTIAN UNIVERSITY,Texas Christian University,UNITED STATES,False,2442307.0,4,4,1758782.0,683525.0,0,0.0,0,0,0.0,0,0,0.0,0,2442307.0,4,0.0,0,0.0,0,0.0,0,0.0,0,0.0,0,0.0,0,0.0,0,0.0,0,2442307.0,4,8,4,305288.0,610577.0,610577.0,0.0,0.5,0.0,581.0,504.0,483.0,669.0,669.0,1.0,True,445.0,,,,,,,True,2587,non-rollup institutions
FY2025,IPF4046605,MEDSTAR HEALTH RESEARCH INSTITUTE,Medstar Health Research Institute,UNITED STATES,False,2432356.0,4,4,1903154.0,529202.0,0,1353106.0,2,2,0.0,0,0,1353106.0,2,403383.0,1,675867.0,1,0.0,0,0.0,0,0.0,0,0.0,0,0.0,0,0.0,0,0.0,0,1079250.0,2,7,4,347479.0,608089.0,608089.0,193301.0,0.57,55.6,582.0,504.0,483.0,414.0,414.0,1.0,True,417.0,,,,,,,True,2587,non-rollup institutions
FY2025,IPF2057501,SOUTHEAST CLINICAL ONCOL RES CONSORTIUM,Southeast Clinical Oncol Research Consortium,UNITED STATES,False,2425145.0,1,1,2940014.0,53636.0,0,0.0,0,0,0.0,0,0,0.0,0,0.0,0,2425145.0,1,0.0,0,0.0,0,0.0,0,0.0,0,0.0,0,0.0,0,0.0,0,2425145.0,1,3,1,808382.0,2425145.0,2425145.0,0.0,0.33,0.0,583.0,1009.0,958.0,669.0,669.0,1.0,False,,,,,,,,True,2587,non-rollup institutions
FY2025,IPF10019683,KENYATTA  NATIONAL  HOSPITAL,Kenyatta National Hospital,KENYA,False,2402342.0,4,4,2301918.0,100424.0,0,0.0,0,0,0.0,0,0,0.0,0,1807527.0,1,0.0,0,0.0,0,302585.0,2,0.0,0,0.0,0,0.0,0,292230.0,1,0.0,0,2402342.0,4,6,3,400390.0,600586.0,600586.0,0.0,0.67,0.0,584.0,504.0,483.0,669.0,669.0,1.0,True,372.0,,,,,,,True,2587,non-rollup institutions
FY2025,IPF10016258,"ARONORA, INC.",Aronora,UNITED STATES,False,2400583.0,2,2,1602526.0,641010.0,0,0.0,0,0,0.0,0,0,0.0,0,2400583.0,2,0.0,0,0.0,0,0.0,0,0.0,0,0.0,0,0.0,0,0.0,0,0.0,0,2400583.0,2,2,1,1200292.0,1200292.0,1200292.0,0.0,1.0,0.0,585.0,698.0,671.0,669.0,669.0,1.0,False,,,,,,,,True,2587,non-rollup institutions
FY2025,IPF10016233,"OCEAN STATE RESEARCH INSTITUTE, INC.",Ocean State Research Institute,UNITED STATES,False,2397953.0,4,4,2066040.0,331913.0,0,1513031.0,3,3,0.0,0,0,1513031.0,3,0.0,0,0.0,0,884922.0,1,0.0,0,0.0,0,0.0,0,0.0,0,0.0,0,0.0,0,884922.0,1,4,4,599488.0,599488.0,599488.0,378258.0,1.0,63.1,586.0,504.0,483.0,400.0,369.0,1.0,False,,,,,,,,True,2587,non-rollup institutions
FY2025,IPF399001,AMERICAN UNIVERSITY,American University,UNITED STATES,False,2379291.0,7,6,1875624.0,503667.0,0,1171301.0,4,3,0.0,0,0,1171301.0,4,1085194.0,2,0.0,0,0.0,0,122796.0,1,0.0,0,0.0,0,0.0,0,0.0,0,0.0,0,1207990.0,3,8,6,297411.0,396548.0,339899.0,146413.0,0.75,49.2,587.0,410.0,417.0,433.0,340.0,1.0,True,451.0,,,,,,,True,2587,non-rollup institutions
FY2025,IPF3970901,"L2 DIAGNOSTICS, LLC",L2 Diagnostics,UNITED STATES,False,2373540.0,8,8,1826101.0,392164.0,0,0.0,0,0,0.0,0,0,0.0,0,2373540.0,8,0.0,0,0.0,0,0.0,0,0.0,0,0.0,0,0.0,0,0.0,0,0.0,0,2373540.0,8,6,6,395590.0,296692.0,296692.0,0.0,1.33,0.0,588.0,393.0,388.0,669.0,669.0,1.0,True,375.0,,,,,,,True,2587,non-rollup institutions
FY2025,IPF10029873,"LIFEGENE-BIOMARKS, INC.",Lifegene-Biomarks,UNITED STATES,False,2369583.0,2,2,1590144.0,626057.0,0,0.0,0,0,0.0,0,0,0.0,0,2369583.0,2,0.0,0,0.0,0,0.0,0,0.0,0,0.0,0,0.0,0,0.0,0,0.0,0,2369583.0,2,1,1,2369583.0,1184792.0,1184792.0,0.0,2.0,0.0,589.0,698.0,671.0,669.0,669.0,1.0,False,,,,,,,,True,2587,non-rollup institutions
FY2025,IPF4392601,"BOSTON VA RESEARCH INSTITUTE, INC.",Boston VA Research Institute,UNITED STATES,False,2362412.0,4,4,2034873.0,327539.0,0,2234412.0,3,3,0.0,0,0,2234412.0,3,128000.0,1,0.0,0,0.0,0,0.0,0,0.0,0,0.0,0,0.0,0,0.0,0,0.0,0,128000.0,1,5,4,472482.0,590603.0,590603.0,446882.0,0.8,94.6,590.0,504.0,483.0,358.0,369.0,1.0,True,295.0,,,,,,,True,2587,non-rollup institutions
FY2025,IPF10066398,ACTIOX LLC,Actiox,UNITED STATES,False,2359342.0,4,3,1825497.0,412389.0,0,0.0,0,0,0.0,0,0,0.0,0,2359342.0,4,0.0,0,0.0,0,0.0,0,0.0,0,0.0,0,0.0,0,0.0,0,0.0,0,2359342.0,4,1,1,2359342.0,786447.0,589836.0,0.0,3.0,0.0,591.0,504.0,550.0,669.0,669.0,1.0,False,,,,,,,,True,2587,non-rollup institutions
FY2025,IPF10071591,"FOOD ALLERGY SCIENCE INITIATIVE, INC.",Food Allergy Science Initiative,UNITED STATES,False,2351433.0,1,1,2351433.0,0.0,0,0.0,0,0,0.0,0,0,0.0,0,0.0,0,0.0,0,2351433.0,1,0.0,0,0.0,0,0.0,0,0.0,0,0.0,0,0.0,0,2351433.0,1,1,1,2351433.0,2351433.0,2351433.0,0.0,1.0,0.0,592.0,1009.0,958.0,669.0,669.0,1.0,False,,,,,,,,True,2587,non-rollup institutions
FY2025,IPF10084177,FRIENDI.FI CORPORATION,Friendi.fi Corporation,UNITED STATES,False,2348618.0,4,4,1625908.0,569068.0,0,0.0,0,0,0.0,0,0,0.0,0,1668083.0,3,0.0,0,0.0,0,0.0,0,0.0,0,0.0,0,0.0,0,680535.0,1,0.0,0,2348618.0,4,2,2,1174309.0,587154.0,587154.0,0.0,2.0,0.0,593.0,504.0,483.0,669.0,669.0,1.0,False,,,,,,,,True,2587,non-rollup institutions
FY2025,IPF4585601,OAK CREST INSTITUTE OF SCIENCE,Oak Crest Institute of Science,UNITED STATES,False,2347941.0,4,3,1859971.0,487970.0,0,2347941.0,4,3,0.0,0,0,2347941.0,4,0.0,0,0.0,0,0.0,0,0.0,0,0.0,0,0.0,0,0.0,0,0.0,0,0.0,0,0.0,0,1,1,2347941.0,782647.0,586985.0,2347941.0,3.0,100.0,594.0,504.0,550.0,349.0,340.0,1.0,False,,,,,,,,True,2587,non-rollup institutions
FY2025,IPF10052135,"MYOGENE BIO, LLC",Myogene Bio,UNITED STATES,False,2324654.0,4,4,1929808.0,275722.0,0,0.0,0,0,0.0,0,0,0.0,0,1825354.0,3,0.0,0,0.0,0,0.0,0,0.0,0,0.0,0,0.0,0,499300.0,1,0.0,0,2324654.0,4,1,1,2324654.0,581164.0,581164.0,0.0,4.0,0.0,595.0,504.0,483.0,669.0,669.0,1.0,False,,,,,,,,True,2587,non-rollup institutions
FY2025,IPF10057784,"KSANA HEALTH, INC.",Ksana Health,UNITED STATES,False,2321954.0,4,3,1755744.0,418002.0,0,0.0,0,0,0.0,0,0,0.0,0,2321954.0,4,0.0,0,0.0,0,0.0,0,0.0,0,0.0,0,0.0,0,0.0,0,0.0,0,2321954.0,4,1,1,2321954.0,773985.0,580488.0,0.0,3.0,0.0,596.0,504.0,550.0,669.0,669.0,1.0,False,,,,,,,,True,2587,non-rollup institutions
FY2025,IPF10056107,"CYTOAGENTS, INC.",Cytoagents,UNITED STATES,False,2318698.0,2,2,1883577.0,283431.0,0,0.0,0,0,0.0,0,0,0.0,0,2318698.0,2,0.0,0,0.0,0,0.0,0,0.0,0,0.0,0,0.0,0,0.0,0,0.0,0,2318698.0,2,1,1,2318698.0,1159349.0,1159349.0,0.0,2.0,0.0,597.0,698.0,671.0,669.0,669.0,1.0,False,,,,,,,,True,2587,non-rollup institutions
FY2025,IPF10035717,"BAEBIES, INC.",Baebies,UNITED STATES,False,2300085.0,3,2,1367185.0,782427.0,0,0.0,0,0,0.0,0,0,0.0,0,2300085.0,3,0.0,0,0.0,0,0.0,0,0.0,0,0.0,0,0.0,0,0.0,0,0.0,0,2300085.0,3,2,2,1150042.0,1150042.0,766695.0,0.0,1.0,0.0,598.0,578.0,671.0,669.0,669.0,1.0,False,,,,,,,,True,2587,non-rollup institutions
FY2025,IPF6594901,POPULATION COUNCIL,Population Council,UNITED STATES,False,2281160.0,1,1,1400403.0,880757.0,0,0.0,0,0,0.0,0,0,0.0,0,0.0,0,0.0,0,2281160.0,1,0.0,0,0.0,0,0.0,0,0.0,0,0.0,0,0.0,0,2281160.0,1,1,1,2281160.0,2281160.0,2281160.0,0.0,1.0,0.0,599.0,1009.0,958.0,669.0,669.0,1.0,False,,,,,,,,True,2587,non-rollup institutions
FY2025,IPF9140901,WESLEYAN UNIVERSITY,Wesleyan University,UNITED STATES,False,2268644.0,5,5,1409400.0,859244.0,0,672644.0,2,2,0.0,0,0,672644.0,2,1596000.0,3,0.0,0,0.0,0,0.0,0,0.0,0,0.0,0,0.0,0,0.0,0,0.0,0,1596000.0,3,5,5,453729.0,453729.0,453729.0,134529.0,1.0,29.6,600.0,458.0,446.0,497.0,414.0,1.0,True,311.0,,,,,,,True,2587,non-rollup institutions
FY2025,IPF9262501,WICHITA STATE UNIVERSITY,Wichita State University,UNITED STATES,False,2257120.0,2,2,1982154.0,274966.0,0,0.0,0,0,0.0,0,0,0.0,0,165916.0,1,0.0,0,2091204.0,1,0.0,0,0.0,0,0.0,0,0.0,0,0.0,0,0.0,0,2257120.0,2,2,2,1128560.0,1128560.0,1128560.0,0.0,1.0,0.0,601.0,698.0,671.0,669.0,669.0,1.0,False,,,,,,,,True,2587,non-rollup institutions
FY2025,IPF6353601,PACIFIC NORTHWEST RESEARCH INSTITUTE,Pacific Northwest Research Institute,UNITED STATES,False,2249851.0,5,4,1357367.0,892484.0,0,1780730.0,3,3,0.0,0,0,1780730.0,3,469121.0,2,0.0,0,0.0,0,0.0,0,0.0,0,0.0,0,0.0,0,0.0,0,0.0,0,469121.0,2,5,4,449970.0,562463.0,449970.0,356146.0,0.8,79.1,602.0,458.0,483.0,384.0,369.0,1.0,True,318.0,,,,,,,True,2587,non-rollup institutions
FY2025,IPF10062732,"ALIDA BIOSCIENCES, INC.",Alida Biosciences,UNITED STATES,False,2229124.0,2,2,1488067.0,595227.0,0,0.0,0,0,0.0,0,0,0.0,0,2229124.0,2,0.0,0,0.0,0,0.0,0,0.0,0,0.0,0,0.0,0,0.0,0,0.0,0,2229124.0,2,2,1,1114562.0,1114562.0,1114562.0,0.0,1.0,0.0,603.0,698.0,671.0,669.0,669.0,1.0,False,,,,,,,,True,2587,non-rollup institutions
FY2025,IPF10047535,"ENDOMET BIOSCIENCES, INC",Endomet Biosciences,UNITED STATES,False,2223282.0,2,2,1543176.0,546270.0,0,0.0,0,0,0.0,0,0,0.0,0,177500.0,1,0.0,0,0.0,0,0.0,0,0.0,0,0.0,0,0.0,0,2045782.0,1,0.0,0,2223282.0,2,1,1,2223282.0,1111641.0,1111641.0,0.0,2.0,0.0,604.0,698.0,671.0,669.0,669.0,1.0,False,,,,,,,,True,2587,non-rollup institutions
FY2025,IPF10035324,"ASCENT BIO-NANO TECHNOLOGIES, INC.",Ascent Bio-Nano Technologies,UNITED STATES,False,2204416.0,3,2,1751308.0,324500.0,0,0.0,0,0,0.0,0,0,0.0,0,2204416.0,3,0.0,0,0.0,0,0.0,0,0.0,0,0.0,0,0.0,0,0.0,0,0.0,0,2204416.0,3,1,1,2204416.0,1102208.0,734805.0,0.0,2.0,0.0,605.0,578.0,671.0,669.0,669.0,1.0,False,,,,,,,,True,2587,non-rollup institutions
FY2025,IPF5386501,MISSISSIPPI STATE UNIVERSITY,Mississippi State University,UNITED STATES,False,2183928.0,5,5,1878726.0,775393.0,0,0.0,0,0,0.0,0,0,0.0,0,1421080.0,3,641224.0,1,0.0,0,0.0,0,121624.0,1,0.0,0,0.0,0,0.0,0,0.0,0,2183928.0,5,6,5,363988.0,436786.0,436786.0,0.0,0.83,0.0,606.0,458.0,446.0,669.0,669.0,1.0,True,399.0,,,,,,,True,2587,non-rollup institutions
FY2025,IPF10049827,"SHIP OF THESEUS, LLC",Ship of Theseus,UNITED STATES,False,2169910.0,2,2,1493752.0,534201.0,0,0.0,0,0,0.0,0,0,0.0,0,2169910.0,2,0.0,0,0.0,0,0.0,0,0.0,0,0.0,0,0.0,0,0.0,0,0.0,0,2169910.0,2,2,1,1084955.0,1084955.0,1084955.0,0.0,1.0,0.0,607.0,698.0,671.0,669.0,669.0,1.0,False,,,,,,,,True,2587,non-rollup institutions
FY2025,IPF342701,NORTHSIDE HOSPITAL ATLANTA,Northside Hospital Atlanta,UNITED STATES,False,2166425.0,1,1,2289439.0,0.0,0,0.0,0,0,0.0,0,0,0.0,0,0.0,0,2166425.0,1,0.0,0,0.0,0,0.0,0,0.0,0,0.0,0,0.0,0,0.0,0,2166425.0,1,2,1,1083212.0,2166425.0,2166425.0,0.0,0.5,0.0,608.0,1009.0,958.0,669.0,669.0,1.0,False,,,,,,,,True,2587,non-rollup institutions
FY2025,IPF10034274,"IN VIVO ANALYTICS, INC.",In Vivo Analytics,UNITED STATES,False,2152759.0,2,2,1437224.0,574889.0,0,0.0,0,0,0.0,0,0,0.0,0,2152759.0,2,0.0,0,0.0,0,0.0,0,0.0,0,0.0,0,0.0,0,0.0,0,0.0,0,2152759.0,2,1,1,2152759.0,1076380.0,1076380.0,0.0,2.0,0.0,609.0,698.0,671.0,669.0,669.0,1.0,False,,,,,,,,True,2587,non-rollup institutions
FY2025,IPF10045100,"PROKARYOTICS, INC.",Prokaryotics,UNITED STATES,False,2145830.0,4,4,1516022.0,545014.0,0,679683.0,1,1,0.0,0,0,679683.0,1,1466147.0,3,0.0,0,0.0,0,0.0,0,0.0,0,0.0,0,0.0,0,0.0,0,0.0,0,1466147.0,3,1,1,2145830.0,536458.0,536458.0,679683.0,4.0,31.7,610.0,504.0,483.0,495.0,484.0,1.0,False,,,,,,,,True,2587,non-rollup institutions
FY2025,IPF10061156,"CLARIA MEDICAL, INC.",Claria Medical,UNITED STATES,False,2138797.0,1,1,1535327.0,463550.0,0,0.0,0,0,0.0,0,0,0.0,0,2138797.0,1,0.0,0,0.0,0,0.0,0,0.0,0,0.0,0,0.0,0,0.0,0,0.0,0,2138797.0,1,1,1,2138797.0,2138797.0,2138797.0,0.0,1.0,0.0,611.0,1009.0,958.0,669.0,669.0,1.0,False,,,,,,,,True,2587,non-rollup institutions
FY2025,IPF10059486,"NEUREXIS THERAPEUTICS, INC.",Neurexis Therapeutics,UNITED STATES,False,2132897.0,2,2,1460725.0,532636.0,0,0.0,0,0,0.0,0,0,0.0,0,1833347.0,1,299550.0,1,0.0,0,0.0,0,0.0,0,0.0,0,0.0,0,0.0,0,0.0,0,2132897.0,2,2,1,1066448.0,1066448.0,1066448.0,0.0,1.0,0.0,612.0,698.0,671.0,669.0,669.0,1.0,False,,,,,,,,True,2587,non-rollup institutions
FY2025,IPF2059103,WILLIAM BEAUMONT HOSPITAL RESEARCH INST,William Beaumont Hospital Research Institute,UNITED STATES,False,2131468.0,5,5,1522136.0,609332.0,0,1914168.0,4,4,0.0,0,0,1914168.0,4,217300.0,1,0.0,0,0.0,0,0.0,0,0.0,0,0.0,0,0.0,0,0.0,0,0.0,0,217300.0,1,8,5,266434.0,426294.0,426294.0,239271.0,0.62,89.8,613.0,458.0,446.0,375.0,340.0,1.0,True,470.0,,,,,,,True,2587,non-rollup institutions
FY2025,IPF10041512,"MIRECULE, INC.",Mirecule,UNITED STATES,False,2122051.0,2,2,1659524.0,323809.0,0,0.0,0,0,0.0,0,0,0.0,0,2122051.0,2,0.0,0,0.0,0,0.0,0,0.0,0,0.0,0,0.0,0,0.0,0,0.0,0,2122051.0,2,1,1,2122051.0,1061026.0,1061026.0,0.0,2.0,0.0,614.0,698.0,671.0,669.0,669.0,1.0,False,,,,,,,,True,2587,non-rollup institutions
FY2025,IPF10054904,SAVAGE MEDICAL,Savage Medical,UNITED STATES,False,2121329.0,2,2,1845030.0,137520.0,0,0.0,0,0,0.0,0,0,0.0,0,2121329.0,2,0.0,0,0.0,0,0.0,0,0.0,0,0.0,0,0.0,0,0.0,0,0.0,0,2121329.0,2,1,1,2121329.0,1060664.0,1060664.0,0.0,2.0,0.0,615.0,698.0,671.0,669.0,669.0,1.0,False,,,,,,,,True,2587,non-rollup institutions
FY2025,IPF10013528,AMERICAN FEDERATION FOR AGING RESEARCH,American Federation for Aging Research,UNITED STATES,False,2119939.0,3,3,2403939.0,461319.0,0,0.0,0,0,0.0,0,0,0.0,0,73872.0,1,2046067.0,2,0.0,0,0.0,0,0.0,0,0.0,0,0.0,0,0.0,0,0.0,0,2119939.0,3,6,2,353323.0,706646.0,706646.0,0.0,0.5,0.0,616.0,578.0,550.0,669.0,669.0,1.0,True,410.0,,,,,,,True,2587,non-rollup institutions
FY2025,IPF10079830,MARCH BIOSCIENCES INC,March Biosciences,UNITED STATES,False,2110687.0,2,2,1643260.0,329345.0,0,0.0,0,0,0.0,0,0,0.0,0,2110687.0,2,0.0,0,0.0,0,0.0,0,0.0,0,0.0,0,0.0,0,0.0,0,0.0,0,2110687.0,2,2,1,1055344.0,1055344.0,1055344.0,0.0,1.0,0.0,617.0,698.0,671.0,669.0,669.0,1.0,False,,,,,,,,True,2587,non-rollup institutions
FY2025,IPF188901,CHILDREN'S HOSPITAL OF ORANGE COUNTY,Children's Hospital of Orange County,UNITED STATES,False,2104449.0,3,3,1747523.0,356926.0,0,2104449.0,3,3,0.0,0,0,2104449.0,3,0.0,0,0.0,0,0.0,0,0.0,0,0.0,0,0.0,0,0.0,0,0.0,0,0.0,0,0.0,0,4,2,526112.0,701483.0,701483.0,526112.0,0.75,100.0,618.0,578.0,550.0,368.0,369.0,1.0,False,,,,,,,,True,2587,non-rollup institutions
FY2025,IPF10075242,"VELAKOR BIOTHERAPEUTICS, INC.",Velakor Biotherapeutics,UNITED STATES,False,2095748.0,1,1,1399031.0,559612.0,0,0.0,0,0,0.0,0,0,0.0,0,2095748.0,1,0.0,0,0.0,0,0.0,0,0.0,0,0.0,0,0.0,0,0.0,0,0.0,0,2095748.0,1,1,1,2095748.0,2095748.0,2095748.0,0.0,1.0,0.0,619.0,1009.0,958.0,669.0,669.0,1.0,False,,,,,,,,True,2587,non-rollup institutions
FY2025,IPF10008259,"MERCATOR MEDSYSTEMS, INC.",Mercator Medsystems,UNITED STATES,False,2095555.0,2,2,1788747.0,235136.0,0,0.0,0,0,0.0,0,0,0.0,0,2095555.0,2,0.0,0,0.0,0,0.0,0,0.0,0,0.0,0,0.0,0,0.0,0,0.0,0,2095555.0,2,1,1,2095555.0,1047778.0,1047778.0,0.0,2.0,0.0,620.0,698.0,671.0,669.0,669.0,1.0,False,,,,,,,,True,2587,non-rollup institutions
FY2025,IPF10005267,BRYANT UNIVERSITY,Bryant University,UNITED STATES,False,2093795.0,1,1,2093795.0,0.0,0,0.0,0,0,0.0,0,0,0.0,0,0.0,0,0.0,0,0.0,0,0.0,0,0.0,0,0.0,0,0.0,0,2093795.0,1,0.0,0,2093795.0,1,1,1,2093795.0,2093795.0,2093795.0,0.0,1.0,0.0,621.0,1009.0,958.0,669.0,669.0,1.0,False,,,,,,,,True,2587,non-rollup institutions
FY2025,IPF10023775,"PHUSIS THERAPEUTICS, INC.",Phusis Therapeutics,UNITED STATES,False,2085765.0,1,1,2015285.0,70480.0,0,0.0,0,0,0.0,0,0,0.0,0,2085765.0,1,0.0,0,0.0,0,0.0,0,0.0,0,0.0,0,0.0,0,0.0,0,0.0,0,2085765.0,1,1,1,2085765.0,2085765.0,2085765.0,0.0,1.0,0.0,622.0,1009.0,958.0,669.0,669.0,1.0,False,,,,,,,,True,2587,non-rollup institutions
FY2025,IPF10040035,"POP BIOTECHNOLOGIES, INC",Pop Biotechnologies,UNITED STATES,False,2082535.0,3,3,1854265.0,111656.0,0,0.0,0,0,0.0,0,0,0.0,0,2082535.0,3,0.0,0,0.0,0,0.0,0,0.0,0,0.0,0,0.0,0,0.0,0,0.0,0,2082535.0,3,4,3,520634.0,694178.0,694178.0,0.0,0.75,0.0,623.0,578.0,550.0,669.0,669.0,1.0,False,,,,,,,,True,2587,non-rollup institutions
FY2025,IPF1907001,"DOTY SCIENTIFIC, INC.",Doty Scientific,UNITED STATES,False,2074076.0,3,3,1426285.0,512104.0,0,0.0,0,0,0.0,0,0,0.0,0,2074076.0,3,0.0,0,0.0,0,0.0,0,0.0,0,0.0,0,0.0,0,0.0,0,0.0,0,2074076.0,3,1,1,2074076.0,691359.0,691359.0,0.0,3.0,0.0,624.0,578.0,550.0,669.0,669.0,1.0,False,,,,,,,,True,2587,non-rollup institutions
FY2025,IPF10047972,HDT BIO CORPORATION,Hdt Bio Corporation,UNITED STATES,False,2072472.0,2,2,1386196.0,686276.0,0,1090789.0,1,1,0.0,0,0,1090789.0,1,981683.0,1,0.0,0,0.0,0,0.0,0,0.0,0,0.0,0,0.0,0,0.0,0,0.0,0,981683.0,1,2,2,1036236.0,1036236.0,1036236.0,545394.0,1.0,52.6,625.0,698.0,671.0,443.0,484.0,1.0,False,,,,,,,,True,2587,non-rollup institutions
FY2025,IPF10024364,"STRESS THERAPEUTICS, INC.",Stress Therapeutics,UNITED STATES,False,2065740.0,3,3,1527461.0,415896.0,0,0.0,0,0,0.0,0,0,0.0,0,1066347.0,2,999393.0,1,0.0,0,0.0,0,0.0,0,0.0,0,0.0,0,0.0,0,0.0,0,2065740.0,3,1,1,2065740.0,688580.0,688580.0,0.0,3.0,0.0,626.0,578.0,550.0,669.0,669.0,1.0,False,,,,,,,,True,2587,non-rollup institutions
FY2025,IPF10064576,"ONC.AI, INC.",Onc.ai,UNITED STATES,False,2061258.0,2,2,2061258.0,0.0,0,0.0,0,0,0.0,0,0,0.0,0,2061258.0,2,0.0,0,0.0,0,0.0,0,0.0,0,0.0,0,0.0,0,0.0,0,0.0,0,2061258.0,2,2,2,1030629.0,1030629.0,1030629.0,0.0,1.0,0.0,627.0,698.0,671.0,669.0,669.0,1.0,False,,,,,,,,True,2587,non-rollup institutions
FY2025,IPF10004207,DNA MEDICINE INSTITUTE,DNA Medicine Institute,UNITED STATES,False,2057678.0,3,2,1463041.0,509580.0,0,0.0,0,0,0.0,0,0,0.0,0,2057678.0,3,0.0,0,0.0,0,0.0,0,0.0,0,0.0,0,0.0,0,0.0,0,0.0,0,2057678.0,3,1,1,2057678.0,1028839.0,685893.0,0.0,2.0,0.0,628.0,578.0,671.0,669.0,669.0,1.0,False,,,,,,,,True,2587,non-rollup institutions
FY2025,IPF10015094,"HIGHLAND INSTRUMENTS, INC.",Highland Instruments,UNITED STATES,False,2055669.0,1,1,1413038.0,508148.0,0,0.0,0,0,0.0,0,0,0.0,0,0.0,0,0.0,0,0.0,0,0.0,0,0.0,0,0.0,0,0.0,0,2055669.0,1,0.0,0,2055669.0,1,2,1,1027834.0,2055669.0,2055669.0,0.0,0.5,0.0,629.0,1009.0,958.0,669.0,669.0,1.0,False,,,,,,,,True,2587,non-rollup institutions
FY2025,IPF10024817,NATIONAL PARTNERSHIP/ENVIRONMNTL/TECH/ED,National Partnership/Environmntl/Tech/Ed,UNITED STATES,False,2053933.0,2,2,1960029.0,93904.0,0,0.0,0,0,0.0,0,0,0.0,0,0.0,0,2053933.0,2,0.0,0,0.0,0,0.0,0,0.0,0,0.0,0,0.0,0,0.0,0,2053933.0,2,1,1,2053933.0,1026966.0,1026966.0,0.0,2.0,0.0,630.0,698.0,671.0,669.0,669.0,1.0,False,,,,,,,,True,2587,non-rollup institutions
FY2025,IPF10038807,CURI BIO INC,Curi Bio,UNITED STATES,False,2050946.0,2,2,1395385.0,558154.0,0,0.0,0,0,0.0,0,0,0.0,0,1149771.0,1,901175.0,1,0.0,0,0.0,0,0.0,0,0.0,0,0.0,0,0.0,0,0.0,0,2050946.0,2,1,1,2050946.0,1025473.0,1025473.0,0.0,2.0,0.0,631.0,698.0,671.0,669.0,669.0,1.0,False,,,,,,,,True,2587,non-rollup institutions
FY2025,IPF1166601,"CARNEGIE INSTITUTION OF WASHINGTON, D.C.","Carnegie Institution of Washington, D.c.",UNITED STATES,False,2042313.0,4,4,1225124.0,817189.0,0,1638488.0,3,3,0.0,0,0,1638488.0,3,403825.0,1,0.0,0,0.0,0,0.0,0,0.0,0,0.0,0,0.0,0,0.0,0,0.0,0,403825.0,1,5,4,408463.0,510578.0,510578.0,327698.0,0.8,80.2,632.0,504.0,483.0,394.0,369.0,1.0,True,362.0,,,,,,,True,2587,non-rollup institutions
FY2025,IPF4597801,UNIVERSITY OF BOTSWANA,University of Botswana,BOTSWANA,False,2041565.0,6,4,1990905.0,86256.0,0,1139227.0,3,2,0.0,0,0,1139227.0,3,664921.0,1,237417.0,2,0.0,0,0.0,0,0.0,0,0.0,0,0.0,0,0.0,0,0.0,0,902338.0,3,8,3,255196.0,510391.0,340261.0,142403.0,0.5,55.8,633.0,433.0,483.0,435.0,369.0,1.0,True,476.0,,,,,,,True,2587,non-rollup institutions
FY2025,IPF10048886,"EVOQ THERAPEUTICS, INC.",Evoq Therapeutics,UNITED STATES,False,2038943.0,2,2,1377795.0,531118.0,0,0.0,0,0,0.0,0,0,0.0,0,2038943.0,2,0.0,0,0.0,0,0.0,0,0.0,0,0.0,0,0.0,0,0.0,0,0.0,0,2038943.0,2,1,1,2038943.0,1019472.0,1019472.0,0.0,2.0,0.0,634.0,698.0,671.0,669.0,669.0,1.0,False,,,,,,,,True,2587,non-rollup institutions
FY2025,IPF513609,CALIFORNIA POLY STATE U SAN LUIS OBISPO,California Poly State U San Luis Obispo,UNITED STATES,False,2038713.0,5,5,1813970.0,264514.0,0,496036.0,1,1,0.0,0,0,496036.0,1,1.0,1,926464.0,1,0.0,0,0.0,0,616212.0,2,0.0,0,0.0,0,0.0,0,0.0,0,1542677.0,4,10,4,203871.0,407743.0,407743.0,49604.0,0.5,24.3,635.0,458.0,446.0,553.0,484.0,1.0,True,499.0,,,,,,,True,2587,non-rollup institutions
FY2025,IPF2970905,LANKENAU INSTITUTE FOR MEDICAL RESEARCH,Lankenau Institute for Medical Research,UNITED STATES,False,2033170.0,5,5,1392192.0,640978.0,0,1603778.0,3,3,0.0,0,0,1603778.0,3,429392.0,2,0.0,0,0.0,0,0.0,0,0.0,0,0.0,0,0.0,0,0.0,0,0.0,0,429392.0,2,6,4,338862.0,406634.0,406634.0,267296.0,0.83,78.9,636.0,458.0,446.0,396.0,369.0,1.0,True,425.0,,,,,,,True,2587,non-rollup institutions
FY2025,IPF1420501,"LITRON LABORATORIES, LTD.",Litron Laboratories,UNITED STATES,False,2023438.0,2,2,1309844.0,581291.0,0,0.0,0,0,0.0,0,0,0.0,0,2023438.0,2,0.0,0,0.0,0,0.0,0,0.0,0,0.0,0,0.0,0,0.0,0,0.0,0,2023438.0,2,3,2,674479.0,1011719.0,1011719.0,0.0,0.67,0.0,637.0,698.0,671.0,669.0,669.0,1.0,False,,,,,,,,True,2587,non-rollup institutions
FY2025,IPF605701,UNIVERSITY OF CALGARY,University of Calgary,CANADA,False,2017685.0,3,3,1987114.0,51947.0,0,2017685.0,3,3,0.0,0,0,2017685.0,3,0.0,0,0.0,0,0.0,0,0.0,0,0.0,0,0.0,0,0.0,0,0.0,0,0.0,0,0.0,0,6,3,336281.0,672562.0,672562.0,336281.0,0.5,100.0,638.0,578.0,550.0,372.0,369.0,1.0,True,428.0,,,,,,,True,2587,non-rollup institutions
FY2025,IPF10045584,"DARE BIOSCIENCE, INC.",Dare Bioscience,UNITED STATES,False,2016258.0,2,2,1428478.0,458180.0,0,0.0,0,0,0.0,0,0,0.0,0,2016258.0,2,0.0,0,0.0,0,0.0,0,0.0,0,0.0,0,0.0,0,0.0,0,0.0,0,2016258.0,2,2,2,1008129.0,1008129.0,1008129.0,0.0,1.0,0.0,639.0,698.0,671.0,669.0,669.0,1.0,False,,,,,,,,True,2587,non-rollup institutions
FY2025,IPF10028944,"VIRTICI, LLC",Virtici,UNITED STATES,False,2007711.0,3,3,1373590.0,503371.0,0,0.0,0,0,0.0,0,0,0.0,0,2007711.0,3,0.0,0,0.0,0,0.0,0,0.0,0,0.0,0,0.0,0,0.0,0,0.0,0,2007711.0,3,2,2,1003856.0,669237.0,669237.0,0.0,1.5,0.0,640.0,578.0,550.0,669.0,669.0,1.0,False,,,,,,,,True,2587,non-rollup institutions
FY2025,IPF1519002,NEW YORK INST OF TECHNOLOGY,New York Institute of Technology,UNITED STATES,False,2007192.0,6,6,1367122.0,640070.0,0,370050.0,1,1,0.0,0,0,370050.0,1,1637142.0,5,0.0,0,0.0,0,0.0,0,0.0,0,0.0,0,0.0,0,0.0,0,0.0,0,1637142.0,5,6,6,334532.0,334532.0,334532.0,61675.0,1.0,18.4,641.0,433.0,417.0,598.0,484.0,1.0,True,429.0,,,,,,,True,2587,non-rollup institutions
FY2025,IPF1214101,CATHOLIC UNIVERSITY OF AMERICA,Catholic University of America,UNITED STATES,False,2004424.0,4,4,1350463.0,653961.0,0,733694.0,2,2,0.0,0,0,733694.0,2,306200.0,1,0.0,0,0.0,0,0.0,0,0.0,0,0.0,0,0.0,0,964530.0,1,0.0,0,1270730.0,2,3,3,668141.0,501106.0,501106.0,244565.0,1.33,36.6,642.0,504.0,483.0,482.0,414.0,1.0,False,,,,,,,,True,2587,non-rollup institutions
FY2025,IPF6416301,HUNTINGTON MEDICAL RESEARCH INSTITUTES,Huntington Medical Research Institutes,UNITED STATES,False,2002886.0,4,4,1490738.0,512148.0,0,2002886.0,4,4,0.0,0,0,2002886.0,4,0.0,0,0.0,0,0.0,0,0.0,0,0.0,0,0.0,0,0.0,0,0.0,0,0.0,0,0.0,0,4,3,500722.0,500722.0,500722.0,500722.0,1.0,100.0,643.0,504.0,483.0,373.0,340.0,1.0,False,,,,,,,,True,2587,non-rollup institutions
FY2025,IPF10052531,PROVINCIAL HEALTH SERVICES AUTHORITY,Provincial Health Services Authority,CANADA,False,2000785.0,2,2,1951381.0,49404.0,0,445892.0,1,1,0.0,0,0,445892.0,1,0.0,0,1554893.0,1,0.0,0,0.0,0,0.0,0,0.0,0,0.0,0,0.0,0,0.0,0,1554893.0,1,8,2,250098.0,1000392.0,1000392.0,55736.0,0.25,22.3,644.0,698.0,671.0,567.0,484.0,1.0,True,479.0,,,,,,,True,2587,non-rollup institutions
FY2025,IPF10049523,"VAST THERAPEUTICS, INC.",Vast Therapeutics,UNITED STATES,False,2000000.0,2,2,1359550.0,509608.0,0,0.0,0,0,0.0,0,0,0.0,0,2000000.0,2,0.0,0,0.0,0,0.0,0,0.0,0,0.0,0,0.0,0,0.0,0,0.0,0,2000000.0,2,1,1,2000000.0,1000000.0,1000000.0,0.0,2.0,0.0,645.0,698.0,671.0,669.0,669.0,1.0,False,,,,,,,,True,2587,non-rollup institutions
FY2025,IPF10044940,DELTA RESEARCH AND EDUCATIONAL FOUNDATION,Delta Research and Educational Foundation,UNITED STATES,False,2000000.0,1,1,1756722.0,243278.0,0,0.0,0,0,0.0,0,0,0.0,0,0.0,0,0.0,0,0.0,0,0.0,0,0.0,0,0.0,0,0.0,0,2000000.0,1,0.0,0,2000000.0,1,2,1,1000000.0,2000000.0,2000000.0,0.0,0.5,0.0,645.0,1009.0,958.0,669.0,669.0,1.0,False,,,,,,,,True,2587,non-rollup institutions
FY2025,IPF10021530,"CANCER TARGETED TECHNOLOGY, LLC",Cancer Targeted Technology,UNITED STATES,False,1999998.0,1,1,1335112.0,534045.0,0,0.0,0,0,0.0,0,0,0.0,0,1999998.0,1,0.0,0,0.0,0,0.0,0,0.0,0,0.0,0,0.0,0,0.0,0,0.0,0,1999998.0,1,1,1,1999998.0,1999998.0,1999998.0,0.0,1.0,0.0,647.0,1009.0,958.0,669.0,669.0,1.0,False,,,,,,,,True,2587,non-rollup institutions
FY2025,IPF10061349,"STARLIGHT CARDIOVASCULAR, INC.",Starlight Cardiovascular,UNITED STATES,False,1999819.0,2,2,1909819.0,0.0,0,0.0,0,0,0.0,0,0,0.0,0,1999819.0,2,0.0,0,0.0,0,0.0,0,0.0,0,0.0,0,0.0,0,0.0,0,0.0,0,1999819.0,2,1,1,1999819.0,999910.0,999910.0,0.0,2.0,0.0,648.0,698.0,671.0,669.0,669.0,1.0,False,,,,,,,,True,2587,non-rollup institutions
FY2025,IPF1365801,ALBUQUERQUE AREA INDIAN HEALTH BOARD,Albuquerque Area Indian Health Board,UNITED STATES,False,1999389.0,2,2,1841316.0,158073.0,0,0.0,0,0,0.0,0,0,0.0,0,0.0,0,0.0,0,0.0,0,0.0,0,0.0,0,0.0,0,0.0,0,1999389.0,2,0.0,0,1999389.0,2,3,2,666463.0,999694.0,999694.0,0.0,0.67,0.0,649.0,698.0,671.0,669.0,669.0,1.0,False,,,,,,,,True,2587,non-rollup institutions
FY2025,IPF10050054,"MOONLIGHT THERAPEUTICS, INC.",Moonlight Therapeutics,UNITED STATES,False,1997326.0,2,2,1561383.0,305277.0,0,0.0,0,0,0.0,0,0,0.0,0,0.0,0,999658.0,1,0.0,0,0.0,0,0.0,0,0.0,0,0.0,0,997668.0,1,0.0,0,1997326.0,2,1,1,1997326.0,998663.0,998663.0,0.0,2.0,0.0,650.0,698.0,671.0,669.0,669.0,1.0,False,,,,,,,,True,2587,non-rollup institutions
FY2025,IPF10041060,"NEUROLUX, INC.",Neurolux,UNITED STATES,False,1991925.0,3,3,1537590.0,338165.0,0,0.0,0,0,0.0,0,0,0.0,0,1991925.0,3,0.0,0,0.0,0,0.0,0,0.0,0,0.0,0,0.0,0,0.0,0,0.0,0,1991925.0,3,1,1,1991925.0,663975.0,663975.0,0.0,3.0,0.0,651.0,578.0,550.0,669.0,669.0,1.0,False,,,,,,,,True,2587,non-rollup institutions
FY2025,IPF1274606,TENNESSEE STATE UNIVERSITY,Tennessee State University,UNITED STATES,False,1989874.0,4,4,1496476.0,493398.0,0,0.0,0,0,0.0,0,0,0.0,0,142000.0,1,1847874.0,3,0.0,0,0.0,0,0.0,0,0.0,0,0.0,0,0.0,0,0.0,0,1989874.0,4,6,4,331646.0,497468.0,497468.0,0.0,0.67,0.0,652.0,504.0,483.0,669.0,669.0,1.0,True,430.0,,,,,,,True,2587,non-rollup institutions
FY2025,IPF10003531,KORONIS BIOMEDICAL TECHNOLOGIES CORPORAT,Koronis Biomedical Technologies Corporat,UNITED STATES,False,1988943.0,3,3,1329944.0,529377.0,0,0.0,0,0,0.0,0,0,0.0,0,1489022.0,2,0.0,0,0.0,0,0.0,0,0.0,0,0.0,0,0.0,0,499921.0,1,0.0,0,1988943.0,3,3,3,662981.0,662981.0,662981.0,0.0,1.0,0.0,653.0,578.0,550.0,669.0,669.0,1.0,False,,,,,,,,True,2587,non-rollup institutions
FY2025,IPF10043592,"TWINSTRAND BIOSCIENCES, INC.",Twinstrand Biosciences,UNITED STATES,False,1985831.0,1,1,1772671.0,157660.0,0,0.0,0,0,0.0,0,0,0.0,0,1985831.0,1,0.0,0,0.0,0,0.0,0,0.0,0,0.0,0,0.0,0,0.0,0,0.0,0,1985831.0,1,1,1,1985831.0,1985831.0,1985831.0,0.0,1.0,0.0,654.0,1009.0,958.0,669.0,669.0,1.0,False,,,,,,,,True,2587,non-rollup institutions
FY2025,IPF10062513,"FLUOROFINDER, LLC",Fluorofinder,UNITED STATES,False,1976842.0,3,3,1330126.0,519450.0,0,0.0,0,0,0.0,0,0,0.0,0,1976842.0,3,0.0,0,0.0,0,0.0,0,0.0,0,0.0,0,0.0,0,0.0,0,0.0,0,1976842.0,3,1,1,1976842.0,658947.0,658947.0,0.0,3.0,0.0,655.0,578.0,550.0,669.0,669.0,1.0,False,,,,,,,,True,2587,non-rollup institutions
FY2025,IPF3777901,"NOUR HEART, INC.",Nour Heart,UNITED STATES,False,1973922.0,2,1,1687780.0,160278.0,0,0.0,0,0,0.0,0,0,0.0,0,1973922.0,2,0.0,0,0.0,0,0.0,0,0.0,0,0.0,0,0.0,0,0.0,0,0.0,0,1973922.0,2,1,1,1973922.0,1973922.0,986961.0,0.0,1.0,0.0,656.0,698.0,958.0,669.0,669.0,1.0,False,,,,,,,,True,2587,non-rollup institutions
FY2025,IPF10011070,HUDSON-ALPHA INSTITUTE FOR BIOTECHNOLOGY,Hudson-Alpha Institute for Biotechnology,UNITED STATES,False,1973312.0,3,3,1446180.0,527132.0,0,1299932.0,2,2,0.0,0,0,1299932.0,2,0.0,0,673380.0,1,0.0,0,0.0,0,0.0,0,0.0,0,0.0,0,0.0,0,0.0,0,673380.0,1,7,3,281902.0,657771.0,657771.0,185705.0,0.43,65.9,657.0,578.0,550.0,422.0,414.0,1.0,True,460.0,,,,,,,True,2587,non-rollup institutions
FY2025,IPF4520501,"PARION SCIENCES, INC.",Parion Sciences,UNITED STATES,False,1971749.0,1,1,1493749.0,478000.0,0,0.0,0,0,0.0,0,0,0.0,0,1971749.0,1,0.0,0,0.0,0,0.0,0,0.0,0,0.0,0,0.0,0,0.0,0,0.0,0,1971749.0,1,1,1,1971749.0,1971749.0,1971749.0,0.0,1.0,0.0,658.0,1009.0,958.0,669.0,669.0,1.0,False,,,,,,,,True,2587,non-rollup institutions
FY2025,IPF301401,UNIVERSITY OF VICTORIA,University of Victoria,CANADA,False,1970316.0,4,3,2771431.0,122126.0,0,306534.0,1,1,0.0,0,0,306534.0,1,91363.0,2,1572419.0,1,0.0,0,0.0,0,0.0,0,0.0,0,0.0,0,0.0,0,0.0,0,1663782.0,3,2,1,985158.0,656772.0,492579.0,153267.0,1.5,15.6,659.0,504.0,550.0,621.0,484.0,1.0,False,,,,,,,,True,2587,non-rollup institutions
FY2025,IPF10035381,"HILLHURST BIOPHARMACEUTICALS, INC.",Hillhurst Biopharmaceuticals,UNITED STATES,False,1960958.0,2,2,1548401.0,314057.0,0,0.0,0,0,0.0,0,0,0.0,0,1960958.0,2,0.0,0,0.0,0,0.0,0,0.0,0,0.0,0,0.0,0,0.0,0,0.0,0,1960958.0,2,3,1,653653.0,980479.0,980479.0,0.0,0.67,0.0,660.0,698.0,671.0,669.0,669.0,1.0,False,,,,,,,,True,2587,non-rollup institutions
FY2025,IPF4529801,"THERAPYX, INC.",Therapyx,UNITED STATES,False,1959868.0,2,2,1643297.0,188355.0,0,0.0,0,0,0.0,0,0,0.0,0,959868.0,1,0.0,0,0.0,0,0.0,0,0.0,0,0.0,0,0.0,0,1000000.0,1,0.0,0,1959868.0,2,3,1,653289.0,979934.0,979934.0,0.0,0.67,0.0,661.0,698.0,671.0,669.0,669.0,1.0,False,,,,,,,,True,2587,non-rollup institutions
FY2025,IPF10063056,AKNA HEALTH LLC,Akna Health,UNITED STATES,False,1949879.0,1,1,1325872.0,496445.0,0,0.0,0,0,0.0,0,0,0.0,0,1949879.0,1,0.0,0,0.0,0,0.0,0,0.0,0,0.0,0,0.0,0,0.0,0,0.0,0,1949879.0,1,2,1,974940.0,1949879.0,1949879.0,0.0,0.5,0.0,662.0,1009.0,958.0,669.0,669.0,1.0,False,,,,,,,,True,2587,non-rollup institutions
FY2025,IPF10032382,"EVRYS BIO, LLC",Evrys Bio,UNITED STATES,False,1940568.0,2,2,1158407.0,655210.0,0,0.0,0,0,0.0,0,0,0.0,0,1940568.0,2,0.0,0,0.0,0,0.0,0,0.0,0,0.0,0,0.0,0,0.0,0,0.0,0,1940568.0,2,1,1,1940568.0,970284.0,970284.0,0.0,2.0,0.0,663.0,698.0,671.0,669.0,669.0,1.0,False,,,,,,,,True,2587,non-rollup institutions
FY2025,IPF10043148,CERULEAN SCIENTIFIC INC.,Cerulean Scientific,UNITED STATES,False,1930294.0,2,2,1288702.0,515481.0,0,0.0,0,0,0.0,0,0,0.0,0,1930294.0,2,0.0,0,0.0,0,0.0,0,0.0,0,0.0,0,0.0,0,0.0,0,0.0,0,1930294.0,2,3,1,643431.0,965147.0,965147.0,0.0,0.67,0.0,664.0,698.0,671.0,669.0,669.0,1.0,False,,,,,,,,True,2587,non-rollup institutions
FY2025,IPF10036257,"SALUS DISCOVERY, LLC",Salus Discovery,UNITED STATES,False,1916195.0,2,2,1311219.0,479617.0,0,0.0,0,0,0.0,0,0,0.0,0,1916195.0,2,0.0,0,0.0,0,0.0,0,0.0,0,0.0,0,0.0,0,0.0,0,0.0,0,1916195.0,2,2,1,958098.0,958098.0,958098.0,0.0,1.0,0.0,665.0,698.0,671.0,669.0,669.0,1.0,False,,,,,,,,True,2587,non-rollup institutions
FY2025,IPF10026686,"ARISAN THERAPEUTICS, INC.",Arisan Therapeutics,UNITED STATES,False,1915066.0,2,2,1312035.0,589497.0,0,915066.0,1,1,0.0,0,0,915066.0,1,0.0,0,0.0,0,0.0,0,0.0,0,0.0,0,0.0,0,0.0,0,1000000.0,1,0.0,0,1000000.0,1,2,2,957533.0,957533.0,957533.0,457533.0,1.0,47.8,666.0,698.0,671.0,460.0,484.0,1.0,False,,,,,,,,True,2587,non-rollup institutions
FY2025,IPF1196202,RUTGERS THE STATE UNIV OF NJ CAMDEN,Rutgers–Camden,UNITED STATES,False,1908480.0,6,6,1385412.0,523068.0,0,0.0,0,0,0.0,0,0,0.0,0,1420754.0,4,0.0,0,0.0,0,123180.0,1,364546.0,1,0.0,0,0.0,0,0.0,0,0.0,0,1908480.0,6,7,6,272640.0,318080.0,318080.0,0.0,0.86,0.0,667.0,433.0,417.0,669.0,669.0,1.0,True,465.0,,,,,,,True,2587,non-rollup institutions
FY2025,IPF10026380,INSTITUTE OF HUMAN VIROLOGY,Institute of Human Virology,NIGERIA,False,1907813.0,6,3,1820851.0,86962.0,0,0.0,0,0,0.0,0,0,0.0,0,0.0,0,1654039.0,5,0.0,0,0.0,0,0.0,0,0.0,0,0.0,0,253774.0,1,0.0,0,1907813.0,6,7,1,272545.0,635938.0,317969.0,0.0,0.43,0.0,668.0,433.0,550.0,669.0,669.0,1.0,True,467.0,,,,,,,True,2587,non-rollup institutions
FY2025,IPF10037780,"MICROCURES, INC.",Microcures,UNITED STATES,False,1902790.0,4,2,1422587.0,358649.0,0,0.0,0,0,0.0,0,0,0.0,0,1902790.0,4,0.0,0,0.0,0,0.0,0,0.0,0,0.0,0,0.0,0,0.0,0,0.0,0,1902790.0,4,5,2,380558.0,951395.0,475698.0,0.0,0.4,0.0,669.0,504.0,671.0,669.0,669.0,1.0,True,383.0,,,,,,,True,2587,non-rollup institutions
FY2025,IPF10021742,"TAXIS PHARMACEUTICALS, INC.",Taxis Pharmaceuticals,UNITED STATES,False,1889610.0,2,2,1314214.0,459975.0,0,0.0,0,0,0.0,0,0,0.0,0,1889610.0,2,0.0,0,0.0,0,0.0,0,0.0,0,0.0,0,0.0,0,0.0,0,0.0,0,1889610.0,2,1,1,1889610.0,944805.0,944805.0,0.0,2.0,0.0,670.0,698.0,671.0,669.0,669.0,1.0,False,,,,,,,,True,2587,non-rollup institutions
FY2025,IPF513603,CALIFORNIA STATE UNIVERSITY FULLERTON,California State University Fullerton,UNITED STATES,False,1886572.0,8,8,1655080.0,231492.0,0,0.0,0,0,0.0,0,0,0.0,0,1442310.0,6,0.0,0,0.0,0,0.0,0,337762.0,1,0.0,0,0.0,0,106500.0,1,0.0,0,1886572.0,8,15,8,125771.0,235822.0,235822.0,0.0,0.53,0.0,671.0,393.0,388.0,669.0,669.0,1.0,True,526.0,,,,,,,True,2587,non-rollup institutions
FY2025,IPF10059077,ASTERO ERADO INC,Astero Erado,UNITED STATES,False,1882856.0,2,2,1415698.0,345290.0,0,0.0,0,0,0.0,0,0,0.0,0,1882856.0,2,0.0,0,0.0,0,0.0,0,0.0,0,0.0,0,0.0,0,0.0,0,0.0,0,1882856.0,2,1,1,1882856.0,941428.0,941428.0,0.0,2.0,0.0,672.0,698.0,671.0,669.0,669.0,1.0,False,,,,,,,,True,2587,non-rollup institutions
FY2025,IPF9296701,WILLS EYE HEALTH SYSTEM,Wills Eye Health System,UNITED STATES,False,1879259.0,3,3,1429305.0,449954.0,0,1636824.0,2,2,0.0,0,0,1636824.0,2,242435.0,1,0.0,0,0.0,0,0.0,0,0.0,0,0.0,0,0.0,0,0.0,0,0.0,0,242435.0,1,4,3,469815.0,626420.0,626420.0,409206.0,0.75,87.1,673.0,578.0,550.0,395.0,414.0,1.0,False,,,,,,,,True,2587,non-rollup institutions
FY2025,IPF3875201,WABANAKI HEALTH AND WELLNESS,Wabanaki Health and Wellness,UNITED STATES,False,1872921.0,2,2,1631099.0,241822.0,0,0.0,0,0,0.0,0,0,0.0,0,0.0,0,0.0,0,0.0,0,0.0,0,0.0,0,0.0,0,0.0,0,1872921.0,2,0.0,0,1872921.0,2,4,2,468230.0,936460.0,936460.0,0.0,0.5,0.0,674.0,698.0,671.0,669.0,669.0,1.0,False,,,,,,,,True,2587,non-rollup institutions
FY2025,IPF10036415,"DFUSION, INC.",Dfusion,UNITED STATES,False,1868682.0,4,4,1302609.0,443824.0,0,0.0,0,0,0.0,0,0,0.0,0,1868682.0,4,0.0,0,0.0,0,0.0,0,0.0,0,0.0,0,0.0,0,0.0,0,0.0,0,1868682.0,4,4,3,467170.0,467170.0,467170.0,0.0,1.0,0.0,675.0,504.0,483.0,669.0,669.0,1.0,False,,,,,,,,True,2587,non-rollup institutions
FY2025,IPF4597901,GHESKIO CENTER,Gheskio Center,HAITI,False,1865917.0,1,1,1761711.0,104206.0,0,0.0,0,0,0.0,0,0,0.0,0,0.0,0,1865917.0,1,0.0,0,0.0,0,0.0,0,0.0,0,0.0,0,0.0,0,0.0,0,1865917.0,1,1,1,1865917.0,1865917.0,1865917.0,0.0,1.0,0.0,676.0,1009.0,958.0,669.0,669.0,1.0,False,,,,,,,,True,2587,non-rollup institutions
FY2025,IPF10093622,GILGAMESH PHARMA INC,Gilgamesh Pharma,UNITED STATES,False,1851123.0,1,1,1702780.0,148343.0,0,0.0,0,0,0.0,0,0,0.0,0,0.0,0,1851123.0,1,0.0,0,0.0,0,0.0,0,0.0,0,0.0,0,0.0,0,0.0,0,1851123.0,1,1,1,1851123.0,1851123.0,1851123.0,0.0,1.0,0.0,677.0,1009.0,958.0,669.0,669.0,1.0,False,,,,,,,,True,2587,non-rollup institutions
FY2025,IPF4087401,"VALA SCIENCES, INC.",Vala Sciences,UNITED STATES,False,1848699.0,2,2,1219143.0,508613.0,0,0.0,0,0,0.0,0,0,0.0,0,1848699.0,2,0.0,0,0.0,0,0.0,0,0.0,0,0.0,0,0.0,0,0.0,0,0.0,0,1848699.0,2,2,2,924350.0,924350.0,924350.0,0.0,1.0,0.0,678.0,698.0,671.0,669.0,669.0,1.0,False,,,,,,,,True,2587,non-rollup institutions
FY2025,IPF10070604,EXPANSE BIO LLC,Expanse Bio,UNITED STATES,False,1843806.0,2,2,1237988.0,485195.0,0,0.0,0,0,0.0,0,0,0.0,0,1843806.0,2,0.0,0,0.0,0,0.0,0,0.0,0,0.0,0,0.0,0,0.0,0,0.0,0,1843806.0,2,6,1,307301.0,921903.0,921903.0,0.0,0.33,0.0,679.0,698.0,671.0,669.0,669.0,1.0,True,443.0,,,,,,,True,2587,non-rollup institutions
FY2025,IPF10032228,"BIOPTICSTECHNOLOGY, LLC",Biopticstechnology,UNITED STATES,False,1840531.0,2,2,1452941.0,267181.0,0,0.0,0,0,0.0,0,0,0.0,0,1840531.0,2,0.0,0,0.0,0,0.0,0,0.0,0,0.0,0,0.0,0,0.0,0,0.0,0,1840531.0,2,1,1,1840531.0,920266.0,920266.0,0.0,2.0,0.0,680.0,698.0,671.0,669.0,669.0,1.0,False,,,,,,,,True,2587,non-rollup institutions
FY2025,IPF476101,"CHRISTIANA CARE HEALTH SERVICES, INC.",Christiana Care Health Services,UNITED STATES,False,1837361.0,1,1,1519824.0,488503.0,0,0.0,0,0,0.0,0,0,0.0,0,0.0,0,1837361.0,1,0.0,0,0.0,0,0.0,0,0.0,0,0.0,0,0.0,0,0.0,0,1837361.0,1,1,1,1837361.0,1837361.0,1837361.0,0.0,1.0,0.0,681.0,1009.0,958.0,669.0,669.0,1.0,False,,,,,,,,True,2587,non-rollup institutions
FY2025,IPF10075133,"QUANT, INC.",Quant,UNITED STATES,False,1835001.0,1,1,1656204.0,58750.0,0,0.0,0,0,0.0,0,0,0.0,0,1835001.0,1,0.0,0,0.0,0,0.0,0,0.0,0,0.0,0,0.0,0,0.0,0,0.0,0,1835001.0,1,1,1,1835001.0,1835001.0,1835001.0,0.0,1.0,0.0,682.0,1009.0,958.0,669.0,669.0,1.0,False,,,,,,,,True,2587,non-rollup institutions
FY2025,IPF10003911,POSIT SCIENCE CORPORATION,Posit Science Corporation,UNITED STATES,False,1833553.0,2,2,1570005.0,263548.0,0,0.0,0,0,0.0,0,0,0.0,0,1833553.0,2,0.0,0,0.0,0,0.0,0,0.0,0,0.0,0,0.0,0,0.0,0,0.0,0,1833553.0,2,3,2,611184.0,916776.0,916776.0,0.0,0.67,0.0,683.0,698.0,671.0,669.0,669.0,1.0,False,,,,,,,,True,2587,non-rollup institutions
FY2025,IPF10055467,OUTCOME REFERRALS INC,Outcome Referrals,UNITED STATES,False,1824045.0,2,2,1558905.0,155891.0,0,0.0,0,0,0.0,0,0,0.0,0,1824045.0,2,0.0,0,0.0,0,0.0,0,0.0,0,0.0,0,0.0,0,0.0,0,0.0,0,1824045.0,2,2,2,912022.0,912022.0,912022.0,0.0,1.0,0.0,684.0,698.0,671.0,669.0,669.0,1.0,False,,,,,,,,True,2587,non-rollup institutions
FY2025,IPF10026467,UNIVERSITY OF ABUJA,University of Abuja,NIGERIA,False,1817004.0,4,4,1732129.0,84875.0,0,603656.0,1,1,0.0,0,0,603656.0,1,0.0,0,974998.0,2,0.0,0,0.0,0,0.0,0,0.0,0,0.0,0,238350.0,1,0.0,0,1213348.0,3,6,2,302834.0,454251.0,454251.0,100609.0,0.67,33.2,685.0,504.0,483.0,514.0,484.0,1.0,True,447.0,,,,,,,True,2587,non-rollup institutions
FY2025,IPF10042596,"SYNTR HEALTH TECHNOLOGIES, LLC",Syntr Health Technologies,UNITED STATES,False,1813276.0,3,3,1455789.0,283669.0,0,0.0,0,0,0.0,0,0,0.0,0,1813276.0,3,0.0,0,0.0,0,0.0,0,0.0,0,0.0,0,0.0,0,0.0,0,0.0,0,1813276.0,3,1,1,1813276.0,604425.0,604425.0,0.0,3.0,0.0,686.0,578.0,550.0,669.0,669.0,1.0,False,,,,,,,,True,2587,non-rollup institutions
FY2025,IPF1605022,HERBERT H. LEHMAN COLLEGE,Herbert H. Lehman College,UNITED STATES,False,1811790.0,10,10,1375209.0,436581.0,0,0.0,0,0,0.0,0,0,0.0,0,1467984.0,8,0.0,0,0.0,0,0.0,0,236541.0,1,0.0,0,0.0,0,107265.0,1,0.0,0,1811790.0,10,11,10,164708.0,181179.0,181179.0,0.0,0.91,0.0,687.0,363.0,352.0,669.0,669.0,1.0,True,518.0,,,,,,,True,2587,non-rollup institutions
FY2025,IPF10018898,ONTARIO INSTITUTE FOR CANCER RESEARCH,Ontario Institute for Cancer Research,CANADA,False,1810212.0,4,2,1483590.0,326622.0,0,0.0,0,0,0.0,0,0,0.0,0,0.0,0,1810212.0,4,0.0,0,0.0,0,0.0,0,0.0,0,0.0,0,0.0,0,0.0,0,1810212.0,4,6,2,301702.0,905106.0,452553.0,0.0,0.33,0.0,688.0,504.0,671.0,669.0,669.0,1.0,True,448.0,,,,,,,True,2587,non-rollup institutions
FY2025,IPF6290901,OREGON RESEARCH INSTITUTE,Oregon Research Institute,UNITED STATES,False,1803049.0,4,3,1258729.0,544320.0,0,1701941.0,3,2,0.0,0,0,1701941.0,3,101108.0,1,0.0,0,0.0,0,0.0,0,0.0,0,0.0,0,0.0,0,0.0,0,0.0,0,101108.0,1,7,3,257578.0,601016.0,450762.0,243134.0,0.43,94.4,689.0,504.0,550.0,390.0,369.0,1.0,True,474.0,,,,,,,True,2587,non-rollup institutions
FY2025,IPF10047390,"LEUKO LABS, INC.",Leuko Labs,UNITED STATES,False,1802488.0,1,1,1415356.0,269212.0,0,0.0,0,0,0.0,0,0,0.0,0,1802488.0,1,0.0,0,0.0,0,0.0,0,0.0,0,0.0,0,0.0,0,0.0,0,0.0,0,1802488.0,1,1,1,1802488.0,1802488.0,1802488.0,0.0,1.0,0.0,690.0,1009.0,958.0,669.0,669.0,1.0,False,,,,,,,,True,2587,non-rollup institutions
FY2025,IPF10048777,SEQUITUR HEALTH CORP.,Sequitur Health Corp.,UNITED STATES,False,1799232.0,2,2,1201524.0,480610.0,0,0.0,0,0,0.0,0,0,0.0,0,799231.0,1,0.0,0,0.0,0,0.0,0,0.0,0,0.0,0,0.0,0,1000001.0,1,0.0,0,1799232.0,2,1,1,1799232.0,899616.0,899616.0,0.0,2.0,0.0,691.0,698.0,671.0,669.0,669.0,1.0,False,,,,,,,,True,2587,non-rollup institutions
FY2025,IPF6118001,NORTHERN ILLINOIS UNIVERSITY,Northern Illinois University,UNITED STATES,False,1797920.0,5,5,1270797.0,527123.0,0,0.0,0,0,0.0,0,0,0.0,0,1577121.0,4,0.0,0,0.0,0,0.0,0,0.0,0,0.0,0,0.0,0,220799.0,1,0.0,0,1797920.0,5,5,5,359584.0,359584.0,359584.0,0.0,1.0,0.0,692.0,458.0,446.0,669.0,669.0,1.0,True,402.0,,,,,,,True,2587,non-rollup institutions
FY2025,IPF10006307,"OCHIN, INC.",Ochin,UNITED STATES,False,1796861.0,3,3,1437567.0,359294.0,0,1796861.0,3,3,0.0,0,0,1796861.0,3,0.0,0,0.0,0,0.0,0,0.0,0,0.0,0,0.0,0,0.0,0,0.0,0,0.0,0,0.0,0,3,2,598954.0,598954.0,598954.0,598954.0,1.0,100.0,693.0,578.0,550.0,382.0,369.0,1.0,False,,,,,,,,True,2587,non-rollup institutions
FY2025,IPF2101701,LIUNA TRAINING AND EDUCATION FUND,Liuna Training and Education Fund,UNITED STATES,False,1796327.0,1,1,1672978.0,123349.0,0,0.0,0,0,0.0,0,0,0.0,0,0.0,0,1796327.0,1,0.0,0,0.0,0,0.0,0,0.0,0,0.0,0,0.0,0,0.0,0,1796327.0,1,1,1,1796327.0,1796327.0,1796327.0,0.0,1.0,0.0,694.0,1009.0,958.0,669.0,669.0,1.0,False,,,,,,,,True,2587,non-rollup institutions
FY2025,IPF10061449,"VITAKEY, INC.",Vitakey,UNITED STATES,False,1787037.0,2,2,1237247.0,433037.0,0,0.0,0,0,0.0,0,0,0.0,0,1787037.0,2,0.0,0,0.0,0,0.0,0,0.0,0,0.0,0,0.0,0,0.0,0,0.0,0,1787037.0,2,1,1,1787037.0,893518.0,893518.0,0.0,2.0,0.0,695.0,698.0,671.0,669.0,669.0,1.0,False,,,,,,,,True,2587,non-rollup institutions
FY2025,IPF478301,CHIANG MAI UNIVERSITY,Chiang Mai University,THAILAND,False,1785955.0,2,1,1654078.0,131877.0,0,0.0,0,0,0.0,0,0,0.0,0,0.0,0,1785955.0,2,0.0,0,0.0,0,0.0,0,0.0,0,0.0,0,0.0,0,0.0,0,1785955.0,2,2,1,892978.0,1785955.0,892978.0,0.0,0.5,0.0,696.0,698.0,958.0,669.0,669.0,1.0,False,,,,,,,,True,2587,non-rollup institutions
FY2025,IPF3434101,WESTERN MICHIGAN UNIV SCHOOL OF MEDICINE,Western Michigan University,UNITED STATES,False,1783364.0,4,4,1300128.0,483236.0,0,1363322.0,2,2,0.0,0,0,1363322.0,2,342002.0,1,0.0,0,0.0,0,0.0,0,0.0,0,78040.0,1,0.0,0,0.0,0,0.0,0,420042.0,2,5,4,356673.0,445841.0,445841.0,272664.0,0.8,76.4,697.0,504.0,483.0,412.0,414.0,1.0,True,405.0,,,,,,,True,2587,non-rollup institutions
FY2025,IPF10089735,HEARTPOINT GLOBAL INC,Heartpoint Global,UNITED STATES,False,1771084.0,1,1,1273245.0,381974.0,0,0.0,0,0,0.0,0,0,0.0,0,1771084.0,1,0.0,0,0.0,0,0.0,0,0.0,0,0.0,0,0.0,0,0.0,0,0.0,0,1771084.0,1,2,1,885542.0,1771084.0,1771084.0,0.0,0.5,0.0,698.0,1009.0,958.0,669.0,669.0,1.0,False,,,,,,,,True,2587,non-rollup institutions
FY2025,IPF10090527,"RAIZ DIAGNOSTICS, INC.",Raiz Diagnostics,UNITED STATES,False,1770000.0,1,1,1331206.0,324482.0,0,0.0,0,0,0.0,0,0,0.0,0,1770000.0,1,0.0,0,0.0,0,0.0,0,0.0,0,0.0,0,0.0,0,0.0,0,0.0,0,1770000.0,1,2,1,885000.0,1770000.0,1770000.0,0.0,0.5,0.0,699.0,1009.0,958.0,669.0,669.0,1.0,False,,,,,,,,True,2587,non-rollup institutions
FY2025,IPF578706,UNIVERSITY OF PUERTO RICO RIO PIEDRAS,University of Puerto Rico Rio Piedras,UNITED STATES,False,1765775.0,7,7,1591006.0,174769.0,0,659217.0,1,1,0.0,0,0,659217.0,1,991843.0,4,0.0,0,0.0,0,0.0,0,0.0,0,15189.0,1,0.0,0,99526.0,1,0.0,0,1106558.0,6,7,7,252254.0,252254.0,252254.0,94174.0,1.0,37.3,700.0,410.0,401.0,503.0,484.0,1.0,True,478.0,,,,,,,True,2587,non-rollup institutions
FY2025,IPF4326801,3-C INSTITUTE FOR SOCIAL DEVELOPMENT,3-C Institute for Social Development,UNITED STATES,False,1760976.0,2,2,1223885.0,422355.0,0,0.0,0,0,0.0,0,0,0.0,0,1760976.0,2,0.0,0,0.0,0,0.0,0,0.0,0,0.0,0,0.0,0,0.0,0,0.0,0,1760976.0,2,4,1,440244.0,880488.0,880488.0,0.0,0.5,0.0,701.0,698.0,671.0,669.0,669.0,1.0,False,,,,,,,,True,2587,non-rollup institutions
FY2025,IPF10041619,"RADIOPHARMACEUTICAL IMAGING AND DOSIMETRY, LLC",Radiopharmaceutical Imaging and Dosimetry,UNITED STATES,False,1752779.0,2,2,1172890.0,465221.0,0,0.0,0,0,0.0,0,0,0.0,0,1752779.0,2,0.0,0,0.0,0,0.0,0,0.0,0,0.0,0,0.0,0,0.0,0,0.0,0,1752779.0,2,2,1,876390.0,876390.0,876390.0,0.0,1.0,0.0,702.0,698.0,671.0,669.0,669.0,1.0,False,,,,,,,,True,2587,non-rollup institutions
FY2025,IPF2054901,SCRIPPS HEALTH,Scripps Health,UNITED STATES,False,1744502.0,4,4,1320070.0,424432.0,0,1261702.0,2,2,0.0,0,0,1261702.0,2,317259.0,1,0.0,0,0.0,0,165541.0,1,0.0,0,0.0,0,0.0,0,0.0,0,0.0,0,482800.0,2,4,4,436126.0,436126.0,436126.0,315426.0,1.0,72.3,703.0,504.0,483.0,425.0,414.0,1.0,False,,,,,,,,True,2587,non-rollup institutions
FY2025,IPF10000373,"SCARAB GENOMICS, LLC",Scarab Genomics,UNITED STATES,False,1743638.0,2,2,1233761.0,395807.0,0,0.0,0,0,0.0,0,0,0.0,0,1743638.0,2,0.0,0,0.0,0,0.0,0,0.0,0,0.0,0,0.0,0,0.0,0,0.0,0,1743638.0,2,3,2,581213.0,871819.0,871819.0,0.0,0.67,0.0,704.0,698.0,671.0,669.0,669.0,1.0,False,,,,,,,,True,2587,non-rollup institutions
FY2025,IPF10066451,"AROMHA, INC.",Aromha,UNITED STATES,False,1743634.0,2,2,1510933.0,118632.0,0,0.0,0,0,0.0,0,0,0.0,0,1743634.0,2,0.0,0,0.0,0,0.0,0,0.0,0,0.0,0,0.0,0,0.0,0,0.0,0,1743634.0,2,2,1,871817.0,871817.0,871817.0,0.0,1.0,0.0,705.0,698.0,671.0,669.0,669.0,1.0,False,,,,,,,,True,2587,non-rollup institutions
FY2025,IPF6118301,NORTHERN MICHIGAN UNIVERSITY,Northern Michigan University,UNITED STATES,False,1738801.0,3,3,1550623.0,188178.0,0,1081861.0,1,1,0.0,0,0,1081861.0,1,462153.0,1,194787.0,1,0.0,0,0.0,0,0.0,0,0.0,0,0.0,0,0.0,0,0.0,0,656940.0,2,5,3,347760.0,579600.0,579600.0,216372.0,0.6,62.2,706.0,578.0,550.0,444.0,484.0,1.0,True,416.0,,,,,,,True,2587,non-rollup institutions
FY2025,IPF9357501,WOODS HOLE OCEANOGRAPHIC INSTITUTION,Woods Hole Oceanographic Institution,UNITED STATES,False,1737227.0,3,3,1200732.0,605856.0,0,1202133.0,2,2,0.0,0,0,1202133.0,2,0.0,0,0.0,0,535094.0,1,0.0,0,0.0,0,0.0,0,0.0,0,0.0,0,0.0,0,535094.0,1,2,2,868614.0,579076.0,579076.0,601066.0,1.5,69.2,707.0,578.0,550.0,430.0,414.0,1.0,False,,,,,,,,True,2587,non-rollup institutions
FY2025,IPF10059419,REVEL PHARMACEUTICALS INC.,Revel Pharmaceuticals,UNITED STATES,False,1722227.0,2,2,1359306.0,250252.0,0,0.0,0,0,0.0,0,0,0.0,0,1722227.0,2,0.0,0,0.0,0,0.0,0,0.0,0,0.0,0,0.0,0,0.0,0,0.0,0,1722227.0,2,1,1,1722227.0,861114.0,861114.0,0.0,2.0,0.0,708.0,698.0,671.0,669.0,669.0,1.0,False,,,,,,,,True,2587,non-rollup institutions
FY2025,IPF1720001,"DNASTAR, INC.",Dnastar,UNITED STATES,False,1721914.0,2,2,1305041.0,306335.0,0,0.0,0,0,0.0,0,0,0.0,0,1721914.0,2,0.0,0,0.0,0,0.0,0,0.0,0,0.0,0,0.0,0,0.0,0,0.0,0,1721914.0,2,4,2,430478.0,860957.0,860957.0,0.0,0.5,0.0,709.0,698.0,671.0,669.0,669.0,1.0,False,,,,,,,,True,2587,non-rollup institutions
FY2025,IPF10001515,"APT THERAPEUTICS, INC.",Apt Therapeutics,UNITED STATES,False,1717926.0,1,1,1389938.0,277988.0,0,0.0,0,0,0.0,0,0,0.0,0,1717926.0,1,0.0,0,0.0,0,0.0,0,0.0,0,0.0,0,0.0,0,0.0,0,0.0,0,1717926.0,1,1,1,1717926.0,1717926.0,1717926.0,0.0,1.0,0.0,710.0,1009.0,958.0,669.0,669.0,1.0,False,,,,,,,,True,2587,non-rollup institutions
FY2025,IPF10071484,KAMUZU UNIVERSITY OF HEALTH SCIENCES,Kamuzu University of Health Sciences,MALAWI,False,1712515.0,5,5,1611935.0,100580.0,0,0.0,0,0,0.0,0,0,0.0,0,278212.0,1,754657.0,1,0.0,0,108804.0,1,0.0,0,0.0,0,0.0,0,570842.0,2,0.0,0,1712515.0,5,9,5,190279.0,342503.0,342503.0,0.0,0.56,0.0,711.0,458.0,446.0,669.0,669.0,1.0,True,505.0,,,,,,,True,2587,non-rollup institutions
FY2025,IPF10023158,"AVENTUSOFT, LLC",Aventusoft,UNITED STATES,False,1710252.0,3,3,1308137.0,315712.0,0,0.0,0,0,0.0,0,0,0.0,0,1210252.0,2,0.0,0,0.0,0,0.0,0,0.0,0,0.0,0,0.0,0,500000.0,1,0.0,0,1710252.0,3,1,1,1710252.0,570084.0,570084.0,0.0,3.0,0.0,712.0,578.0,550.0,669.0,669.0,1.0,False,,,,,,,,True,2587,non-rollup institutions
FY2025,IPF1758701,LOHOCLA RESEARCH CORPORATION,Lohocla Research Corporation,UNITED STATES,False,1707595.0,1,1,1428794.0,278801.0,0,0.0,0,0,0.0,0,0,0.0,0,1707595.0,1,0.0,0,0.0,0,0.0,0,0.0,0,0.0,0,0.0,0,0.0,0,0.0,0,1707595.0,1,1,1,1707595.0,1707595.0,1707595.0,0.0,1.0,0.0,713.0,1009.0,958.0,669.0,669.0,1.0,False,,,,,,,,True,2587,non-rollup institutions
FY2025,IPF10024578,PROTEOGENOMICS RESEARCH INSTIT/SYS/ MED,Proteogenomics Research Instit/Sys/ Medicine,UNITED STATES,False,1706465.0,2,2,1037034.0,669431.0,0,1706465.0,2,2,0.0,0,0,1706465.0,2,0.0,0,0.0,0,0.0,0,0.0,0,0.0,0,0.0,0,0.0,0,0.0,0,0.0,0,0.0,0,3,2,568822.0,853232.0,853232.0,568822.0,0.67,100.0,714.0,698.0,671.0,389.0,414.0,1.0,False,,,,,,,,True,2587,non-rollup institutions
FY2025,IPF8109201,THE TRUSTEES OF THE STEVENS INSTITUTE OF TECHNOLOGY,The Trustees of the Stevens Institute of Technology,UNITED STATES,False,1705712.0,4,4,1231484.0,474228.0,0,946754.0,2,2,0.0,0,0,946754.0,2,758958.0,2,0.0,0,0.0,0,0.0,0,0.0,0,0.0,0,0.0,0,0.0,0,0.0,0,758958.0,2,4,3,426428.0,426428.0,426428.0,236688.0,1.0,55.5,715.0,504.0,483.0,458.0,414.0,1.0,False,,,,,,,,True,2587,non-rollup institutions
FY2025,IPF10048039,"RENDEVER, INC.",Rendever,UNITED STATES,False,1703234.0,2,2,1437354.0,177307.0,0,0.0,0,0,0.0,0,0,0.0,0,349333.0,1,0.0,0,0.0,0,0.0,0,0.0,0,0.0,0,0.0,0,1353901.0,1,0.0,0,1703234.0,2,5,2,340647.0,851617.0,851617.0,0.0,0.4,0.0,716.0,698.0,671.0,669.0,669.0,1.0,True,422.0,,,,,,,True,2587,non-rollup institutions
FY2025,IPF8178701,UNIVERSITY OF SYDNEY,University of Sydney,AUSTRALIA,False,1694977.0,6,5,1582191.0,112786.0,0,1030677.0,4,3,0.0,0,0,1030677.0,4,664300.0,2,0.0,0,0.0,0,0.0,0,0.0,0,0.0,0,0.0,0,0.0,0,0.0,0,664300.0,2,6,5,282496.0,338995.0,282496.0,171780.0,0.83,60.8,717.0,433.0,446.0,453.0,340.0,1.0,True,459.0,,,,,,,True,2587,non-rollup institutions
FY2025,IPF10054048,"RHAEOS, INC.",Rhaeos,UNITED STATES,False,1693573.0,3,3,1194791.0,416039.0,0,0.0,0,0,0.0,0,0,0.0,0,1264794.0,2,428779.0,1,0.0,0,0.0,0,0.0,0,0.0,0,0.0,0,0.0,0,0.0,0,1693573.0,3,2,2,846786.0,564524.0,564524.0,0.0,1.5,0.0,718.0,578.0,550.0,669.0,669.0,1.0,False,,,,,,,,True,2587,non-rollup institutions
FY2025,IPF10012028,"KDH RESEARCH AND COMMUNICATION, INC.",Kdh Research and Communication,UNITED STATES,False,1691542.0,3,3,1003031.0,577850.0,0,0.0,0,0,0.0,0,0,0.0,0,1691542.0,3,0.0,0,0.0,0,0.0,0,0.0,0,0.0,0,0.0,0,0.0,0,0.0,0,1691542.0,3,3,2,563847.0,563847.0,563847.0,0.0,1.0,0.0,719.0,578.0,550.0,669.0,669.0,1.0,False,,,,,,,,True,2587,non-rollup institutions
FY2025,IPF4386101,AMERICAN INDIAN HIGHER EDUCATION CONSRTM,American Indian Higher Education Consrtm,UNITED STATES,False,1688449.0,2,2,1410305.0,278144.0,0,0.0,0,0,0.0,0,0,0.0,0,482421.0,1,0.0,0,0.0,0,0.0,0,0.0,0,0.0,0,0.0,0,1206028.0,1,0.0,0,1688449.0,2,2,1,844224.0,844224.0,844224.0,0.0,1.0,0.0,720.0,698.0,671.0,669.0,669.0,1.0,False,,,,,,,,True,2587,non-rollup institutions
FY2025,IPF10056072,ALLYX THERAPEUTICS INC.,Allyx Therapeutics,UNITED STATES,False,1669100.0,1,1,1514473.0,45434.0,0,0.0,0,0,0.0,0,0,0.0,0,0.0,0,0.0,0,0.0,0,0.0,0,0.0,0,0.0,0,0.0,0,1669100.0,1,0.0,0,1669100.0,1,1,1,1669100.0,1669100.0,1669100.0,0.0,1.0,0.0,721.0,1009.0,958.0,669.0,669.0,1.0,False,,,,,,,,True,2587,non-rollup institutions
FY2025,IPF10034872,"BIOMEDINNOVATIONS, INC.",Biomedinnovations,UNITED STATES,False,1657705.0,1,1,1279719.0,269538.0,0,0.0,0,0,0.0,0,0,0.0,0,1657705.0,1,0.0,0,0.0,0,0.0,0,0.0,0,0.0,0,0.0,0,0.0,0,0.0,0,1657705.0,1,3,1,552568.0,1657705.0,1657705.0,0.0,0.33,0.0,722.0,1009.0,958.0,669.0,669.0,1.0,False,,,,,,,,True,2587,non-rollup institutions
FY2025,IPF10047155,"BEAM DIAGNOSTICS, INC.",Beam Diagnostics,UNITED STATES,False,1651213.0,1,1,1215110.0,328080.0,0,0.0,0,0,0.0,0,0,0.0,0,0.0,0,0.0,0,0.0,0,0.0,0,0.0,0,0.0,0,0.0,0,1651213.0,1,0.0,0,1651213.0,1,1,1,1651213.0,1651213.0,1651213.0,0.0,1.0,0.0,723.0,1009.0,958.0,669.0,669.0,1.0,False,,,,,,,,True,2587,non-rollup institutions
FY2025,IPF560601,DINE' COLLEGE,Dine' College,UNITED STATES,False,1647691.0,3,3,1481453.0,166238.0,0,0.0,0,0,0.0,0,0,0.0,0,269394.0,1,471410.0,1,0.0,0,0.0,0,0.0,0,0.0,0,0.0,0,906887.0,1,0.0,0,1647691.0,3,2,2,823846.0,549230.0,549230.0,0.0,1.5,0.0,724.0,578.0,550.0,669.0,669.0,1.0,False,,,,,,,,True,2587,non-rollup institutions
FY2025,IPF10000513,CANCER RESEARCH UNITED KINGDOM,Cancer Research United Kingdom,UNITED KINGDOM,False,1640929.0,1,1,1640929.0,0.0,0,0.0,0,0,0.0,0,0,0.0,0,0.0,0,0.0,0,0.0,0,0.0,0,0.0,0,0.0,0,0.0,0,1640929.0,1,0.0,0,1640929.0,1,1,1,1640929.0,1640929.0,1640929.0,0.0,1.0,0.0,725.0,1009.0,958.0,669.0,669.0,1.0,False,,,,,,,,True,2587,non-rollup institutions
FY2025,IPF10040331,"SYNVIVIA, INC.",Synvivia,UNITED STATES,False,1640169.0,1,1,1094906.0,437962.0,0,0.0,0,0,0.0,0,0,0.0,0,1640169.0,1,0.0,0,0.0,0,0.0,0,0.0,0,0.0,0,0.0,0,0.0,0,0.0,0,1640169.0,1,1,1,1640169.0,1640169.0,1640169.0,0.0,1.0,0.0,726.0,1009.0,958.0,669.0,669.0,1.0,False,,,,,,,,True,2587,non-rollup institutions
FY2025,IPF10053342,"HALOMINE, INC.",Halomine,UNITED STATES,False,1639393.0,3,3,1124798.0,407345.0,0,0.0,0,0,0.0,0,0,0.0,0,1639393.0,3,0.0,0,0.0,0,0.0,0,0.0,0,0.0,0,0.0,0,0.0,0,0.0,0,1639393.0,3,2,2,819696.0,546464.0,546464.0,0.0,1.5,0.0,727.0,578.0,550.0,669.0,669.0,1.0,False,,,,,,,,True,2587,non-rollup institutions
FY2025,IPF10015773,AURUM INSTITUTE NPC,Aurum Institute Npc,SOUTH AFRICA,False,1635530.0,1,1,1514377.0,121153.0,0,0.0,0,0,0.0,0,0,0.0,0,0.0,0,1635530.0,1,0.0,0,0.0,0,0.0,0,0.0,0,0.0,0,0.0,0,0.0,0,1635530.0,1,1,1,1635530.0,1635530.0,1635530.0,0.0,1.0,0.0,728.0,1009.0,958.0,669.0,669.0,1.0,False,,,,,,,,True,2587,non-rollup institutions
FY2025,IPF10045456,"NATSAR PHARMACEUTICALS, INC.",Natsar Pharmaceuticals,UNITED STATES,False,1634811.0,1,1,1378167.0,149694.0,0,0.0,0,0,0.0,0,0,0.0,0,1634811.0,1,0.0,0,0.0,0,0.0,0,0.0,0,0.0,0,0.0,0,0.0,0,0.0,0,1634811.0,1,2,1,817406.0,1634811.0,1634811.0,0.0,0.5,0.0,729.0,1009.0,958.0,669.0,669.0,1.0,False,,,,,,,,True,2587,non-rollup institutions
FY2025,IPF10060608,ADERA,Adera,FRANCE,False,1634801.0,1,1,1532511.0,102290.0,0,0.0,0,0,0.0,0,0,0.0,0,0.0,0,1634801.0,1,0.0,0,0.0,0,0.0,0,0.0,0,0.0,0,0.0,0,0.0,0,1634801.0,1,3,1,544934.0,1634801.0,1634801.0,0.0,0.33,0.0,730.0,1009.0,958.0,669.0,669.0,1.0,False,,,,,,,,True,2587,non-rollup institutions
FY2025,IPF10019064,"CENNA BIOSCIENCES, INC.",Cenna Biosciences,UNITED STATES,False,1633354.0,1,1,1526499.0,0.0,0,0.0,0,0,0.0,0,0,0.0,0,1633354.0,1,0.0,0,0.0,0,0.0,0,0.0,0,0.0,0,0.0,0,0.0,0,0.0,0,1633354.0,1,1,1,1633354.0,1633354.0,1633354.0,0.0,1.0,0.0,731.0,1009.0,958.0,669.0,669.0,1.0,False,,,,,,,,True,2587,non-rollup institutions
FY2025,IPF10038939,"VIA THERAPEUTICS, LLC",Via Therapeutics,UNITED STATES,False,1628726.0,3,3,1237202.0,307158.0,0,0.0,0,0,0.0,0,0,0.0,0,1628726.0,3,0.0,0,0.0,0,0.0,0,0.0,0,0.0,0,0.0,0,0.0,0,0.0,0,1628726.0,3,3,2,542909.0,542909.0,542909.0,0.0,1.0,0.0,732.0,578.0,550.0,669.0,669.0,1.0,False,,,,,,,,True,2587,non-rollup institutions
FY2025,IPF10035356,"APPLIKATE TECHNOLOGIES, INC.",Applikate Technologies,UNITED STATES,False,1628449.0,1,1,1383559.0,138356.0,0,0.0,0,0,0.0,0,0,0.0,0,1628449.0,1,0.0,0,0.0,0,0.0,0,0.0,0,0.0,0,0.0,0,0.0,0,0.0,0,1628449.0,1,1,1,1628449.0,1628449.0,1628449.0,0.0,1.0,0.0,733.0,1009.0,958.0,669.0,669.0,1.0,False,,,,,,,,True,2587,non-rollup institutions
FY2025,IPF2810101,GALLAUDET UNIVERSITY,Gallaudet University,UNITED STATES,False,1622583.0,4,3,1734266.0,594495.0,0,421739.0,1,1,0.0,0,0,421739.0,1,0.0,0,1159249.0,2,0.0,0,0.0,0,0.0,0,41595.0,1,0.0,0,0.0,0,0.0,0,1200844.0,3,3,3,540861.0,540861.0,405646.0,140580.0,1.0,26.0,734.0,504.0,550.0,576.0,484.0,1.0,False,,,,,,,,True,2587,non-rollup institutions
FY2025,IPF4490001,"NEUROPACE, INC.",Neuropace,UNITED STATES,False,1609057.0,1,1,1380493.0,228564.0,0,0.0,0,0,0.0,0,0,0.0,0,0.0,0,1609057.0,1,0.0,0,0.0,0,0.0,0,0.0,0,0.0,0,0.0,0,0.0,0,1609057.0,1,1,1,1609057.0,1609057.0,1609057.0,0.0,1.0,0.0,735.0,1009.0,958.0,669.0,669.0,1.0,False,,,,,,,,True,2587,non-rollup institutions
FY2025,IPF10066312,SENSYDIA CORPORATION,Sensydia Corporation,UNITED STATES,False,1607970.0,1,1,1239816.0,262960.0,0,0.0,0,0,0.0,0,0,0.0,0,1607970.0,1,0.0,0,0.0,0,0.0,0,0.0,0,0.0,0,0.0,0,0.0,0,0.0,0,1607970.0,1,2,1,803985.0,1607970.0,1607970.0,0.0,0.5,0.0,736.0,1009.0,958.0,669.0,669.0,1.0,False,,,,,,,,True,2587,non-rollup institutions
FY2025,IPF10024870,"W-Z BIOTECH, LLC",W-Z Biotech,UNITED STATES,False,1606652.0,1,1,1309873.0,191671.0,0,0.0,0,0,0.0,0,0,0.0,0,1606652.0,1,0.0,0,0.0,0,0.0,0,0.0,0,0.0,0,0.0,0,0.0,0,0.0,0,1606652.0,1,1,1,1606652.0,1606652.0,1606652.0,0.0,1.0,0.0,737.0,1009.0,958.0,669.0,669.0,1.0,False,,,,,,,,True,2587,non-rollup institutions
FY2025,IPF3527405,LONDON SCH/HYGIENE & TROPICAL MEDICINE,London School/Hygiene & Tropical Medicine,UNITED KINGDOM,False,1601556.0,5,3,1725030.0,104426.0,0,883835.0,2,2,0.0,0,0,883835.0,2,0.0,0,717721.0,3,0.0,0,0.0,0,0.0,0,0.0,0,0.0,0,0.0,0,0.0,0,717721.0,3,6,3,266926.0,533852.0,320311.0,147306.0,0.5,55.2,738.0,458.0,550.0,466.0,414.0,1.0,True,469.0,,,,,,,True,2587,non-rollup institutions
FY2025,IPF10018246,FLORIDA INSTITU /HUMAN/MACHINE COGNITION,Florida Institu /Human/Machine Cognition,UNITED STATES,False,1601086.0,2,2,1298084.0,303002.0,0,1470001.0,1,1,0.0,0,0,1470001.0,1,0.0,0,0.0,0,0.0,0,131085.0,1,0.0,0,0.0,0,0.0,0,0.0,0,0.0,0,131085.0,1,4,2,400272.0,800543.0,800543.0,367500.0,0.5,91.8,739.0,698.0,671.0,402.0,484.0,1.0,False,,,,,,,,True,2587,non-rollup institutions
FY2025,IPF10064477,"GMJ TECHNOLOGIES, INC.",Gmj Technologies,UNITED STATES,False,1597901.0,1,1,1209802.0,283563.0,0,0.0,0,0,0.0,0,0,0.0,0,1597901.0,1,0.0,0,0.0,0,0.0,0,0.0,0,0.0,0,0.0,0,0.0,0,0.0,0,1597901.0,1,1,1,1597901.0,1597901.0,1597901.0,0.0,1.0,0.0,740.0,1009.0,958.0,669.0,669.0,1.0,False,,,,,,,,True,2587,non-rollup institutions
FY2025,IPF10049615,"PETCOIL, INC.",Petcoil,UNITED STATES,False,1596935.0,1,1,1066045.0,426418.0,0,0.0,0,0,0.0,0,0,0.0,0,0.0,0,0.0,0,0.0,0,0.0,0,0.0,0,0.0,0,0.0,0,1596935.0,1,0.0,0,1596935.0,1,1,1,1596935.0,1596935.0,1596935.0,0.0,1.0,0.0,741.0,1009.0,958.0,669.0,669.0,1.0,False,,,,,,,,True,2587,non-rollup institutions
FY2025,IPF10075059,DIMERX,Dimerx,UNITED STATES,False,1593126.0,1,1,1385327.0,207799.0,0,0.0,0,0,0.0,0,0,0.0,0,0.0,0,1593126.0,1,0.0,0,0.0,0,0.0,0,0.0,0,0.0,0,0.0,0,0.0,0,1593126.0,1,1,1,1593126.0,1593126.0,1593126.0,0.0,1.0,0.0,742.0,1009.0,958.0,669.0,669.0,1.0,False,,,,,,,,True,2587,non-rollup institutions
FY2025,IPF10031164,UNIVERSITY OF GHANA,University of Ghana,GHANA,False,1579513.0,7,7,1486464.0,93049.0,0,404614.0,3,3,0.0,0,0,404614.0,3,247448.0,1,432737.0,1,0.0,0,0.0,0,0.0,0,0.0,0,0.0,0,494714.0,2,0.0,0,1174899.0,4,8,5,197439.0,225645.0,225645.0,50577.0,0.88,25.6,743.0,410.0,401.0,582.0,369.0,1.0,True,501.0,,,,,,,True,2587,non-rollup institutions
FY2025,IPF10070741,"ORALIVA, INC.",Oraliva,UNITED STATES,False,1578476.0,2,2,1274928.0,200283.0,0,0.0,0,0,0.0,0,0,0.0,0,1578476.0,2,0.0,0,0.0,0,0.0,0,0.0,0,0.0,0,0.0,0,0.0,0,0.0,0,1578476.0,2,2,1,789238.0,789238.0,789238.0,0.0,1.0,0.0,744.0,698.0,671.0,669.0,669.0,1.0,False,,,,,,,,True,2587,non-rollup institutions
FY2025,IPF10042809,"ORLANCE, INC.",Orlance,UNITED STATES,False,1577255.0,3,3,1190026.0,284044.0,0,0.0,0,0,0.0,0,0,0.0,0,1577255.0,3,0.0,0,0.0,0,0.0,0,0.0,0,0.0,0,0.0,0,0.0,0,0.0,0,1577255.0,3,3,2,525752.0,525752.0,525752.0,0.0,1.0,0.0,745.0,578.0,550.0,669.0,669.0,1.0,False,,,,,,,,True,2587,non-rollup institutions
FY2025,IPF10003080,MIDWESTERN UNIVERSITY (GLENDALE AZ),Midwestern University (Glendale Az),UNITED STATES,False,1576656.0,3,3,1211116.0,365540.0,0,0.0,0,0,0.0,0,0,0.0,0,908642.0,2,668014.0,1,0.0,0,0.0,0,0.0,0,0.0,0,0.0,0,0.0,0,0.0,0,1576656.0,3,4,3,394164.0,525552.0,525552.0,0.0,0.75,0.0,746.0,578.0,550.0,669.0,669.0,1.0,False,,,,,,,,True,2587,non-rollup institutions
FY2025,IPF10069715,"BELLAGE, INC.",Bellage,UNITED STATES,False,1571905.0,2,2,1054462.0,415617.0,0,0.0,0,0,0.0,0,0,0.0,0,1571905.0,2,0.0,0,0.0,0,0.0,0,0.0,0,0.0,0,0.0,0,0.0,0,0.0,0,1571905.0,2,1,1,1571905.0,785952.0,785952.0,0.0,2.0,0.0,747.0,698.0,671.0,669.0,669.0,1.0,False,,,,,,,,True,2587,non-rollup institutions
FY2025,IPF673901,CHEROKEE NATION,Cherokee Nation,UNITED STATES,False,1571343.0,2,2,1512598.0,58745.0,0,0.0,0,0,0.0,0,0,0.0,0,262695.0,1,0.0,0,0.0,0,0.0,0,0.0,0,0.0,0,0.0,0,1308648.0,1,0.0,0,1571343.0,2,3,2,523781.0,785672.0,785672.0,0.0,0.67,0.0,748.0,698.0,671.0,669.0,669.0,1.0,False,,,,,,,,True,2587,non-rollup institutions
FY2025,IPF10059465,"EQUATOR THERAPEUTICS, INC.",Equator Therapeutics,UNITED STATES,False,1571137.0,1,1,1048823.0,419529.0,0,0.0,0,0,0.0,0,0,0.0,0,1571137.0,1,0.0,0,0.0,0,0.0,0,0.0,0,0.0,0,0.0,0,0.0,0,0.0,0,1571137.0,1,1,1,1571137.0,1571137.0,1571137.0,0.0,1.0,0.0,749.0,1009.0,958.0,669.0,669.0,1.0,False,,,,,,,,True,2587,non-rollup institutions
FY2025,IPF10071863,EMBIOSYS INC.,Embiosys,UNITED STATES,False,1568317.0,2,2,1328401.0,239916.0,0,0.0,0,0,0.0,0,0,0.0,0,1568317.0,2,0.0,0,0.0,0,0.0,0,0.0,0,0.0,0,0.0,0,0.0,0,0.0,0,1568317.0,2,1,1,1568317.0,784158.0,784158.0,0.0,2.0,0.0,750.0,698.0,671.0,669.0,669.0,1.0,False,,,,,,,,True,2587,non-rollup institutions
FY2025,IPF10032765,REDEEMER'S UNIVERSITY,Redeemer's University,NIGERIA,False,1567081.0,2,1,1529311.0,37770.0,0,0.0,0,0,0.0,0,0,0.0,0,0.0,0,1567081.0,2,0.0,0,0.0,0,0.0,0,0.0,0,0.0,0,0.0,0,0.0,0,1567081.0,2,3,1,522360.0,1567081.0,783540.0,0.0,0.33,0.0,751.0,698.0,958.0,669.0,669.0,1.0,False,,,,,,,,True,2587,non-rollup institutions
FY2025,IPF10067512,CALLAHAN-YOUNG LLC,Callahan-Young,UNITED STATES,False,1565997.0,1,1,1277928.0,188774.0,0,0.0,0,0,0.0,0,0,0.0,0,1565997.0,1,0.0,0,0.0,0,0.0,0,0.0,0,0.0,0,0.0,0,0.0,0,0.0,0,1565997.0,1,3,1,521999.0,1565997.0,1565997.0,0.0,0.33,0.0,752.0,1009.0,958.0,669.0,669.0,1.0,False,,,,,,,,True,2587,non-rollup institutions
FY2025,IPF10001421,"VIROGENICS, INC.",Virogenics,UNITED STATES,False,1562187.0,1,1,1469398.0,92789.0,0,0.0,0,0,0.0,0,0,0.0,0,0.0,0,1562187.0,1,0.0,0,0.0,0,0.0,0,0.0,0,0.0,0,0.0,0,0.0,0,1562187.0,1,2,1,781094.0,1562187.0,1562187.0,0.0,0.5,0.0,753.0,1009.0,958.0,669.0,669.0,1.0,False,,,,,,,,True,2587,non-rollup institutions
FY2025,IPF10036348,"SERSENSE, INC.",Sersense,UNITED STATES,False,1554926.0,2,2,1314002.0,139200.0,0,0.0,0,0,0.0,0,0,0.0,0,1554926.0,2,0.0,0,0.0,0,0.0,0,0.0,0,0.0,0,0.0,0,0.0,0,0.0,0,1554926.0,2,1,1,1554926.0,777463.0,777463.0,0.0,2.0,0.0,754.0,698.0,671.0,669.0,669.0,1.0,False,,,,,,,,True,2587,non-rollup institutions
FY2025,IPF10050106,"JACARANDA BIOSCIENCES, INC.",Jacaranda Biosciences,UNITED STATES,False,1554254.0,1,1,1037553.0,415021.0,0,0.0,0,0,0.0,0,0,0.0,0,1554254.0,1,0.0,0,0.0,0,0.0,0,0.0,0,0.0,0,0.0,0,0.0,0,0.0,0,1554254.0,1,2,1,777127.0,1554254.0,1554254.0,0.0,0.5,0.0,755.0,1009.0,958.0,669.0,669.0,1.0,False,,,,,,,,True,2587,non-rollup institutions
FY2025,IPF10045711,"GLYTR THERAPEUTICS, INC.",Glytr Therapeutics,UNITED STATES,False,1548970.0,2,2,1388238.0,63510.0,0,0.0,0,0,0.0,0,0,0.0,0,1548970.0,2,0.0,0,0.0,0,0.0,0,0.0,0,0.0,0,0.0,0,0.0,0,0.0,0,1548970.0,2,2,1,774485.0,774485.0,774485.0,0.0,1.0,0.0,756.0,698.0,671.0,669.0,669.0,1.0,False,,,,,,,,True,2587,non-rollup institutions
FY2025,IPF10033473,"BRITESEED, LLC",Briteseed,UNITED STATES,False,1536040.0,2,2,1025394.0,410157.0,0,0.0,0,0,0.0,0,0,0.0,0,1045571.0,1,0.0,0,0.0,0,0.0,0,0.0,0,0.0,0,0.0,0,490469.0,1,0.0,0,1536040.0,2,2,2,768020.0,768020.0,768020.0,0.0,1.0,0.0,757.0,698.0,671.0,669.0,669.0,1.0,False,,,,,,,,True,2587,non-rollup institutions
FY2025,IPF10073475,"GLIMPSE DIAGNOSTICS, INC.",Glimpse Diagnostics,UNITED STATES,False,1535084.0,1,1,1125281.0,409803.0,0,0.0,0,0,0.0,0,0,0.0,0,1535084.0,1,0.0,0,0.0,0,0.0,0,0.0,0,0.0,0,0.0,0,0.0,0,0.0,0,1535084.0,1,1,1,1535084.0,1535084.0,1535084.0,0.0,1.0,0.0,758.0,1009.0,958.0,669.0,669.0,1.0,False,,,,,,,,True,2587,non-rollup institutions
FY2025,IPF4322701,"SYNTRIX BIOSYSTEMS, INC.",Syntrix Biosystems,UNITED STATES,False,1531122.0,2,2,1022114.0,408845.0,0,0.0,0,0,0.0,0,0,0.0,0,1531122.0,2,0.0,0,0.0,0,0.0,0,0.0,0,0.0,0,0.0,0,0.0,0,0.0,0,1531122.0,2,2,1,765561.0,765561.0,765561.0,0.0,1.0,0.0,759.0,698.0,671.0,669.0,669.0,1.0,False,,,,,,,,True,2587,non-rollup institutions
FY2025,IPF10056275,"RESTOREAR DEVICES, LLC",Restorear Devices,UNITED STATES,False,1529342.0,3,3,1154452.0,274924.0,0,0.0,0,0,0.0,0,0,0.0,0,1529342.0,3,0.0,0,0.0,0,0.0,0,0.0,0,0.0,0,0.0,0,0.0,0,0.0,0,1529342.0,3,3,1,509781.0,509781.0,509781.0,0.0,1.0,0.0,760.0,578.0,550.0,669.0,669.0,1.0,False,,,,,,,,True,2587,non-rollup institutions
FY2025,IPF3785301,"CHARLES RIVER ANALYTICS, INC.",Charles River Analytics,UNITED STATES,False,1526683.0,3,3,864685.0,562122.0,0,0.0,0,0,0.0,0,0,0.0,0,1526683.0,3,0.0,0,0.0,0,0.0,0,0.0,0,0.0,0,0.0,0,0.0,0,0.0,0,1526683.0,3,3,3,508894.0,508894.0,508894.0,0.0,1.0,0.0,761.0,578.0,550.0,669.0,669.0,1.0,False,,,,,,,,True,2587,non-rollup institutions
FY2025,IPF10061278,"SHASQI, INC.",Shasqi,UNITED STATES,False,1526048.0,2,2,1239534.0,186680.0,0,0.0,0,0,0.0,0,0,0.0,0,1526048.0,2,0.0,0,0.0,0,0.0,0,0.0,0,0.0,0,0.0,0,0.0,0,0.0,0,1526048.0,2,2,1,763024.0,763024.0,763024.0,0.0,1.0,0.0,762.0,698.0,671.0,669.0,669.0,1.0,False,,,,,,,,True,2587,non-rollup institutions
FY2025,IPF10032761,"SINOPIA BIOSCIENCES, INC.",Sinopia Biosciences,UNITED STATES,False,1524442.0,4,3,1065992.0,361314.0,0,0.0,0,0,0.0,0,0,0.0,0,1524442.0,4,0.0,0,0.0,0,0.0,0,0.0,0,0.0,0,0.0,0,0.0,0,0.0,0,1524442.0,4,2,2,762221.0,508147.0,381110.0,0.0,1.5,0.0,763.0,504.0,550.0,669.0,669.0,1.0,False,,,,,,,,True,2587,non-rollup institutions
FY2025,IPF10012285,DESMOND TUTU HIV FOUNDATION,Desmond Tutu HIV Foundation,SOUTH AFRICA,False,1522962.0,4,4,1451626.0,71336.0,0,1115537.0,2,2,0.0,0,0,1115537.0,2,0.0,0,0.0,0,0.0,0,111630.0,1,0.0,0,0.0,0,0.0,0,295795.0,1,0.0,0,407425.0,2,6,2,253827.0,380740.0,380740.0,185923.0,0.67,73.2,764.0,504.0,483.0,441.0,414.0,1.0,True,477.0,,,,,,,True,2587,non-rollup institutions
FY2025,IPF10061679,"KINEA BIO, INC.",Kinea Bio,UNITED STATES,False,1521164.0,3,2,1175202.0,255508.0,0,0.0,0,0,0.0,0,0,0.0,0,1521164.0,3,0.0,0,0.0,0,0.0,0,0.0,0,0.0,0,0.0,0,0.0,0,0.0,0,1521164.0,3,1,1,1521164.0,760582.0,507055.0,0.0,2.0,0.0,765.0,578.0,671.0,669.0,669.0,1.0,False,,,,,,,,True,2587,non-rollup institutions
FY2025,IPF3541601,IDAHO STATE UNIVERSITY,Idaho State University,UNITED STATES,False,1519594.0,6,6,1178844.0,340750.0,0,0.0,0,0,0.0,0,0,0.0,0,847379.0,4,277298.0,1,0.0,0,0.0,0,0.0,0,0.0,0,0.0,0,394917.0,1,0.0,0,1519594.0,6,9,6,168844.0,253266.0,253266.0,0.0,0.67,0.0,766.0,433.0,417.0,669.0,669.0,1.0,True,516.0,,,,,,,True,2587,non-rollup institutions
FY2025,IPF10061656,YOUNGHEARTVALVE LLC,Youngheartvalve,UNITED STATES,False,1518670.0,1,1,1186932.0,232386.0,0,0.0,0,0,0.0,0,0,0.0,0,1518670.0,1,0.0,0,0.0,0,0.0,0,0.0,0,0.0,0,0.0,0,0.0,0,0.0,0,1518670.0,1,1,1,1518670.0,1518670.0,1518670.0,0.0,1.0,0.0,767.0,1009.0,958.0,669.0,669.0,1.0,False,,,,,,,,True,2587,non-rollup institutions
FY2025,IPF10074070,SENSORIUM THERAPEUTICS INC,Sensorium Therapeutics,UNITED STATES,False,1517441.0,1,1,1017335.0,400834.0,0,0.0,0,0,0.0,0,0,0.0,0,1517441.0,1,0.0,0,0.0,0,0.0,0,0.0,0,0.0,0,0.0,0,0.0,0,0.0,0,1517441.0,1,1,1,1517441.0,1517441.0,1517441.0,0.0,1.0,0.0,768.0,1009.0,958.0,669.0,669.0,1.0,False,,,,,,,,True,2587,non-rollup institutions
FY2025,IPF10006429,"INNOVATIVE BIOTHERAPIES, INC.",Innovative Biotherapies,UNITED STATES,False,1513922.0,1,1,1198138.0,216756.0,0,0.0,0,0,0.0,0,0,0.0,0,1513922.0,1,0.0,0,0.0,0,0.0,0,0.0,0,0.0,0,0.0,0,0.0,0,0.0,0,1513922.0,1,1,1,1513922.0,1513922.0,1513922.0,0.0,1.0,0.0,769.0,1009.0,958.0,669.0,669.0,1.0,False,,,,,,,,True,2587,non-rollup institutions
FY2025,IPF87001,SIMON FRASER UNIVERSITY,Simon Fraser University,CANADA,False,1500460.0,3,3,1401548.0,98912.0,0,1500460.0,3,3,0.0,0,0,1500460.0,3,0.0,0,0.0,0,0.0,0,0.0,0,0.0,0,0.0,0,0.0,0,0.0,0,0.0,0,0.0,0,2,2,750230.0,500153.0,500153.0,750230.0,1.5,100.0,770.0,578.0,550.0,401.0,369.0,1.0,False,,,,,,,,True,2587,non-rollup institutions
FY2025,IPF10072444,CULTURA Y ARTE NATIVA DE LAS AMERICAS,Cultura Y Arte Nativa de Las Americas,UNITED STATES,False,1500000.0,1,1,1451301.0,48699.0,0,0.0,0,0,0.0,0,0,0.0,0,0.0,0,0.0,0,0.0,0,0.0,0,0.0,0,0.0,0,0.0,0,1500000.0,1,0.0,0,1500000.0,1,2,1,750000.0,1500000.0,1500000.0,0.0,0.5,0.0,771.0,1009.0,958.0,669.0,669.0,1.0,False,,,,,,,,True,2587,non-rollup institutions
FY2025,IPF10008116,"BIOSTRATEGIES, LC","Biostrategies, Lc",UNITED STATES,False,1500000.0,1,1,1012670.0,389199.0,0,0.0,0,0,0.0,0,0,0.0,0,1500000.0,1,0.0,0,0.0,0,0.0,0,0.0,0,0.0,0,0.0,0,0.0,0,0.0,0,1500000.0,1,3,1,500000.0,1500000.0,1500000.0,0.0,0.33,0.0,771.0,1009.0,958.0,669.0,669.0,1.0,False,,,,,,,,True,2587,non-rollup institutions
FY2025,IPF10038748,"ALCAMENA STEM CELL THERAPEUTICS, LLC",Alcamena Stem Cell Therapeutics,UNITED STATES,False,1500000.0,1,1,1071429.0,428571.0,0,0.0,0,0,0.0,0,0,0.0,0,1500000.0,1,0.0,0,0.0,0,0.0,0,0.0,0,0.0,0,0.0,0,0.0,0,0.0,0,1500000.0,1,1,1,1500000.0,1500000.0,1500000.0,0.0,1.0,0.0,771.0,1009.0,958.0,669.0,669.0,1.0,False,,,,,,,,True,2587,non-rollup institutions
FY2025,IPF1342001,YUKON-KUSKOKWIM HEALTH CORPORATION,Yukon-Kuskokwim Health Corporation,UNITED STATES,False,1500000.0,1,1,1397797.0,102203.0,0,0.0,0,0,0.0,0,0,0.0,0,0.0,0,0.0,0,0.0,0,0.0,0,0.0,0,0.0,0,0.0,0,1500000.0,1,0.0,0,1500000.0,1,2,1,750000.0,1500000.0,1500000.0,0.0,0.5,0.0,771.0,1009.0,958.0,669.0,669.0,1.0,False,,,,,,,,True,2587,non-rollup institutions
FY2025,IPF789901,WAIANAE COAST COMPREHENSIVE HEALTH CTR,Waianae Coast Comprehensive Health Center,UNITED STATES,False,1500000.0,1,1,1346280.0,153720.0,0,0.0,0,0,0.0,0,0,0.0,0,0.0,0,0.0,0,0.0,0,0.0,0,0.0,0,0.0,0,0.0,0,1500000.0,1,0.0,0,1500000.0,1,1,1,1500000.0,1500000.0,1500000.0,0.0,1.0,0.0,771.0,1009.0,958.0,669.0,669.0,1.0,False,,,,,,,,True,2587,non-rollup institutions
FY2025,IPF4218901,OPEN AID ALLIANCE,Open Aid Alliance,UNITED STATES,False,1500000.0,1,1,1361179.0,138821.0,0,0.0,0,0,0.0,0,0,0.0,0,0.0,0,0.0,0,0.0,0,0.0,0,0.0,0,0.0,0,0.0,0,1500000.0,1,0.0,0,1500000.0,1,1,1,1500000.0,1500000.0,1500000.0,0.0,1.0,0.0,771.0,1009.0,958.0,669.0,669.0,1.0,False,,,,,,,,True,2587,non-rollup institutions
FY2025,IPF10047254,"PLUMERIA THERAPEUTICS, INC.",Plumeria Therapeutics,UNITED STATES,False,1500000.0,1,1,1151393.0,250476.0,0,0.0,0,0,0.0,0,0,0.0,0,1500000.0,1,0.0,0,0.0,0,0.0,0,0.0,0,0.0,0,0.0,0,0.0,0,0.0,0,1500000.0,1,1,1,1500000.0,1500000.0,1500000.0,0.0,1.0,0.0,771.0,1009.0,958.0,669.0,669.0,1.0,False,,,,,,,,True,2587,non-rollup institutions
FY2025,IPF10062155,MITOPOWER LLC,Mitopower,UNITED STATES,False,1499999.0,1,1,1371873.0,34375.0,0,0.0,0,0,0.0,0,0,0.0,0,0.0,0,1499999.0,1,0.0,0,0.0,0,0.0,0,0.0,0,0.0,0,0.0,0,0.0,0,1499999.0,1,2,1,750000.0,1499999.0,1499999.0,0.0,0.5,0.0,778.0,1009.0,958.0,669.0,669.0,1.0,False,,,,,,,,True,2587,non-rollup institutions
FY2025,IPF10004342,"RIPPLE, LLC",Ripple,UNITED STATES,False,1499996.0,1,1,1104786.0,297079.0,0,0.0,0,0,0.0,0,0,0.0,0,0.0,0,1499996.0,1,0.0,0,0.0,0,0.0,0,0.0,0,0.0,0,0.0,0,0.0,0,1499996.0,1,2,1,749998.0,1499996.0,1499996.0,0.0,0.5,0.0,779.0,1009.0,958.0,669.0,669.0,1.0,False,,,,,,,,True,2587,non-rollup institutions
FY2025,IPF10072057,"CAREVIRTUE TECHNOLOGIES, INC.",Carevirtue Technologies,UNITED STATES,False,1499985.0,2,2,1165472.0,236384.0,0,0.0,0,0,0.0,0,0,0.0,0,1499985.0,2,0.0,0,0.0,0,0.0,0,0.0,0,0.0,0,0.0,0,0.0,0,0.0,0,1499985.0,2,2,1,749992.0,749992.0,749992.0,0.0,1.0,0.0,780.0,698.0,671.0,669.0,669.0,1.0,False,,,,,,,,True,2587,non-rollup institutions
FY2025,IPF10037793,"ASTROCYTE PHARMACEUTICALS, INC.",Astrocyte Pharmaceuticals,UNITED STATES,False,1499886.0,1,1,1186563.0,215200.0,0,0.0,0,0,0.0,0,0,0.0,0,1499886.0,1,0.0,0,0.0,0,0.0,0,0.0,0,0.0,0,0.0,0,0.0,0,0.0,0,1499886.0,1,1,1,1499886.0,1499886.0,1499886.0,0.0,1.0,0.0,781.0,1009.0,958.0,669.0,669.0,1.0,False,,,,,,,,True,2587,non-rollup institutions
FY2025,IPF10084154,RESPIRERX PHARMACEUTICALS INC.,Respirerx Pharmaceuticals,UNITED STATES,False,1499869.0,1,1,1378647.0,23100.0,0,0.0,0,0,0.0,0,0,0.0,0,1499869.0,1,0.0,0,0.0,0,0.0,0,0.0,0,0.0,0,0.0,0,0.0,0,0.0,0,1499869.0,1,1,1,1499869.0,1499869.0,1499869.0,0.0,1.0,0.0,782.0,1009.0,958.0,669.0,669.0,1.0,False,,,,,,,,True,2587,non-rollup institutions
FY2025,IPF10030393,"VIGNET, INC.",Vignet,UNITED STATES,False,1499573.0,1,1,1499573.0,0.0,0,0.0,0,0,0.0,0,0,0.0,0,0.0,0,0.0,0,0.0,0,0.0,0,0.0,0,0.0,0,0.0,0,1499573.0,1,0.0,0,1499573.0,1,4,1,374893.0,1499573.0,1499573.0,0.0,0.25,0.0,783.0,1009.0,958.0,669.0,669.0,1.0,False,,,,,,,,True,2587,non-rollup institutions
FY2025,IPF10000695,"PHOTOZIG, INC.",Photozig,UNITED STATES,False,1496743.0,2,2,1013643.0,385184.0,0,0.0,0,0,0.0,0,0,0.0,0,1496743.0,2,0.0,0,0.0,0,0.0,0,0.0,0,0.0,0,0.0,0,0.0,0,0.0,0,1496743.0,2,1,1,1496743.0,748372.0,748372.0,0.0,2.0,0.0,784.0,698.0,671.0,669.0,669.0,1.0,False,,,,,,,,True,2587,non-rollup institutions
FY2025,IPF10042658,"CARTESIAN THERAPEUTICS, INC.",Cartesian Therapeutics,UNITED STATES,False,1496118.0,1,1,1294668.0,103573.0,0,0.0,0,0,0.0,0,0,0.0,0,1496118.0,1,0.0,0,0.0,0,0.0,0,0.0,0,0.0,0,0.0,0,0.0,0,0.0,0,1496118.0,1,1,1,1496118.0,1496118.0,1496118.0,0.0,1.0,0.0,785.0,1009.0,958.0,669.0,669.0,1.0,False,,,,,,,,True,2587,non-rollup institutions
FY2025,IPF10062646,"SAVANNA BIOTHERAPEUTICS, INC.",Savanna Biotherapeutics,UNITED STATES,False,1489811.0,1,1,1293772.0,100210.0,0,0.0,0,0,0.0,0,0,0.0,0,1489811.0,1,0.0,0,0.0,0,0.0,0,0.0,0,0.0,0,0.0,0,0.0,0,0.0,0,1489811.0,1,1,1,1489811.0,1489811.0,1489811.0,0.0,1.0,0.0,786.0,1009.0,958.0,669.0,669.0,1.0,False,,,,,,,,True,2587,non-rollup institutions
FY2025,IPF10052346,"YOUNG THERAPEUTICS, LLC",Young Therapeutics,UNITED STATES,False,1488899.0,1,1,1363224.0,28286.0,0,0.0,0,0,0.0,0,0,0.0,0,1488899.0,1,0.0,0,0.0,0,0.0,0,0.0,0,0.0,0,0.0,0,0.0,0,0.0,0,1488899.0,1,2,1,744450.0,1488899.0,1488899.0,0.0,0.5,0.0,787.0,1009.0,958.0,669.0,669.0,1.0,False,,,,,,,,True,2587,non-rollup institutions
FY2025,IPF1811501,"CREARE, LLC",Creare,UNITED STATES,False,1485480.0,2,2,892318.0,496117.0,0,0.0,0,0,0.0,0,0,0.0,0,1485480.0,2,0.0,0,0.0,0,0.0,0,0.0,0,0.0,0,0.0,0,0.0,0,0.0,0,1485480.0,2,1,1,1485480.0,742740.0,742740.0,0.0,2.0,0.0,788.0,698.0,671.0,669.0,669.0,1.0,False,,,,,,,,True,2587,non-rollup institutions
FY2025,IPF10054800,"PHRASE HEALTH, INC.",Phrase Health,UNITED STATES,False,1485329.0,2,2,1043728.0,344430.0,0,0.0,0,0,0.0,0,0,0.0,0,1485329.0,2,0.0,0,0.0,0,0.0,0,0.0,0,0.0,0,0.0,0,0.0,0,0.0,0,1485329.0,2,1,1,1485329.0,742664.0,742664.0,0.0,2.0,0.0,789.0,698.0,671.0,669.0,669.0,1.0,False,,,,,,,,True,2587,non-rollup institutions
FY2025,IPF10069635,"REMMIE, INC.",Remmie,UNITED STATES,False,1485063.0,1,1,1121303.0,266606.0,0,0.0,0,0,0.0,0,0,0.0,0,1485063.0,1,0.0,0,0.0,0,0.0,0,0.0,0,0.0,0,0.0,0,0.0,0,0.0,0,1485063.0,1,1,1,1485063.0,1485063.0,1485063.0,0.0,1.0,0.0,790.0,1009.0,958.0,669.0,669.0,1.0,False,,,,,,,,True,2587,non-rollup institutions
FY2025,IPF10031380,"SONORAN BIOSCIENCES, INC.",Sonoran Biosciences,UNITED STATES,False,1479276.0,1,1,1281938.0,100563.0,0,0.0,0,0,0.0,0,0,0.0,0,1479276.0,1,0.0,0,0.0,0,0.0,0,0.0,0,0.0,0,0.0,0,0.0,0,0.0,0,1479276.0,1,1,1,1479276.0,1479276.0,1479276.0,0.0,1.0,0.0,791.0,1009.0,958.0,669.0,669.0,1.0,False,,,,,,,,True,2587,non-rollup institutions
FY2025,IPF4693001,LOYOLA MARYMOUNT UNIVERSITY,Loyola Marymount University,UNITED STATES,False,1478798.0,4,4,1098343.0,380455.0,0,1065086.0,2,2,0.0,0,0,1065086.0,2,413712.0,2,0.0,0,0.0,0,0.0,0,0.0,0,0.0,0,0.0,0,0.0,0,0.0,0,413712.0,2,3,1,492933.0,369700.0,369700.0,355029.0,1.33,72.0,792.0,504.0,483.0,450.0,414.0,1.0,False,,,,,,,,True,2587,non-rollup institutions
FY2025,IPF1833204,COLUMBIA UNIVERSITY TEACHERS COLLEGE,Columbia University Teachers College,UNITED STATES,False,1478151.0,8,6,1205786.0,272365.0,0,749951.0,2,1,0.0,0,0,749951.0,2,617674.0,3,0.0,0,0.0,0,0.0,0,0.0,0,110526.0,3,0.0,0,0.0,0,0.0,0,728200.0,6,6,6,246358.0,246358.0,184769.0,124992.0,1.0,50.7,793.0,393.0,417.0,480.0,414.0,1.0,True,485.0,,,,,,,True,2587,non-rollup institutions
FY2025,IPF10047468,"PRAPELA, INC.",Prapela,UNITED STATES,False,1475909.0,1,1,1251192.0,224717.0,0,0.0,0,0,0.0,0,0,0.0,0,0.0,0,1475909.0,1,0.0,0,0.0,0,0.0,0,0.0,0,0.0,0,0.0,0,0.0,0,1475909.0,1,3,1,491970.0,1475909.0,1475909.0,0.0,0.33,0.0,794.0,1009.0,958.0,669.0,669.0,1.0,False,,,,,,,,True,2587,non-rollup institutions
FY2025,IPF10041058,NURELM E-BUSINESS SOFTWARE,Nurelm E-Business Software,UNITED STATES,False,1475328.0,2,2,1084297.0,294515.0,0,0.0,0,0,0.0,0,0,0.0,0,1475328.0,2,0.0,0,0.0,0,0.0,0,0.0,0,0.0,0,0.0,0,0.0,0,0.0,0,1475328.0,2,4,1,368832.0,737664.0,737664.0,0.0,0.5,0.0,795.0,698.0,671.0,669.0,669.0,1.0,False,,,,,,,,True,2587,non-rollup institutions
FY2025,IPF10065690,"WICKED SHEETS, LLC",Wicked Sheets,UNITED STATES,False,1470985.0,1,1,981966.0,392786.0,0,0.0,0,0,0.0,0,0,0.0,0,1470985.0,1,0.0,0,0.0,0,0.0,0,0.0,0,0.0,0,0.0,0,0.0,0,0.0,0,1470985.0,1,1,1,1470985.0,1470985.0,1470985.0,0.0,1.0,0.0,796.0,1009.0,958.0,669.0,669.0,1.0,False,,,,,,,,True,2587,non-rollup institutions
FY2025,IPF10008060,"ELECTRONIC BIOSCIENCES, INC.",Electronic Biosciences,UNITED STATES,False,1469934.0,4,4,904216.0,469554.0,0,0.0,0,0,0.0,0,0,0.0,0,1469934.0,4,0.0,0,0.0,0,0.0,0,0.0,0,0.0,0,0.0,0,0.0,0,0.0,0,1469934.0,4,3,3,489978.0,367484.0,367484.0,0.0,1.33,0.0,797.0,504.0,483.0,669.0,669.0,1.0,False,,,,,,,,True,2587,non-rollup institutions
FY2025,IPF10070694,"TOPAZ BIOSCIENCES, INC.",Topaz Biosciences,UNITED STATES,False,1469201.0,1,1,1017100.0,355985.0,0,0.0,0,0,0.0,0,0,0.0,0,1469201.0,1,0.0,0,0.0,0,0.0,0,0.0,0,0.0,0,0.0,0,0.0,0,0.0,0,1469201.0,1,1,1,1469201.0,1469201.0,1469201.0,0.0,1.0,0.0,798.0,1009.0,958.0,669.0,669.0,1.0,False,,,,,,,,True,2587,non-rollup institutions
FY2025,IPF10076608,VEST INC.,Vest,UNITED STATES,False,1464303.0,2,2,1178322.0,196453.0,0,0.0,0,0,0.0,0,0,0.0,0,1464303.0,2,0.0,0,0.0,0,0.0,0,0.0,0,0.0,0,0.0,0,0.0,0,0.0,0,1464303.0,2,1,1,1464303.0,732152.0,732152.0,0.0,2.0,0.0,799.0,698.0,671.0,669.0,669.0,1.0,False,,,,,,,,True,2587,non-rollup institutions
FY2025,IPF10056556,"LUMINARY THERAPEUTICS, INC.",Luminary Therapeutics,UNITED STATES,False,1463315.0,1,1,983965.0,383746.0,0,0.0,0,0,0.0,0,0,0.0,0,1463315.0,1,0.0,0,0.0,0,0.0,0,0.0,0,0.0,0,0.0,0,0.0,0,0.0,0,1463315.0,1,1,1,1463315.0,1463315.0,1463315.0,0.0,1.0,0.0,800.0,1009.0,958.0,669.0,669.0,1.0,False,,,,,,,,True,2587,non-rollup institutions
FY2025,IPF10067660,INSITEHUB LLC,Insitehub,UNITED STATES,False,1461558.0,1,1,1365942.0,0.0,0,0.0,0,0,0.0,0,0,0.0,0,0.0,0,1461558.0,1,0.0,0,0.0,0,0.0,0,0.0,0,0.0,0,0.0,0,0.0,0,1461558.0,1,2,1,730779.0,1461558.0,1461558.0,0.0,0.5,0.0,801.0,1009.0,958.0,669.0,669.0,1.0,False,,,,,,,,True,2587,non-rollup institutions
FY2025,IPF10050165,"STINGRAY THERAPEUTICS, INC.",Stingray Therapeutics,UNITED STATES,False,1460952.0,1,1,1062368.0,313770.0,0,0.0,0,0,0.0,0,0,0.0,0,1460952.0,1,0.0,0,0.0,0,0.0,0,0.0,0,0.0,0,0.0,0,0.0,0,0.0,0,1460952.0,1,3,1,486984.0,1460952.0,1460952.0,0.0,0.33,0.0,802.0,1009.0,958.0,669.0,669.0,1.0,False,,,,,,,,True,2587,non-rollup institutions
FY2025,IPF10055690,VERSAPEUTICS INC,Versapeutics,UNITED STATES,False,1455927.0,1,1,1381000.0,35200.0,0,0.0,0,0,0.0,0,0,0.0,0,1455927.0,1,0.0,0,0.0,0,0.0,0,0.0,0,0.0,0,0.0,0,0.0,0,0.0,0,1455927.0,1,1,1,1455927.0,1455927.0,1455927.0,0.0,1.0,0.0,803.0,1009.0,958.0,669.0,669.0,1.0,False,,,,,,,,True,2587,non-rollup institutions
FY2025,IPF10054693,TEXAS TECH UNIVERSITY HEALTH SCIENCES CENTER AT EL PASO,Texas Tech HSC El Paso,UNITED STATES,False,1455384.0,6,5,960227.0,544600.0,0,794026.0,2,2,0.0,0,0,794026.0,2,249001.0,2,412357.0,2,0.0,0,0.0,0,0.0,0,0.0,0,0.0,0,0.0,0,0.0,0,661358.0,4,5,5,291077.0,291077.0,242564.0,158805.0,1.0,54.6,804.0,433.0,446.0,470.0,414.0,1.0,True,454.0,,,,,,,True,2587,non-rollup institutions
FY2025,IPF10014163,INSTITUT PASTEUR DU CAMBODGE,Institut Pasteur Du Cambodge,CAMBODIA,False,1447968.0,4,3,1374231.0,73737.0,0,1180800.0,3,2,0.0,0,0,1180800.0,3,267168.0,1,0.0,0,0.0,0,0.0,0,0.0,0,0.0,0,0.0,0,0.0,0,0.0,0,267168.0,1,3,1,482656.0,482656.0,361992.0,393600.0,1.0,81.5,805.0,504.0,550.0,432.0,369.0,1.0,False,,,,,,,,True,2587,non-rollup institutions
FY2025,IPF10043085,"CARI HEALTH, INC.",Cari Health,UNITED STATES,False,1447789.0,1,1,985780.0,367294.0,0,0.0,0,0,0.0,0,0,0.0,0,0.0,0,1447789.0,1,0.0,0,0.0,0,0.0,0,0.0,0,0.0,0,0.0,0,0.0,0,1447789.0,1,1,1,1447789.0,1447789.0,1447789.0,0.0,1.0,0.0,806.0,1009.0,958.0,669.0,669.0,1.0,False,,,,,,,,True,2587,non-rollup institutions
FY2025,IPF10074849,IMPLENOMICS LLCS,Implenomics Llcs,UNITED STATES,False,1445919.0,4,2,1206646.0,239273.0,0,586692.0,2,1,0.0,0,0,586692.0,2,0.0,0,859227.0,2,0.0,0,0.0,0,0.0,0,0.0,0,0.0,0,0.0,0,0.0,0,859227.0,2,3,1,481973.0,722960.0,361480.0,195564.0,0.67,40.6,807.0,504.0,671.0,517.0,414.0,1.0,False,,,,,,,,True,2587,non-rollup institutions
FY2025,IPF10051757,ELEVEN THERAPEUTICS CORP,Eleven Therapeutics Corp,UNITED STATES,False,1445013.0,1,1,1333038.0,111975.0,0,0.0,0,0,0.0,0,0,0.0,0,1445013.0,1,0.0,0,0.0,0,0.0,0,0.0,0,0.0,0,0.0,0,0.0,0,0.0,0,1445013.0,1,1,1,1445013.0,1445013.0,1445013.0,0.0,1.0,0.0,808.0,1009.0,958.0,669.0,669.0,1.0,False,,,,,,,,True,2587,non-rollup institutions
FY2025,IPF10027457,"SIGNABLOK, INC.",Signablok,UNITED STATES,False,1444302.0,3,3,1093888.0,266123.0,0,0.0,0,0,0.0,0,0,0.0,0,1444302.0,3,0.0,0,0.0,0,0.0,0,0.0,0,0.0,0,0.0,0,0.0,0,0.0,0,1444302.0,3,1,1,1444302.0,481434.0,481434.0,0.0,3.0,0.0,809.0,578.0,550.0,669.0,669.0,1.0,False,,,,,,,,True,2587,non-rollup institutions
FY2025,IPF10053936,COLLIGA APPS CORP.,Colliga Apps Corp.,UNITED STATES,False,1444181.0,1,1,964073.0,385629.0,0,0.0,0,0,0.0,0,0,0.0,0,0.0,0,0.0,0,0.0,0,0.0,0,0.0,0,0.0,0,0.0,0,1444181.0,1,0.0,0,1444181.0,1,3,1,481394.0,1444181.0,1444181.0,0.0,0.33,0.0,810.0,1009.0,958.0,669.0,669.0,1.0,False,,,,,,,,True,2587,non-rollup institutions
FY2025,IPF957601,UNIVERSITY OF BRITISH COLUMBIA,University of British Columbia,CANADA,False,1441697.0,3,3,1347631.0,94066.0,0,1441697.0,3,3,0.0,0,0,1441697.0,3,0.0,0,0.0,0,0.0,0,0.0,0,0.0,0,0.0,0,0.0,0,0.0,0,0.0,0,0.0,0,5,3,288339.0,480566.0,480566.0,288339.0,0.6,100.0,811.0,578.0,550.0,404.0,369.0,1.0,True,456.0,,,,,,,True,2587,non-rollup institutions
FY2025,IPF6359701,UNIVERSITY OF THE PACIFIC-STOCKTON,University of the Pacific-Stockton,UNITED STATES,False,1440877.0,4,4,1175841.0,265036.0,0,337500.0,1,1,0.0,0,0,337500.0,1,345005.0,2,758372.0,1,0.0,0,0.0,0,0.0,0,0.0,0,0.0,0,0.0,0,0.0,0,1103377.0,3,7,4,205840.0,360219.0,360219.0,48214.0,0.57,23.4,812.0,504.0,483.0,606.0,484.0,1.0,True,496.0,,,,,,,True,2587,non-rollup institutions
FY2025,IPF3988301,ALBERT EINSTEIN HEALTHCARE NETWORK,Albert Einstein Healthcare Network,UNITED STATES,False,1440371.0,3,3,1059898.0,380473.0,0,1440371.0,3,3,0.0,0,0,1440371.0,3,0.0,0,0.0,0,0.0,0,0.0,0,0.0,0,0.0,0,0.0,0,0.0,0,0.0,0,0.0,0,4,2,360093.0,480124.0,480124.0,360093.0,0.75,100.0,813.0,578.0,550.0,405.0,369.0,1.0,False,,,,,,,,True,2587,non-rollup institutions
FY2025,IPF10051832,"ILUMINOS THERAPEUTICS, LLC",Iluminos Therapeutics,UNITED STATES,False,1428499.0,1,1,1421499.0,0.0,0,0.0,0,0,0.0,0,0,0.0,0,1428499.0,1,0.0,0,0.0,0,0.0,0,0.0,0,0.0,0,0.0,0,0.0,0,0.0,0,1428499.0,1,2,1,714250.0,1428499.0,1428499.0,0.0,0.5,0.0,814.0,1009.0,958.0,669.0,669.0,1.0,False,,,,,,,,True,2587,non-rollup institutions
FY2025,IPF10047239,"DREAM FACE TECHNOLOGIES, LLC",Dream Face Technologies,UNITED STATES,False,1425801.0,1,1,1165198.0,179040.0,0,0.0,0,0,0.0,0,0,0.0,0,0.0,0,0.0,0,0.0,0,0.0,0,0.0,0,0.0,0,0.0,0,1425801.0,1,0.0,0,1425801.0,1,1,1,1425801.0,1425801.0,1425801.0,0.0,1.0,0.0,815.0,1009.0,958.0,669.0,669.0,1.0,False,,,,,,,,True,2587,non-rollup institutions
FY2025,IPF10042599,"SYNTHIS THERAPEUTICS, INC.",Synthis Therapeutics,UNITED STATES,False,1420853.0,1,1,948500.0,379400.0,0,0.0,0,0,0.0,0,0,0.0,0,1420853.0,1,0.0,0,0.0,0,0.0,0,0.0,0,0.0,0,0.0,0,0.0,0,0.0,0,1420853.0,1,1,1,1420853.0,1420853.0,1420853.0,0.0,1.0,0.0,816.0,1009.0,958.0,669.0,669.0,1.0,False,,,,,,,,True,2587,non-rollup institutions
FY2025,IPF10054079,"EYDIS BIO, INC.",Eydis Bio,UNITED STATES,False,1417658.0,1,1,946367.0,378547.0,0,0.0,0,0,0.0,0,0,0.0,0,1417658.0,1,0.0,0,0.0,0,0.0,0,0.0,0,0.0,0,0.0,0,0.0,0,0.0,0,1417658.0,1,2,1,708829.0,1417658.0,1417658.0,0.0,0.5,0.0,817.0,1009.0,958.0,669.0,669.0,1.0,False,,,,,,,,True,2587,non-rollup institutions
FY2025,IPF3445201,HOSPITAL FOR SICK CHLDRN (TORONTO),Hospital for Sick Chldrn (Toronto),CANADA,False,1417340.0,2,2,1370187.0,47153.0,0,1417340.0,2,2,0.0,0,0,1417340.0,2,0.0,0,0.0,0,0.0,0,0.0,0,0.0,0,0.0,0,0.0,0,0.0,0,0.0,0,0.0,0,5,2,283468.0,708670.0,708670.0,283468.0,0.4,100.0,818.0,698.0,671.0,407.0,414.0,1.0,True,458.0,,,,,,,True,2587,non-rollup institutions
FY2025,IPF10079768,NEST GENOMICS,Nest Genomics,UNITED STATES,False,1417015.0,2,2,1417015.0,0.0,0,0.0,0,0,0.0,0,0,0.0,0,1417015.0,2,0.0,0,0.0,0,0.0,0,0.0,0,0.0,0,0.0,0,0.0,0,0.0,0,1417015.0,2,2,1,708508.0,708508.0,708508.0,0.0,1.0,0.0,819.0,698.0,671.0,669.0,669.0,1.0,False,,,,,,,,True,2587,non-rollup institutions
FY2025,IPF10061518,"INNOTECH PRECISION MEDICINE, INC",Innotech Precision Medicine,UNITED STATES,False,1414853.0,1,1,944583.0,377833.0,0,0.0,0,0,0.0,0,0,0.0,0,1414853.0,1,0.0,0,0.0,0,0.0,0,0.0,0,0.0,0,0.0,0,0.0,0,0.0,0,1414853.0,1,1,1,1414853.0,1414853.0,1414853.0,0.0,1.0,0.0,820.0,1009.0,958.0,669.0,669.0,1.0,False,,,,,,,,True,2587,non-rollup institutions
FY2025,IPF10052338,"MAPHABIT, INC.",Maphabit,UNITED STATES,False,1414367.0,1,1,979139.0,342699.0,0,0.0,0,0,0.0,0,0,0.0,0,0.0,0,0.0,0,0.0,0,0.0,0,0.0,0,0.0,0,0.0,0,1414367.0,1,0.0,0,1414367.0,1,1,1,1414367.0,1414367.0,1414367.0,0.0,1.0,0.0,821.0,1009.0,958.0,669.0,669.0,1.0,False,,,,,,,,True,2587,non-rollup institutions
FY2025,IPF10049888,"BEDROCK THERAPEUTICS, INC.",Bedrock Therapeutics,UNITED STATES,False,1409384.0,3,3,1076209.0,242652.0,0,0.0,0,0,0.0,0,0,0.0,0,1409384.0,3,0.0,0,0.0,0,0.0,0,0.0,0,0.0,0,0.0,0,0.0,0,0.0,0,1409384.0,3,4,2,352346.0,469795.0,469795.0,0.0,0.75,0.0,822.0,578.0,550.0,669.0,669.0,1.0,False,,,,,,,,True,2587,non-rollup institutions
FY2025,IPF10029700,"NEONC TECHNOLOGIES, INC.",Neonc Technologies,UNITED STATES,False,1407610.0,2,2,1289276.0,118334.0,0,0.0,0,0,0.0,0,0,0.0,0,1407610.0,2,0.0,0,0.0,0,0.0,0,0.0,0,0.0,0,0.0,0,0.0,0,0.0,0,1407610.0,2,2,1,703805.0,703805.0,703805.0,0.0,1.0,0.0,823.0,698.0,671.0,669.0,669.0,1.0,False,,,,,,,,True,2587,non-rollup institutions
FY2025,IPF10079740,SERODOPA THERAPEUTICS INC,Serodopa Therapeutics,UNITED STATES,False,1407382.0,1,1,939507.0,375803.0,0,0.0,0,0,0.0,0,0,0.0,0,1407382.0,1,0.0,0,0.0,0,0.0,0,0.0,0,0.0,0,0.0,0,0.0,0,0.0,0,1407382.0,1,1,1,1407382.0,1407382.0,1407382.0,0.0,1.0,0.0,824.0,1009.0,958.0,669.0,669.0,1.0,False,,,,,,,,True,2587,non-rollup institutions
FY2025,IPF10047395,"WEARABLE ARTIFICIAL ORGANS, INC.",Wearable Artificial Organs,UNITED STATES,False,1407179.0,1,1,1138633.0,176488.0,0,0.0,0,0,0.0,0,0,0.0,0,1407179.0,1,0.0,0,0.0,0,0.0,0,0.0,0,0.0,0,0.0,0,0.0,0,0.0,0,1407179.0,1,1,1,1407179.0,1407179.0,1407179.0,0.0,1.0,0.0,825.0,1009.0,958.0,669.0,669.0,1.0,False,,,,,,,,True,2587,non-rollup institutions
FY2025,IPF10066543,"NEURO42, INC.",Neuro42,UNITED STATES,False,1406081.0,1,1,1227318.0,178763.0,0,0.0,0,0,0.0,0,0,0.0,0,0.0,0,1406081.0,1,0.0,0,0.0,0,0.0,0,0.0,0,0.0,0,0.0,0,0.0,0,1406081.0,1,2,1,703040.0,1406081.0,1406081.0,0.0,0.5,0.0,826.0,1009.0,958.0,669.0,669.0,1.0,False,,,,,,,,True,2587,non-rollup institutions
FY2025,IPF1658901,IOWA ONCOLOGY RESEARCH ASSOCIATION,Iowa Oncology Research Association,UNITED STATES,False,1404029.0,1,1,1404029.0,0.0,0,0.0,0,0,0.0,0,0,0.0,0,0.0,0,1404029.0,1,0.0,0,0.0,0,0.0,0,0.0,0,0.0,0,0.0,0,0.0,0,1404029.0,1,2,1,702014.0,1404029.0,1404029.0,0.0,0.5,0.0,827.0,1009.0,958.0,669.0,669.0,1.0,False,,,,,,,,True,2587,non-rollup institutions
FY2025,IPF10004387,ROGOSIN INSTITUTE,Rogosin Institute,UNITED STATES,False,1403957.0,1,1,1311576.0,92381.0,0,0.0,0,0,0.0,0,0,0.0,0,1403957.0,1,0.0,0,0.0,0,0.0,0,0.0,0,0.0,0,0.0,0,0.0,0,0.0,0,1403957.0,1,5,1,280791.0,1403957.0,1403957.0,0.0,0.2,0.0,828.0,1009.0,958.0,669.0,669.0,1.0,True,461.0,,,,,,,True,2587,non-rollup institutions
FY2025,IPF10002641,"FRONTIER SCI & TECHNOLOGY RSCH FDN, INC",Frontier Sciences & Technology Rsch Foundation,UNITED STATES,False,1403040.0,1,1,2125260.0,192638.0,0,0.0,0,0,0.0,0,0,0.0,0,0.0,0,1403040.0,1,0.0,0,0.0,0,0.0,0,0.0,0,0.0,0,0.0,0,0.0,0,1403040.0,1,1,1,1403040.0,1403040.0,1403040.0,0.0,1.0,0.0,829.0,1009.0,958.0,669.0,669.0,1.0,False,,,,,,,,True,2587,non-rollup institutions
FY2025,IPF10061622,CAMBIUM ONCOLOGY LLC,Cambium Oncology,UNITED STATES,False,1400832.0,2,2,1254266.0,72724.0,0,0.0,0,0,0.0,0,0,0.0,0,1400832.0,2,0.0,0,0.0,0,0.0,0,0.0,0,0.0,0,0.0,0,0.0,0,0.0,0,1400832.0,2,3,1,466944.0,700416.0,700416.0,0.0,0.67,0.0,830.0,698.0,671.0,669.0,669.0,1.0,False,,,,,,,,True,2587,non-rollup institutions
FY2025,IPF10051796,"TRANSLUCENCE BIOSYSTEMS, INC.",Translucence Biosystems,UNITED STATES,False,1400651.0,1,1,943325.0,367330.0,0,0.0,0,0,0.0,0,0,0.0,0,1400651.0,1,0.0,0,0.0,0,0.0,0,0.0,0,0.0,0,0.0,0,0.0,0,0.0,0,1400651.0,1,1,1,1400651.0,1400651.0,1400651.0,0.0,1.0,0.0,831.0,1009.0,958.0,669.0,669.0,1.0,False,,,,,,,,True,2587,non-rollup institutions
FY2025,IPF10053389,"KUBANDA CRYOTHERAPY, INC.",Kubanda Cryotherapy,UNITED STATES,False,1399357.0,1,1,1056723.0,251087.0,0,0.0,0,0,0.0,0,0,0.0,0,1399357.0,1,0.0,0,0.0,0,0.0,0,0.0,0,0.0,0,0.0,0,0.0,0,0.0,0,1399357.0,1,1,1,1399357.0,1399357.0,1399357.0,0.0,1.0,0.0,832.0,1009.0,958.0,669.0,669.0,1.0,False,,,,,,,,True,2587,non-rollup institutions
FY2025,IPF1274802,INOVA HEALTH CARE SERVICES,Inova Health Care Services,UNITED STATES,False,1396569.0,3,3,987623.0,408946.0,0,1386569.0,2,2,0.0,0,0,1386569.0,2,10000.0,1,0.0,0,0.0,0,0.0,0,0.0,0,0.0,0,0.0,0,0.0,0,0.0,0,10000.0,1,4,3,349142.0,465523.0,465523.0,346642.0,0.75,99.3,833.0,578.0,550.0,410.0,414.0,1.0,False,,,,,,,,True,2587,non-rollup institutions
FY2025,IPF10036236,"AMYDIS DIAGNOSTICS, INC.",Amydis Diagnostics,UNITED STATES,False,1388697.0,1,1,1084706.0,213142.0,0,0.0,0,0,0.0,0,0,0.0,0,1388697.0,1,0.0,0,0.0,0,0.0,0,0.0,0,0.0,0,0.0,0,0.0,0,0.0,0,1388697.0,1,1,1,1388697.0,1388697.0,1388697.0,0.0,1.0,0.0,834.0,1009.0,958.0,669.0,669.0,1.0,False,,,,,,,,True,2587,non-rollup institutions
FY2025,IPF10064824,"OUTLIER TECHNOLOGY, LLC",Outlier Technology,UNITED STATES,False,1383492.0,1,1,1077532.0,218750.0,0,0.0,0,0,0.0,0,0,0.0,0,1383492.0,1,0.0,0,0.0,0,0.0,0,0.0,0,0.0,0,0.0,0,0.0,0,0.0,0,1383492.0,1,1,1,1383492.0,1383492.0,1383492.0,0.0,1.0,0.0,835.0,1009.0,958.0,669.0,669.0,1.0,False,,,,,,,,True,2587,non-rollup institutions
FY2025,IPF10002797,FUNDACAO OSWALDO CRUZ,Fundacao Oswaldo Cruz,BRAZIL,False,1381715.0,3,3,1754964.0,138295.0,0,512142.0,2,2,0.0,0,0,512142.0,2,0.0,0,869573.0,1,0.0,0,0.0,0,0.0,0,0.0,0,0.0,0,0.0,0,0.0,0,869573.0,1,4,3,345429.0,460572.0,460572.0,128036.0,0.75,37.1,836.0,578.0,550.0,547.0,414.0,1.0,False,,,,,,,,True,2587,non-rollup institutions
FY2025,IPF10081898,PERSISTA BIO INC,Persista Bio,UNITED STATES,False,1381217.0,2,2,1150074.0,140783.0,0,0.0,0,0,0.0,0,0,0.0,0,1381217.0,2,0.0,0,0.0,0,0.0,0,0.0,0,0.0,0,0.0,0,0.0,0,0.0,0,1381217.0,2,2,2,690608.0,690608.0,690608.0,0.0,1.0,0.0,837.0,698.0,671.0,669.0,669.0,1.0,False,,,,,,,,True,2587,non-rollup institutions
FY2025,IPF10069505,"CELLIA SCIENCE, INC.",Cellia Science,UNITED STATES,False,1381015.0,2,2,951215.0,339453.0,0,0.0,0,0,0.0,0,0,0.0,0,1381015.0,2,0.0,0,0.0,0,0.0,0,0.0,0,0.0,0,0.0,0,0.0,0,0.0,0,1381015.0,2,1,1,1381015.0,690508.0,690508.0,0.0,2.0,0.0,838.0,698.0,671.0,669.0,669.0,1.0,False,,,,,,,,True,2587,non-rollup institutions
FY2025,IPF10013439,"ACTUATED MEDICAL, INC.",Actuated Medical,UNITED STATES,False,1379360.0,1,1,1016061.0,273181.0,0,0.0,0,0,0.0,0,0,0.0,0,1379360.0,1,0.0,0,0.0,0,0.0,0,0.0,0,0.0,0,0.0,0,0.0,0,0.0,0,1379360.0,1,1,1,1379360.0,1379360.0,1379360.0,0.0,1.0,0.0,839.0,1009.0,958.0,669.0,669.0,1.0,False,,,,,,,,True,2587,non-rollup institutions
FY2025,IPF10028061,"PDX PHARMACEUTICALS, INC.",Pdx Pharmaceuticals,UNITED STATES,False,1377599.0,2,2,963499.0,337225.0,0,0.0,0,0,0.0,0,0,0.0,0,1288251.0,1,0.0,0,0.0,0,0.0,0,0.0,0,0.0,0,0.0,0,89348.0,1,0.0,0,1377599.0,2,2,1,688800.0,688800.0,688800.0,0.0,1.0,0.0,840.0,698.0,671.0,669.0,669.0,1.0,False,,,,,,,,True,2587,non-rollup institutions
FY2025,IPF10053372,"IPACES, LLC",Ipaces,UNITED STATES,False,1373201.0,1,1,992085.0,291280.0,0,0.0,0,0,0.0,0,0,0.0,0,1373201.0,1,0.0,0,0.0,0,0.0,0,0.0,0,0.0,0,0.0,0,0.0,0,0.0,0,1373201.0,1,10,1,137320.0,1373201.0,1373201.0,0.0,0.1,0.0,841.0,1009.0,958.0,669.0,669.0,1.0,True,523.0,,,,,,,True,2587,non-rollup institutions
FY2025,IPF10004772,"ESTENDA SOLUTIONS, INC.",Estenda Solutions,UNITED STATES,False,1372201.0,1,1,1078397.0,204034.0,0,0.0,0,0,0.0,0,0,0.0,0,1372201.0,1,0.0,0,0.0,0,0.0,0,0.0,0,0.0,0,0.0,0,0.0,0,0.0,0,1372201.0,1,3,1,457400.0,1372201.0,1372201.0,0.0,0.33,0.0,842.0,1009.0,958.0,669.0,669.0,1.0,False,,,,,,,,True,2587,non-rollup institutions
FY2025,IPF3340302,"ISA ASSOCIATES, INC.",Isa Associates,UNITED STATES,False,1371620.0,3,3,913774.0,368675.0,0,0.0,0,0,0.0,0,0,0.0,0,1371620.0,3,0.0,0,0.0,0,0.0,0,0.0,0,0.0,0,0.0,0,0.0,0,0.0,0,1371620.0,3,3,3,457207.0,457207.0,457207.0,0.0,1.0,0.0,843.0,578.0,550.0,669.0,669.0,1.0,False,,,,,,,,True,2587,non-rollup institutions
FY2025,IPF10040245,SPOC PROTEOMICS INC.,Spoc Proteomics,UNITED STATES,False,1370834.0,1,1,1197495.0,173339.0,0,0.0,0,0,0.0,0,0,0.0,0,1370834.0,1,0.0,0,0.0,0,0.0,0,0.0,0,0.0,0,0.0,0,0.0,0,0.0,0,1370834.0,1,1,1,1370834.0,1370834.0,1370834.0,0.0,1.0,0.0,844.0,1009.0,958.0,669.0,669.0,1.0,False,,,,,,,,True,2587,non-rollup institutions
FY2025,IPF8991801,VISITING NURSE SERVICE OF NEW YORK,Visiting Nurse Service of New York,UNITED STATES,False,1367159.0,3,3,971640.0,395519.0,0,1234238.0,2,2,0.0,0,0,1234238.0,2,0.0,0,0.0,0,0.0,0,132921.0,1,0.0,0,0.0,0,0.0,0,0.0,0,0.0,0,132921.0,1,4,3,341790.0,455720.0,455720.0,308560.0,0.75,90.3,845.0,578.0,550.0,426.0,414.0,1.0,False,,,,,,,,True,2587,non-rollup institutions
FY2025,IPF4569301,MUHIMBILI UNIVERSITY/ ALLIED HLTH SCIS,Muhimbili University/ Allied Health Sciences,TANZANIA U REP,False,1367022.0,5,5,1277693.0,89329.0,0,133231.0,1,1,0.0,0,0,133231.0,1,0.0,0,863004.0,2,0.0,0,98974.0,1,0.0,0,0.0,0,0.0,0,271813.0,1,0.0,0,1233791.0,4,6,5,227837.0,273404.0,273404.0,22205.0,0.83,9.7,846.0,458.0,446.0,653.0,484.0,1.0,True,488.0,,,,,,,True,2587,non-rollup institutions
FY2025,IPF10010922,MU-JHU CARE,Mu-Jhu Care,UGANDA,False,1365978.0,6,3,1267518.0,98460.0,0,0.0,0,0,0.0,0,0,0.0,0,0.0,0,962849.0,4,0.0,0,0.0,0,0.0,0,0.0,0,0.0,0,403129.0,2,0.0,0,1365978.0,6,4,2,341494.0,455326.0,227663.0,0.0,0.75,0.0,847.0,433.0,550.0,669.0,669.0,1.0,False,,,,,,,,True,2587,non-rollup institutions
FY2025,IPF10043326,"TIBA BIOTECH, LLC",Tiba Biotech,UNITED STATES,False,1365015.0,2,2,916303.0,366521.0,0,0.0,0,0,0.0,0,0,0.0,0,1365015.0,2,0.0,0,0.0,0,0.0,0,0.0,0,0.0,0,0.0,0,0.0,0,0.0,0,1365015.0,2,1,1,1365015.0,682508.0,682508.0,0.0,2.0,0.0,848.0,698.0,671.0,669.0,669.0,1.0,False,,,,,,,,True,2587,non-rollup institutions
FY2025,IPF10080807,"VESTECK, INC",Vesteck,UNITED STATES,False,1364080.0,1,1,1058900.0,232680.0,0,0.0,0,0,0.0,0,0,0.0,0,1364080.0,1,0.0,0,0.0,0,0.0,0,0.0,0,0.0,0,0.0,0,0.0,0,0.0,0,1364080.0,1,1,1,1364080.0,1364080.0,1364080.0,0.0,1.0,0.0,849.0,1009.0,958.0,669.0,669.0,1.0,False,,,,,,,,True,2587,non-rollup institutions
FY2025,IPF1274901,CENTRAL MICHIGAN UNIVERSITY,Central Michigan University,UNITED STATES,False,1363983.0,7,6,1025297.0,338686.0,0,296404.0,1,1,0.0,0,0,296404.0,1,897803.0,5,0.0,0,0.0,0,169776.0,1,0.0,0,0.0,0,0.0,0,0.0,0,0.0,0,1067579.0,6,7,6,194855.0,227330.0,194855.0,42343.0,0.86,21.7,850.0,410.0,417.0,624.0,484.0,1.0,True,504.0,,,,,,,True,2587,non-rollup institutions
FY2025,IPF457301,PRISMA HEALTH - UPSTATE,Prisma Health - Upstate,UNITED STATES,False,1363029.0,1,1,871502.0,491527.0,0,0.0,0,0,0.0,0,0,0.0,0,0.0,0,1363029.0,1,0.0,0,0.0,0,0.0,0,0.0,0,0.0,0,0.0,0,0.0,0,1363029.0,1,1,1,1363029.0,1363029.0,1363029.0,0.0,1.0,0.0,851.0,1009.0,958.0,669.0,669.0,1.0,False,,,,,,,,True,2587,non-rollup institutions
FY2025,IPF3535001,"COLLEGE OF MEDICINE, UNIVERSITY OF IBADAN","College of Medicine, University of Ibadan",NIGERIA,False,1360665.0,5,5,1274883.0,85782.0,0,387617.0,1,1,0.0,0,0,387617.0,1,223813.0,1,676780.0,2,0.0,0,72455.0,1,0.0,0,0.0,0,0.0,0,0.0,0,0.0,0,973048.0,4,10,4,136066.0,272133.0,272133.0,38762.0,0.5,28.5,852.0,458.0,446.0,591.0,484.0,1.0,True,525.0,,,,,,,True,2587,non-rollup institutions
FY2025,IPF4888701,"MASONIC MEDICAL RESEARCH LABORATORY, INC",Masonic Medical Research Laboratory,UNITED STATES,False,1360599.0,2,2,755452.0,605147.0,0,1360599.0,2,2,0.0,0,0,1360599.0,2,0.0,0,0.0,0,0.0,0,0.0,0,0.0,0,0.0,0,0.0,0,0.0,0,0.0,0,0.0,0,2,2,680300.0,680300.0,680300.0,680300.0,1.0,100.0,853.0,698.0,671.0,413.0,414.0,1.0,False,,,,,,,,True,2587,non-rollup institutions
FY2025,IPF10017624,"OZARK HEALTH VENTURES, LLC",Ozark Health Ventures,UNITED STATES,False,1359308.0,1,1,1359308.0,0.0,0,0.0,0,0,0.0,0,0,0.0,0,0.0,0,1359308.0,1,0.0,0,0.0,0,0.0,0,0.0,0,0.0,0,0.0,0,0.0,0,1359308.0,1,1,1,1359308.0,1359308.0,1359308.0,0.0,1.0,0.0,854.0,1009.0,958.0,669.0,669.0,1.0,False,,,,,,,,True,2587,non-rollup institutions
FY2025,IPF10039980,"CHAMPAIGN IMAGING, LLC",Champaign Imaging,UNITED STATES,False,1358125.0,1,1,1039724.0,234863.0,0,0.0,0,0,0.0,0,0,0.0,0,1358125.0,1,0.0,0,0.0,0,0.0,0,0.0,0,0.0,0,0.0,0,0.0,0,0.0,0,1358125.0,1,1,1,1358125.0,1358125.0,1358125.0,0.0,1.0,0.0,855.0,1009.0,958.0,669.0,669.0,1.0,False,,,,,,,,True,2587,non-rollup institutions
FY2025,IPF10036223,RUSH RIVER RESEARCH CORPORATION,Rush River Research Corporation,UNITED STATES,False,1356446.0,2,2,949773.0,317934.0,0,0.0,0,0,0.0,0,0,0.0,0,1356446.0,2,0.0,0,0.0,0,0.0,0,0.0,0,0.0,0,0.0,0,0.0,0,0.0,0,1356446.0,2,1,1,1356446.0,678223.0,678223.0,0.0,2.0,0.0,856.0,698.0,671.0,669.0,669.0,1.0,False,,,,,,,,True,2587,non-rollup institutions
FY2025,IPF713201,"GREAT LAKES INTER-TRIBAL COUNCIL, INC.",Great Lakes Inter-Tribal Council,UNITED STATES,False,1356031.0,3,3,1240397.0,115634.0,0,0.0,0,0,0.0,0,0,0.0,0,0.0,0,0.0,0,0.0,0,0.0,0,0.0,0,0.0,0,0.0,0,1356031.0,3,0.0,0,1356031.0,3,6,3,226005.0,452010.0,452010.0,0.0,0.5,0.0,857.0,578.0,550.0,669.0,669.0,1.0,True,490.0,,,,,,,True,2587,non-rollup institutions
FY2025,IPF4216101,KAROLINSKA INSTITUTE,Karolinska Institute,SWEDEN,False,1354686.0,4,4,1275645.0,79041.0,0,1207562.0,3,3,0.0,0,0,1207562.0,3,147124.0,1,0.0,0,0.0,0,0.0,0,0.0,0,0.0,0,0.0,0,0.0,0,0.0,0,147124.0,1,8,4,169336.0,338672.0,338672.0,150945.0,0.5,89.1,858.0,504.0,483.0,428.0,369.0,1.0,True,515.0,,,,,,,True,2587,non-rollup institutions
FY2025,IPF1643201,INTERNATIONAL CHEMICAL WORKERS UNION,International Chemical Workers Union,UNITED STATES,False,1350644.0,1,1,1392997.0,108015.0,0,0.0,0,0,0.0,0,0,0.0,0,0.0,0,1350644.0,1,0.0,0,0.0,0,0.0,0,0.0,0,0.0,0,0.0,0,0.0,0,1350644.0,1,2,1,675322.0,1350644.0,1350644.0,0.0,0.5,0.0,859.0,1009.0,958.0,669.0,669.0,1.0,False,,,,,,,,True,2587,non-rollup institutions
FY2025,IPF1379901,"GINER, INC.",Giner,UNITED STATES,False,1348360.0,2,2,576274.0,685494.0,0,0.0,0,0,0.0,0,0,0.0,0,1348360.0,2,0.0,0,0.0,0,0.0,0,0.0,0,0.0,0,0.0,0,0.0,0,0.0,0,1348360.0,2,2,2,674180.0,674180.0,674180.0,0.0,1.0,0.0,860.0,698.0,671.0,669.0,669.0,1.0,False,,,,,,,,True,2587,non-rollup institutions
FY2025,IPF10059129,"SOTERYA, INC.",Soterya,UNITED STATES,False,1348207.0,1,1,1328912.0,3295.0,0,0.0,0,0,0.0,0,0,0.0,0,1348207.0,1,0.0,0,0.0,0,0.0,0,0.0,0,0.0,0,0.0,0,0.0,0,0.0,0,1348207.0,1,2,1,674104.0,1348207.0,1348207.0,0.0,0.5,0.0,861.0,1009.0,958.0,669.0,669.0,1.0,False,,,,,,,,True,2587,non-rollup institutions
FY2025,IPF10076287,"APERTURE BIO, INC.",Aperture Bio,UNITED STATES,False,1347266.0,2,2,951879.0,307248.0,0,0.0,0,0,0.0,0,0,0.0,0,1347266.0,2,0.0,0,0.0,0,0.0,0,0.0,0,0.0,0,0.0,0,0.0,0,0.0,0,1347266.0,2,1,1,1347266.0,673633.0,673633.0,0.0,2.0,0.0,862.0,698.0,671.0,669.0,669.0,1.0,False,,,,,,,,True,2587,non-rollup institutions
FY2025,IPF10027405,"AGENEBIO, INC.",Agenebio,UNITED STATES,False,1346400.0,2,1,1224000.0,122400.0,0,0.0,0,0,0.0,0,0,0.0,0,0.0,0,1346400.0,2,0.0,0,0.0,0,0.0,0,0.0,0,0.0,0,0.0,0,0.0,0,1346400.0,2,1,1,1346400.0,1346400.0,673200.0,0.0,1.0,0.0,863.0,698.0,958.0,669.0,669.0,1.0,False,,,,,,,,True,2587,non-rollup institutions
FY2025,IPF10080445,KOI BIOTHERAPEUTICS INC.,Koi Biotherapeutics,UNITED STATES,False,1340987.0,1,1,1162551.0,143900.0,0,0.0,0,0,0.0,0,0,0.0,0,1340987.0,1,0.0,0,0.0,0,0.0,0,0.0,0,0.0,0,0.0,0,0.0,0,0.0,0,1340987.0,1,1,1,1340987.0,1340987.0,1340987.0,0.0,1.0,0.0,864.0,1009.0,958.0,669.0,669.0,1.0,False,,,,,,,,True,2587,non-rollup institutions
FY2025,IPF10031519,"RIDGELINE THERAPEUTICS, LLC",Ridgeline Therapeutics,UNITED STATES,False,1339717.0,1,1,894337.0,357735.0,0,0.0,0,0,0.0,0,0,0.0,0,1339717.0,1,0.0,0,0.0,0,0.0,0,0.0,0,0.0,0,0.0,0,0.0,0,0.0,0,1339717.0,1,1,1,1339717.0,1339717.0,1339717.0,0.0,1.0,0.0,865.0,1009.0,958.0,669.0,669.0,1.0,False,,,,,,,,True,2587,non-rollup institutions
FY2025,IPF10036066,"ADAMAS NANOTECHNOLOGIES, INC.",Adamas Nanotechnologies,UNITED STATES,False,1339581.0,3,3,1105731.0,168412.0,0,332818.0,1,1,0.0,0,0,332818.0,1,1006763.0,2,0.0,0,0.0,0,0.0,0,0.0,0,0.0,0,0.0,0,0.0,0,0.0,0,1006763.0,2,3,2,446527.0,446527.0,446527.0,110939.0,1.0,24.8,866.0,578.0,550.0,609.0,484.0,1.0,False,,,,,,,,True,2587,non-rollup institutions
FY2025,IPF4505101,"TISSUEVISION, INC.",Tissuevision,UNITED STATES,False,1335696.0,1,1,975204.0,301738.0,0,0.0,0,0,0.0,0,0,0.0,0,1335696.0,1,0.0,0,0.0,0,0.0,0,0.0,0,0.0,0,0.0,0,0.0,0,0.0,0,1335696.0,1,1,1,1335696.0,1335696.0,1335696.0,0.0,1.0,0.0,867.0,1009.0,958.0,669.0,669.0,1.0,False,,,,,,,,True,2587,non-rollup institutions
FY2025,IPF10038623,"AIVOCODE, LLP",Aivocode,UNITED STATES,False,1331776.0,2,2,1000668.0,249783.0,0,0.0,0,0,0.0,0,0,0.0,0,1331776.0,2,0.0,0,0.0,0,0.0,0,0.0,0,0.0,0,0.0,0,0.0,0,0.0,0,1331776.0,2,2,2,665888.0,665888.0,665888.0,0.0,1.0,0.0,868.0,698.0,671.0,669.0,669.0,1.0,False,,,,,,,,True,2587,non-rollup institutions
FY2025,IPF10054187,"ILLEXCOR THERAPEUTICS, LLC",Illexcor Therapeutics,UNITED STATES,False,1327610.0,2,2,1098478.0,165738.0,0,0.0,0,0,0.0,0,0,0.0,0,1327610.0,2,0.0,0,0.0,0,0.0,0,0.0,0,0.0,0,0.0,0,0.0,0,0.0,0,1327610.0,2,1,1,1327610.0,663805.0,663805.0,0.0,2.0,0.0,869.0,698.0,671.0,669.0,669.0,1.0,False,,,,,,,,True,2587,non-rollup institutions
FY2025,IPF10051334,"FAKNOSTICS, LLC",Faknostics,UNITED STATES,False,1327087.0,2,2,1051954.0,188430.0,0,0.0,0,0,0.0,0,0,0.0,0,1327087.0,2,0.0,0,0.0,0,0.0,0,0.0,0,0.0,0,0.0,0,0.0,0,0.0,0,1327087.0,2,4,1,331772.0,663544.0,663544.0,0.0,0.5,0.0,870.0,698.0,671.0,669.0,669.0,1.0,False,,,,,,,,True,2587,non-rollup institutions
FY2025,IPF10066556,DATA DRIVEN BIOSCIENCE INC,Data Driven Bioscience,UNITED STATES,False,1323523.0,2,2,883526.0,353411.0,0,0.0,0,0,0.0,0,0,0.0,0,1323523.0,2,0.0,0,0.0,0,0.0,0,0.0,0,0.0,0,0.0,0,0.0,0,0.0,0,1323523.0,2,2,1,661762.0,661762.0,661762.0,0.0,1.0,0.0,871.0,698.0,671.0,669.0,669.0,1.0,False,,,,,,,,True,2587,non-rollup institutions
FY2025,IPF10035217,"ARBOR MEDICAL INNOVATIONS, LLC",Arbor Medical Innovations,UNITED STATES,False,1322811.0,1,1,940304.0,295968.0,0,0.0,0,0,0.0,0,0,0.0,0,0.0,0,1322811.0,1,0.0,0,0.0,0,0.0,0,0.0,0,0.0,0,0.0,0,0.0,0,1322811.0,1,1,1,1322811.0,1322811.0,1322811.0,0.0,1.0,0.0,872.0,1009.0,958.0,669.0,669.0,1.0,False,,,,,,,,True,2587,non-rollup institutions
FY2025,IPF7693101,SPELMAN COLLEGE,Spelman College,UNITED STATES,False,1320898.0,3,3,1126737.0,194161.0,0,610923.0,1,1,0.0,0,0,610923.0,1,0.0,0,483620.0,1,0.0,0,226355.0,1,0.0,0,0.0,0,0.0,0,0.0,0,0.0,0,709975.0,2,3,3,440299.0,440299.0,440299.0,203641.0,1.0,46.3,873.0,578.0,550.0,511.0,484.0,1.0,False,,,,,,,,True,2587,non-rollup institutions
FY2025,IPF10054964,TEZCAT LABORATORIES LLC,Tezcat Laboratories,UNITED STATES,False,1318850.0,2,2,962204.0,273114.0,0,0.0,0,0,0.0,0,0,0.0,0,1318850.0,2,0.0,0,0.0,0,0.0,0,0.0,0,0.0,0,0.0,0,0.0,0,0.0,0,1318850.0,2,1,1,1318850.0,659425.0,659425.0,0.0,2.0,0.0,874.0,698.0,671.0,669.0,669.0,1.0,False,,,,,,,,True,2587,non-rollup institutions
FY2025,IPF2988701,GORDON RESEARCH CONFERENCES,Gordon Research Conferences,UNITED STATES,False,1317714.0,76,76,1317714.0,0.0,0,0.0,0,0,0.0,0,0,0.0,0,1317714.0,76,0.0,0,0.0,0,0.0,0,0.0,0,0.0,0,0.0,0,0.0,0,0.0,0,1317714.0,76,78,76,16894.0,17338.0,17338.0,0.0,0.97,0.0,875.0,153.0,148.0,669.0,669.0,1.0,True,540.0,,,,,,,True,2587,non-rollup institutions
FY2025,IPF10028523,QUSPIN,Quspin,UNITED STATES,False,1315183.0,1,1,729244.0,504627.0,0,0.0,0,0,0.0,0,0,0.0,0,0.0,0,0.0,0,0.0,0,0.0,0,0.0,0,0.0,0,0.0,0,1315183.0,1,0.0,0,1315183.0,1,1,1,1315183.0,1315183.0,1315183.0,0.0,1.0,0.0,876.0,1009.0,958.0,669.0,669.0,1.0,False,,,,,,,,True,2587,non-rollup institutions
FY2025,IPF9025008,CARDIFF UNIVERSITY,Cardiff University,UNITED KINGDOM,False,1314216.0,3,3,1238854.0,75362.0,0,1314216.0,3,3,0.0,0,0,1314216.0,3,0.0,0,0.0,0,0.0,0,0.0,0,0.0,0,0.0,0,0.0,0,0.0,0,0.0,0,0.0,0,12,3,109518.0,438072.0,438072.0,109518.0,0.25,100.0,877.0,578.0,550.0,419.0,369.0,1.0,True,529.0,,,,,,,True,2587,non-rollup institutions
FY2025,IPF10017096,"LECTENZ BIO, INC.",Lectenz Bio,UNITED STATES,False,1313800.0,2,2,897216.0,332118.0,0,0.0,0,0,0.0,0,0,0.0,0,1313800.0,2,0.0,0,0.0,0,0.0,0,0.0,0,0.0,0,0.0,0,0.0,0,0.0,0,1313800.0,2,2,2,656900.0,656900.0,656900.0,0.0,1.0,0.0,878.0,698.0,671.0,669.0,669.0,1.0,False,,,,,,,,True,2587,non-rollup institutions
FY2025,IPF10067248,"GENEVENTIV THERAPEUTICS, INC.",Geneventiv Therapeutics,UNITED STATES,False,1312038.0,2,1,1175440.0,53730.0,0,0.0,0,0,0.0,0,0,0.0,0,1312038.0,2,0.0,0,0.0,0,0.0,0,0.0,0,0.0,0,0.0,0,0.0,0,0.0,0,1312038.0,2,1,1,1312038.0,1312038.0,656019.0,0.0,1.0,0.0,879.0,698.0,958.0,669.0,669.0,1.0,False,,,,,,,,True,2587,non-rollup institutions
FY2025,IPF1605016,BROOKLYN COLLEGE,Brooklyn College,UNITED STATES,False,1308658.0,5,5,1084900.0,223758.0,0,0.0,0,0,0.0,0,0,0.0,0,984878.0,4,0.0,0,0.0,0,0.0,0,323780.0,1,0.0,0,0.0,0,0.0,0,0.0,0,1308658.0,5,7,4,186951.0,261732.0,261732.0,0.0,0.71,0.0,880.0,458.0,446.0,669.0,669.0,1.0,True,506.0,,,,,,,True,2587,non-rollup institutions
FY2025,IPF10029532,"QUADRIGA BIOSCIENCES, INC.",Quadriga Biosciences,UNITED STATES,False,1307447.0,1,1,1041375.0,182432.0,0,0.0,0,0,0.0,0,0,0.0,0,1307447.0,1,0.0,0,0.0,0,0.0,0,0.0,0,0.0,0,0.0,0,0.0,0,0.0,0,1307447.0,1,1,1,1307447.0,1307447.0,1307447.0,0.0,1.0,0.0,881.0,1009.0,958.0,669.0,669.0,1.0,False,,,,,,,,True,2587,non-rollup institutions
FY2025,IPF676610,GEORGIA SOUTHERN UNIVERSITY,Georgia Southern University,UNITED STATES,False,1306111.0,5,5,948138.0,357973.0,0,0.0,0,0,0.0,0,0,0.0,0,1215398.0,4,0.0,0,0.0,0,0.0,0,0.0,0,0.0,0,0.0,0,90713.0,1,0.0,0,1306111.0,5,4,4,326528.0,261222.0,261222.0,0.0,1.25,0.0,882.0,458.0,446.0,669.0,669.0,1.0,False,,,,,,,,True,2587,non-rollup institutions
FY2025,IPF10037773,"FANNIN PARTNERS, LLC",Fannin Partners,UNITED STATES,False,1300013.0,2,2,890445.0,326589.0,0,0.0,0,0,0.0,0,0,0.0,0,1300013.0,2,0.0,0,0.0,0,0.0,0,0.0,0,0.0,0,0.0,0,0.0,0,0.0,0,1300013.0,2,3,1,433338.0,650006.0,650006.0,0.0,0.67,0.0,883.0,698.0,671.0,669.0,669.0,1.0,False,,,,,,,,True,2587,non-rollup institutions
FY2025,IPF10036160,"EMOCHA MOBILE HEALTH, INC.",Emocha Mobile Health,UNITED STATES,False,1299682.0,2,2,1114659.0,185023.0,0,0.0,0,0,0.0,0,0,0.0,0,1299682.0,2,0.0,0,0.0,0,0.0,0,0.0,0,0.0,0,0.0,0,0.0,0,0.0,0,1299682.0,2,4,1,324920.0,649841.0,649841.0,0.0,0.5,0.0,884.0,698.0,671.0,669.0,669.0,1.0,False,,,,,,,,True,2587,non-rollup institutions
FY2025,IPF10064819,"ADVANCED OPTRONICS, INC.",Advanced Optronics,UNITED STATES,False,1297496.0,1,1,950271.0,262342.0,0,0.0,0,0,0.0,0,0,0.0,0,1297496.0,1,0.0,0,0.0,0,0.0,0,0.0,0,0.0,0,0.0,0,0.0,0,0.0,0,1297496.0,1,1,1,1297496.0,1297496.0,1297496.0,0.0,1.0,0.0,885.0,1009.0,958.0,669.0,669.0,1.0,False,,,,,,,,True,2587,non-rollup institutions
FY2025,IPF10033497,"ROSKAMP INSTITUTE, INC.",Roskamp Institute,UNITED STATES,False,1297079.0,3,3,784732.0,512347.0,0,700329.0,1,1,0.0,0,0,700329.0,1,596750.0,2,0.0,0,0.0,0,0.0,0,0.0,0,0.0,0,0.0,0,0.0,0,0.0,0,596750.0,2,3,3,432360.0,432360.0,432360.0,233443.0,1.0,54.0,886.0,578.0,550.0,487.0,484.0,1.0,False,,,,,,,,True,2587,non-rollup institutions
FY2025,IPF2411001,"BIOTEX, INC.",Biotex,UNITED STATES,False,1296385.0,1,1,1078826.0,167698.0,0,0.0,0,0,0.0,0,0,0.0,0,1296385.0,1,0.0,0,0.0,0,0.0,0,0.0,0,0.0,0,0.0,0,0.0,0,0.0,0,1296385.0,1,1,1,1296385.0,1296385.0,1296385.0,0.0,1.0,0.0,887.0,1009.0,958.0,669.0,669.0,1.0,False,,,,,,,,True,2587,non-rollup institutions
FY2025,IPF10017817,"EPITEL, INC.",Epitel,UNITED STATES,False,1294567.0,1,1,934406.0,275470.0,0,0.0,0,0,0.0,0,0,0.0,0,0.0,0,1294567.0,1,0.0,0,0.0,0,0.0,0,0.0,0,0.0,0,0.0,0,0.0,0,1294567.0,1,1,1,1294567.0,1294567.0,1294567.0,0.0,1.0,0.0,888.0,1009.0,958.0,669.0,669.0,1.0,False,,,,,,,,True,2587,non-rollup institutions
FY2025,IPF10088855,CORAMI BIOTECH INC.,Corami Biotech,UNITED STATES,False,1293419.0,1,1,1025933.0,182870.0,0,0.0,0,0,0.0,0,0,0.0,0,1293419.0,1,0.0,0,0.0,0,0.0,0,0.0,0,0.0,0,0.0,0,0.0,0,0.0,0,1293419.0,1,2,1,646710.0,1293419.0,1293419.0,0.0,0.5,0.0,889.0,1009.0,958.0,669.0,669.0,1.0,False,,,,,,,,True,2587,non-rollup institutions
FY2025,IPF4529501,"INNOVATION RESEARCH AND TRAINING, INC.",Innovation Research and Training,UNITED STATES,False,1293219.0,2,2,693439.0,532448.0,0,0.0,0,0,0.0,0,0,0.0,0,1293219.0,2,0.0,0,0.0,0,0.0,0,0.0,0,0.0,0,0.0,0,0.0,0,0.0,0,1293219.0,2,3,2,431073.0,646610.0,646610.0,0.0,0.67,0.0,890.0,698.0,671.0,669.0,669.0,1.0,False,,,,,,,,True,2587,non-rollup institutions
FY2025,IPF10054750,"ADVERTENT BIOTHERAPEUTICS, INC.",Advertent Biotherapeutics,UNITED STATES,False,1292847.0,1,1,889436.0,319946.0,0,0.0,0,0,0.0,0,0,0.0,0,1292847.0,1,0.0,0,0.0,0,0.0,0,0.0,0,0.0,0,0.0,0,0.0,0,0.0,0,1292847.0,1,1,1,1292847.0,1292847.0,1292847.0,0.0,1.0,0.0,891.0,1009.0,958.0,669.0,669.0,1.0,False,,,,,,,,True,2587,non-rollup institutions
FY2025,IPF10026367,ESSENTIA INSTITUTE OF RURAL HEALTH,Essentia Institute of Rural Health,UNITED STATES,False,1292645.0,1,1,902393.0,433149.0,0,0.0,0,0,0.0,0,0,0.0,0,0.0,0,1292645.0,1,0.0,0,0.0,0,0.0,0,0.0,0,0.0,0,0.0,0,0.0,0,1292645.0,1,1,1,1292645.0,1292645.0,1292645.0,0.0,1.0,0.0,892.0,1009.0,958.0,669.0,669.0,1.0,False,,,,,,,,True,2587,non-rollup institutions
FY2025,IPF10039117,"JAAN BIOTHERAPEUTICS, INC.",Jaan Biotherapeutics,UNITED STATES,False,1290338.0,1,1,1159423.0,46500.0,0,0.0,0,0,0.0,0,0,0.0,0,1290338.0,1,0.0,0,0.0,0,0.0,0,0.0,0,0.0,0,0.0,0,0.0,0,0.0,0,1290338.0,1,2,1,645169.0,1290338.0,1290338.0,0.0,0.5,0.0,893.0,1009.0,958.0,669.0,669.0,1.0,False,,,,,,,,True,2587,non-rollup institutions
FY2025,IPF10002639,"MAPP BIOPHARMACEUTICAL, INC.",Mapp Biopharmaceutical,UNITED STATES,False,1287936.0,2,2,847097.0,375853.0,0,0.0,0,0,0.0,0,0,0.0,0,294583.0,1,0.0,0,0.0,0,0.0,0,0.0,0,0.0,0,0.0,0,993353.0,1,0.0,0,1287936.0,2,3,2,429312.0,643968.0,643968.0,0.0,0.67,0.0,894.0,698.0,671.0,669.0,669.0,1.0,False,,,,,,,,True,2587,non-rollup institutions
FY2025,IPF10019679,"BIOSENSING INSTRUMENT, INC.",Biosensing Instrument,UNITED STATES,False,1282376.0,2,2,1073296.0,209080.0,0,0.0,0,0,0.0,0,0,0.0,0,1282376.0,2,0.0,0,0.0,0,0.0,0,0.0,0,0.0,0,0.0,0,0.0,0,0.0,0,1282376.0,2,1,1,1282376.0,641188.0,641188.0,0.0,2.0,0.0,895.0,698.0,671.0,669.0,669.0,1.0,False,,,,,,,,True,2587,non-rollup institutions
FY2025,IPF4149601,"REHABTEK, LLC",Rehabtek,UNITED STATES,False,1280063.0,1,1,1033479.0,162842.0,0,0.0,0,0,0.0,0,0,0.0,0,0.0,0,1280063.0,1,0.0,0,0.0,0,0.0,0,0.0,0,0.0,0,0.0,0,0.0,0,1280063.0,1,3,1,426688.0,1280063.0,1280063.0,0.0,0.33,0.0,896.0,1009.0,958.0,669.0,669.0,1.0,False,,,,,,,,True,2587,non-rollup institutions
FY2025,IPF820112,TOWSON UNIVERSITY,Towson University,UNITED STATES,False,1278779.0,4,4,1043626.0,235153.0,0,0.0,0,0,0.0,0,0,0.0,0,579905.0,2,0.0,0,0.0,0,0.0,0,698874.0,2,0.0,0,0.0,0,0.0,0,0.0,0,1278779.0,4,6,2,213130.0,319695.0,319695.0,0.0,0.67,0.0,897.0,504.0,483.0,669.0,669.0,1.0,True,495.0,,,,,,,True,2587,non-rollup institutions
FY2025,IPF10040191,"RTM VITAL SIGNS, LLC",Rtm Vital Signs,UNITED STATES,False,1276940.0,1,1,1035714.0,158990.0,0,0.0,0,0,0.0,0,0,0.0,0,1276940.0,1,0.0,0,0.0,0,0.0,0,0.0,0,0.0,0,0.0,0,0.0,0,0.0,0,1276940.0,1,1,1,1276940.0,1276940.0,1276940.0,0.0,1.0,0.0,898.0,1009.0,958.0,669.0,669.0,1.0,False,,,,,,,,True,2587,non-rollup institutions
FY2025,IPF10047065,"CND LIFE SCIENCES, INC.",Cnd Life Sciences,UNITED STATES,False,1276662.0,1,1,893154.0,299988.0,0,0.0,0,0,0.0,0,0,0.0,0,1276662.0,1,0.0,0,0.0,0,0.0,0,0.0,0,0.0,0,0.0,0,0.0,0,0.0,0,1276662.0,1,1,1,1276662.0,1276662.0,1276662.0,0.0,1.0,0.0,899.0,1009.0,958.0,669.0,669.0,1.0,False,,,,,,,,True,2587,non-rollup institutions
FY2025,IPF10048022,"VASCULONICS, LLC",Vasculonics,UNITED STATES,False,1276514.0,1,1,852146.0,340858.0,0,0.0,0,0,0.0,0,0,0.0,0,1276514.0,1,0.0,0,0.0,0,0.0,0,0.0,0,0.0,0,0.0,0,0.0,0,0.0,0,1276514.0,1,1,1,1276514.0,1276514.0,1276514.0,0.0,1.0,0.0,900.0,1009.0,958.0,669.0,669.0,1.0,False,,,,,,,,True,2587,non-rollup institutions
FY2025,IPF10000635,UNIVERSITY OF BUEA,University of Buea,CAMEROON,False,1275407.0,2,1,1221079.0,54328.0,0,0.0,0,0,0.0,0,0,0.0,0,0.0,0,1275407.0,2,0.0,0,0.0,0,0.0,0,0.0,0,0.0,0,0.0,0,0.0,0,1275407.0,2,4,1,318852.0,1275407.0,637704.0,0.0,0.25,0.0,901.0,698.0,958.0,669.0,669.0,1.0,False,,,,,,,,True,2587,non-rollup institutions
FY2025,IPF3628401,"ADVANCED IMAGING RESEARCH, INC.",Advanced Imaging Research,UNITED STATES,False,1275000.0,1,1,1105133.0,91080.0,0,0.0,0,0,0.0,0,0,0.0,0,1275000.0,1,0.0,0,0.0,0,0.0,0,0.0,0,0.0,0,0.0,0,0.0,0,0.0,0,1275000.0,1,1,1,1275000.0,1275000.0,1275000.0,0.0,1.0,0.0,902.0,1009.0,958.0,669.0,669.0,1.0,False,,,,,,,,True,2587,non-rollup institutions
FY2025,IPF10063835,NASONI LLC,Nasoni,UNITED STATES,False,1274724.0,1,1,1089065.0,103907.0,0,0.0,0,0,0.0,0,0,0.0,0,1274724.0,1,0.0,0,0.0,0,0.0,0,0.0,0,0.0,0,0.0,0,0.0,0,0.0,0,1274724.0,1,2,1,637362.0,1274724.0,1274724.0,0.0,0.5,0.0,903.0,1009.0,958.0,669.0,669.0,1.0,False,,,,,,,,True,2587,non-rollup institutions
FY2025,IPF10046281,"VELUM, INC.",Velum,UNITED STATES,False,1274373.0,2,2,1059133.0,194610.0,0,0.0,0,0,0.0,0,0,0.0,0,1274373.0,2,0.0,0,0.0,0,0.0,0,0.0,0,0.0,0,0.0,0,0.0,0,0.0,0,1274373.0,2,2,1,637186.0,637186.0,637186.0,0.0,1.0,0.0,904.0,698.0,671.0,669.0,669.0,1.0,False,,,,,,,,True,2587,non-rollup institutions
FY2025,IPF10056462,"RESCUE BIOMEDICAL, LLC",Rescue Biomedical,UNITED STATES,False,1273854.0,2,2,1029647.0,160870.0,0,0.0,0,0,0.0,0,0,0.0,0,1273854.0,2,0.0,0,0.0,0,0.0,0,0.0,0,0.0,0,0.0,0,0.0,0,0.0,0,1273854.0,2,2,1,636927.0,636927.0,636927.0,0.0,1.0,0.0,905.0,698.0,671.0,669.0,669.0,1.0,False,,,,,,,,True,2587,non-rollup institutions
FY2025,IPF10073808,MYOGENICA INC.,Myogenica,UNITED STATES,False,1266814.0,1,1,1107841.0,76097.0,0,0.0,0,0,0.0,0,0,0.0,0,1266814.0,1,0.0,0,0.0,0,0.0,0,0.0,0,0.0,0,0.0,0,0.0,0,0.0,0,1266814.0,1,2,1,633407.0,1266814.0,1266814.0,0.0,0.5,0.0,906.0,1009.0,958.0,669.0,669.0,1.0,False,,,,,,,,True,2587,non-rollup institutions
FY2025,IPF10042387,"NEUROVASCULAR DIAGNOSTICS, INC.",Neurovascular Diagnostics,UNITED STATES,False,1265712.0,2,2,1066859.0,116050.0,0,0.0,0,0,0.0,0,0,0.0,0,1265712.0,2,0.0,0,0.0,0,0.0,0,0.0,0,0.0,0,0.0,0,0.0,0,0.0,0,1265712.0,2,2,1,632856.0,632856.0,632856.0,0.0,1.0,0.0,907.0,698.0,671.0,669.0,669.0,1.0,False,,,,,,,,True,2587,non-rollup institutions
FY2025,IPF10052106,"ANNOVIANT, INC",Annoviant,UNITED STATES,False,1265524.0,1,1,1011968.0,172400.0,0,0.0,0,0,0.0,0,0,0.0,0,1265524.0,1,0.0,0,0.0,0,0.0,0,0.0,0,0.0,0,0.0,0,0.0,0,0.0,0,1265524.0,1,1,1,1265524.0,1265524.0,1265524.0,0.0,1.0,0.0,908.0,1009.0,958.0,669.0,669.0,1.0,False,,,,,,,,True,2587,non-rollup institutions
FY2025,IPF4216801,"GOLDEN HELIX, INC.",Golden Helix,UNITED STATES,False,1264651.0,1,1,844226.0,337691.0,0,0.0,0,0,0.0,0,0,0.0,0,1264651.0,1,0.0,0,0.0,0,0.0,0,0.0,0,0.0,0,0.0,0,0.0,0,0.0,0,1264651.0,1,1,1,1264651.0,1264651.0,1264651.0,0.0,1.0,0.0,909.0,1009.0,958.0,669.0,669.0,1.0,False,,,,,,,,True,2587,non-rollup institutions
FY2025,IPF10053698,"OPIAID, INC.",Opiaid,UNITED STATES,False,1262922.0,1,1,880537.0,299764.0,0,0.0,0,0,0.0,0,0,0.0,0,1262922.0,1,0.0,0,0.0,0,0.0,0,0.0,0,0.0,0,0.0,0,0.0,0,0.0,0,1262922.0,1,3,1,420974.0,1262922.0,1262922.0,0.0,0.33,0.0,910.0,1009.0,958.0,669.0,669.0,1.0,False,,,,,,,,True,2587,non-rollup institutions
FY2025,IPF10048489,"VENOSTENT, INC.",Venostent,UNITED STATES,False,1262392.0,2,1,915994.0,346398.0,0,0.0,0,0,0.0,0,0,0.0,0,1262392.0,2,0.0,0,0.0,0,0.0,0,0.0,0,0.0,0,0.0,0,0.0,0,0.0,0,1262392.0,2,1,1,1262392.0,1262392.0,631196.0,0.0,1.0,0.0,911.0,698.0,958.0,669.0,669.0,1.0,False,,,,,,,,True,2587,non-rollup institutions
FY2025,IPF8166201,SWARTHMORE COLLEGE,Swarthmore College,UNITED STATES,False,1260991.0,4,4,897517.0,363474.0,0,0.0,0,0,0.0,0,0,0.0,0,1260991.0,4,0.0,0,0.0,0,0.0,0,0.0,0,0.0,0,0.0,0,0.0,0,0.0,0,1260991.0,4,3,3,420330.0,315248.0,315248.0,0.0,1.33,0.0,912.0,504.0,483.0,669.0,669.0,1.0,False,,,,,,,,True,2587,non-rollup institutions
FY2025,IPF10041318,"IMMUNOCHEM THERAPEUTICS, LLC",Immunochem Therapeutics,UNITED STATES,False,1259751.0,2,1,857577.0,323031.0,0,0.0,0,0,0.0,0,0,0.0,0,1259751.0,2,0.0,0,0.0,0,0.0,0,0.0,0,0.0,0,0.0,0,0.0,0,0.0,0,1259751.0,2,2,1,629876.0,1259751.0,629876.0,0.0,0.5,0.0,913.0,698.0,958.0,669.0,669.0,1.0,False,,,,,,,,True,2587,non-rollup institutions
FY2025,IPF10033659,"NOVORON BIOSCIENCE, INC.",Novoron Bioscience,UNITED STATES,False,1257528.0,1,1,951733.0,223527.0,0,0.0,0,0,0.0,0,0,0.0,0,1257528.0,1,0.0,0,0.0,0,0.0,0,0.0,0,0.0,0,0.0,0,0.0,0,0.0,0,1257528.0,1,3,1,419176.0,1257528.0,1257528.0,0.0,0.33,0.0,914.0,1009.0,958.0,669.0,669.0,1.0,False,,,,,,,,True,2587,non-rollup institutions
FY2025,IPF10044752,"GATEWAY BIO, INC.",Gateway Bio,UNITED STATES,False,1256933.0,3,3,949474.0,231416.0,0,0.0,0,0,0.0,0,0,0.0,0,1256933.0,3,0.0,0,0.0,0,0.0,0,0.0,0,0.0,0,0.0,0,0.0,0,0.0,0,1256933.0,3,2,1,628466.0,418978.0,418978.0,0.0,1.5,0.0,915.0,578.0,550.0,669.0,669.0,1.0,False,,,,,,,,True,2587,non-rollup institutions
FY2025,IPF10073213,MERLIN THERAPEUTICS INC,Merlin Therapeutics,UNITED STATES,False,1256291.0,1,1,988831.0,185927.0,0,0.0,0,0,0.0,0,0,0.0,0,1256291.0,1,0.0,0,0.0,0,0.0,0,0.0,0,0.0,0,0.0,0,0.0,0,0.0,0,1256291.0,1,1,1,1256291.0,1256291.0,1256291.0,0.0,1.0,0.0,916.0,1009.0,958.0,669.0,669.0,1.0,False,,,,,,,,True,2587,non-rollup institutions
FY2025,IPF10068942,"ENYX THERAPEUTICS, LLC",Enyx Therapeutics,UNITED STATES,False,1253597.0,1,1,840776.0,336310.0,0,0.0,0,0,0.0,0,0,0.0,0,1253597.0,1,0.0,0,0.0,0,0.0,0,0.0,0,0.0,0,0.0,0,0.0,0,0.0,0,1253597.0,1,1,1,1253597.0,1253597.0,1253597.0,0.0,1.0,0.0,917.0,1009.0,958.0,669.0,669.0,1.0,False,,,,,,,,True,2587,non-rollup institutions
FY2025,IPF10061605,"SYNAPTICURE, INC.",Synapticure,UNITED STATES,False,1253527.0,1,1,861271.0,310250.0,0,0.0,0,0,0.0,0,0,0.0,0,1253527.0,1,0.0,0,0.0,0,0.0,0,0.0,0,0.0,0,0.0,0,0.0,0,0.0,0,1253527.0,1,2,1,626764.0,1253527.0,1253527.0,0.0,0.5,0.0,918.0,1009.0,958.0,669.0,669.0,1.0,False,,,,,,,,True,2587,non-rollup institutions
FY2025,IPF957301,JUDGE BAKER CHILDREN'S CENTER,Judge Baker Children's Center,UNITED STATES,False,1250414.0,2,2,1052804.0,253100.0,0,0.0,0,0,0.0,0,0,0.0,0,0.0,0,0.0,0,0.0,0,0.0,0,399914.0,1,0.0,0,0.0,0,850500.0,1,0.0,0,1250414.0,2,3,2,416805.0,625207.0,625207.0,0.0,0.67,0.0,919.0,698.0,671.0,669.0,669.0,1.0,False,,,,,,,,True,2587,non-rollup institutions
FY2025,IPF10080519,"ADVANTAGE THERAPEUTICS, INC",Advantage Therapeutics,UNITED STATES,False,1249957.0,1,1,934547.0,233637.0,0,0.0,0,0,0.0,0,0,0.0,0,1249957.0,1,0.0,0,0.0,0,0.0,0,0.0,0,0.0,0,0.0,0,0.0,0,0.0,0,1249957.0,1,1,1,1249957.0,1249957.0,1249957.0,0.0,1.0,0.0,920.0,1009.0,958.0,669.0,669.0,1.0,False,,,,,,,,True,2587,non-rollup institutions
FY2025,IPF10070906,"SANAHEAL, INC.",Sanaheal,UNITED STATES,False,1249317.0,1,1,833990.0,333596.0,0,0.0,0,0,0.0,0,0,0.0,0,1249317.0,1,0.0,0,0.0,0,0.0,0,0.0,0,0.0,0,0.0,0,0.0,0,0.0,0,1249317.0,1,1,1,1249317.0,1249317.0,1249317.0,0.0,1.0,0.0,921.0,1009.0,958.0,669.0,669.0,1.0,False,,,,,,,,True,2587,non-rollup institutions
FY2025,IPF10065921,MAXWELL BIOMEDICAL INC,Maxwell Biomedical,UNITED STATES,False,1247262.0,1,1,832618.0,333047.0,0,0.0,0,0,0.0,0,0,0.0,0,1247262.0,1,0.0,0,0.0,0,0.0,0,0.0,0,0.0,0,0.0,0,0.0,0,0.0,0,1247262.0,1,3,1,415754.0,1247262.0,1247262.0,0.0,0.33,0.0,922.0,1009.0,958.0,669.0,669.0,1.0,False,,,,,,,,True,2587,non-rollup institutions
FY2025,IPF10007688,"GENNEXT TECHNOLOGIES, INC.",Gennext Technologies,UNITED STATES,False,1247199.0,1,1,844390.0,321217.0,0,0.0,0,0,0.0,0,0,0.0,0,1247199.0,1,0.0,0,0.0,0,0.0,0,0.0,0,0.0,0,0.0,0,0.0,0,0.0,0,1247199.0,1,1,1,1247199.0,1247199.0,1247199.0,0.0,1.0,0.0,923.0,1009.0,958.0,669.0,669.0,1.0,False,,,,,,,,True,2587,non-rollup institutions
FY2025,IPF10061028,NEUROSCOPE INC.,Neuroscope,UNITED STATES,False,1245800.0,1,1,831642.0,332657.0,0,0.0,0,0,0.0,0,0,0.0,0,1245800.0,1,0.0,0,0.0,0,0.0,0,0.0,0,0.0,0,0.0,0,0.0,0,0.0,0,1245800.0,1,1,1,1245800.0,1245800.0,1245800.0,0.0,1.0,0.0,924.0,1009.0,958.0,669.0,669.0,1.0,False,,,,,,,,True,2587,non-rollup institutions
FY2025,IPF10027190,"PRIVO TECHNOLOGIES, LLC",Privo Technologies,UNITED STATES,False,1245681.0,1,1,831640.0,332656.0,0,0.0,0,0,0.0,0,0,0.0,0,1245681.0,1,0.0,0,0.0,0,0.0,0,0.0,0,0.0,0,0.0,0,0.0,0,0.0,0,1245681.0,1,2,1,622840.0,1245681.0,1245681.0,0.0,0.5,0.0,925.0,1009.0,958.0,669.0,669.0,1.0,False,,,,,,,,True,2587,non-rollup institutions
FY2025,IPF10040587,"CIRCUMVENT PHARMACEUTICALS, INC.",Circumvent Pharmaceuticals,UNITED STATES,False,1244790.0,1,1,1126622.0,56331.0,0,0.0,0,0,0.0,0,0,0.0,0,1244790.0,1,0.0,0,0.0,0,0.0,0,0.0,0,0.0,0,0.0,0,0.0,0,0.0,0,1244790.0,1,3,1,414930.0,1244790.0,1244790.0,0.0,0.33,0.0,926.0,1009.0,958.0,669.0,669.0,1.0,False,,,,,,,,True,2587,non-rollup institutions
FY2025,IPF10044764,"SPATIAL GENOMICS, INC.",Spatial Genomics,UNITED STATES,False,1244076.0,1,1,861250.0,301438.0,0,0.0,0,0,0.0,0,0,0.0,0,1244076.0,1,0.0,0,0.0,0,0.0,0,0.0,0,0.0,0,0.0,0,0.0,0,0.0,0,1244076.0,1,1,1,1244076.0,1244076.0,1244076.0,0.0,1.0,0.0,927.0,1009.0,958.0,669.0,669.0,1.0,False,,,,,,,,True,2587,non-rollup institutions
FY2025,IPF10070278,"GROUPWARE TECHNOLOGIES, LLC",Groupware Technologies,UNITED STATES,False,1243071.0,1,1,1056135.0,105614.0,0,0.0,0,0,0.0,0,0,0.0,0,1243071.0,1,0.0,0,0.0,0,0.0,0,0.0,0,0.0,0,0.0,0,0.0,0,0.0,0,1243071.0,1,1,1,1243071.0,1243071.0,1243071.0,0.0,1.0,0.0,928.0,1009.0,958.0,669.0,669.0,1.0,False,,,,,,,,True,2587,non-rollup institutions
FY2025,IPF2689701,NATIONAL MARROW DONOR PROGRAM,National Marrow Donor Program,UNITED STATES,False,1241442.0,3,2,1116998.0,124444.0,0,0.0,0,0,0.0,0,0,0.0,0,0.0,0,1241442.0,3,0.0,0,0.0,0,0.0,0,0.0,0,0.0,0,0.0,0,0.0,0,1241442.0,3,5,2,248288.0,620721.0,413814.0,0.0,0.4,0.0,929.0,578.0,671.0,669.0,669.0,1.0,True,483.0,,,,,,,True,2587,non-rollup institutions
FY2025,IPF10073395,MAINSQUARE CO,Mainsquare Co,UNITED STATES,False,1240774.0,1,1,925122.0,234480.0,0,0.0,0,0,0.0,0,0,0.0,0,1240774.0,1,0.0,0,0.0,0,0.0,0,0.0,0,0.0,0,0.0,0,0.0,0,0.0,0,1240774.0,1,2,1,620387.0,1240774.0,1240774.0,0.0,0.5,0.0,930.0,1009.0,958.0,669.0,669.0,1.0,False,,,,,,,,True,2587,non-rollup institutions
FY2025,IPF10066166,"SUR180 THERAPEUTICS, LLC",Sur180 Therapeutics,UNITED STATES,False,1239987.0,1,1,865812.0,293054.0,0,0.0,0,0,0.0,0,0,0.0,0,1239987.0,1,0.0,0,0.0,0,0.0,0,0.0,0,0.0,0,0.0,0,0.0,0,0.0,0,1239987.0,1,2,1,619994.0,1239987.0,1239987.0,0.0,0.5,0.0,931.0,1009.0,958.0,669.0,669.0,1.0,False,,,,,,,,True,2587,non-rollup institutions
FY2025,IPF10066488,"BIG EYE DIAGNOSTICS, INC.",Big Eye Diagnostics,UNITED STATES,False,1238902.0,2,2,827038.0,330814.0,0,0.0,0,0,0.0,0,0,0.0,0,1238902.0,2,0.0,0,0.0,0,0.0,0,0.0,0,0.0,0,0.0,0,0.0,0,0.0,0,1238902.0,2,1,1,1238902.0,619451.0,619451.0,0.0,2.0,0.0,932.0,698.0,671.0,669.0,669.0,1.0,False,,,,,,,,True,2587,non-rollup institutions
FY2025,IPF10051414,"GRYPHON BIO, INC.",Gryphon Bio,UNITED STATES,False,1236188.0,1,1,949659.0,205857.0,0,0.0,0,0,0.0,0,0,0.0,0,1236188.0,1,0.0,0,0.0,0,0.0,0,0.0,0,0.0,0,0.0,0,0.0,0,0.0,0,1236188.0,1,1,1,1236188.0,1236188.0,1236188.0,0.0,1.0,0.0,933.0,1009.0,958.0,669.0,669.0,1.0,False,,,,,,,,True,2587,non-rollup institutions
FY2025,IPF10081439,EVIZIA INC,Evizia,UNITED STATES,False,1234692.0,1,1,831707.0,323683.0,0,0.0,0,0,0.0,0,0,0.0,0,1234692.0,1,0.0,0,0.0,0,0.0,0,0.0,0,0.0,0,0.0,0,0.0,0,0.0,0,1234692.0,1,1,1,1234692.0,1234692.0,1234692.0,0.0,1.0,0.0,934.0,1009.0,958.0,669.0,669.0,1.0,False,,,,,,,,True,2587,non-rollup institutions
FY2025,IPF10043479,"ALLANDER BIOTECHNOLOGIES, INC.",Allander Biotechnologies,UNITED STATES,False,1233852.0,1,1,917480.0,235653.0,0,0.0,0,0,0.0,0,0,0.0,0,1233852.0,1,0.0,0,0.0,0,0.0,0,0.0,0,0.0,0,0.0,0,0.0,0,0.0,0,1233852.0,1,2,1,616926.0,1233852.0,1233852.0,0.0,0.5,0.0,935.0,1009.0,958.0,669.0,669.0,1.0,False,,,,,,,,True,2587,non-rollup institutions
FY2025,IPF10080811,"MATRISOME BIO, INC.",Matrisome Bio,UNITED STATES,False,1233778.0,1,1,823617.0,329447.0,0,0.0,0,0,0.0,0,0,0.0,0,1233778.0,1,0.0,0,0.0,0,0.0,0,0.0,0,0.0,0,0.0,0,0.0,0,0.0,0,1233778.0,1,2,1,616889.0,1233778.0,1233778.0,0.0,0.5,0.0,936.0,1009.0,958.0,669.0,669.0,1.0,False,,,,,,,,True,2587,non-rollup institutions
FY2025,IPF513607,CALIFORNIA STATE UNIV SAN BERNARDINO,California State University San Bernardino,UNITED STATES,False,1226743.0,7,7,911726.0,315017.0,0,0.0,0,0,0.0,0,0,0.0,0,948075.0,6,0.0,0,0.0,0,0.0,0,278668.0,1,0.0,0,0.0,0,0.0,0,0.0,0,1226743.0,7,7,6,175249.0,175249.0,175249.0,0.0,1.0,0.0,937.0,410.0,401.0,669.0,669.0,1.0,True,513.0,,,,,,,True,2587,non-rollup institutions
FY2025,IPF10023564,"MYOLEX, INC.",Myolex,UNITED STATES,False,1226660.0,2,2,818865.0,327546.0,0,0.0,0,0,0.0,0,0,0.0,0,1226660.0,2,0.0,0,0.0,0,0.0,0,0.0,0,0.0,0,0.0,0,0.0,0,0.0,0,1226660.0,2,3,1,408887.0,613330.0,613330.0,0.0,0.67,0.0,938.0,698.0,671.0,669.0,669.0,1.0,False,,,,,,,,True,2587,non-rollup institutions
FY2025,IPF10089425,PRECISION BIOTOOLS INC,Precision Biotools,UNITED STATES,False,1221746.0,1,1,815585.0,326234.0,0,0.0,0,0,0.0,0,0,0.0,0,1221746.0,1,0.0,0,0.0,0,0.0,0,0.0,0,0.0,0,0.0,0,0.0,0,0.0,0,1221746.0,1,1,1,1221746.0,1221746.0,1221746.0,0.0,1.0,0.0,939.0,1009.0,958.0,669.0,669.0,1.0,False,,,,,,,,True,2587,non-rollup institutions
FY2025,IPF10071598,CENTRE OF EXCELLENCE IN HEALTH MONITORING AND EVALUATION,Centre of Excellence in Health Monitoring and Evaluation,TANZANIA U REP,False,1221590.0,2,1,1183193.0,38397.0,0,0.0,0,0,0.0,0,0,0.0,0,0.0,0,1221590.0,2,0.0,0,0.0,0,0.0,0,0.0,0,0.0,0,0.0,0,0.0,0,1221590.0,2,3,1,407197.0,1221590.0,610795.0,0.0,0.33,0.0,940.0,698.0,958.0,669.0,669.0,1.0,False,,,,,,,,True,2587,non-rollup institutions
FY2025,IPF10006181,"BIOINVISION, INC.",Bioinvision,UNITED STATES,False,1221189.0,1,1,858119.0,283179.0,0,0.0,0,0,0.0,0,0,0.0,0,1221189.0,1,0.0,0,0.0,0,0.0,0,0.0,0,0.0,0,0.0,0,0.0,0,0.0,0,1221189.0,1,2,1,610594.0,1221189.0,1221189.0,0.0,0.5,0.0,941.0,1009.0,958.0,669.0,669.0,1.0,False,,,,,,,,True,2587,non-rollup institutions
FY2025,IPF10047515,"AESCULATECH, INC.",Aesculatech,UNITED STATES,False,1220683.0,1,1,838842.0,301983.0,0,0.0,0,0,0.0,0,0,0.0,0,1220683.0,1,0.0,0,0.0,0,0.0,0,0.0,0,0.0,0,0.0,0,0.0,0,0.0,0,1220683.0,1,1,1,1220683.0,1220683.0,1220683.0,0.0,1.0,0.0,942.0,1009.0,958.0,669.0,669.0,1.0,False,,,,,,,,True,2587,non-rollup institutions
FY2025,IPF10019123,"NUVOX PHARMA, LLC",Nuvox Pharma,UNITED STATES,False,1219309.0,2,2,993816.0,181714.0,0,0.0,0,0,0.0,0,0,0.0,0,919366.0,1,299943.0,1,0.0,0,0.0,0,0.0,0,0.0,0,0.0,0,0.0,0,0.0,0,1219309.0,2,4,1,304827.0,609654.0,609654.0,0.0,0.5,0.0,943.0,698.0,671.0,669.0,669.0,1.0,False,,,,,,,,True,2587,non-rollup institutions
FY2025,IPF10049877,"CLAIRVOYANT NETWORKS, INC.",Clairvoyant Networks,UNITED STATES,False,1216694.0,1,1,1177979.0,6100.0,0,0.0,0,0,0.0,0,0,0.0,0,1216694.0,1,0.0,0,0.0,0,0.0,0,0.0,0,0.0,0,0.0,0,0.0,0,0.0,0,1216694.0,1,1,1,1216694.0,1216694.0,1216694.0,0.0,1.0,0.0,944.0,1009.0,958.0,669.0,669.0,1.0,False,,,,,,,,True,2587,non-rollup institutions
FY2025,IPF10032735,"CRYOCRATE, LLC",Cryocrate,UNITED STATES,False,1215383.0,2,2,1090384.0,84999.0,0,0.0,0,0,0.0,0,0,0.0,0,1215383.0,2,0.0,0,0.0,0,0.0,0,0.0,0,0.0,0,0.0,0,0.0,0,0.0,0,1215383.0,2,2,1,607692.0,607692.0,607692.0,0.0,1.0,0.0,945.0,698.0,671.0,669.0,669.0,1.0,False,,,,,,,,True,2587,non-rollup institutions
FY2025,IPF10061077,"NEUROLOGIC SOLUTIONS, INC.",Neurologic Solutions,UNITED STATES,False,1215146.0,1,1,1037825.0,103783.0,0,0.0,0,0,0.0,0,0,0.0,0,1215146.0,1,0.0,0,0.0,0,0.0,0,0.0,0,0.0,0,0.0,0,0.0,0,0.0,0,1215146.0,1,4,1,303786.0,1215146.0,1215146.0,0.0,0.25,0.0,946.0,1009.0,958.0,669.0,669.0,1.0,False,,,,,,,,True,2587,non-rollup institutions
FY2025,IPF10055493,"CX THERAPEUTICS, INC",Cx Therapeutics,UNITED STATES,False,1214257.0,1,1,810586.0,324234.0,0,0.0,0,0,0.0,0,0,0.0,0,1214257.0,1,0.0,0,0.0,0,0.0,0,0.0,0,0.0,0,0.0,0,0.0,0,0.0,0,1214257.0,1,1,1,1214257.0,1214257.0,1214257.0,0.0,1.0,0.0,947.0,1009.0,958.0,669.0,669.0,1.0,False,,,,,,,,True,2587,non-rollup institutions
FY2025,IPF10079991,"PRANIONS, INC.",Pranions,UNITED STATES,False,1213182.0,1,1,1026995.0,106830.0,0,0.0,0,0,0.0,0,0,0.0,0,1213182.0,1,0.0,0,0.0,0,0.0,0,0.0,0,0.0,0,0.0,0,0.0,0,0.0,0,1213182.0,1,3,1,404394.0,1213182.0,1213182.0,0.0,0.33,0.0,948.0,1009.0,958.0,669.0,669.0,1.0,False,,,,,,,,True,2587,non-rollup institutions
FY2025,IPF10034526,"ANALYTICAL DIAGNOSTIC SOLUTIONS, INC.",Analytical Diagnostic Solutions,UNITED STATES,False,1211354.0,2,2,808649.0,323459.0,0,0.0,0,0,0.0,0,0,0.0,0,1211354.0,2,0.0,0,0.0,0,0.0,0,0.0,0,0.0,0,0.0,0,0.0,0,0.0,0,1211354.0,2,1,1,1211354.0,605677.0,605677.0,0.0,2.0,0.0,949.0,698.0,671.0,669.0,669.0,1.0,False,,,,,,,,True,2587,non-rollup institutions
FY2025,IPF10054713,"MOLECULAR INSTRUMENTS, INC.",Molecular Instruments,UNITED STATES,False,1210909.0,3,2,1006966.0,203943.0,0,0.0,0,0,0.0,0,0,0.0,0,1210909.0,3,0.0,0,0.0,0,0.0,0,0.0,0,0.0,0,0.0,0,0.0,0,0.0,0,1210909.0,3,1,1,1210909.0,605454.0,403636.0,0.0,2.0,0.0,950.0,578.0,671.0,669.0,669.0,1.0,False,,,,,,,,True,2587,non-rollup institutions
FY2025,IPF10046003,"TOI LABS, INC.",Toi Labs,UNITED STATES,False,1210170.0,1,1,812143.0,318857.0,0,0.0,0,0,0.0,0,0,0.0,0,1210170.0,1,0.0,0,0.0,0,0.0,0,0.0,0,0.0,0,0.0,0,0.0,0,0.0,0,1210170.0,1,1,1,1210170.0,1210170.0,1210170.0,0.0,1.0,0.0,951.0,1009.0,958.0,669.0,669.0,1.0,False,,,,,,,,True,2587,non-rollup institutions
FY2025,IPF10038578,"TAMBO, INC.",Tambo,UNITED STATES,False,1209827.0,1,1,1070503.0,60176.0,0,0.0,0,0,0.0,0,0,0.0,0,1209827.0,1,0.0,0,0.0,0,0.0,0,0.0,0,0.0,0,0.0,0,0.0,0,0.0,0,1209827.0,1,2,1,604914.0,1209827.0,1209827.0,0.0,0.5,0.0,952.0,1009.0,958.0,669.0,669.0,1.0,False,,,,,,,,True,2587,non-rollup institutions
FY2025,IPF10024155,BOTSWANA-HARVARD AIDS INSTITUTE,Botswana-Harvard Aids Institute,BOTSWANA,False,1207616.0,5,5,1124823.0,82793.0,0,555945.0,1,1,0.0,0,0,555945.0,1,0.0,0,0.0,0,0.0,0,249868.0,2,0.0,0,0.0,0,0.0,0,401803.0,2,0.0,0,651671.0,4,8,5,150952.0,241523.0,241523.0,69493.0,0.62,46.0,953.0,458.0,446.0,522.0,484.0,1.0,True,521.0,,,,,,,True,2587,non-rollup institutions
FY2025,IPF2574706,PROVIDENCE PORTLAND MEDICAL CENTER,Providence Portland Medical Center,UNITED STATES,False,1205769.0,1,1,827476.0,378293.0,0,1205769.0,1,1,0.0,0,0,1205769.0,1,0.0,0,0.0,0,0.0,0,0.0,0,0.0,0,0.0,0,0.0,0,0.0,0,0.0,0,0.0,0,2,1,602884.0,1205769.0,1205769.0,602884.0,0.5,100.0,954.0,1009.0,958.0,429.0,484.0,1.0,False,,,,,,,,True,2587,non-rollup institutions
FY2025,IPF10053924,"BIOCIRCUIT TECHNOLOGIES, INC.",Biocircuit Technologies,UNITED STATES,False,1201515.0,2,2,944331.0,178581.0,0,0.0,0,0,0.0,0,0,0.0,0,956147.0,1,0.0,0,0.0,0,0.0,0,0.0,0,0.0,0,0.0,0,245368.0,1,0.0,0,1201515.0,2,2,2,600758.0,600758.0,600758.0,0.0,1.0,0.0,955.0,698.0,671.0,669.0,669.0,1.0,False,,,,,,,,True,2587,non-rollup institutions
FY2025,IPF1477001,AMERICAN ACADEMY-CHILD/ADOLESCENT PSYCH,American Academy-Child/Adolescent Psych,UNITED STATES,False,1200521.0,2,2,4504092.0,37612.0,0,0.0,0,0,0.0,0,0,0.0,0,214901.0,1,0.0,0,0.0,0,985620.0,1,0.0,0,0.0,0,0.0,0,0.0,0,0.0,0,1200521.0,2,4,2,300130.0,600260.0,600260.0,0.0,0.5,0.0,956.0,698.0,671.0,669.0,669.0,1.0,False,,,,,,,,True,2587,non-rollup institutions
FY2025,IPF10076388,AMPA INC.,Ampa,UNITED STATES,False,1199261.0,1,1,889528.0,231277.0,0,0.0,0,0,0.0,0,0,0.0,0,1199261.0,1,0.0,0,0.0,0,0.0,0,0.0,0,0.0,0,0.0,0,0.0,0,0.0,0,1199261.0,1,1,1,1199261.0,1199261.0,1199261.0,0.0,1.0,0.0,957.0,1009.0,958.0,669.0,669.0,1.0,False,,,,,,,,True,2587,non-rollup institutions
FY2025,IPF7030001,ROCHESTER GENERAL HOSPITAL (NY),Rochester General Hospital (New York),UNITED STATES,False,1198768.0,2,2,769136.0,429632.0,0,404539.0,1,1,0.0,0,0,404539.0,1,0.0,0,794229.0,1,0.0,0,0.0,0,0.0,0,0.0,0,0.0,0,0.0,0,0.0,0,794229.0,1,2,1,599384.0,599384.0,599384.0,202270.0,1.0,33.7,958.0,698.0,671.0,583.0,484.0,1.0,False,,,,,,,,True,2587,non-rollup institutions
FY2025,IPF1282201,"INDIAN HEALTH COUNCIL, INC.",Indian Health Council,UNITED STATES,False,1198389.0,2,2,900138.0,298251.0,0,0.0,0,0,0.0,0,0,0.0,0,0.0,0,0.0,0,0.0,0,0.0,0,0.0,0,0.0,0,0.0,0,1198389.0,2,0.0,0,1198389.0,2,1,1,1198389.0,599194.0,599194.0,0.0,2.0,0.0,959.0,698.0,671.0,669.0,669.0,1.0,False,,,,,,,,True,2587,non-rollup institutions
FY2025,IPF10073597,"GLYCYX MOR, INC.",Glycyx Mor,UNITED STATES,False,1197275.0,1,1,954131.0,169644.0,0,0.0,0,0,0.0,0,0,0.0,0,1197275.0,1,0.0,0,0.0,0,0.0,0,0.0,0,0.0,0,0.0,0,0.0,0,0.0,0,1197275.0,1,1,1,1197275.0,1197275.0,1197275.0,0.0,1.0,0.0,960.0,1009.0,958.0,669.0,669.0,1.0,False,,,,,,,,True,2587,non-rollup institutions
FY2025,IPF513613,CALIFORNIA STATE UNIVERSITY SACRAMENTO,California State University Sacramento,UNITED STATES,False,1197069.0,4,4,980050.0,217019.0,0,0.0,0,0,0.0,0,0,0.0,0,674500.0,2,0.0,0,0.0,0,0.0,0,272994.0,1,0.0,0,0.0,0,249575.0,1,0.0,0,1197069.0,4,6,4,199512.0,299267.0,299267.0,0.0,0.67,0.0,961.0,504.0,483.0,669.0,669.0,1.0,True,500.0,,,,,,,True,2587,non-rollup institutions
FY2025,IPF10040192,ISTOVISR,Istovisr,UNITED STATES,False,1196536.0,1,1,854197.0,264061.0,0,0.0,0,0,0.0,0,0,0.0,0,1196536.0,1,0.0,0,0.0,0,0.0,0,0.0,0,0.0,0,0.0,0,0.0,0,0.0,0,1196536.0,1,3,1,398845.0,1196536.0,1196536.0,0.0,0.33,0.0,962.0,1009.0,958.0,669.0,669.0,1.0,False,,,,,,,,True,2587,non-rollup institutions
FY2025,IPF10006678,PARTNERSHIP TO END ADDICTION,Partnership To End Addiction,UNITED STATES,False,1196296.0,4,4,858300.0,337996.0,0,0.0,0,0,0.0,0,0,0.0,0,1196296.0,4,0.0,0,0.0,0,0.0,0,0.0,0,0.0,0,0.0,0,0.0,0,0.0,0,1196296.0,4,2,2,598148.0,299074.0,299074.0,0.0,2.0,0.0,963.0,504.0,483.0,669.0,669.0,1.0,False,,,,,,,,True,2587,non-rollup institutions
FY2025,IPF10052152,"BRIGHTSPEC, INC.",Brightspec,UNITED STATES,False,1194805.0,1,1,919222.0,197418.0,0,0.0,0,0,0.0,0,0,0.0,0,1194805.0,1,0.0,0,0.0,0,0.0,0,0.0,0,0.0,0,0.0,0,0.0,0,0.0,0,1194805.0,1,1,1,1194805.0,1194805.0,1194805.0,0.0,1.0,0.0,964.0,1009.0,958.0,669.0,669.0,1.0,False,,,,,,,,True,2587,non-rollup institutions
FY2025,IPF4226101,"PLANET BIOTECHNOLOGY, INC.",Planet Biotechnology,UNITED STATES,False,1192272.0,4,4,856237.0,271669.0,0,0.0,0,0,0.0,0,0,0.0,0,1192272.0,4,0.0,0,0.0,0,0.0,0,0.0,0,0.0,0,0.0,0,0.0,0,0.0,0,1192272.0,4,3,1,397424.0,298068.0,298068.0,0.0,1.33,0.0,965.0,504.0,483.0,669.0,669.0,1.0,False,,,,,,,,True,2587,non-rollup institutions
FY2025,IPF7922001,SAINT LUKE'S HOSPITAL,Saint Luke's Hospital,UNITED STATES,False,1185080.0,2,2,988904.0,196176.0,0,1185080.0,2,2,0.0,0,0,1185080.0,2,0.0,0,0.0,0,0.0,0,0.0,0,0.0,0,0.0,0,0.0,0,0.0,0,0.0,0,0.0,0,2,1,592540.0,592540.0,592540.0,592540.0,1.0,100.0,966.0,698.0,671.0,431.0,414.0,1.0,False,,,,,,,,True,2587,non-rollup institutions
FY2025,IPF10054617,"CMTX BIOTECH, INC.",Cmtx Biotech,UNITED STATES,False,1183069.0,2,2,797097.0,308602.0,0,0.0,0,0,0.0,0,0,0.0,0,1183069.0,2,0.0,0,0.0,0,0.0,0,0.0,0,0.0,0,0.0,0,0.0,0,0.0,0,1183069.0,2,3,2,394356.0,591534.0,591534.0,0.0,0.67,0.0,967.0,698.0,671.0,669.0,669.0,1.0,False,,,,,,,,True,2587,non-rollup institutions
FY2025,IPF10026755,"EVIDENCE-BASED PRACTICE INSTITUTE, INC.",Evidence-Based Practice Institute,UNITED STATES,False,1181728.0,1,1,887269.0,217899.0,0,0.0,0,0,0.0,0,0,0.0,0,1181728.0,1,0.0,0,0.0,0,0.0,0,0.0,0,0.0,0,0.0,0,0.0,0,0.0,0,1181728.0,1,2,1,590864.0,1181728.0,1181728.0,0.0,0.5,0.0,968.0,1009.0,958.0,669.0,669.0,1.0,False,,,,,,,,True,2587,non-rollup institutions
FY2025,IPF10062834,"CYTORUM, INC.",Cytorum,UNITED STATES,False,1178776.0,1,1,786900.0,314760.0,0,0.0,0,0,0.0,0,0,0.0,0,1178776.0,1,0.0,0,0.0,0,0.0,0,0.0,0,0.0,0,0.0,0,0.0,0,0.0,0,1178776.0,1,1,1,1178776.0,1178776.0,1178776.0,0.0,1.0,0.0,969.0,1009.0,958.0,669.0,669.0,1.0,False,,,,,,,,True,2587,non-rollup institutions
FY2025,IPF10059958,IMGGYD LLC,Imggyd,UNITED STATES,False,1178417.0,1,1,791042.0,310282.0,0,0.0,0,0,0.0,0,0,0.0,0,1178417.0,1,0.0,0,0.0,0,0.0,0,0.0,0,0.0,0,0.0,0,0.0,0,0.0,0,1178417.0,1,1,1,1178417.0,1178417.0,1178417.0,0.0,1.0,0.0,970.0,1009.0,958.0,669.0,669.0,1.0,False,,,,,,,,True,2587,non-rollup institutions
FY2025,IPF10059506,"PENDERIA TECHNOLOGIES, INC.",Penderia Technologies,UNITED STATES,False,1177871.0,2,2,871133.0,250240.0,0,0.0,0,0,0.0,0,0,0.0,0,1177871.0,2,0.0,0,0.0,0,0.0,0,0.0,0,0.0,0,0.0,0,0.0,0,0.0,0,1177871.0,2,2,2,588936.0,588936.0,588936.0,0.0,1.0,0.0,971.0,698.0,671.0,669.0,669.0,1.0,False,,,,,,,,True,2587,non-rollup institutions
FY2025,IPF10038422,"MOTHER'S MILK IS BEST, INC.",Mother's Milk Is Best,UNITED STATES,False,1175845.0,1,1,829401.0,272791.0,0,0.0,0,0,0.0,0,0,0.0,0,1175845.0,1,0.0,0,0.0,0,0.0,0,0.0,0,0.0,0,0.0,0,0.0,0,0.0,0,1175845.0,1,1,1,1175845.0,1175845.0,1175845.0,0.0,1.0,0.0,972.0,1009.0,958.0,669.0,669.0,1.0,False,,,,,,,,True,2587,non-rollup institutions
FY2025,IPF10040087,"VOLUMETRIX, LLC",Volumetrix,UNITED STATES,False,1175700.0,2,1,857756.0,263780.0,0,0.0,0,0,0.0,0,0,0.0,0,1175700.0,2,0.0,0,0.0,0,0.0,0,0.0,0,0.0,0,0.0,0,0.0,0,0.0,0,1175700.0,2,2,1,587850.0,1175700.0,587850.0,0.0,0.5,0.0,973.0,698.0,958.0,669.0,669.0,1.0,False,,,,,,,,True,2587,non-rollup institutions
FY2025,IPF10064495,PETRI BIO LLC,Petri Bio,UNITED STATES,False,1169818.0,1,1,784152.0,313661.0,0,0.0,0,0,0.0,0,0,0.0,0,1169818.0,1,0.0,0,0.0,0,0.0,0,0.0,0,0.0,0,0.0,0,0.0,0,0.0,0,1169818.0,1,1,1,1169818.0,1169818.0,1169818.0,0.0,1.0,0.0,974.0,1009.0,958.0,669.0,669.0,1.0,False,,,,,,,,True,2587,non-rollup institutions
FY2025,IPF10045963,"O2M TECHNOLOGIES, LLC",O2m Technologies,UNITED STATES,False,1164814.0,1,1,777579.0,311032.0,0,0.0,0,0,0.0,0,0,0.0,0,1164814.0,1,0.0,0,0.0,0,0.0,0,0.0,0,0.0,0,0.0,0,0.0,0,0.0,0,1164814.0,1,3,1,388271.0,1164814.0,1164814.0,0.0,0.33,0.0,975.0,1009.0,958.0,669.0,669.0,1.0,False,,,,,,,,True,2587,non-rollup institutions
FY2025,IPF859402,"KESSLER FOUNDATION, INC.",Kessler Foundation,UNITED STATES,False,1164778.0,5,5,949829.0,214949.0,0,748924.0,2,2,0.0,0,0,748924.0,2,0.0,0,0.0,0,0.0,0,415854.0,3,0.0,0,0.0,0,0.0,0,0.0,0,0.0,0,415854.0,3,4,4,291194.0,232956.0,232956.0,187231.0,1.25,64.3,976.0,458.0,446.0,481.0,414.0,1.0,False,,,,,,,,True,2587,non-rollup institutions
FY2025,IPF10066265,"ARMIDA LABS, INC.",Armida Labs,UNITED STATES,False,1162000.0,1,1,1082000.0,30000.0,0,0.0,0,0,0.0,0,0,0.0,0,1162000.0,1,0.0,0,0.0,0,0.0,0,0.0,0,0.0,0,0.0,0,0.0,0,0.0,0,1162000.0,1,1,1,1162000.0,1162000.0,1162000.0,0.0,1.0,0.0,977.0,1009.0,958.0,669.0,669.0,1.0,False,,,,,,,,True,2587,non-rollup institutions
FY2025,IPF10001032,BRIGHTOUTCOME INC.,Brightoutcome,UNITED STATES,False,1161948.0,2,2,931594.0,154339.0,0,0.0,0,0,0.0,0,0,0.0,0,1161948.0,2,0.0,0,0.0,0,0.0,0,0.0,0,0.0,0,0.0,0,0.0,0,0.0,0,1161948.0,2,3,2,387316.0,580974.0,580974.0,0.0,0.67,0.0,978.0,698.0,671.0,669.0,669.0,1.0,False,,,,,,,,True,2587,non-rollup institutions
FY2025,IPF10030391,SPARK NEURO INC.,Spark Neuro,UNITED STATES,False,1161079.0,1,1,782229.0,302892.0,0,0.0,0,0,0.0,0,0,0.0,0,1161079.0,1,0.0,0,0.0,0,0.0,0,0.0,0,0.0,0,0.0,0,0.0,0,0.0,0,1161079.0,1,1,1,1161079.0,1161079.0,1161079.0,0.0,1.0,0.0,979.0,1009.0,958.0,669.0,669.0,1.0,False,,,,,,,,True,2587,non-rollup institutions
FY2025,IPF9028501,WALTER AND ELIZA HALL INST MEDICAL RES,Walter and Eliza Hall Institute Medical Research,AUSTRALIA,False,1160939.0,5,2,1091016.0,69923.0,0,504409.0,1,1,0.0,0,0,504409.0,1,0.0,0,656530.0,4,0.0,0,0.0,0,0.0,0,0.0,0,0.0,0,0.0,0,0.0,0,656530.0,4,3,2,386980.0,580470.0,232188.0,168136.0,0.67,43.4,980.0,458.0,671.0,550.0,484.0,1.0,False,,,,,,,,True,2587,non-rollup institutions
FY2025,IPF10033672,"AUTONOMOUS HEALTHCARE, INC.",Autonomous Healthcare,UNITED STATES,False,1157858.0,1,1,794384.0,287726.0,0,0.0,0,0,0.0,0,0,0.0,0,1157858.0,1,0.0,0,0.0,0,0.0,0,0.0,0,0.0,0,0.0,0,0.0,0,0.0,0,1157858.0,1,1,1,1157858.0,1157858.0,1157858.0,0.0,1.0,0.0,981.0,1009.0,958.0,669.0,669.0,1.0,False,,,,,,,,True,2587,non-rollup institutions
FY2025,IPF10055291,NXTECH INC,Nxtech,UNITED STATES,False,1156209.0,1,1,795333.0,285236.0,0,0.0,0,0,0.0,0,0,0.0,0,1156209.0,1,0.0,0,0.0,0,0.0,0,0.0,0,0.0,0,0.0,0,0.0,0,0.0,0,1156209.0,1,1,1,1156209.0,1156209.0,1156209.0,0.0,1.0,0.0,982.0,1009.0,958.0,669.0,669.0,1.0,False,,,,,,,,True,2587,non-rollup institutions
FY2025,IPF10064458,BONDWELL TECHNOLOGIES LP,Bondwell Technologies Lp,UNITED STATES,False,1155951.0,1,1,742549.0,337779.0,0,0.0,0,0,0.0,0,0,0.0,0,1155951.0,1,0.0,0,0.0,0,0.0,0,0.0,0,0.0,0,0.0,0,0.0,0,0.0,0,1155951.0,1,1,1,1155951.0,1155951.0,1155951.0,0.0,1.0,0.0,983.0,1009.0,958.0,669.0,669.0,1.0,False,,,,,,,,True,2587,non-rollup institutions
FY2025,IPF578003,UNIVERSITY OF MISSOURI-ST. LOUIS,University of Missouri-St. Louis,UNITED STATES,False,1155585.0,2,2,795983.0,364907.0,0,0.0,0,0,0.0,0,0,0.0,0,1155585.0,2,0.0,0,0.0,0,0.0,0,0.0,0,0.0,0,0.0,0,0.0,0,0.0,0,1155585.0,2,2,2,577792.0,577792.0,577792.0,0.0,1.0,0.0,984.0,698.0,671.0,669.0,669.0,1.0,False,,,,,,,,True,2587,non-rollup institutions
FY2025,IPF10024106,"ACTIVE LIFE SCIENTIFIC, INC.",Active Life Scientific,UNITED STATES,False,1155353.0,1,1,771245.0,308524.0,0,0.0,0,0,0.0,0,0,0.0,0,1155353.0,1,0.0,0,0.0,0,0.0,0,0.0,0,0.0,0,0.0,0,0.0,0,0.0,0,1155353.0,1,2,1,577676.0,1155353.0,1155353.0,0.0,0.5,0.0,985.0,1009.0,958.0,669.0,669.0,1.0,False,,,,,,,,True,2587,non-rollup institutions
FY2025,IPF10060891,VIZLITICS INC.,Vizlitics,UNITED STATES,False,1154996.0,1,1,779612.0,301845.0,0,0.0,0,0,0.0,0,0,0.0,0,1154996.0,1,0.0,0,0.0,0,0.0,0,0.0,0,0.0,0,0.0,0,0.0,0,0.0,0,1154996.0,1,1,1,1154996.0,1154996.0,1154996.0,0.0,1.0,0.0,986.0,1009.0,958.0,669.0,669.0,1.0,False,,,,,,,,True,2587,non-rollup institutions
FY2025,IPF10046900,"RETHAM TECHNOLOGIES, INC.",Retham Technologies,UNITED STATES,False,1154002.0,1,1,772733.0,305874.0,0,0.0,0,0,0.0,0,0,0.0,0,1154002.0,1,0.0,0,0.0,0,0.0,0,0.0,0,0.0,0,0.0,0,0.0,0,0.0,0,1154002.0,1,1,1,1154002.0,1154002.0,1154002.0,0.0,1.0,0.0,987.0,1009.0,958.0,669.0,669.0,1.0,False,,,,,,,,True,2587,non-rollup institutions
FY2025,IPF10069872,"ARMA BIO, INC.",Arma Bio,UNITED STATES,False,1150471.0,1,1,1002965.0,72242.0,0,0.0,0,0,0.0,0,0,0.0,0,1150471.0,1,0.0,0,0.0,0,0.0,0,0.0,0,0.0,0,0.0,0,0.0,0,0.0,0,1150471.0,1,1,1,1150471.0,1150471.0,1150471.0,0.0,1.0,0.0,988.0,1009.0,958.0,669.0,669.0,1.0,False,,,,,,,,True,2587,non-rollup institutions
FY2025,IPF10089556,"GENTIBIO, INC.",Gentibio,UNITED STATES,False,1150417.0,1,1,930761.0,146566.0,0,0.0,0,0,0.0,0,0,0.0,0,1150417.0,1,0.0,0,0.0,0,0.0,0,0.0,0,0.0,0,0.0,0,0.0,0,0.0,0,1150417.0,1,1,1,1150417.0,1150417.0,1150417.0,0.0,1.0,0.0,989.0,1009.0,958.0,669.0,669.0,1.0,False,,,,,,,,True,2587,non-rollup institutions
FY2025,IPF10040600,ADVANCED SMART SYSTEMS/EVALUATION TECHNO,Advanced Smart Systems/Evaluation Techno,UNITED STATES,False,1150314.0,1,1,895531.0,179529.0,0,0.0,0,0,0.0,0,0,0.0,0,1150314.0,1,0.0,0,0.0,0,0.0,0,0.0,0,0.0,0,0.0,0,0.0,0,0.0,0,1150314.0,1,1,1,1150314.0,1150314.0,1150314.0,0.0,1.0,0.0,990.0,1009.0,958.0,669.0,669.0,1.0,False,,,,,,,,True,2587,non-rollup institutions
FY2025,IPF10006275,SHIFA BIOMEDICAL CORPORATION,Shifa Biomedical Corporation,UNITED STATES,False,1150186.0,1,1,1012100.0,62840.0,0,0.0,0,0,0.0,0,0,0.0,0,1150186.0,1,0.0,0,0.0,0,0.0,0,0.0,0,0.0,0,0.0,0,0.0,0,0.0,0,1150186.0,1,1,1,1150186.0,1150186.0,1150186.0,0.0,1.0,0.0,991.0,1009.0,958.0,669.0,669.0,1.0,False,,,,,,,,True,2587,non-rollup institutions
FY2025,IPF10063143,"GRADIENT MEDICAL, INC.",Gradient Medical,UNITED STATES,False,1150000.0,1,1,968858.0,110724.0,0,0.0,0,0,0.0,0,0,0.0,0,1150000.0,1,0.0,0,0.0,0,0.0,0,0.0,0,0.0,0,0.0,0,0.0,0,0.0,0,1150000.0,1,2,1,575000.0,1150000.0,1150000.0,0.0,0.5,0.0,992.0,1009.0,958.0,669.0,669.0,1.0,False,,,,,,,,True,2587,non-rollup institutions
FY2025,IPF10047660,ECLIPSE BIOINNOVATIONS INC,Eclipse Bioinnovations,UNITED STATES,False,1148465.0,1,1,766666.0,306666.0,0,0.0,0,0,0.0,0,0,0.0,0,1148465.0,1,0.0,0,0.0,0,0.0,0,0.0,0,0.0,0,0.0,0,0.0,0,0.0,0,1148465.0,1,1,1,1148465.0,1148465.0,1148465.0,0.0,1.0,0.0,993.0,1009.0,958.0,669.0,669.0,1.0,False,,,,,,,,True,2587,non-rollup institutions
FY2025,IPF4498601,FLANDERS INTERUNIV INST BIOTECHNOLOGY,Flanders Interuniv Institute Biotechnology,BELGIUM,False,1147488.0,3,3,1062489.0,84999.0,0,1005863.0,2,2,0.0,0,0,1005863.0,2,141625.0,1,0.0,0,0.0,0,0.0,0,0.0,0,0.0,0,0.0,0,0.0,0,0.0,0,141625.0,1,5,3,229498.0,382496.0,382496.0,201173.0,0.6,87.7,994.0,578.0,550.0,455.0,414.0,1.0,True,487.0,,,,,,,True,2587,non-rollup institutions
FY2025,IPF10058589,INVIBRAGEN INC.,Invibragen,UNITED STATES,False,1147352.0,1,1,1002672.0,69620.0,0,0.0,0,0,0.0,0,0,0.0,0,1147352.0,1,0.0,0,0.0,0,0.0,0,0.0,0,0.0,0,0.0,0,0.0,0,0.0,0,1147352.0,1,1,1,1147352.0,1147352.0,1147352.0,0.0,1.0,0.0,995.0,1009.0,958.0,669.0,669.0,1.0,False,,,,,,,,True,2587,non-rollup institutions
FY2025,IPF10072648,XGENOMES CORP.,Xgenomes Corp.,UNITED STATES,False,1146695.0,3,3,783950.0,287728.0,0,0.0,0,0,0.0,0,0,0.0,0,1146695.0,3,0.0,0,0.0,0,0.0,0,0.0,0,0.0,0,0.0,0,0.0,0,0.0,0,1146695.0,3,1,1,1146695.0,382232.0,382232.0,0.0,3.0,0.0,996.0,578.0,550.0,669.0,669.0,1.0,False,,,,,,,,True,2587,non-rollup institutions
FY2025,IPF1152601,NORTHWEST PORTLAND AREA INDIAN HLTH BD,Northwest Portland Area Indian Health Bd,UNITED STATES,False,1139698.0,2,2,930697.0,209001.0,0,0.0,0,0,0.0,0,0,0.0,0,0.0,0,0.0,0,0.0,0,0.0,0,0.0,0,0.0,0,0.0,0,1139698.0,2,0.0,0,1139698.0,2,2,2,569849.0,569849.0,569849.0,0.0,1.0,0.0,997.0,698.0,671.0,669.0,669.0,1.0,False,,,,,,,,True,2587,non-rollup institutions
FY2025,IPF10030638,"MEDIA REZ, LLC",Media Rez,UNITED STATES,False,1138985.0,2,2,819009.0,245463.0,0,0.0,0,0,0.0,0,0,0.0,0,1138985.0,2,0.0,0,0.0,0,0.0,0,0.0,0,0.0,0,0.0,0,0.0,0,0.0,0,1138985.0,2,2,1,569492.0,569492.0,569492.0,0.0,1.0,0.0,998.0,698.0,671.0,669.0,669.0,1.0,False,,,,,,,,True,2587,non-rollup institutions
FY2025,IPF10043666,"NOB HILL THERAPEUTICS, INC.",Nob Hill Therapeutics,UNITED STATES,False,1138913.0,1,1,1046712.0,19318.0,0,0.0,0,0,0.0,0,0,0.0,0,1138913.0,1,0.0,0,0.0,0,0.0,0,0.0,0,0.0,0,0.0,0,0.0,0,0.0,0,1138913.0,1,1,1,1138913.0,1138913.0,1138913.0,0.0,1.0,0.0,999.0,1009.0,958.0,669.0,669.0,1.0,False,,,,,,,,True,2587,non-rollup institutions
FY2025,IPF10041274,"IMMUNOBLUE, LLC",Immunoblue,UNITED STATES,False,1135290.0,1,1,887427.0,173592.0,0,0.0,0,0,0.0,0,0,0.0,0,1135290.0,1,0.0,0,0.0,0,0.0,0,0.0,0,0.0,0,0.0,0,0.0,0,0.0,0,1135290.0,1,2,1,567645.0,1135290.0,1135290.0,0.0,0.5,0.0,1000.0,1009.0,958.0,669.0,669.0,1.0,False,,,,,,,,True,2587,non-rollup institutions
FY2025,IPF10028213,GREAT LAKES NEUROTECHNOLOGIES,Great Lakes Neurotechnologies,UNITED STATES,False,1134607.0,1,1,601120.0,460896.0,0,0.0,0,0,0.0,0,0,0.0,0,1134607.0,1,0.0,0,0.0,0,0.0,0,0.0,0,0.0,0,0.0,0,0.0,0,0.0,0,1134607.0,1,1,1,1134607.0,1134607.0,1134607.0,0.0,1.0,0.0,1001.0,1009.0,958.0,669.0,669.0,1.0,False,,,,,,,,True,2587,non-rollup institutions
FY2025,IPF10072669,"ONWARD HEALTH, INC",Onward Health,UNITED STATES,False,1133325.0,1,1,784579.0,274603.0,0,0.0,0,0,0.0,0,0,0.0,0,1133325.0,1,0.0,0,0.0,0,0.0,0,0.0,0,0.0,0,0.0,0,0.0,0,0.0,0,1133325.0,1,1,1,1133325.0,1133325.0,1133325.0,0.0,1.0,0.0,1002.0,1009.0,958.0,669.0,669.0,1.0,False,,,,,,,,True,2587,non-rollup institutions
FY2025,IPF10033432,"NEMAMETRIX, INC.",Nemametrix,UNITED STATES,False,1126155.0,1,1,751772.0,300709.0,0,0.0,0,0,0.0,0,0,0.0,0,1126155.0,1,0.0,0,0.0,0,0.0,0,0.0,0,0.0,0,0.0,0,0.0,0,0.0,0,1126155.0,1,3,1,375385.0,1126155.0,1126155.0,0.0,0.33,0.0,1003.0,1009.0,958.0,669.0,669.0,1.0,False,,,,,,,,True,2587,non-rollup institutions
FY2025,IPF10060730,"VENOVA TECHNOLOGIES, INC.",Venova Technologies,UNITED STATES,False,1125480.0,1,1,751321.0,300529.0,0,0.0,0,0,0.0,0,0,0.0,0,1125480.0,1,0.0,0,0.0,0,0.0,0,0.0,0,0.0,0,0.0,0,0.0,0,0.0,0,1125480.0,1,1,1,1125480.0,1125480.0,1125480.0,0.0,1.0,0.0,1004.0,1009.0,958.0,669.0,669.0,1.0,False,,,,,,,,True,2587,non-rollup institutions
FY2025,IPF10065823,"KURE. AI, INC.",Kure. Ai,UNITED STATES,False,1125000.0,1,1,805782.0,245620.0,0,0.0,0,0,0.0,0,0,0.0,0,1125000.0,1,0.0,0,0.0,0,0.0,0,0.0,0,0.0,0,0.0,0,0.0,0,0.0,0,1125000.0,1,1,1,1125000.0,1125000.0,1125000.0,0.0,1.0,0.0,1005.0,1009.0,958.0,669.0,669.0,1.0,False,,,,,,,,True,2587,non-rollup institutions
FY2025,IPF10068781,ANANYA HEALTH INC,Ananya Health,UNITED STATES,False,1124942.0,1,1,764783.0,286565.0,0,0.0,0,0,0.0,0,0,0.0,0,1124942.0,1,0.0,0,0.0,0,0.0,0,0.0,0,0.0,0,0.0,0,0.0,0,0.0,0,1124942.0,1,2,1,562471.0,1124942.0,1124942.0,0.0,0.5,0.0,1006.0,1009.0,958.0,669.0,669.0,1.0,False,,,,,,,,True,2587,non-rollup institutions
FY2025,IPF10003455,"NOVOBIOTIC PHARMACEUTICALS, LLC",Novobiotic Pharmaceuticals,UNITED STATES,False,1120776.0,1,1,714176.0,406600.0,0,1120776.0,1,1,0.0,0,0,1120776.0,1,0.0,0,0.0,0,0.0,0,0.0,0,0.0,0,0.0,0,0.0,0,0.0,0,0.0,0,0.0,0,1,1,1120776.0,1120776.0,1120776.0,1120776.0,1.0,100.0,1007.0,1009.0,958.0,439.0,484.0,1.0,False,,,,,,,,True,2587,non-rollup institutions
FY2025,IPF3351001,"MEADOWLARK OPTICS, INC.",Meadowlark Optics,UNITED STATES,False,1120423.0,1,1,800025.0,247099.0,0,0.0,0,0,0.0,0,0,0.0,0,1120423.0,1,0.0,0,0.0,0,0.0,0,0.0,0,0.0,0,0.0,0,0.0,0,0.0,0,1120423.0,1,1,1,1120423.0,1120423.0,1120423.0,0.0,1.0,0.0,1008.0,1009.0,958.0,669.0,669.0,1.0,False,,,,,,,,True,2587,non-rollup institutions
FY2025,IPF10076780,"PREDICTABLY HUMAN, INC.",Predictably Human,UNITED STATES,False,1118284.0,1,1,968812.0,120033.0,0,0.0,0,0,0.0,0,0,0.0,0,1118284.0,1,0.0,0,0.0,0,0.0,0,0.0,0,0.0,0,0.0,0,0.0,0,0.0,0,1118284.0,1,1,1,1118284.0,1118284.0,1118284.0,0.0,1.0,0.0,1009.0,1009.0,958.0,669.0,669.0,1.0,False,,,,,,,,True,2587,non-rollup institutions
FY2025,IPF10054069,"CREATIVE BIO-PEPTIDES, INC.",Creative Bio-Peptides,UNITED STATES,False,1118107.0,1,1,746400.0,298560.0,0,0.0,0,0,0.0,0,0,0.0,0,1118107.0,1,0.0,0,0.0,0,0.0,0,0.0,0,0.0,0,0.0,0,0.0,0,0.0,0,1118107.0,1,1,1,1118107.0,1118107.0,1118107.0,0.0,1.0,0.0,1010.0,1009.0,958.0,669.0,669.0,1.0,False,,,,,,,,True,2587,non-rollup institutions
FY2025,IPF10049629,"BIOMESENSE, INC.",Biomesense,UNITED STATES,False,1117161.0,1,1,745838.0,298335.0,0,0.0,0,0,0.0,0,0,0.0,0,1117161.0,1,0.0,0,0.0,0,0.0,0,0.0,0,0.0,0,0.0,0,0.0,0,0.0,0,1117161.0,1,1,1,1117161.0,1117161.0,1117161.0,0.0,1.0,0.0,1011.0,1009.0,958.0,669.0,669.0,1.0,False,,,,,,,,True,2587,non-rollup institutions
FY2025,IPF10071084,AM OPERATING LLC,Am Operating,UNITED STATES,False,1116368.0,1,1,758872.0,284463.0,0,0.0,0,0,0.0,0,0,0.0,0,1116368.0,1,0.0,0,0.0,0,0.0,0,0.0,0,0.0,0,0.0,0,0.0,0,0.0,0,1116368.0,1,1,1,1116368.0,1116368.0,1116368.0,0.0,1.0,0.0,1012.0,1009.0,958.0,669.0,669.0,1.0,False,,,,,,,,True,2587,non-rollup institutions
FY2025,IPF10049426,"BRAIN ELECTROPHYSIOLOGY LABORATORY COMPANY, LLC",Brain Electrophysiology Laboratory Company,UNITED STATES,False,1115122.0,1,1,917107.0,125063.0,0,0.0,0,0,0.0,0,0,0.0,0,1115122.0,1,0.0,0,0.0,0,0.0,0,0.0,0,0.0,0,0.0,0,0.0,0,0.0,0,1115122.0,1,1,1,1115122.0,1115122.0,1115122.0,0.0,1.0,0.0,1013.0,1009.0,958.0,669.0,669.0,1.0,False,,,,,,,,True,2587,non-rollup institutions
FY2025,IPF10020995,"CARING TECHNOLOGIES, INC.",Caring Technologies,UNITED STATES,False,1114555.0,2,1,763309.0,281696.0,0,0.0,0,0,0.0,0,0,0.0,0,1114555.0,2,0.0,0,0.0,0,0.0,0,0.0,0,0.0,0,0.0,0,0.0,0,0.0,0,1114555.0,2,1,1,1114555.0,1114555.0,557278.0,0.0,1.0,0.0,1014.0,698.0,958.0,669.0,669.0,1.0,False,,,,,,,,True,2587,non-rollup institutions
FY2025,IPF10034440,"ZYMTRONIX CATALYTIC SYSTEMS, INC.",Zymtronix Catalytic Systems,UNITED STATES,False,1114537.0,1,1,883935.0,157688.0,0,0.0,0,0,0.0,0,0,0.0,0,1114537.0,1,0.0,0,0.0,0,0.0,0,0.0,0,0.0,0,0.0,0,0.0,0,0.0,0,1114537.0,1,1,1,1114537.0,1114537.0,1114537.0,0.0,1.0,0.0,1015.0,1009.0,958.0,669.0,669.0,1.0,False,,,,,,,,True,2587,non-rollup institutions
FY2025,IPF10034835,"CHILD MIND INSTITUTE, INC.",Child Mind Institute,UNITED STATES,False,1114031.0,3,3,833352.0,280679.0,0,1114031.0,3,3,0.0,0,0,1114031.0,3,0.0,0,0.0,0,0.0,0,0.0,0,0.0,0,0.0,0,0.0,0,0.0,0,0.0,0,0.0,0,2,2,557016.0,371344.0,371344.0,557016.0,1.5,100.0,1016.0,578.0,550.0,442.0,369.0,1.0,False,,,,,,,,True,2587,non-rollup institutions
FY2025,IPF4997001,MCMASTER UNIVERSITY,Mcmaster University,CANADA,False,1112449.0,3,3,1054828.0,57621.0,0,678273.0,2,2,0.0,0,0,678273.0,2,434176.0,1,0.0,0,0.0,0,0.0,0,0.0,0,0.0,0,0.0,0,0.0,0,0.0,0,434176.0,1,2,2,556224.0,370816.0,370816.0,339136.0,1.5,61.0,1017.0,578.0,550.0,496.0,414.0,1.0,False,,,,,,,,True,2587,non-rollup institutions
FY2025,IPF10056244,"PRECISION EPIGENOMICS, INC.",Precision Epigenomics,UNITED STATES,False,1111709.0,2,1,794078.0,317631.0,0,0.0,0,0,0.0,0,0,0.0,0,1111709.0,2,0.0,0,0.0,0,0.0,0,0.0,0,0.0,0,0.0,0,0.0,0,0.0,0,1111709.0,2,1,1,1111709.0,1111709.0,555854.0,0.0,1.0,0.0,1018.0,698.0,958.0,669.0,669.0,1.0,False,,,,,,,,True,2587,non-rollup institutions
FY2025,IPF628901,BALL STATE UNIVERSITY,Ball State University,UNITED STATES,False,1109920.0,2,2,831000.0,278920.0,0,0.0,0,0,0.0,0,0,0.0,0,1109920.0,2,0.0,0,0.0,0,0.0,0,0.0,0,0.0,0,0.0,0,0.0,0,0.0,0,1109920.0,2,2,2,554960.0,554960.0,554960.0,0.0,1.0,0.0,1019.0,698.0,671.0,669.0,669.0,1.0,False,,,,,,,,True,2587,non-rollup institutions
FY2025,IPF10039889,"CORNOVUS PHARMACEUTICALS, INC.",Cornovus Pharmaceuticals,UNITED STATES,False,1109152.0,1,1,919688.0,119736.0,0,0.0,0,0,0.0,0,0,0.0,0,1109152.0,1,0.0,0,0.0,0,0.0,0,0.0,0,0.0,0,0.0,0,0.0,0,0.0,0,1109152.0,1,1,1,1109152.0,1109152.0,1109152.0,0.0,1.0,0.0,1020.0,1009.0,958.0,669.0,669.0,1.0,False,,,,,,,,True,2587,non-rollup institutions
FY2025,IPF10068718,"ILLUMINANT SURGICAL, INC.",Illuminant Surgical,UNITED STATES,False,1107943.0,1,1,739615.0,295846.0,0,0.0,0,0,0.0,0,0,0.0,0,1107943.0,1,0.0,0,0.0,0,0.0,0,0.0,0,0.0,0,0.0,0,0.0,0,0.0,0,1107943.0,1,1,1,1107943.0,1107943.0,1107943.0,0.0,1.0,0.0,1021.0,1009.0,958.0,669.0,669.0,1.0,False,,,,,,,,True,2587,non-rollup institutions
FY2025,IPF10020394,"INVIA, LLC",Invia,UNITED STATES,False,1107749.0,1,1,865811.0,169468.0,0,0.0,0,0,0.0,0,0,0.0,0,1107749.0,1,0.0,0,0.0,0,0.0,0,0.0,0,0.0,0,0.0,0,0.0,0,0.0,0,1107749.0,1,1,1,1107749.0,1107749.0,1107749.0,0.0,1.0,0.0,1022.0,1009.0,958.0,669.0,669.0,1.0,False,,,,,,,,True,2587,non-rollup institutions
FY2025,IPF10072169,"VASARYA THERAPEUTICS, INC.",Vasarya Therapeutics,UNITED STATES,False,1107500.0,1,1,862500.0,245000.0,0,0.0,0,0,0.0,0,0,0.0,0,1107500.0,1,0.0,0,0.0,0,0.0,0,0.0,0,0.0,0,0.0,0,0.0,0,0.0,0,1107500.0,1,1,1,1107500.0,1107500.0,1107500.0,0.0,1.0,0.0,1023.0,1009.0,958.0,669.0,669.0,1.0,False,,,,,,,,True,2587,non-rollup institutions
FY2025,IPF10070981,BRIACELL THERAPEUTICS CORP,Briacell Therapeutics Corp,UNITED STATES,False,1106781.0,1,1,747150.0,288860.0,0,0.0,0,0,0.0,0,0,0.0,0,1106781.0,1,0.0,0,0.0,0,0.0,0,0.0,0,0.0,0,0.0,0,0.0,0,0.0,0,1106781.0,1,1,1,1106781.0,1106781.0,1106781.0,0.0,1.0,0.0,1024.0,1009.0,958.0,669.0,669.0,1.0,False,,,,,,,,True,2587,non-rollup institutions
FY2025,IPF10012015,"ROSE LI AND ASSOCIATES, INC.",Rose Li and Associates,UNITED STATES,False,1106355.0,1,1,1043004.0,572077.0,0,0.0,0,0,0.0,0,0,0.0,0,0.0,0,1106355.0,1,0.0,0,0.0,0,0.0,0,0.0,0,0.0,0,0.0,0,0.0,0,1106355.0,1,2,1,553178.0,1106355.0,1106355.0,0.0,0.5,0.0,1025.0,1009.0,958.0,669.0,669.0,1.0,False,,,,,,,,True,2587,non-rollup institutions
FY2025,IPF10073290,"LAZZARO MEDICAL, INC.",Lazzaro Medical,UNITED STATES,False,1104123.0,1,1,737065.0,294826.0,0,0.0,0,0,0.0,0,0,0.0,0,1104123.0,1,0.0,0,0.0,0,0.0,0,0.0,0,0.0,0,0.0,0,0.0,0,0.0,0,1104123.0,1,1,1,1104123.0,1104123.0,1104123.0,0.0,1.0,0.0,1026.0,1009.0,958.0,669.0,669.0,1.0,False,,,,,,,,True,2587,non-rollup institutions
FY2025,IPF10053102,"WAVELY DIAGNOSTICS, INC.",Wavely Diagnostics,UNITED STATES,False,1104026.0,1,1,737000.0,294800.0,0,0.0,0,0,0.0,0,0,0.0,0,1104026.0,1,0.0,0,0.0,0,0.0,0,0.0,0,0.0,0,0.0,0,0.0,0,0.0,0,1104026.0,1,2,1,552013.0,1104026.0,1104026.0,0.0,0.5,0.0,1027.0,1009.0,958.0,669.0,669.0,1.0,False,,,,,,,,True,2587,non-rollup institutions
FY2025,IPF10055417,"AMISSA, INC.",Amissa,UNITED STATES,False,1103635.0,1,1,736758.0,294703.0,0,0.0,0,0,0.0,0,0,0.0,0,1103635.0,1,0.0,0,0.0,0,0.0,0,0.0,0,0.0,0,0.0,0,0.0,0,0.0,0,1103635.0,1,1,1,1103635.0,1103635.0,1103635.0,0.0,1.0,0.0,1028.0,1009.0,958.0,669.0,669.0,1.0,False,,,,,,,,True,2587,non-rollup institutions
FY2025,IPF10071146,VORTEX THERAPEUTICS INC,Vortex Therapeutics,UNITED STATES,False,1102729.0,1,1,938614.0,91974.0,0,0.0,0,0,0.0,0,0,0.0,0,1102729.0,1,0.0,0,0.0,0,0.0,0,0.0,0,0.0,0,0.0,0,0.0,0,0.0,0,1102729.0,1,1,1,1102729.0,1102729.0,1102729.0,0.0,1.0,0.0,1029.0,1009.0,958.0,669.0,669.0,1.0,False,,,,,,,,True,2587,non-rollup institutions
FY2025,IPF10064106,"APLEXIS, INC.",Aplexis,UNITED STATES,False,1101337.0,1,1,791759.0,237528.0,0,0.0,0,0,0.0,0,0,0.0,0,1101337.0,1,0.0,0,0.0,0,0.0,0,0.0,0,0.0,0,0.0,0,0.0,0,0.0,0,1101337.0,1,1,1,1101337.0,1101337.0,1101337.0,0.0,1.0,0.0,1030.0,1009.0,958.0,669.0,669.0,1.0,False,,,,,,,,True,2587,non-rollup institutions
FY2025,IPF10020736,"DYNAMOID, INC.",Dynamoid,UNITED STATES,False,1101113.0,2,1,876034.0,164667.0,0,0.0,0,0,0.0,0,0,0.0,0,1101113.0,2,0.0,0,0.0,0,0.0,0,0.0,0,0.0,0,0.0,0,0.0,0,0.0,0,1101113.0,2,1,1,1101113.0,1101113.0,550556.0,0.0,1.0,0.0,1031.0,698.0,958.0,669.0,669.0,1.0,False,,,,,,,,True,2587,non-rollup institutions
FY2025,IPF10040004,"AXONOVA MEDICAL, LLC",Axonova Medical,UNITED STATES,False,1099609.0,1,1,971208.0,98938.0,0,0.0,0,0,0.0,0,0,0.0,0,1099609.0,1,0.0,0,0.0,0,0.0,0,0.0,0,0.0,0,0.0,0,0.0,0,0.0,0,1099609.0,1,1,1,1099609.0,1099609.0,1099609.0,0.0,1.0,0.0,1032.0,1009.0,958.0,669.0,669.0,1.0,False,,,,,,,,True,2587,non-rollup institutions
FY2025,IPF10051744,"NEPHRODI THERAPEUTICS, INC.",Nephrodi Therapeutics,UNITED STATES,False,1096928.0,1,1,854305.0,170861.0,0,0.0,0,0,0.0,0,0,0.0,0,1096928.0,1,0.0,0,0.0,0,0.0,0,0.0,0,0.0,0,0.0,0,0.0,0,0.0,0,1096928.0,1,1,1,1096928.0,1096928.0,1096928.0,0.0,1.0,0.0,1033.0,1009.0,958.0,669.0,669.0,1.0,False,,,,,,,,True,2587,non-rollup institutions
FY2025,IPF10031999,KWAZULU-NATAL RESEARCH INSTITUTE TB-HIV,Kwazulu-Natal Research Institute Tb-HIV,SOUTH AFRICA,False,1096103.0,3,2,1020066.0,76037.0,0,0.0,0,0,0.0,0,0,0.0,0,0.0,0,1000661.0,2,0.0,0,95442.0,1,0.0,0,0.0,0,0.0,0,0.0,0,0.0,0,1096103.0,3,3,2,365368.0,548052.0,365368.0,0.0,0.67,0.0,1034.0,578.0,671.0,669.0,669.0,1.0,False,,,,,,,,True,2587,non-rollup institutions
FY2025,IPF10044821,"RENEUROGEN, LLC",Reneurogen,UNITED STATES,False,1095688.0,2,2,927252.0,100844.0,0,0.0,0,0,0.0,0,0,0.0,0,1095688.0,2,0.0,0,0.0,0,0.0,0,0.0,0,0.0,0,0.0,0,0.0,0,0.0,0,1095688.0,2,1,1,1095688.0,547844.0,547844.0,0.0,2.0,0.0,1035.0,698.0,671.0,669.0,669.0,1.0,False,,,,,,,,True,2587,non-rollup institutions
FY2025,IPF10061172,HEALTH DISCOVERY LABS LLC,Health Discovery Labs,UNITED STATES,False,1095012.0,1,1,730983.0,292393.0,0,0.0,0,0,0.0,0,0,0.0,0,1095012.0,1,0.0,0,0.0,0,0.0,0,0.0,0,0.0,0,0.0,0,0.0,0,0.0,0,1095012.0,1,1,1,1095012.0,1095012.0,1095012.0,0.0,1.0,0.0,1036.0,1009.0,958.0,669.0,669.0,1.0,False,,,,,,,,True,2587,non-rollup institutions
FY2025,IPF8943301,VILLANOVA UNIVERSITY,Villanova University,UNITED STATES,False,1094515.0,4,4,851174.0,243341.0,0,276280.0,1,1,0.0,0,0,276280.0,1,818235.0,3,0.0,0,0.0,0,0.0,0,0.0,0,0.0,0,0.0,0,0.0,0,0.0,0,818235.0,3,8,4,136814.0,273629.0,273629.0,34535.0,0.5,25.2,1037.0,504.0,483.0,625.0,484.0,1.0,True,524.0,,,,,,,True,2587,non-rollup institutions
FY2025,IPF10061183,"EVODENOVO, INC.",Evodenovo,UNITED STATES,False,1094320.0,1,1,878051.0,144678.0,0,0.0,0,0,0.0,0,0,0.0,0,1094320.0,1,0.0,0,0.0,0,0.0,0,0.0,0,0.0,0,0.0,0,0.0,0,0.0,0,1094320.0,1,1,1,1094320.0,1094320.0,1094320.0,0.0,1.0,0.0,1038.0,1009.0,958.0,669.0,669.0,1.0,False,,,,,,,,True,2587,non-rollup institutions
FY2025,IPF10072928,BIODEVEK INC,Biodevek,UNITED STATES,False,1094074.0,1,1,898390.0,180684.0,0,0.0,0,0,0.0,0,0,0.0,0,1094074.0,1,0.0,0,0.0,0,0.0,0,0.0,0,0.0,0,0.0,0,0.0,0,0.0,0,1094074.0,1,1,1,1094074.0,1094074.0,1094074.0,0.0,1.0,0.0,1039.0,1009.0,958.0,669.0,669.0,1.0,False,,,,,,,,True,2587,non-rollup institutions
FY2025,IPF10071950,"SURVEY GENOMICS, INC.",Survey Genomics,UNITED STATES,False,1091941.0,1,1,728933.0,291573.0,0,0.0,0,0,0.0,0,0,0.0,0,1091941.0,1,0.0,0,0.0,0,0.0,0,0.0,0,0.0,0,0.0,0,0.0,0,0.0,0,1091941.0,1,1,1,1091941.0,1091941.0,1091941.0,0.0,1.0,0.0,1040.0,1009.0,958.0,669.0,669.0,1.0,False,,,,,,,,True,2587,non-rollup institutions
FY2025,IPF10053745,"FIBRONOX, L.L.C.",Fibronox,UNITED STATES,False,1091039.0,1,1,902703.0,116960.0,0,0.0,0,0,0.0,0,0,0.0,0,1091039.0,1,0.0,0,0.0,0,0.0,0,0.0,0,0.0,0,0.0,0,0.0,0,0.0,0,1091039.0,1,2,1,545520.0,1091039.0,1091039.0,0.0,0.5,0.0,1041.0,1009.0,958.0,669.0,669.0,1.0,False,,,,,,,,True,2587,non-rollup institutions
FY2025,IPF10015814,"MANZANITA PHARMACEUTICALS, INC.",Manzanita Pharmaceuticals,UNITED STATES,False,1090970.0,1,1,972344.0,97234.0,0,0.0,0,0,0.0,0,0,0.0,0,1090970.0,1,0.0,0,0.0,0,0.0,0,0.0,0,0.0,0,0.0,0,0.0,0,0.0,0,1090970.0,1,1,1,1090970.0,1090970.0,1090970.0,0.0,1.0,0.0,1042.0,1009.0,958.0,669.0,669.0,1.0,False,,,,,,,,True,2587,non-rollup institutions
FY2025,IPF2312301,UNIVERSITY OF EDINBURGH,University of Edinburgh,UNITED KINGDOM,False,1090061.0,3,2,1033797.0,56264.0,0,496970.0,2,1,0.0,0,0,496970.0,2,0.0,0,593091.0,1,0.0,0,0.0,0,0.0,0,0.0,0,0.0,0,0.0,0,0.0,0,593091.0,1,6,2,181677.0,545030.0,363354.0,82828.0,0.33,45.6,1043.0,578.0,671.0,551.0,414.0,1.0,True,508.0,,,,,,,True,2587,non-rollup institutions
FY2025,IPF10080269,HOMECARE HUB US INC,Homecare Hub US,UNITED STATES,False,1089329.0,1,1,735500.0,284200.0,0,0.0,0,0,0.0,0,0,0.0,0,1089329.0,1,0.0,0,0.0,0,0.0,0,0.0,0,0.0,0,0.0,0,0.0,0,0.0,0,1089329.0,1,1,1,1089329.0,1089329.0,1089329.0,0.0,1.0,0.0,1044.0,1009.0,958.0,669.0,669.0,1.0,False,,,,,,,,True,2587,non-rollup institutions
FY2025,IPF513602,CALIFORNIA STATE UNIV-DOMINGUEZ HILLS,California State University-Dominguez Hills,UNITED STATES,False,1087514.0,5,5,844512.0,243002.0,0,0.0,0,0,0.0,0,0,0.0,0,367500.0,2,315347.0,1,0.0,0,166609.0,1,238058.0,1,0.0,0,0.0,0,0.0,0,0.0,0,1087514.0,5,5,5,217503.0,217503.0,217503.0,0.0,1.0,0.0,1045.0,458.0,446.0,669.0,669.0,1.0,True,494.0,,,,,,,True,2587,non-rollup institutions
FY2025,IPF10034406,"DIGNIFY THERAPEUTICS, LLC",Dignify Therapeutics,UNITED STATES,False,1086948.0,2,2,676188.0,339651.0,0,0.0,0,0,0.0,0,0,0.0,0,110040.0,1,976908.0,1,0.0,0,0.0,0,0.0,0,0.0,0,0.0,0,0.0,0,0.0,0,1086948.0,2,2,2,543474.0,543474.0,543474.0,0.0,1.0,0.0,1046.0,698.0,671.0,669.0,669.0,1.0,False,,,,,,,,True,2587,non-rollup institutions
FY2025,IPF10032325,DOUBLE HELIX OPTICS INC.,Double Helix Optics,UNITED STATES,False,1084722.0,1,1,736749.0,279500.0,0,0.0,0,0,0.0,0,0,0.0,0,1084722.0,1,0.0,0,0.0,0,0.0,0,0.0,0,0.0,0,0.0,0,0.0,0,0.0,0,1084722.0,1,1,1,1084722.0,1084722.0,1084722.0,0.0,1.0,0.0,1047.0,1009.0,958.0,669.0,669.0,1.0,False,,,,,,,,True,2587,non-rollup institutions
FY2025,IPF10089177,"NUSIRT SCIENCES, INC.",Nusirt Sciences,UNITED STATES,False,1084359.0,1,1,975300.0,38120.0,0,0.0,0,0,0.0,0,0,0.0,0,1084359.0,1,0.0,0,0.0,0,0.0,0,0.0,0,0.0,0,0.0,0,0.0,0,0.0,0,1084359.0,1,2,1,542180.0,1084359.0,1084359.0,0.0,0.5,0.0,1048.0,1009.0,958.0,669.0,669.0,1.0,False,,,,,,,,True,2587,non-rollup institutions
FY2025,IPF4989401,MCGILL UNIVERSITY,Mcgill University,CANADA,False,1084067.0,4,3,1037232.0,46835.0,0,889413.0,2,2,0.0,0,0,889413.0,2,0.0,0,194654.0,2,0.0,0,0.0,0,0.0,0,0.0,0,0.0,0,0.0,0,0.0,0,194654.0,2,3,3,361356.0,361356.0,271017.0,296471.0,1.0,82.0,1049.0,504.0,550.0,465.0,414.0,1.0,False,,,,,,,,True,2587,non-rollup institutions
FY2025,IPF10066084,PHINOMICS INC.,Phinomics,UNITED STATES,False,1084044.0,1,1,846165.0,166960.0,0,0.0,0,0,0.0,0,0,0.0,0,1084044.0,1,0.0,0,0.0,0,0.0,0,0.0,0,0.0,0,0.0,0,0.0,0,0.0,0,1084044.0,1,1,1,1084044.0,1084044.0,1084044.0,0.0,1.0,0.0,1050.0,1009.0,958.0,669.0,669.0,1.0,False,,,,,,,,True,2587,non-rollup institutions
FY2025,IPF10026085,"DISCOVERY COLLECTIVE, INC.",Discovery Collective,UNITED STATES,False,1079547.0,1,1,721227.0,288491.0,0,0.0,0,0,0.0,0,0,0.0,0,1079547.0,1,0.0,0,0.0,0,0.0,0,0.0,0,0.0,0,0.0,0,0.0,0,0.0,0,1079547.0,1,1,1,1079547.0,1079547.0,1079547.0,0.0,1.0,0.0,1051.0,1009.0,958.0,669.0,669.0,1.0,False,,,,,,,,True,2587,non-rollup institutions
FY2025,IPF2307801,"INTER TRIBAL COUNCIL OF ARIZONA, INC.",Inter Tribal Council of Arizona,UNITED STATES,False,1079006.0,1,1,1021357.0,57649.0,0,0.0,0,0,0.0,0,0,0.0,0,0.0,0,0.0,0,0.0,0,0.0,0,0.0,0,0.0,0,0.0,0,1079006.0,1,0.0,0,1079006.0,1,1,1,1079006.0,1079006.0,1079006.0,0.0,1.0,0.0,1052.0,1009.0,958.0,669.0,669.0,1.0,False,,,,,,,,True,2587,non-rollup institutions
FY2025,IPF10061068,"VECTECH, LLC",Vectech,UNITED STATES,False,1078669.0,2,2,735466.0,272635.0,0,0.0,0,0,0.0,0,0,0.0,0,1078669.0,2,0.0,0,0.0,0,0.0,0,0.0,0,0.0,0,0.0,0,0.0,0,0.0,0,1078669.0,2,2,2,539334.0,539334.0,539334.0,0.0,1.0,0.0,1053.0,698.0,671.0,669.0,669.0,1.0,False,,,,,,,,True,2587,non-rollup institutions
FY2025,IPF10063216,STICHTING RADBOUD UNIVERSITAIR MEDISCH CENTRUM I.O.,Stichting Radboud Universitair Medisch Centrum I.o.,NETHERLANDS,False,1077619.0,2,2,1047401.0,30218.0,0,1077619.0,2,2,0.0,0,0,1077619.0,2,0.0,0,0.0,0,0.0,0,0.0,0,0.0,0,0.0,0,0.0,0,0.0,0,0.0,0,0.0,0,3,2,359206.0,538810.0,538810.0,359206.0,0.67,100.0,1054.0,698.0,671.0,445.0,414.0,1.0,False,,,,,,,,True,2587,non-rollup institutions
FY2025,IPF10047426,CAPTIS DIAGNOSTICS,Captis Diagnostics,UNITED STATES,False,1077369.0,1,1,784882.0,238102.0,0,0.0,0,0,0.0,0,0,0.0,0,1077369.0,1,0.0,0,0.0,0,0.0,0,0.0,0,0.0,0,0.0,0,0.0,0,0.0,0,1077369.0,1,1,1,1077369.0,1077369.0,1077369.0,0.0,1.0,0.0,1055.0,1009.0,958.0,669.0,669.0,1.0,False,,,,,,,,True,2587,non-rollup institutions
FY2025,IPF10048354,"COGTHERA, LLC",Cogthera,UNITED STATES,False,1077312.0,1,1,802888.0,203946.0,0,0.0,0,0,0.0,0,0,0.0,0,1077312.0,1,0.0,0,0.0,0,0.0,0,0.0,0,0.0,0,0.0,0,0.0,0,0.0,0,1077312.0,1,1,1,1077312.0,1077312.0,1077312.0,0.0,1.0,0.0,1056.0,1009.0,958.0,669.0,669.0,1.0,False,,,,,,,,True,2587,non-rollup institutions
FY2025,IPF10052420,"CONTRALINE, INC.",Contraline,UNITED STATES,False,1077116.0,1,1,921876.0,84774.0,0,0.0,0,0,0.0,0,0,0.0,0,1077116.0,1,0.0,0,0.0,0,0.0,0,0.0,0,0.0,0,0.0,0,0.0,0,0.0,0,1077116.0,1,1,1,1077116.0,1077116.0,1077116.0,0.0,1.0,0.0,1057.0,1009.0,958.0,669.0,669.0,1.0,False,,,,,,,,True,2587,non-rollup institutions
FY2025,IPF10030063,SUNNYBROOK RESEARCH INSTITUTE,Sunnybrook Research Institute,CANADA,False,1074766.0,2,2,1021825.0,52941.0,0,1074766.0,2,2,0.0,0,0,1074766.0,2,0.0,0,0.0,0,0.0,0,0.0,0,0.0,0,0.0,0,0.0,0,0.0,0,0.0,0,0.0,0,6,2,179128.0,537383.0,537383.0,179128.0,0.33,100.0,1058.0,698.0,671.0,446.0,414.0,1.0,True,510.0,,,,,,,True,2587,non-rollup institutions
FY2025,IPF10026942,"RIVANNA MEDICAL, INC.",Rivanna Medical,UNITED STATES,False,1073736.0,1,1,653476.0,350016.0,0,0.0,0,0,0.0,0,0,0.0,0,1073736.0,1,0.0,0,0.0,0,0.0,0,0.0,0,0.0,0,0.0,0,0.0,0,0.0,0,1073736.0,1,1,1,1073736.0,1073736.0,1073736.0,0.0,1.0,0.0,1059.0,1009.0,958.0,669.0,669.0,1.0,False,,,,,,,,True,2587,non-rollup institutions
FY2025,IPF10023851,"BLUE MARBLE REHAB, INC.",Blue Marble Rehab,UNITED STATES,False,1072906.0,1,1,873993.0,128723.0,0,0.0,0,0,0.0,0,0,0.0,0,1072906.0,1,0.0,0,0.0,0,0.0,0,0.0,0,0.0,0,0.0,0,0.0,0,0.0,0,1072906.0,1,1,1,1072906.0,1072906.0,1072906.0,0.0,1.0,0.0,1060.0,1009.0,958.0,669.0,669.0,1.0,False,,,,,,,,True,2587,non-rollup institutions
FY2025,IPF10044828,"RITHIM BIOLOGICS, INC.",Rithim Biologics,UNITED STATES,False,1072629.0,1,1,716041.0,286416.0,0,0.0,0,0,0.0,0,0,0.0,0,1072629.0,1,0.0,0,0.0,0,0.0,0,0.0,0,0.0,0,0.0,0,0.0,0,0.0,0,1072629.0,1,1,1,1072629.0,1072629.0,1072629.0,0.0,1.0,0.0,1061.0,1009.0,958.0,669.0,669.0,1.0,False,,,,,,,,True,2587,non-rollup institutions
FY2025,IPF10030717,FLINT REHABILITATION DEVICES,Flint Rehabilitation Devices,UNITED STATES,False,1071097.0,1,1,715018.0,286007.0,0,0.0,0,0,0.0,0,0,0.0,0,1071097.0,1,0.0,0,0.0,0,0.0,0,0.0,0,0.0,0,0.0,0,0.0,0,0.0,0,1071097.0,1,1,1,1071097.0,1071097.0,1071097.0,0.0,1.0,0.0,1062.0,1009.0,958.0,669.0,669.0,1.0,False,,,,,,,,True,2587,non-rollup institutions
FY2025,IPF10036480,CENTRE DE RECHERCHE DE L'HOPITAL DOUGLAS,Centre de Recherche de L'hopital Douglas,CANADA,False,1070203.0,2,2,990929.0,79274.0,0,1070203.0,2,2,0.0,0,0,1070203.0,2,0.0,0,0.0,0,0.0,0,0.0,0,0.0,0,0.0,0,0.0,0,0.0,0,0.0,0,0.0,0,2,2,535102.0,535102.0,535102.0,535102.0,1.0,100.0,1063.0,698.0,671.0,447.0,414.0,1.0,False,,,,,,,,True,2587,non-rollup institutions
FY2025,IPF10067435,"BLOTTING INNOVATIONS, LLC",Blotting Innovations,UNITED STATES,False,1069263.0,1,1,734946.0,267398.0,0,0.0,0,0,0.0,0,0,0.0,0,1069263.0,1,0.0,0,0.0,0,0.0,0,0.0,0,0.0,0,0.0,0,0.0,0,0.0,0,1069263.0,1,2,1,534632.0,1069263.0,1069263.0,0.0,0.5,0.0,1064.0,1009.0,958.0,669.0,669.0,1.0,False,,,,,,,,True,2587,non-rollup institutions
FY2025,IPF10056419,"JANUSQ, LLC",Janusq,UNITED STATES,False,1067165.0,2,2,749600.0,262360.0,0,0.0,0,0,0.0,0,0,0.0,0,1067165.0,2,0.0,0,0.0,0,0.0,0,0.0,0,0.0,0,0.0,0,0.0,0,0.0,0,1067165.0,2,1,1,1067165.0,533582.0,533582.0,0.0,2.0,0.0,1065.0,698.0,671.0,669.0,669.0,1.0,False,,,,,,,,True,2587,non-rollup institutions
FY2025,IPF10011728,"ACETAMINOPHEN TOXICITY DIAGNOSTICS, LLC",Acetaminophen Toxicity Diagnostics,UNITED STATES,False,1067121.0,1,1,712362.0,284948.0,0,0.0,0,0,0.0,0,0,0.0,0,0.0,0,0.0,0,0.0,0,0.0,0,0.0,0,0.0,0,0.0,0,1067121.0,1,0.0,0,1067121.0,1,1,1,1067121.0,1067121.0,1067121.0,0.0,1.0,0.0,1066.0,1009.0,958.0,669.0,669.0,1.0,False,,,,,,,,True,2587,non-rollup institutions
FY2025,IPF10015960,"3DT HOLDINGS, LLC",3Dt Holdings,UNITED STATES,False,1065759.0,1,1,673354.0,322682.0,0,0.0,0,0,0.0,0,0,0.0,0,1065759.0,1,0.0,0,0.0,0,0.0,0,0.0,0,0.0,0,0.0,0,0.0,0,0.0,0,1065759.0,1,2,1,532880.0,1065759.0,1065759.0,0.0,0.5,0.0,1067.0,1009.0,958.0,669.0,669.0,1.0,False,,,,,,,,True,2587,non-rollup institutions
FY2025,IPF10028861,"COLLAGEN MEDICAL, LLC",Collagen Medical,UNITED STATES,False,1065500.0,1,1,825212.0,170582.0,0,0.0,0,0,0.0,0,0,0.0,0,1065500.0,1,0.0,0,0.0,0,0.0,0,0.0,0,0.0,0,0.0,0,0.0,0,0.0,0,1065500.0,1,1,1,1065500.0,1065500.0,1065500.0,0.0,1.0,0.0,1068.0,1009.0,958.0,669.0,669.0,1.0,False,,,,,,,,True,2587,non-rollup institutions
FY2025,IPF4014501,"KITWARE, INC.",Kitware,UNITED STATES,False,1065333.0,1,1,399999.0,665334.0,0,1065333.0,1,1,0.0,0,0,1065333.0,1,0.0,0,0.0,0,0.0,0,0.0,0,0.0,0,0.0,0,0.0,0,0.0,0,0.0,0,0.0,0,1,1,1065333.0,1065333.0,1065333.0,1065333.0,1.0,100.0,1069.0,1009.0,958.0,449.0,484.0,1.0,False,,,,,,,,True,2587,non-rollup institutions
FY2025,IPF1194504,SOUTHERN ILLINOIS UNIVERSITY SCH OF MED,SIU School of Medicine,UNITED STATES,False,1063806.0,3,3,769856.0,293950.0,0,373002.0,1,1,0.0,0,0,373002.0,1,0.0,0,493870.0,1,0.0,0,196934.0,1,0.0,0,0.0,0,0.0,0,0.0,0,0.0,0,690804.0,2,3,3,354602.0,354602.0,354602.0,124334.0,1.0,35.1,1070.0,578.0,550.0,596.0,484.0,1.0,False,,,,,,,,True,2587,non-rollup institutions
FY2025,IPF10031584,"PHOENIX NEST, INC.",Phoenix Nest,UNITED STATES,False,1062505.0,1,1,941796.0,51200.0,0,0.0,0,0,0.0,0,0,0.0,0,1062505.0,1,0.0,0,0.0,0,0.0,0,0.0,0,0.0,0,0.0,0,0.0,0,0.0,0,1062505.0,1,1,1,1062505.0,1062505.0,1062505.0,0.0,1.0,0.0,1071.0,1009.0,958.0,669.0,669.0,1.0,False,,,,,,,,True,2587,non-rollup institutions
FY2025,IPF10071999,PLANS4CARE INC.,Plans4care,UNITED STATES,False,1062212.0,2,2,709087.0,283635.0,0,0.0,0,0,0.0,0,0,0.0,0,1062212.0,2,0.0,0,0.0,0,0.0,0,0.0,0,0.0,0,0.0,0,0.0,0,0.0,0,1062212.0,2,3,1,354071.0,531106.0,531106.0,0.0,0.67,0.0,1072.0,698.0,671.0,669.0,669.0,1.0,False,,,,,,,,True,2587,non-rollup institutions
FY2025,IPF10076693,"TAKEOFF41, INC.",Takeoff41,UNITED STATES,False,1061217.0,1,1,995544.0,65673.0,0,0.0,0,0,0.0,0,0,0.0,0,1061217.0,1,0.0,0,0.0,0,0.0,0,0.0,0,0.0,0,0.0,0,0.0,0,0.0,0,1061217.0,1,2,1,530608.0,1061217.0,1061217.0,0.0,0.5,0.0,1073.0,1009.0,958.0,669.0,669.0,1.0,False,,,,,,,,True,2587,non-rollup institutions
FY2025,IPF10026344,GENETIVISION CORPORATION,Genetivision Corporation,UNITED STATES,False,1061192.0,1,1,708406.0,283362.0,0,0.0,0,0,0.0,0,0,0.0,0,1061192.0,1,0.0,0,0.0,0,0.0,0,0.0,0,0.0,0,0.0,0,0.0,0,0.0,0,1061192.0,1,1,1,1061192.0,1061192.0,1061192.0,0.0,1.0,0.0,1074.0,1009.0,958.0,669.0,669.0,1.0,False,,,,,,,,True,2587,non-rollup institutions
FY2025,IPF10019584,"LENA BIOSCIENCES, INC.",Lena Biosciences,UNITED STATES,False,1060260.0,1,1,818461.0,172436.0,0,0.0,0,0,0.0,0,0,0.0,0,1060260.0,1,0.0,0,0.0,0,0.0,0,0.0,0,0.0,0,0.0,0,0.0,0,0.0,0,1060260.0,1,1,1,1060260.0,1060260.0,1060260.0,0.0,1.0,0.0,1075.0,1009.0,958.0,669.0,669.0,1.0,False,,,,,,,,True,2587,non-rollup institutions
FY2025,IPF10053169,"ELIXERA, INC.",Elixera,UNITED STATES,False,1059814.0,1,1,933000.0,57480.0,0,0.0,0,0,0.0,0,0,0.0,0,1059814.0,1,0.0,0,0.0,0,0.0,0,0.0,0,0.0,0,0.0,0,0.0,0,0.0,0,1059814.0,1,1,1,1059814.0,1059814.0,1059814.0,0.0,1.0,0.0,1076.0,1009.0,958.0,669.0,669.0,1.0,False,,,,,,,,True,2587,non-rollup institutions
FY2025,IPF10014286,KWAME NKRUMAH UNIVERSITY/SCIENCE/TECH,Kwame Nkrumah University/Science/Tech,GHANA,False,1057916.0,4,4,1015749.0,42167.0,0,0.0,0,0,0.0,0,0,0.0,0,0.0,0,700120.0,2,0.0,0,89062.0,1,0.0,0,0.0,0,0.0,0,268734.0,1,0.0,0,1057916.0,4,7,4,151131.0,264479.0,264479.0,0.0,0.57,0.0,1077.0,504.0,483.0,669.0,669.0,1.0,True,520.0,,,,,,,True,2587,non-rollup institutions
FY2025,IPF10039984,INTEGRATED MEDICAL SENSORS,Integrated Medical Sensors,UNITED STATES,False,1057824.0,3,3,771620.0,217000.0,0,0.0,0,0,0.0,0,0,0.0,0,560274.0,2,0.0,0,0.0,0,0.0,0,0.0,0,0.0,0,0.0,0,497550.0,1,0.0,0,1057824.0,3,2,2,528912.0,352608.0,352608.0,0.0,1.5,0.0,1078.0,578.0,550.0,669.0,669.0,1.0,False,,,,,,,,True,2587,non-rollup institutions
FY2025,IPF10059470,THEIA IMAGING LLC,Theia Imaging,UNITED STATES,False,1057717.0,2,1,766960.0,227249.0,0,0.0,0,0,0.0,0,0,0.0,0,1057717.0,2,0.0,0,0.0,0,0.0,0,0.0,0,0.0,0,0.0,0,0.0,0,0.0,0,1057717.0,2,2,1,528858.0,1057717.0,528858.0,0.0,0.5,0.0,1079.0,698.0,958.0,669.0,669.0,1.0,False,,,,,,,,True,2587,non-rollup institutions
FY2025,IPF10067666,"LOXIGEN, INC.",Loxigen,UNITED STATES,False,1057068.0,1,1,834382.0,155064.0,0,0.0,0,0,0.0,0,0,0.0,0,1057068.0,1,0.0,0,0.0,0,0.0,0,0.0,0,0.0,0,0.0,0,0.0,0,0.0,0,1057068.0,1,1,1,1057068.0,1057068.0,1057068.0,0.0,1.0,0.0,1080.0,1009.0,958.0,669.0,669.0,1.0,False,,,,,,,,True,2587,non-rollup institutions
FY2025,IPF1477802,MERCER UNIVERSITY MACON,Mercer University Macon,UNITED STATES,False,1056224.0,3,3,823000.0,233224.0,0,657602.0,1,1,0.0,0,0,657602.0,1,211485.0,1,0.0,0,0.0,0,187137.0,1,0.0,0,0.0,0,0.0,0,0.0,0,0.0,0,398622.0,2,3,3,352075.0,352075.0,352075.0,219201.0,1.0,62.3,1081.0,578.0,550.0,504.0,484.0,1.0,False,,,,,,,,True,2587,non-rollup institutions
FY2025,IPF3933401,"PRO-CHANGE BEHAVIOR SYSTEMS, INC.",Pro-Change Behavior Systems,UNITED STATES,False,1051590.0,1,1,792312.0,190482.0,0,0.0,0,0,0.0,0,0,0.0,0,1051590.0,1,0.0,0,0.0,0,0.0,0,0.0,0,0.0,0,0.0,0,0.0,0,0.0,0,1051590.0,1,1,1,1051590.0,1051590.0,1051590.0,0.0,1.0,0.0,1082.0,1009.0,958.0,669.0,669.0,1.0,False,,,,,,,,True,2587,non-rollup institutions
FY2025,IPF10054377,"ALPENGLOW BIOSCIENCES, INC.",Alpenglow Biosciences,UNITED STATES,False,1051446.0,1,1,701900.0,280760.0,0,0.0,0,0,0.0,0,0,0.0,0,1051446.0,1,0.0,0,0.0,0,0.0,0,0.0,0,0.0,0,0.0,0,0.0,0,0.0,0,1051446.0,1,1,1,1051446.0,1051446.0,1051446.0,0.0,1.0,0.0,1083.0,1009.0,958.0,669.0,669.0,1.0,False,,,,,,,,True,2587,non-rollup institutions
FY2025,IPF10052167,"CORAM TECHNOLOGIES, INC.",Coram Technologies,UNITED STATES,False,1051193.0,1,1,925182.0,57241.0,0,0.0,0,0,0.0,0,0,0.0,0,1051193.0,1,0.0,0,0.0,0,0.0,0,0.0,0,0.0,0,0.0,0,0.0,0,0.0,0,1051193.0,1,1,1,1051193.0,1051193.0,1051193.0,0.0,1.0,0.0,1084.0,1009.0,958.0,669.0,669.0,1.0,False,,,,,,,,True,2587,non-rollup institutions
FY2025,IPF10038340,"CONIFER POINT PHARMACEUTICALS, LLC",Conifer Point Pharmaceuticals,UNITED STATES,False,1050000.0,1,1,717557.0,267023.0,0,0.0,0,0,0.0,0,0,0.0,0,1050000.0,1,0.0,0,0.0,0,0.0,0,0.0,0,0.0,0,0.0,0,0.0,0,0.0,0,1050000.0,1,1,1,1050000.0,1050000.0,1050000.0,0.0,1.0,0.0,1085.0,1009.0,958.0,669.0,669.0,1.0,False,,,,,,,,True,2587,non-rollup institutions
FY2025,IPF10038518,"GEL4MED, INC.",Gel4med,UNITED STATES,False,1050000.0,1,1,713254.0,268054.0,0,0.0,0,0,0.0,0,0,0.0,0,1050000.0,1,0.0,0,0.0,0,0.0,0,0.0,0,0.0,0,0.0,0,0.0,0,0.0,0,1050000.0,1,1,1,1050000.0,1050000.0,1050000.0,0.0,1.0,0.0,1085.0,1009.0,958.0,669.0,669.0,1.0,False,,,,,,,,True,2587,non-rollup institutions
FY2025,IPF10057598,"AIMMAX THERAPEUTICS, INC.",Aimmax Therapeutics,UNITED STATES,False,1049943.0,1,1,816005.0,168521.0,0,0.0,0,0,0.0,0,0,0.0,0,1049943.0,1,0.0,0,0.0,0,0.0,0,0.0,0,0.0,0,0.0,0,0.0,0,0.0,0,1049943.0,1,1,1,1049943.0,1049943.0,1049943.0,0.0,1.0,0.0,1087.0,1009.0,958.0,669.0,669.0,1.0,False,,,,,,,,True,2587,non-rollup institutions
FY2025,IPF3320904,BAPTIST MEMORIAL HOSPITAL - TIPTON,Baptist Memorial Hospital - Tipton,UNITED STATES,False,1047638.0,1,1,1165382.0,293932.0,0,0.0,0,0,0.0,0,0,0.0,0,0.0,0,1047638.0,1,0.0,0,0.0,0,0.0,0,0.0,0,0.0,0,0.0,0,0.0,0,1047638.0,1,1,1,1047638.0,1047638.0,1047638.0,0.0,1.0,0.0,1088.0,1009.0,958.0,669.0,669.0,1.0,False,,,,,,,,True,2587,non-rollup institutions
FY2025,IPF10064566,"BRIXTON BIOSCIENCES, INC.",Brixton Biosciences,UNITED STATES,False,1047029.0,1,1,937918.0,56876.0,0,0.0,0,0,0.0,0,0,0.0,0,1047029.0,1,0.0,0,0.0,0,0.0,0,0.0,0,0.0,0,0.0,0,0.0,0,0.0,0,1047029.0,1,1,1,1047029.0,1047029.0,1047029.0,0.0,1.0,0.0,1089.0,1009.0,958.0,669.0,669.0,1.0,False,,,,,,,,True,2587,non-rollup institutions
FY2025,IPF10052906,"RAFT PHARMACEUTICALS, LLC",Raft Pharmaceuticals,UNITED STATES,False,1046403.0,1,1,821106.0,159876.0,0,0.0,0,0,0.0,0,0,0.0,0,1046403.0,1,0.0,0,0.0,0,0.0,0,0.0,0,0.0,0,0.0,0,0.0,0,0.0,0,1046403.0,1,3,1,348801.0,1046403.0,1046403.0,0.0,0.33,0.0,1090.0,1009.0,958.0,669.0,669.0,1.0,False,,,,,,,,True,2587,non-rollup institutions
FY2025,IPF10056635,"NDRI-USA, INC.",Ndri-USA,UNITED STATES,False,1045985.0,2,2,816654.0,229331.0,0,1045985.0,2,2,0.0,0,0,1045985.0,2,0.0,0,0.0,0,0.0,0,0.0,0,0.0,0,0.0,0,0.0,0,0.0,0,0.0,0,0.0,0,3,2,348662.0,522992.0,522992.0,348662.0,0.67,100.0,1091.0,698.0,671.0,451.0,414.0,1.0,False,,,,,,,,True,2587,non-rollup institutions
FY2025,IPF10034486,HEALING LODGE OF THE SEVEN NATIONS,Healing Lodge of the Seven Nations,UNITED STATES,False,1043841.0,1,1,881660.0,162181.0,0,0.0,0,0,0.0,0,0,0.0,0,0.0,0,0.0,0,0.0,0,0.0,0,0.0,0,0.0,0,0.0,0,1043841.0,1,0.0,0,1043841.0,1,2,1,521920.0,1043841.0,1043841.0,0.0,0.5,0.0,1092.0,1009.0,958.0,669.0,669.0,1.0,False,,,,,,,,True,2587,non-rollup institutions
FY2025,IPF2088101,DENVER HEALTH AND HOSPITAL AUTHORITY,Denver Health and Hospital Authority,UNITED STATES,False,1041758.0,3,3,855990.0,185768.0,0,540771.0,1,1,0.0,0,0,540771.0,1,408900.0,1,0.0,0,0.0,0,92087.0,1,0.0,0,0.0,0,0.0,0,0.0,0,0.0,0,500987.0,2,3,3,347253.0,347253.0,347253.0,180257.0,1.0,51.9,1093.0,578.0,550.0,529.0,484.0,1.0,False,,,,,,,,True,2587,non-rollup institutions
FY2025,IPF10055804,FLEXOMICS LLC,Flexomics,UNITED STATES,False,1040098.0,1,1,812375.0,162950.0,0,0.0,0,0,0.0,0,0,0.0,0,1040098.0,1,0.0,0,0.0,0,0.0,0,0.0,0,0.0,0,0.0,0,0.0,0,0.0,0,1040098.0,1,1,1,1040098.0,1040098.0,1040098.0,0.0,1.0,0.0,1094.0,1009.0,958.0,669.0,669.0,1.0,False,,,,,,,,True,2587,non-rollup institutions
FY2025,IPF2222201,KENYA MEDICAL RESEARCH INSTITUTE (KEMRI),Kenya Medical Research Institute (Kemri),KENYA,False,1039801.0,5,4,987992.0,51809.0,0,0.0,0,0,0.0,0,0,0.0,0,244257.0,1,216000.0,2,0.0,0,0.0,0,0.0,0,0.0,0,0.0,0,579544.0,2,0.0,0,1039801.0,5,7,3,148543.0,259950.0,207960.0,0.0,0.57,0.0,1095.0,458.0,483.0,669.0,669.0,1.0,True,522.0,,,,,,,True,2587,non-rollup institutions
FY2025,IPF10077011,"HYDRONOVO, INC",Hydronovo,UNITED STATES,False,1039386.0,1,1,811259.0,161628.0,0,0.0,0,0,0.0,0,0,0.0,0,1039386.0,1,0.0,0,0.0,0,0.0,0,0.0,0,0.0,0,0.0,0,0.0,0,0.0,0,1039386.0,1,1,1,1039386.0,1039386.0,1039386.0,0.0,1.0,0.0,1096.0,1009.0,958.0,669.0,669.0,1.0,False,,,,,,,,True,2587,non-rollup institutions
FY2025,IPF10056889,"GLYCIOME, LLC",Glyciome,UNITED STATES,False,1039382.0,1,1,843560.0,170848.0,0,0.0,0,0,0.0,0,0,0.0,0,1039382.0,1,0.0,0,0.0,0,0.0,0,0.0,0,0.0,0,0.0,0,0.0,0,0.0,0,1039382.0,1,1,1,1039382.0,1039382.0,1039382.0,0.0,1.0,0.0,1097.0,1009.0,958.0,669.0,669.0,1.0,False,,,,,,,,True,2587,non-rollup institutions
FY2025,IPF10041317,"MYEXPOSOME, INC.",Myexposome,UNITED STATES,False,1036597.0,1,1,968782.0,0.0,0,0.0,0,0,0.0,0,0,0.0,0,1036597.0,1,0.0,0,0.0,0,0.0,0,0.0,0,0.0,0,0.0,0,0.0,0,0.0,0,1036597.0,1,1,1,1036597.0,1036597.0,1036597.0,0.0,1.0,0.0,1098.0,1009.0,958.0,669.0,669.0,1.0,False,,,,,,,,True,2587,non-rollup institutions
FY2025,IPF10059406,"HALO BIOSCIENCES, INC.",Halo Biosciences,UNITED STATES,False,1036071.0,1,1,992015.0,0.0,0,0.0,0,0,0.0,0,0,0.0,0,1036071.0,1,0.0,0,0.0,0,0.0,0,0.0,0,0.0,0,0.0,0,0.0,0,0.0,0,1036071.0,1,1,1,1036071.0,1036071.0,1036071.0,0.0,1.0,0.0,1099.0,1009.0,958.0,669.0,669.0,1.0,False,,,,,,,,True,2587,non-rollup institutions
FY2025,IPF10008666,LOUISIANA STATE UNIV AGRICULTURAL CENTER,Louisiana State University Agricultural Center,UNITED STATES,False,1035940.0,2,2,770381.0,265559.0,0,412409.0,1,1,0.0,0,0,412409.0,1,623531.0,1,0.0,0,0.0,0,0.0,0,0.0,0,0.0,0,0.0,0,0.0,0,0.0,0,623531.0,1,4,2,258985.0,517970.0,517970.0,103102.0,0.5,39.8,1100.0,698.0,671.0,579.0,484.0,1.0,False,,,,,,,,True,2587,non-rollup institutions
FY2025,IPF10057834,"CERIA THERAPEUTICS, INC.",Ceria Therapeutics,UNITED STATES,False,1034376.0,1,1,690505.0,276202.0,0,0.0,0,0,0.0,0,0,0.0,0,1034376.0,1,0.0,0,0.0,0,0.0,0,0.0,0,0.0,0,0.0,0,0.0,0,0.0,0,1034376.0,1,1,1,1034376.0,1034376.0,1034376.0,0.0,1.0,0.0,1101.0,1009.0,958.0,669.0,669.0,1.0,False,,,,,,,,True,2587,non-rollup institutions
FY2025,IPF1045001,BUTLER UNIVERSITY,Butler University,UNITED STATES,False,1033241.0,2,2,747751.0,285490.0,0,0.0,0,0,0.0,0,0,0.0,0,1033241.0,2,0.0,0,0.0,0,0.0,0,0.0,0,0.0,0,0.0,0,0.0,0,0.0,0,1033241.0,2,2,2,516620.0,516620.0,516620.0,0.0,1.0,0.0,1102.0,698.0,671.0,669.0,669.0,1.0,False,,,,,,,,True,2587,non-rollup institutions
FY2025,IPF10040923,"GLAX, LLC",Glax,UNITED STATES,False,1033037.0,2,2,748766.0,284271.0,0,0.0,0,0,0.0,0,0,0.0,0,1033037.0,2,0.0,0,0.0,0,0.0,0,0.0,0,0.0,0,0.0,0,0.0,0,0.0,0,1033037.0,2,1,1,1033037.0,516518.0,516518.0,0.0,2.0,0.0,1103.0,698.0,671.0,669.0,669.0,1.0,False,,,,,,,,True,2587,non-rollup institutions
FY2025,IPF10077769,AVEERA MEDICAL INC.,Aveera Medical,UNITED STATES,False,1032585.0,1,1,720804.0,244229.0,0,0.0,0,0,0.0,0,0,0.0,0,1032585.0,1,0.0,0,0.0,0,0.0,0,0.0,0,0.0,0,0.0,0,0.0,0,0.0,0,1032585.0,1,3,1,344195.0,1032585.0,1032585.0,0.0,0.33,0.0,1104.0,1009.0,958.0,669.0,669.0,1.0,False,,,,,,,,True,2587,non-rollup institutions
FY2025,IPF10058876,"WHITMAN-WALKER INSTITUTE, INC.",Whitman-Walker Institute,UNITED STATES,False,1032577.0,1,1,774808.0,257769.0,0,1032577.0,1,1,0.0,0,0,1032577.0,1,0.0,0,0.0,0,0.0,0,0.0,0,0.0,0,0.0,0,0.0,0,0.0,0,0.0,0,0.0,0,1,1,1032577.0,1032577.0,1032577.0,1032577.0,1.0,100.0,1105.0,1009.0,958.0,452.0,484.0,1.0,False,,,,,,,,True,2587,non-rollup institutions
FY2025,IPF9805001,COLLINGE AND ASSOCIATES,Collinge and Associates,UNITED STATES,False,1030459.0,1,1,687890.0,275156.0,0,0.0,0,0,0.0,0,0,0.0,0,1030459.0,1,0.0,0,0.0,0,0.0,0,0.0,0,0.0,0,0.0,0,0.0,0,0.0,0,1030459.0,1,2,1,515230.0,1030459.0,1030459.0,0.0,0.5,0.0,1106.0,1009.0,958.0,669.0,669.0,1.0,False,,,,,,,,True,2587,non-rollup institutions
FY2025,IPF10066504,CONSTANTIAM BIOSCIENCES INC.,Constantiam Biosciences,UNITED STATES,False,1030156.0,1,1,696259.0,266504.0,0,0.0,0,0,0.0,0,0,0.0,0,1030156.0,1,0.0,0,0.0,0,0.0,0,0.0,0,0.0,0,0.0,0,0.0,0,0.0,0,1030156.0,1,1,1,1030156.0,1030156.0,1030156.0,0.0,1.0,0.0,1107.0,1009.0,958.0,669.0,669.0,1.0,False,,,,,,,,True,2587,non-rollup institutions
FY2025,IPF10079878,EDIFY,Edify,UNITED STATES,False,1029797.0,2,1,815212.0,150499.0,0,0.0,0,0,0.0,0,0,0.0,0,1029797.0,2,0.0,0,0.0,0,0.0,0,0.0,0,0.0,0,0.0,0,0.0,0,0.0,0,1029797.0,2,1,1,1029797.0,1029797.0,514898.0,0.0,1.0,0.0,1108.0,698.0,958.0,669.0,669.0,1.0,False,,,,,,,,True,2587,non-rollup institutions
FY2025,IPF10044951,"ORGANOS, INC.",Organos,UNITED STATES,False,1029043.0,1,1,772959.0,191380.0,0,0.0,0,0,0.0,0,0,0.0,0,1029043.0,1,0.0,0,0.0,0,0.0,0,0.0,0,0.0,0,0.0,0,0.0,0,0.0,0,1029043.0,1,1,1,1029043.0,1029043.0,1029043.0,0.0,1.0,0.0,1109.0,1009.0,958.0,669.0,669.0,1.0,False,,,,,,,,True,2587,non-rollup institutions
FY2025,IPF3690101,"PINNACLE TECHNOLOGY, INC",Pinnacle Technology,UNITED STATES,False,1028331.0,1,1,687027.0,274811.0,0,0.0,0,0,0.0,0,0,0.0,0,1028331.0,1,0.0,0,0.0,0,0.0,0,0.0,0,0.0,0,0.0,0,0.0,0,0.0,0,1028331.0,1,1,1,1028331.0,1028331.0,1028331.0,0.0,1.0,0.0,1110.0,1009.0,958.0,669.0,669.0,1.0,False,,,,,,,,True,2587,non-rollup institutions
FY2025,IPF10079576,ADIUTRIX THERAPEUTICS,Adiutrix Therapeutics,UNITED STATES,False,1027583.0,1,1,870256.0,90102.0,0,0.0,0,0,0.0,0,0,0.0,0,1027583.0,1,0.0,0,0.0,0,0.0,0,0.0,0,0.0,0,0.0,0,0.0,0,0.0,0,1027583.0,1,2,1,513792.0,1027583.0,1027583.0,0.0,0.5,0.0,1111.0,1009.0,958.0,669.0,669.0,1.0,False,,,,,,,,True,2587,non-rollup institutions
FY2025,IPF10031559,"INLIGHTA BIOSCIENCES, LLC",Inlighta Biosciences,UNITED STATES,False,1026874.0,1,1,813379.0,163495.0,0,0.0,0,0,0.0,0,0,0.0,0,1026874.0,1,0.0,0,0.0,0,0.0,0,0.0,0,0.0,0,0.0,0,0.0,0,0.0,0,1026874.0,1,2,1,513437.0,1026874.0,1026874.0,0.0,0.5,0.0,1112.0,1009.0,958.0,669.0,669.0,1.0,False,,,,,,,,True,2587,non-rollup institutions
FY2025,IPF10056914,PLEIOGENIX INC.,Pleiogenix,UNITED STATES,False,1025643.0,1,1,935310.0,23434.0,0,0.0,0,0,0.0,0,0,0.0,0,1025643.0,1,0.0,0,0.0,0,0.0,0,0.0,0,0.0,0,0.0,0,0.0,0,0.0,0,1025643.0,1,1,1,1025643.0,1025643.0,1025643.0,0.0,1.0,0.0,1113.0,1009.0,958.0,669.0,669.0,1.0,False,,,,,,,,True,2587,non-rollup institutions
FY2025,IPF10059519,VRM LABS INC,Vrm Labs,UNITED STATES,False,1025000.0,1,1,828737.0,130842.0,0,0.0,0,0,0.0,0,0,0.0,0,1025000.0,1,0.0,0,0.0,0,0.0,0,0.0,0,0.0,0,0.0,0,0.0,0,0.0,0,1025000.0,1,2,1,512500.0,1025000.0,1025000.0,0.0,0.5,0.0,1114.0,1009.0,958.0,669.0,669.0,1.0,False,,,,,,,,True,2587,non-rollup institutions
FY2025,IPF10079619,AQUORA RESEARCH AND CONSULTING LLC,Aquora Research and Consulting,UNITED STATES,False,1025000.0,1,1,802308.0,155661.0,0,0.0,0,0,0.0,0,0,0.0,0,1025000.0,1,0.0,0,0.0,0,0.0,0,0.0,0,0.0,0,0.0,0,0.0,0,0.0,0,1025000.0,1,1,1,1025000.0,1025000.0,1025000.0,0.0,1.0,0.0,1114.0,1009.0,958.0,669.0,669.0,1.0,False,,,,,,,,True,2587,non-rollup institutions
FY2025,IPF10062259,SAFEBEAT RX INC.,Safebeat Rx,UNITED STATES,False,1024941.0,2,1,781055.0,196748.0,0,0.0,0,0,0.0,0,0,0.0,0,1024941.0,2,0.0,0,0.0,0,0.0,0,0.0,0,0.0,0,0.0,0,0.0,0,0.0,0,1024941.0,2,3,1,341647.0,1024941.0,512470.0,0.0,0.33,0.0,1116.0,698.0,958.0,669.0,669.0,1.0,False,,,,,,,,True,2587,non-rollup institutions
FY2025,IPF10072027,IMMUNYX PHARMA USA INC.,Immunyx Pharma USA,UNITED STATES,False,1024862.0,1,1,864053.0,96158.0,0,0.0,0,0,0.0,0,0,0.0,0,1024862.0,1,0.0,0,0.0,0,0.0,0,0.0,0,0.0,0,0.0,0,0.0,0,0.0,0,1024862.0,1,1,1,1024862.0,1024862.0,1024862.0,0.0,1.0,0.0,1117.0,1009.0,958.0,669.0,669.0,1.0,False,,,,,,,,True,2587,non-rollup institutions
FY2025,IPF10069491,"EPOULOSIS THERAPEUTICS, INC.",Epoulosis Therapeutics,UNITED STATES,False,1024812.0,1,1,974628.0,10184.0,0,0.0,0,0,0.0,0,0,0.0,0,1024812.0,1,0.0,0,0.0,0,0.0,0,0.0,0,0.0,0,0.0,0,0.0,0,0.0,0,1024812.0,1,1,1,1024812.0,1024812.0,1024812.0,0.0,1.0,0.0,1118.0,1009.0,958.0,669.0,669.0,1.0,False,,,,,,,,True,2587,non-rollup institutions
FY2025,IPF10066637,"ABTERRA BIOSCIENCES, INC.",Abterra Biosciences,UNITED STATES,False,1024808.0,2,1,705249.0,256674.0,0,0.0,0,0,0.0,0,0,0.0,0,1024808.0,2,0.0,0,0.0,0,0.0,0,0.0,0,0.0,0,0.0,0,0.0,0,0.0,0,1024808.0,2,1,1,1024808.0,1024808.0,512404.0,0.0,1.0,0.0,1119.0,698.0,958.0,669.0,669.0,1.0,False,,,,,,,,True,2587,non-rollup institutions
FY2025,IPF10057643,"CORVION, INC.",Corvion,UNITED STATES,False,1024635.0,1,1,860222.0,98363.0,0,0.0,0,0,0.0,0,0,0.0,0,1024635.0,1,0.0,0,0.0,0,0.0,0,0.0,0,0.0,0,0.0,0,0.0,0,0.0,0,1024635.0,1,1,1,1024635.0,1024635.0,1024635.0,0.0,1.0,0.0,1120.0,1009.0,958.0,669.0,669.0,1.0,False,,,,,,,,True,2587,non-rollup institutions
FY2025,IPF10066358,"TINY CARGO COMPANY, THE",Tiny Cargo Company,UNITED STATES,False,1022907.0,1,1,823090.0,133000.0,0,0.0,0,0,0.0,0,0,0.0,0,1022907.0,1,0.0,0,0.0,0,0.0,0,0.0,0,0.0,0,0.0,0,0.0,0,0.0,0,1022907.0,1,1,1,1022907.0,1022907.0,1022907.0,0.0,1.0,0.0,1121.0,1009.0,958.0,669.0,669.0,1.0,False,,,,,,,,True,2587,non-rollup institutions
FY2025,IPF10059921,"ISOPRENE PHARMACEUTICALS, INC.",Isoprene Pharmaceuticals,UNITED STATES,False,1022522.0,1,1,859628.0,96000.0,0,0.0,0,0,0.0,0,0,0.0,0,1022522.0,1,0.0,0,0.0,0,0.0,0,0.0,0,0.0,0,0.0,0,0.0,0,0.0,0,1022522.0,1,2,1,511261.0,1022522.0,1022522.0,0.0,0.5,0.0,1122.0,1009.0,958.0,669.0,669.0,1.0,False,,,,,,,,True,2587,non-rollup institutions
FY2025,IPF10062286,OLERA INC.,Olera,UNITED STATES,False,1022260.0,1,1,764306.0,191077.0,0,0.0,0,0,0.0,0,0,0.0,0,1022260.0,1,0.0,0,0.0,0,0.0,0,0.0,0,0.0,0,0.0,0,0.0,0,0.0,0,1022260.0,1,1,1,1022260.0,1022260.0,1022260.0,0.0,1.0,0.0,1123.0,1009.0,958.0,669.0,669.0,1.0,False,,,,,,,,True,2587,non-rollup institutions
FY2025,IPF10057670,"ASPERO MEDICAL, INC.",Aspero Medical,UNITED STATES,False,1022219.0,1,1,690700.0,266280.0,0,0.0,0,0,0.0,0,0,0.0,0,1022219.0,1,0.0,0,0.0,0,0.0,0,0.0,0,0.0,0,0.0,0,0.0,0,0.0,0,1022219.0,1,1,1,1022219.0,1022219.0,1022219.0,0.0,1.0,0.0,1124.0,1009.0,958.0,669.0,669.0,1.0,False,,,,,,,,True,2587,non-rollup institutions
FY2025,IPF10072852,"IN VIVO MICROSYSTEMS TECHNOLOGIES, LLC",In Vivo Microsystems Technologies,UNITED STATES,False,1022055.0,1,1,830415.0,124777.0,0,0.0,0,0,0.0,0,0,0.0,0,1022055.0,1,0.0,0,0.0,0,0.0,0,0.0,0,0.0,0,0.0,0,0.0,0,0.0,0,1022055.0,1,1,1,1022055.0,1022055.0,1022055.0,0.0,1.0,0.0,1125.0,1009.0,958.0,669.0,669.0,1.0,False,,,,,,,,True,2587,non-rollup institutions
FY2025,IPF10079567,Q-ROUNDS INC.,Q-Rounds,UNITED STATES,False,1021840.0,1,1,696422.0,258569.0,0,0.0,0,0,0.0,0,0,0.0,0,1021840.0,1,0.0,0,0.0,0,0.0,0,0.0,0,0.0,0,0.0,0,0.0,0,0.0,0,1021840.0,1,1,1,1021840.0,1021840.0,1021840.0,0.0,1.0,0.0,1126.0,1009.0,958.0,669.0,669.0,1.0,False,,,,,,,,True,2587,non-rollup institutions
FY2025,IPF10032051,"EMMYON, INC.",Emmyon,UNITED STATES,False,1021719.0,1,1,824878.0,130000.0,0,0.0,0,0,0.0,0,0,0.0,0,1021719.0,1,0.0,0,0.0,0,0.0,0,0.0,0,0.0,0,0.0,0,0.0,0,0.0,0,1021719.0,1,4,1,255430.0,1021719.0,1021719.0,0.0,0.25,0.0,1127.0,1009.0,958.0,669.0,669.0,1.0,False,,,,,,,,True,2587,non-rollup institutions
FY2025,IPF8266907,PRAIRIE VIEW AGRI & MECH UNIVERSITY,Prairie View Agri & Mech University,UNITED STATES,False,1021580.0,3,3,1378525.0,111583.0,0,0.0,0,0,0.0,0,0,0.0,0,175935.0,1,486000.0,1,0.0,0,0.0,0,359645.0,1,0.0,0,0.0,0,0.0,0,0.0,0,1021580.0,3,5,3,204316.0,340527.0,340527.0,0.0,0.6,0.0,1128.0,578.0,550.0,669.0,669.0,1.0,True,498.0,,,,,,,True,2587,non-rollup institutions
FY2025,IPF7305501,SANTA CLARA UNIVERSITY,Santa Clara University,UNITED STATES,False,1021536.0,2,2,749698.0,271838.0,0,0.0,0,0,0.0,0,0,0.0,0,1021536.0,2,0.0,0,0.0,0,0.0,0,0.0,0,0.0,0,0.0,0,0.0,0,0.0,0,1021536.0,2,2,2,510768.0,510768.0,510768.0,0.0,1.0,0.0,1129.0,698.0,671.0,669.0,669.0,1.0,False,,,,,,,,True,2587,non-rollup institutions
FY2025,IPF4490801,"PROTHERA BIOLOGICS, LLC",Prothera Biologics,UNITED STATES,False,1021451.0,2,2,793630.0,164280.0,0,0.0,0,0,0.0,0,0,0.0,0,1021451.0,2,0.0,0,0.0,0,0.0,0,0.0,0,0.0,0,0.0,0,0.0,0,0.0,0,1021451.0,2,2,1,510726.0,510726.0,510726.0,0.0,1.0,0.0,1130.0,698.0,671.0,669.0,669.0,1.0,False,,,,,,,,True,2587,non-rollup institutions
FY2025,IPF10069543,VIGILANT LABORATORIES LLC,Vigilant Laboratories,UNITED STATES,False,1021347.0,1,1,892543.0,128804.0,0,0.0,0,0,0.0,0,0,0.0,0,1021347.0,1,0.0,0,0.0,0,0.0,0,0.0,0,0.0,0,0.0,0,0.0,0,0.0,0,1021347.0,1,3,1,340449.0,1021347.0,1021347.0,0.0,0.33,0.0,1131.0,1009.0,958.0,669.0,669.0,1.0,False,,,,,,,,True,2587,non-rollup institutions
FY2025,IPF10079179,"VELLUM BIOTECHNOLOGY, INC.",Vellum Biotechnology,UNITED STATES,False,1020280.0,1,1,794611.0,158922.0,0,0.0,0,0,0.0,0,0,0.0,0,1020280.0,1,0.0,0,0.0,0,0.0,0,0.0,0,0.0,0,0.0,0,0.0,0,0.0,0,1020280.0,1,1,1,1020280.0,1020280.0,1020280.0,0.0,1.0,0.0,1132.0,1009.0,958.0,669.0,669.0,1.0,False,,,,,,,,True,2587,non-rollup institutions
FY2025,IPF10055319,"REALSEQ BIOSCIENCES, INC.",Realseq Biosciences,UNITED STATES,False,1020220.0,1,1,688198.0,265279.0,0,0.0,0,0,0.0,0,0,0.0,0,1020220.0,1,0.0,0,0.0,0,0.0,0,0.0,0,0.0,0,0.0,0,0.0,0,0.0,0,1020220.0,1,1,1,1020220.0,1020220.0,1020220.0,0.0,1.0,0.0,1133.0,1009.0,958.0,669.0,669.0,1.0,False,,,,,,,,True,2587,non-rollup institutions
FY2025,IPF10025872,"ESPIRA, INC.",Espira,UNITED STATES,False,1020000.0,1,1,896242.0,114750.0,0,0.0,0,0,0.0,0,0,0.0,0,1020000.0,1,0.0,0,0.0,0,0.0,0,0.0,0,0.0,0,0.0,0,0.0,0,0.0,0,1020000.0,1,3,1,340000.0,1020000.0,1020000.0,0.0,0.33,0.0,1134.0,1009.0,958.0,669.0,669.0,1.0,False,,,,,,,,True,2587,non-rollup institutions
FY2025,IPF10033439,"NUPEAK THERAPEUTICS, INC.",Nupeak Therapeutics,UNITED STATES,False,1019816.0,1,1,788709.0,165303.0,0,0.0,0,0,0.0,0,0,0.0,0,1019816.0,1,0.0,0,0.0,0,0.0,0,0.0,0,0.0,0,0.0,0,0.0,0,0.0,0,1019816.0,1,1,1,1019816.0,1019816.0,1019816.0,0.0,1.0,0.0,1135.0,1009.0,958.0,669.0,669.0,1.0,False,,,,,,,,True,2587,non-rollup institutions
FY2025,IPF10052988,5 POINT APP,5 Point App,UNITED STATES,False,1019587.0,1,1,688986.0,265594.0,0,0.0,0,0,0.0,0,0,0.0,0,1019587.0,1,0.0,0,0.0,0,0.0,0,0.0,0,0.0,0,0.0,0,0.0,0,0.0,0,1019587.0,1,2,1,509794.0,1019587.0,1019587.0,0.0,0.5,0.0,1136.0,1009.0,958.0,669.0,669.0,1.0,False,,,,,,,,True,2587,non-rollup institutions
FY2025,IPF10002757,TOURO UNIVERSITY OF CALIFORNIA,Touro University of California,UNITED STATES,False,1018984.0,2,2,697999.0,320985.0,0,1018984.0,2,2,0.0,0,0,1018984.0,2,0.0,0,0.0,0,0.0,0,0.0,0,0.0,0,0.0,0,0.0,0,0.0,0,0.0,0,0.0,0,2,2,509492.0,509492.0,509492.0,509492.0,1.0,100.0,1137.0,698.0,671.0,454.0,414.0,1.0,False,,,,,,,,True,2587,non-rollup institutions
FY2025,IPF10051927,PULVINAR NEURO LLC,Pulvinar Neuro,UNITED STATES,False,1018838.0,1,1,770072.0,182113.0,0,0.0,0,0,0.0,0,0,0.0,0,1018838.0,1,0.0,0,0.0,0,0.0,0,0.0,0,0.0,0,0.0,0,0.0,0,0.0,0,1018838.0,1,1,1,1018838.0,1018838.0,1018838.0,0.0,1.0,0.0,1138.0,1009.0,958.0,669.0,669.0,1.0,False,,,,,,,,True,2587,non-rollup institutions
FY2025,IPF10015237,"CIVATECH ONCOLOGY, INC.",Civatech Oncology,UNITED STATES,False,1017318.0,1,1,699118.0,251647.0,0,0.0,0,0,0.0,0,0,0.0,0,1017318.0,1,0.0,0,0.0,0,0.0,0,0.0,0,0.0,0,0.0,0,0.0,0,0.0,0,1017318.0,1,1,1,1017318.0,1017318.0,1017318.0,0.0,1.0,0.0,1139.0,1009.0,958.0,669.0,669.0,1.0,False,,,,,,,,True,2587,non-rollup institutions
FY2025,IPF10007266,"NEW HEALTH SCIENCES, INC.",New Health Sciences,UNITED STATES,False,1017232.0,1,1,896548.0,120684.0,0,0.0,0,0,0.0,0,0,0.0,0,1017232.0,1,0.0,0,0.0,0,0.0,0,0.0,0,0.0,0,0.0,0,0.0,0,0.0,0,1017232.0,1,3,1,339077.0,1017232.0,1017232.0,0.0,0.33,0.0,1140.0,1009.0,958.0,669.0,669.0,1.0,False,,,,,,,,True,2587,non-rollup institutions
FY2025,IPF10051801,"PERLARA, PBC","Perlara, Pbc",UNITED STATES,False,1016229.0,1,1,869041.0,80706.0,0,0.0,0,0,0.0,0,0,0.0,0,1016229.0,1,0.0,0,0.0,0,0.0,0,0.0,0,0.0,0,0.0,0,0.0,0,0.0,0,1016229.0,1,1,1,1016229.0,1016229.0,1016229.0,0.0,1.0,0.0,1141.0,1009.0,958.0,669.0,669.0,1.0,False,,,,,,,,True,2587,non-rollup institutions
FY2025,IPF10049852,"TAVO BIOTHERAPEUTICS, INC",Tavo Biotherapeutics,UNITED STATES,False,1015754.0,1,1,774502.0,174801.0,0,0.0,0,0,0.0,0,0,0.0,0,1015754.0,1,0.0,0,0.0,0,0.0,0,0.0,0,0.0,0,0.0,0,0.0,0,0.0,0,1015754.0,1,1,1,1015754.0,1015754.0,1015754.0,0.0,1.0,0.0,1142.0,1009.0,958.0,669.0,669.0,1.0,False,,,,,,,,True,2587,non-rollup institutions
FY2025,IPF10057882,"SENSEION THERAPEUTICS, INC.",Senseion Therapeutics,UNITED STATES,False,1015058.0,1,1,871052.0,77600.0,0,0.0,0,0,0.0,0,0,0.0,0,1015058.0,1,0.0,0,0.0,0,0.0,0,0.0,0,0.0,0,0.0,0,0.0,0,0.0,0,1015058.0,1,2,1,507529.0,1015058.0,1015058.0,0.0,0.5,0.0,1143.0,1009.0,958.0,669.0,669.0,1.0,False,,,,,,,,True,2587,non-rollup institutions
FY2025,IPF3100101,BIOMEDWARE,Biomedware,UNITED STATES,False,1014954.0,1,1,677539.0,271016.0,0,0.0,0,0,0.0,0,0,0.0,0,1014954.0,1,0.0,0,0.0,0,0.0,0,0.0,0,0.0,0,0.0,0,0.0,0,0.0,0,1014954.0,1,1,1,1014954.0,1014954.0,1014954.0,0.0,1.0,0.0,1144.0,1009.0,958.0,669.0,669.0,1.0,False,,,,,,,,True,2587,non-rollup institutions
FY2025,IPF10044980,"INSILICA, LLC",Insilica,UNITED STATES,False,1014776.0,1,1,729530.0,218859.0,0,0.0,0,0,0.0,0,0,0.0,0,1014776.0,1,0.0,0,0.0,0,0.0,0,0.0,0,0.0,0,0.0,0,0.0,0,0.0,0,1014776.0,1,1,1,1014776.0,1014776.0,1014776.0,0.0,1.0,0.0,1145.0,1009.0,958.0,669.0,669.0,1.0,False,,,,,,,,True,2587,non-rollup institutions
FY2025,IPF10036774,"CYTOCYBERNETICS, INC.",Cytocybernetics,UNITED STATES,False,1013966.0,1,1,676880.0,270752.0,0,0.0,0,0,0.0,0,0,0.0,0,1013966.0,1,0.0,0,0.0,0,0.0,0,0.0,0,0.0,0,0.0,0,0.0,0,0.0,0,1013966.0,1,1,1,1013966.0,1013966.0,1013966.0,0.0,1.0,0.0,1146.0,1009.0,958.0,669.0,669.0,1.0,False,,,,,,,,True,2587,non-rollup institutions
FY2025,IPF10037742,"NOVOPEDICS, INC.",Novopedics,UNITED STATES,False,1013912.0,1,1,906640.0,46113.0,0,0.0,0,0,0.0,0,0,0.0,0,1013912.0,1,0.0,0,0.0,0,0.0,0,0.0,0,0.0,0,0.0,0,0.0,0,0.0,0,1013912.0,1,1,1,1013912.0,1013912.0,1013912.0,0.0,1.0,0.0,1147.0,1009.0,958.0,669.0,669.0,1.0,False,,,,,,,,True,2587,non-rollup institutions
FY2025,IPF10049937,"OUI THERAPEUTICS, INC",Oui Therapeutics,UNITED STATES,False,1013466.0,2,2,676583.0,270633.0,0,0.0,0,0,0.0,0,0,0.0,0,1013466.0,2,0.0,0,0.0,0,0.0,0,0.0,0,0.0,0,0.0,0,0.0,0,0.0,0,1013466.0,2,2,1,506733.0,506733.0,506733.0,0.0,1.0,0.0,1148.0,698.0,671.0,669.0,669.0,1.0,False,,,,,,,,True,2587,non-rollup institutions
FY2025,IPF10067609,"DIGITAL HEALTH NAVIGATION SOLUTIONS, LLC",Digital Health Navigation Solutions,UNITED STATES,False,1013300.0,1,1,807023.0,139986.0,0,0.0,0,0,0.0,0,0,0.0,0,1013300.0,1,0.0,0,0.0,0,0.0,0,0.0,0,0.0,0,0.0,0,0.0,0,0.0,0,1013300.0,1,1,1,1013300.0,1013300.0,1013300.0,0.0,1.0,0.0,1149.0,1009.0,958.0,669.0,669.0,1.0,False,,,,,,,,True,2587,non-rollup institutions
FY2025,IPF10042823,"DYNAMICARE HEALTH, INC.",Dynamicare Health,UNITED STATES,False,1011586.0,1,1,802121.0,158087.0,0,0.0,0,0,0.0,0,0,0.0,0,1011586.0,1,0.0,0,0.0,0,0.0,0,0.0,0,0.0,0,0.0,0,0.0,0,0.0,0,1011586.0,1,2,1,505793.0,1011586.0,1011586.0,0.0,0.5,0.0,1150.0,1009.0,958.0,669.0,669.0,1.0,False,,,,,,,,True,2587,non-rollup institutions
FY2025,IPF10039191,"FRANCIS CRICK INSTITUTE, LTD",Francis Crick Institute,UNITED KINGDOM,False,1009658.0,1,1,963401.0,46257.0,0,0.0,0,0,0.0,0,0,0.0,0,0.0,0,1009658.0,1,0.0,0,0.0,0,0.0,0,0.0,0,0.0,0,0.0,0,0.0,0,1009658.0,1,4,1,252414.0,1009658.0,1009658.0,0.0,0.25,0.0,1151.0,1009.0,958.0,669.0,669.0,1.0,False,,,,,,,,True,2587,non-rollup institutions
FY2025,IPF10070971,DUB THERAPEUTICS INC.,Dub Therapeutics,UNITED STATES,False,1009285.0,1,1,783569.0,159688.0,0,0.0,0,0,0.0,0,0,0.0,0,1009285.0,1,0.0,0,0.0,0,0.0,0,0.0,0,0.0,0,0.0,0,0.0,0,0.0,0,1009285.0,1,1,1,1009285.0,1009285.0,1009285.0,0.0,1.0,0.0,1152.0,1009.0,958.0,669.0,669.0,1.0,False,,,,,,,,True,2587,non-rollup institutions
FY2025,IPF10066208,XR NAVIGATION INC.,Xr Navigation,UNITED STATES,False,1009268.0,1,1,873825.0,87383.0,0,0.0,0,0,0.0,0,0,0.0,0,1009268.0,1,0.0,0,0.0,0,0.0,0,0.0,0,0.0,0,0.0,0,0.0,0,0.0,0,1009268.0,1,1,1,1009268.0,1009268.0,1009268.0,0.0,1.0,0.0,1153.0,1009.0,958.0,669.0,669.0,1.0,False,,,,,,,,True,2587,non-rollup institutions
FY2025,IPF10061767,"BINARY GENOMICS, INC.",Binary Genomics,UNITED STATES,False,1009228.0,1,1,695146.0,248058.0,0,0.0,0,0,0.0,0,0,0.0,0,1009228.0,1,0.0,0,0.0,0,0.0,0,0.0,0,0.0,0,0.0,0,0.0,0,0.0,0,1009228.0,1,2,1,504614.0,1009228.0,1009228.0,0.0,0.5,0.0,1154.0,1009.0,958.0,669.0,669.0,1.0,False,,,,,,,,True,2587,non-rollup institutions
FY2025,IPF10007176,"DIMAGI, INC.",Dimagi,UNITED STATES,False,1005963.0,1,1,680340.0,277720.0,0,0.0,0,0,0.0,0,0,0.0,0,1005963.0,1,0.0,0,0.0,0,0.0,0,0.0,0,0.0,0,0.0,0,0.0,0,0.0,0,1005963.0,1,2,1,502982.0,1005963.0,1005963.0,0.0,0.5,0.0,1155.0,1009.0,958.0,669.0,669.0,1.0,False,,,,,,,,True,2587,non-rollup institutions
FY2025,IPF10040001,"ODMR TECHNOLOGIES, INC.",Odmr Technologies,UNITED STATES,False,1004525.0,1,1,869525.0,75000.0,0,0.0,0,0,0.0,0,0,0.0,0,1004525.0,1,0.0,0,0.0,0,0.0,0,0.0,0,0.0,0,0.0,0,0.0,0,0.0,0,1004525.0,1,2,1,502262.0,1004525.0,1004525.0,0.0,0.5,0.0,1156.0,1009.0,958.0,669.0,669.0,1.0,False,,,,,,,,True,2587,non-rollup institutions
FY2025,IPF10076718,"PIP CARE, INC.",Pip Care,UNITED STATES,False,1003059.0,1,1,813946.0,123492.0,0,0.0,0,0,0.0,0,0,0.0,0,1003059.0,1,0.0,0,0.0,0,0.0,0,0.0,0,0.0,0,0.0,0,0.0,0,0.0,0,1003059.0,1,3,1,334353.0,1003059.0,1003059.0,0.0,0.33,0.0,1157.0,1009.0,958.0,669.0,669.0,1.0,False,,,,,,,,True,2587,non-rollup institutions
FY2025,IPF5992622,COLLEGE AT OSWEGO,College at Oswego,UNITED STATES,False,1002500.0,2,2,658969.0,343531.0,0,411032.0,1,1,0.0,0,0,411032.0,1,591468.0,1,0.0,0,0.0,0,0.0,0,0.0,0,0.0,0,0.0,0,0.0,0,0.0,0,591468.0,1,2,2,501250.0,501250.0,501250.0,205516.0,1.0,41.0,1158.0,698.0,671.0,580.0,484.0,1.0,False,,,,,,,,True,2587,non-rollup institutions
FY2025,IPF1630201,CLEVELAND CLINIC FOUNDATION,Cleveland Clinic Foundation,UNITED STATES,False,1001755.0,1,1,1769404.0,634495.0,0,0.0,0,0,0.0,0,0,0.0,0,0.0,0,0.0,0,1001755.0,1,0.0,0,0.0,0,0.0,0,0.0,0,0.0,0,0.0,0,1001755.0,1,2,1,500878.0,1001755.0,1001755.0,0.0,0.5,0.0,1159.0,1009.0,958.0,669.0,669.0,1.0,False,,,,,,,,True,2587,non-rollup institutions
FY2025,IPF10070502,KULEON LLC,Kuleon,UNITED STATES,False,1001425.0,1,1,721986.0,214350.0,0,0.0,0,0,0.0,0,0,0.0,0,0.0,0,1001425.0,1,0.0,0,0.0,0,0.0,0,0.0,0,0.0,0,0.0,0,0.0,0,1001425.0,1,1,1,1001425.0,1001425.0,1001425.0,0.0,1.0,0.0,1160.0,1009.0,958.0,669.0,669.0,1.0,False,,,,,,,,True,2587,non-rollup institutions
FY2025,IPF10045570,"PHAGEPRO, INC.",Phagepro,UNITED STATES,False,1000000.0,1,1,672806.0,263253.0,0,0.0,0,0,0.0,0,0,0.0,0,1000000.0,1,0.0,0,0.0,0,0.0,0,0.0,0,0.0,0,0.0,0,0.0,0,0.0,0,1000000.0,1,1,1,1000000.0,1000000.0,1000000.0,0.0,1.0,0.0,1161.0,1009.0,958.0,669.0,669.0,1.0,False,,,,,,,,True,2587,non-rollup institutions
FY2025,IPF10068713,"EITR BIOLOGICS, INC.",Eitr Biologics,UNITED STATES,False,1000000.0,1,1,670821.0,263758.0,0,0.0,0,0,0.0,0,0,0.0,0,1000000.0,1,0.0,0,0.0,0,0.0,0,0.0,0,0.0,0,0.0,0,0.0,0,0.0,0,1000000.0,1,1,1,1000000.0,1000000.0,1000000.0,0.0,1.0,0.0,1161.0,1009.0,958.0,669.0,669.0,1.0,False,,,,,,,,True,2587,non-rollup institutions
FY2025,IPF10030022,"SILICON KIDNEY, LLC",Silicon Kidney,UNITED STATES,False,1000000.0,1,1,778241.0,156339.0,0,0.0,0,0,0.0,0,0,0.0,0,1000000.0,1,0.0,0,0.0,0,0.0,0,0.0,0,0.0,0,0.0,0,0.0,0,0.0,0,1000000.0,1,1,1,1000000.0,1000000.0,1000000.0,0.0,1.0,0.0,1161.0,1009.0,958.0,669.0,669.0,1.0,False,,,,,,,,True,2587,non-rollup institutions
FY2025,IPF10072416,EXAVIR THERAPEUTICS INC.,Exavir Therapeutics,UNITED STATES,False,1000000.0,1,1,757173.0,177406.0,0,0.0,0,0,0.0,0,0,0.0,0,1000000.0,1,0.0,0,0.0,0,0.0,0,0.0,0,0.0,0,0.0,0,0.0,0,0.0,0,1000000.0,1,1,1,1000000.0,1000000.0,1000000.0,0.0,1.0,0.0,1161.0,1009.0,958.0,669.0,669.0,1.0,False,,,,,,,,True,2587,non-rollup institutions
FY2025,IPF10043351,"OSSIUM HEALTH, INC.",Ossium Health,UNITED STATES,False,1000000.0,1,1,647855.0,286724.0,0,0.0,0,0,0.0,0,0,0.0,0,1000000.0,1,0.0,0,0.0,0,0.0,0,0.0,0,0.0,0,0.0,0,0.0,0,0.0,0,1000000.0,1,2,1,500000.0,1000000.0,1000000.0,0.0,0.5,0.0,1161.0,1009.0,958.0,669.0,669.0,1.0,False,,,,,,,,True,2587,non-rollup institutions
FY2025,IPF10011846,"NANOVALENT PHARMACEUTICALS, INC.",Nanovalent Pharmaceuticals,UNITED STATES,False,1000000.0,1,1,827711.0,106868.0,0,0.0,0,0,0.0,0,0,0.0,0,1000000.0,1,0.0,0,0.0,0,0.0,0,0.0,0,0.0,0,0.0,0,0.0,0,0.0,0,1000000.0,1,2,1,500000.0,1000000.0,1000000.0,0.0,0.5,0.0,1161.0,1009.0,958.0,669.0,669.0,1.0,False,,,,,,,,True,2587,non-rollup institutions
FY2025,IPF10030512,"NEWOMICS, INC",Newomics,UNITED STATES,False,1000000.0,1,1,667619.0,267048.0,0,0.0,0,0,0.0,0,0,0.0,0,1000000.0,1,0.0,0,0.0,0,0.0,0,0.0,0,0.0,0,0.0,0,0.0,0,0.0,0,1000000.0,1,1,1,1000000.0,1000000.0,1000000.0,0.0,1.0,0.0,1161.0,1009.0,958.0,669.0,669.0,1.0,False,,,,,,,,True,2587,non-rollup institutions
FY2025,IPF10066402,"THYMMUNE THERAPEUTICS, INC",Thymmune Therapeutics,UNITED STATES,False,1000000.0,1,1,669442.0,265137.0,0,0.0,0,0,0.0,0,0,0.0,0,1000000.0,1,0.0,0,0.0,0,0.0,0,0.0,0,0.0,0,0.0,0,0.0,0,0.0,0,1000000.0,1,1,1,1000000.0,1000000.0,1000000.0,0.0,1.0,0.0,1161.0,1009.0,958.0,669.0,669.0,1.0,False,,,,,,,,True,2587,non-rollup institutions
FY2025,IPF10039696,"ACCURE MEDICAL, LLC",Accure Medical,UNITED STATES,False,1000000.0,1,1,679639.0,254940.0,0,0.0,0,0,0.0,0,0,0.0,0,1000000.0,1,0.0,0,0.0,0,0.0,0,0.0,0,0.0,0,0.0,0,0.0,0,0.0,0,1000000.0,1,2,1,500000.0,1000000.0,1000000.0,0.0,0.5,0.0,1161.0,1009.0,958.0,669.0,669.0,1.0,False,,,,,,,,True,2587,non-rollup institutions
FY2025,IPF10069394,COVIRA SURGICAL,Covira Surgical,UNITED STATES,False,1000000.0,1,1,753271.0,181308.0,0,0.0,0,0,0.0,0,0,0.0,0,1000000.0,1,0.0,0,0.0,0,0.0,0,0.0,0,0.0,0,0.0,0,0.0,0,0.0,0,1000000.0,1,2,1,500000.0,1000000.0,1000000.0,0.0,0.5,0.0,1161.0,1009.0,958.0,669.0,669.0,1.0,False,,,,,,,,True,2587,non-rollup institutions
FY2025,IPF10035704,"JAN BIOTECH, INC.",Jan Biotech,UNITED STATES,False,1000000.0,1,1,667557.0,267022.0,0,0.0,0,0,0.0,0,0,0.0,0,1000000.0,1,0.0,0,0.0,0,0.0,0,0.0,0,0.0,0,0.0,0,0.0,0,0.0,0,1000000.0,1,1,1,1000000.0,1000000.0,1000000.0,0.0,1.0,0.0,1161.0,1009.0,958.0,669.0,669.0,1.0,False,,,,,,,,True,2587,non-rollup institutions
FY2025,IPF4599101,AMERICAN ASSN ON HEALTH AND DISABILITY,American Assn On Health and Disability,UNITED STATES,False,1000000.0,1,1,869565.0,130435.0,0,0.0,0,0,0.0,0,0,0.0,0,0.0,0,0.0,0,0.0,0,0.0,0,0.0,0,0.0,0,0.0,0,1000000.0,1,0.0,0,1000000.0,1,1,1,1000000.0,1000000.0,1000000.0,0.0,1.0,0.0,1161.0,1009.0,958.0,669.0,669.0,1.0,False,,,,,,,,True,2587,non-rollup institutions
FY2025,IPF10049265,PEDIAMETRIX INC.,Pediametrix,UNITED STATES,False,1000000.0,1,1,667557.0,267022.0,0,0.0,0,0,0.0,0,0,0.0,0,0.0,0,0.0,0,0.0,0,0.0,0,0.0,0,0.0,0,0.0,0,1000000.0,1,0.0,0,1000000.0,1,1,1,1000000.0,1000000.0,1000000.0,0.0,1.0,0.0,1161.0,1009.0,958.0,669.0,669.0,1.0,False,,,,,,,,True,2587,non-rollup institutions
FY2025,IPF10059563,CURER INC,Curer,UNITED STATES,False,1000000.0,1,1,780341.0,154238.0,0,0.0,0,0,0.0,0,0,0.0,0,1000000.0,1,0.0,0,0.0,0,0.0,0,0.0,0,0.0,0,0.0,0,0.0,0,0.0,0,1000000.0,1,1,1,1000000.0,1000000.0,1000000.0,0.0,1.0,0.0,1161.0,1009.0,958.0,669.0,669.0,1.0,False,,,,,,,,True,2587,non-rollup institutions
FY2025,IPF10060084,PARTILLION BIOSCIENCE CORPORATION,Partillion Bioscience Corporation,UNITED STATES,False,1000000.0,1,1,667556.0,267023.0,0,0.0,0,0,0.0,0,0,0.0,0,1000000.0,1,0.0,0,0.0,0,0.0,0,0.0,0,0.0,0,0.0,0,0.0,0,0.0,0,1000000.0,1,1,1,1000000.0,1000000.0,1000000.0,0.0,1.0,0.0,1161.0,1009.0,958.0,669.0,669.0,1.0,False,,,,,,,,True,2587,non-rollup institutions
FY2025,IPF10037505,"SANGUINA, LLC",Sanguina,UNITED STATES,False,1000000.0,1,1,862738.0,78130.0,0,0.0,0,0,0.0,0,0,0.0,0,1000000.0,1,0.0,0,0.0,0,0.0,0,0.0,0,0.0,0,0.0,0,0.0,0,0.0,0,1000000.0,1,1,1,1000000.0,1000000.0,1000000.0,0.0,1.0,0.0,1161.0,1009.0,958.0,669.0,669.0,1.0,False,,,,,,,,True,2587,non-rollup institutions
FY2025,IPF10010171,ARIETIS,Arietis,UNITED STATES,False,1000000.0,1,1,599089.0,335490.0,0,0.0,0,0,0.0,0,0,0.0,0,1000000.0,1,0.0,0,0.0,0,0.0,0,0.0,0,0.0,0,0.0,0,0.0,0,0.0,0,1000000.0,1,1,1,1000000.0,1000000.0,1000000.0,0.0,1.0,0.0,1161.0,1009.0,958.0,669.0,669.0,1.0,False,,,,,,,,True,2587,non-rollup institutions
FY2025,IPF10000119,"AURITEC PHARMACEUTICALS, INC.",Auritec Pharmaceuticals,UNITED STATES,False,1000000.0,1,1,575482.0,359098.0,0,0.0,0,0,0.0,0,0,0.0,0,1000000.0,1,0.0,0,0.0,0,0.0,0,0.0,0,0.0,0,0.0,0,0.0,0,0.0,0,1000000.0,1,2,1,500000.0,1000000.0,1000000.0,0.0,0.5,0.0,1161.0,1009.0,958.0,669.0,669.0,1.0,False,,,,,,,,True,2587,non-rollup institutions
FY2025,IPF10051808,KYTOPEN CORP,Kytopen Corp,UNITED STATES,False,1000000.0,1,1,749442.0,185137.0,0,0.0,0,0,0.0,0,0,0.0,0,1000000.0,1,0.0,0,0.0,0,0.0,0,0.0,0,0.0,0,0.0,0,0.0,0,0.0,0,1000000.0,1,1,1,1000000.0,1000000.0,1000000.0,0.0,1.0,0.0,1161.0,1009.0,958.0,669.0,669.0,1.0,False,,,,,,,,True,2587,non-rollup institutions
FY2025,IPF10065531,CELESTIAL THERAPEUTICS INC.,Celestial Therapeutics,UNITED STATES,False,1000000.0,1,1,815433.0,119146.0,0,0.0,0,0,0.0,0,0,0.0,0,1000000.0,1,0.0,0,0.0,0,0.0,0,0.0,0,0.0,0,0.0,0,0.0,0,0.0,0,1000000.0,1,1,1,1000000.0,1000000.0,1000000.0,0.0,1.0,0.0,1161.0,1009.0,958.0,669.0,669.0,1.0,False,,,,,,,,True,2587,non-rollup institutions
FY2025,IPF10075620,"ATLAS BIOLOGICS, LLC",Atlas Biologics,UNITED STATES,False,1000000.0,1,1,718907.0,215672.0,0,0.0,0,0,0.0,0,0,0.0,0,1000000.0,1,0.0,0,0.0,0,0.0,0,0.0,0,0.0,0,0.0,0,0.0,0,0.0,0,1000000.0,1,1,1,1000000.0,1000000.0,1000000.0,0.0,1.0,0.0,1161.0,1009.0,958.0,669.0,669.0,1.0,False,,,,,,,,True,2587,non-rollup institutions
FY2025,IPF10064796,HARLINGENE LIFE SCIENCES LLC,Harlingene Life Sciences,UNITED STATES,False,1000000.0,1,1,804799.0,195201.0,0,0.0,0,0,0.0,0,0,0.0,0,1000000.0,1,0.0,0,0.0,0,0.0,0,0.0,0,0.0,0,0.0,0,0.0,0,0.0,0,1000000.0,1,1,1,1000000.0,1000000.0,1000000.0,0.0,1.0,0.0,1161.0,1009.0,958.0,669.0,669.0,1.0,False,,,,,,,,True,2587,non-rollup institutions
FY2025,IPF10034580,"PRIMETIME LIFE SCIENCES, LLC",Primetime Life Sciences,UNITED STATES,False,1000000.0,1,1,827370.0,107209.0,0,0.0,0,0,0.0,0,0,0.0,0,1000000.0,1,0.0,0,0.0,0,0.0,0,0.0,0,0.0,0,0.0,0,0.0,0,0.0,0,1000000.0,1,1,1,1000000.0,1000000.0,1000000.0,0.0,1.0,0.0,1161.0,1009.0,958.0,669.0,669.0,1.0,False,,,,,,,,True,2587,non-rollup institutions
FY2025,IPF10025267,"ZSX MEDICAL, LLC",Zsx Medical,UNITED STATES,False,1000000.0,1,1,703774.0,260590.0,0,0.0,0,0,0.0,0,0,0.0,0,1000000.0,1,0.0,0,0.0,0,0.0,0,0.0,0,0.0,0,0.0,0,0.0,0,0.0,0,1000000.0,1,1,1,1000000.0,1000000.0,1000000.0,0.0,1.0,0.0,1161.0,1009.0,958.0,669.0,669.0,1.0,False,,,,,,,,True,2587,non-rollup institutions
FY2025,IPF4440101,"ATTAGENE, INC.",Attagene,UNITED STATES,False,999999.0,1,1,711899.0,231591.0,0,0.0,0,0,0.0,0,0,0.0,0,999999.0,1,0.0,0,0.0,0,0.0,0,0.0,0,0.0,0,0.0,0,0.0,0,0.0,0,999999.0,1,2,1,500000.0,999999.0,999999.0,0.0,0.5,0.0,1185.0,1009.0,958.0,669.0,669.0,1.0,False,,,,,,,,True,2587,non-rollup institutions
FY2025,IPF10030513,KINETIC RIVER CORPORATION,Kinetic River Corporation,UNITED STATES,False,999998.0,1,1,689738.0,244840.0,0,0.0,0,0,0.0,0,0,0.0,0,0.0,0,0.0,0,0.0,0,0.0,0,0.0,0,0.0,0,0.0,0,999998.0,1,0.0,0,999998.0,1,1,1,999998.0,999998.0,999998.0,0.0,1.0,0.0,1186.0,1009.0,958.0,669.0,669.0,1.0,False,,,,,,,,True,2587,non-rollup institutions
FY2025,IPF10035505,"SONAVEX, INC.",Sonavex,UNITED STATES,False,999997.0,1,1,860695.0,76572.0,0,0.0,0,0,0.0,0,0,0.0,0,999997.0,1,0.0,0,0.0,0,0.0,0,0.0,0,0.0,0,0.0,0,0.0,0,0.0,0,999997.0,1,1,1,999997.0,999997.0,999997.0,0.0,1.0,0.0,1187.0,1009.0,958.0,669.0,669.0,1.0,False,,,,,,,,True,2587,non-rollup institutions
FY2025,IPF10045872,"VERSATOPE THERAPEUTICS, INC.",Versatope Therapeutics,UNITED STATES,False,999993.0,1,1,705477.0,229096.0,0,0.0,0,0,0.0,0,0,0.0,0,999993.0,1,0.0,0,0.0,0,0.0,0,0.0,0,0.0,0,0.0,0,0.0,0,0.0,0,999993.0,1,1,1,999993.0,999993.0,999993.0,0.0,1.0,0.0,1188.0,1009.0,958.0,669.0,669.0,1.0,False,,,,,,,,True,2587,non-rollup institutions
FY2025,IPF10054613,TENDEL THERAPIES INC.,Tendel Therapies,UNITED STATES,False,999991.0,1,1,710122.0,224449.0,0,0.0,0,0,0.0,0,0,0.0,0,999991.0,1,0.0,0,0.0,0,0.0,0,0.0,0,0.0,0,0.0,0,0.0,0,0.0,0,999991.0,1,1,1,999991.0,999991.0,999991.0,0.0,1.0,0.0,1189.0,1009.0,958.0,669.0,669.0,1.0,False,,,,,,,,True,2587,non-rollup institutions
FY2025,IPF10006729,"ALLVIVO VASCULAR, INC.",Allvivo Vascular,UNITED STATES,False,999985.0,1,1,716995.0,217570.0,0,0.0,0,0,0.0,0,0,0.0,0,999985.0,1,0.0,0,0.0,0,0.0,0,0.0,0,0.0,0,0.0,0,0.0,0,0.0,0,999985.0,1,1,1,999985.0,999985.0,999985.0,0.0,1.0,0.0,1190.0,1009.0,958.0,669.0,669.0,1.0,False,,,,,,,,True,2587,non-rollup institutions
FY2025,IPF10081896,LINNAEUS THERAPEUTICS INC,Linnaeus Therapeutics,UNITED STATES,False,999960.0,1,1,999960.0,0.0,0,0.0,0,0,0.0,0,0,0.0,0,999960.0,1,0.0,0,0.0,0,0.0,0,0.0,0,0.0,0,0.0,0,0.0,0,0.0,0,999960.0,1,1,1,999960.0,999960.0,999960.0,0.0,1.0,0.0,1191.0,1009.0,958.0,669.0,669.0,1.0,False,,,,,,,,True,2587,non-rollup institutions
FY2025,IPF10070715,CELLIBRE INC,Cellibre,UNITED STATES,False,999954.0,1,1,812640.0,121896.0,0,0.0,0,0,0.0,0,0,0.0,0,999954.0,1,0.0,0,0.0,0,0.0,0,0.0,0,0.0,0,0.0,0,0.0,0,0.0,0,999954.0,1,1,1,999954.0,999954.0,999954.0,0.0,1.0,0.0,1192.0,1009.0,958.0,669.0,669.0,1.0,False,,,,,,,,True,2587,non-rollup institutions
FY2025,IPF3719901,"MOLECULAR EXPRESS, INC.",Molecular Express,UNITED STATES,False,999784.0,1,1,700951.0,260380.0,0,0.0,0,0,0.0,0,0,0.0,0,999784.0,1,0.0,0,0.0,0,0.0,0,0.0,0,0.0,0,0.0,0,0.0,0,0.0,0,999784.0,1,1,1,999784.0,999784.0,999784.0,0.0,1.0,0.0,1193.0,1009.0,958.0,669.0,669.0,1.0,False,,,,,,,,True,2587,non-rollup institutions
FY2025,IPF10066686,PROTEAN BIO INC.,Protean Bio,UNITED STATES,False,999776.0,1,1,747496.0,186874.0,0,0.0,0,0,0.0,0,0,0.0,0,999776.0,1,0.0,0,0.0,0,0.0,0,0.0,0,0.0,0,0.0,0,0.0,0,0.0,0,999776.0,1,1,1,999776.0,999776.0,999776.0,0.0,1.0,0.0,1194.0,1009.0,958.0,669.0,669.0,1.0,False,,,,,,,,True,2587,non-rollup institutions
FY2025,IPF10067852,"ORBIT GENOMICS, INC.",Orbit Genomics,UNITED STATES,False,999637.0,1,1,927222.0,72415.0,0,0.0,0,0,0.0,0,0,0.0,0,999637.0,1,0.0,0,0.0,0,0.0,0,0.0,0,0.0,0,0.0,0,0.0,0,0.0,0,999637.0,1,1,1,999637.0,999637.0,999637.0,0.0,1.0,0.0,1195.0,1009.0,958.0,669.0,669.0,1.0,False,,,,,,,,True,2587,non-rollup institutions
FY2025,IPF10027140,"EXTEND BIOSCIENCES, INC.",Extend Biosciences,UNITED STATES,False,999615.0,1,1,667300.0,266920.0,0,0.0,0,0,0.0,0,0,0.0,0,999615.0,1,0.0,0,0.0,0,0.0,0,0.0,0,0.0,0,0.0,0,0.0,0,0.0,0,999615.0,1,1,1,999615.0,999615.0,999615.0,0.0,1.0,0.0,1196.0,1009.0,958.0,669.0,669.0,1.0,False,,,,,,,,True,2587,non-rollup institutions
FY2025,IPF10024355,"AMIDEBIO, LLC",Amidebio,UNITED STATES,False,999468.0,1,1,700444.0,233638.0,0,0.0,0,0,0.0,0,0,0.0,0,999468.0,1,0.0,0,0.0,0,0.0,0,0.0,0,0.0,0,0.0,0,0.0,0,0.0,0,999468.0,1,1,1,999468.0,999468.0,999468.0,0.0,1.0,0.0,1197.0,1009.0,958.0,669.0,669.0,1.0,False,,,,,,,,True,2587,non-rollup institutions
FY2025,IPF10036149,"PEARL DIAGNOSTICS, INC.",Pearl Diagnostics,UNITED STATES,False,999316.0,1,1,667100.0,266840.0,0,0.0,0,0,0.0,0,0,0.0,0,0.0,0,0.0,0,0.0,0,0.0,0,0.0,0,0.0,0,0.0,0,999316.0,1,0.0,0,999316.0,1,2,1,499658.0,999316.0,999316.0,0.0,0.5,0.0,1198.0,1009.0,958.0,669.0,669.0,1.0,False,,,,,,,,True,2587,non-rollup institutions
FY2025,IPF10073599,PYROJAS INC,Pyrojas,UNITED STATES,False,999283.0,1,1,939283.0,0.0,0,0.0,0,0,0.0,0,0,0.0,0,999283.0,1,0.0,0,0.0,0,0.0,0,0.0,0,0.0,0,0.0,0,0.0,0,0.0,0,999283.0,1,1,1,999283.0,999283.0,999283.0,0.0,1.0,0.0,1199.0,1009.0,958.0,669.0,669.0,1.0,False,,,,,,,,True,2587,non-rollup institutions
FY2025,IPF10034412,"VITALEX BIOSCIENCES, LLC",Vitalex Biosciences,UNITED STATES,False,999218.0,1,1,848954.0,84895.0,0,0.0,0,0,0.0,0,0,0.0,0,999218.0,1,0.0,0,0.0,0,0.0,0,0.0,0,0.0,0,0.0,0,0.0,0,0.0,0,999218.0,1,2,1,499609.0,999218.0,999218.0,0.0,0.5,0.0,1200.0,1009.0,958.0,669.0,669.0,1.0,False,,,,,,,,True,2587,non-rollup institutions
FY2025,IPF10053401,"CORDANCE MEDICAL, INC.",Cordance Medical,UNITED STATES,False,999125.0,1,1,724212.0,209550.0,0,0.0,0,0,0.0,0,0,0.0,0,999125.0,1,0.0,0,0.0,0,0.0,0,0.0,0,0.0,0,0.0,0,0.0,0,0.0,0,999125.0,1,1,1,999125.0,999125.0,999125.0,0.0,1.0,0.0,1201.0,1009.0,958.0,669.0,669.0,1.0,False,,,,,,,,True,2587,non-rollup institutions
FY2025,IPF10066609,"EXVADE BIOSCIENCE, INC.",Exvade Bioscience,UNITED STATES,False,999038.0,1,1,666914.0,266766.0,0,0.0,0,0,0.0,0,0,0.0,0,999038.0,1,0.0,0,0.0,0,0.0,0,0.0,0,0.0,0,0.0,0,0.0,0,0.0,0,999038.0,1,1,1,999038.0,999038.0,999038.0,0.0,1.0,0.0,1202.0,1009.0,958.0,669.0,669.0,1.0,False,,,,,,,,True,2587,non-rollup institutions
FY2025,IPF10037749,"DOSEOPTICS, LLC",Doseoptics,UNITED STATES,False,998974.0,1,1,666872.0,266749.0,0,0.0,0,0,0.0,0,0,0.0,0,998974.0,1,0.0,0,0.0,0,0.0,0,0.0,0,0.0,0,0.0,0,0.0,0,0.0,0,998974.0,1,1,1,998974.0,998974.0,998974.0,0.0,1.0,0.0,1203.0,1009.0,958.0,669.0,669.0,1.0,False,,,,,,,,True,2587,non-rollup institutions
FY2025,IPF10067349,"IMMUNOVA THERAPEUTICS, LLC",Immunova Therapeutics,UNITED STATES,False,998971.0,1,1,927933.0,71038.0,0,0.0,0,0,0.0,0,0,0.0,0,998971.0,1,0.0,0,0.0,0,0.0,0,0.0,0,0.0,0,0.0,0,0.0,0,0.0,0,998971.0,1,1,1,998971.0,998971.0,998971.0,0.0,1.0,0.0,1204.0,1009.0,958.0,669.0,669.0,1.0,False,,,,,,,,True,2587,non-rollup institutions
FY2025,IPF10061486,NANOCAN THERAPEUTICS CORPORATION,Nanocan Therapeutics Corporation,UNITED STATES,False,998781.0,1,1,919773.0,47773.0,0,0.0,0,0,0.0,0,0,0.0,0,998781.0,1,0.0,0,0.0,0,0.0,0,0.0,0,0.0,0,0.0,0,0.0,0,0.0,0,998781.0,1,3,1,332927.0,998781.0,998781.0,0.0,0.33,0.0,1205.0,1009.0,958.0,669.0,669.0,1.0,False,,,,,,,,True,2587,non-rollup institutions
FY2025,IPF10057994,"LUXMED SYSTEMS, INC.",Luxmed Systems,UNITED STATES,False,998310.0,1,1,780000.0,153000.0,0,0.0,0,0,0.0,0,0,0.0,0,998310.0,1,0.0,0,0.0,0,0.0,0,0.0,0,0.0,0,0.0,0,0.0,0,0.0,0,998310.0,1,4,1,249578.0,998310.0,998310.0,0.0,0.25,0.0,1206.0,1009.0,958.0,669.0,669.0,1.0,False,,,,,,,,True,2587,non-rollup institutions
FY2025,IPF1681601,"HAWAII BIOTECH, INC.",Hawaii Biotech,UNITED STATES,False,998229.0,1,1,666374.0,266550.0,0,0.0,0,0,0.0,0,0,0.0,0,998229.0,1,0.0,0,0.0,0,0.0,0,0.0,0,0.0,0,0.0,0,0.0,0,0.0,0,998229.0,1,1,1,998229.0,998229.0,998229.0,0.0,1.0,0.0,1207.0,1009.0,958.0,669.0,669.0,1.0,False,,,,,,,,True,2587,non-rollup institutions
FY2025,IPF10067443,"RESOLUTE SCIENCE, INC.",Resolute Science,UNITED STATES,False,998212.0,1,1,666363.0,266545.0,0,0.0,0,0,0.0,0,0,0.0,0,998212.0,1,0.0,0,0.0,0,0.0,0,0.0,0,0.0,0,0.0,0,0.0,0,0.0,0,998212.0,1,1,1,998212.0,998212.0,998212.0,0.0,1.0,0.0,1208.0,1009.0,958.0,669.0,669.0,1.0,False,,,,,,,,True,2587,non-rollup institutions
FY2025,IPF10020933,ARBOR RESEARCH COLLABORATIVE FOR  HEALTH,Arbor Research Collaborative for Health,UNITED STATES,False,998039.0,1,1,672080.0,325959.0,0,0.0,0,0,0.0,0,0,0.0,0,0.0,0,998039.0,1,0.0,0,0.0,0,0.0,0,0.0,0,0.0,0,0.0,0,0.0,0,998039.0,1,1,1,998039.0,998039.0,998039.0,0.0,1.0,0.0,1209.0,1009.0,958.0,669.0,669.0,1.0,False,,,,,,,,True,2587,non-rollup institutions
FY2025,IPF10061370,"AUTOIVF, INC.",Autoivf,UNITED STATES,False,997028.0,1,1,778250.0,171300.0,0,0.0,0,0,0.0,0,0,0.0,0,997028.0,1,0.0,0,0.0,0,0.0,0,0.0,0,0.0,0,0.0,0,0.0,0,0.0,0,997028.0,1,1,1,997028.0,997028.0,997028.0,0.0,1.0,0.0,1210.0,1009.0,958.0,669.0,669.0,1.0,False,,,,,,,,True,2587,non-rollup institutions
FY2025,IPF10061223,CENTIVAX INC,Centivax,UNITED STATES,False,996813.0,1,1,958750.0,38063.0,0,0.0,0,0,0.0,0,0,0.0,0,996813.0,1,0.0,0,0.0,0,0.0,0,0.0,0,0.0,0,0.0,0,0.0,0,0.0,0,996813.0,1,1,1,996813.0,996813.0,996813.0,0.0,1.0,0.0,1211.0,1009.0,958.0,669.0,669.0,1.0,False,,,,,,,,True,2587,non-rollup institutions
FY2025,IPF10048712,"PHENOMIX SCIENCES, LLC",Phenomix Sciences,UNITED STATES,False,995866.0,1,1,829888.0,165978.0,0,0.0,0,0,0.0,0,0,0.0,0,995866.0,1,0.0,0,0.0,0,0.0,0,0.0,0,0.0,0,0.0,0,0.0,0,0.0,0,995866.0,1,1,1,995866.0,995866.0,995866.0,0.0,1.0,0.0,1212.0,1009.0,958.0,669.0,669.0,1.0,False,,,,,,,,True,2587,non-rollup institutions
FY2025,IPF10049394,"REIA, LLC",Reia,UNITED STATES,False,995757.0,1,1,689344.0,241270.0,0,0.0,0,0,0.0,0,0,0.0,0,995757.0,1,0.0,0,0.0,0,0.0,0,0.0,0,0.0,0,0.0,0,0.0,0,0.0,0,995757.0,1,1,1,995757.0,995757.0,995757.0,0.0,1.0,0.0,1213.0,1009.0,958.0,669.0,669.0,1.0,False,,,,,,,,True,2587,non-rollup institutions
FY2025,IPF10041601,"KALOCYTE, INC.",Kalocyte,UNITED STATES,False,995470.0,1,1,896187.0,58827.0,0,0.0,0,0,0.0,0,0,0.0,0,995470.0,1,0.0,0,0.0,0,0.0,0,0.0,0,0.0,0,0.0,0,0.0,0,0.0,0,995470.0,1,1,1,995470.0,995470.0,995470.0,0.0,1.0,0.0,1214.0,1009.0,958.0,669.0,669.0,1.0,False,,,,,,,,True,2587,non-rollup institutions
FY2025,IPF10060976,KATHERA BIOSCIENCE INC.,Kathera Bioscience,UNITED STATES,False,995100.0,1,1,805842.0,124158.0,0,0.0,0,0,0.0,0,0,0.0,0,995100.0,1,0.0,0,0.0,0,0.0,0,0.0,0,0.0,0,0.0,0,0.0,0,0.0,0,995100.0,1,1,1,995100.0,995100.0,995100.0,0.0,1.0,0.0,1215.0,1009.0,958.0,669.0,669.0,1.0,False,,,,,,,,True,2587,non-rollup institutions
FY2025,IPF10079682,"FUSION ENERGY SOLUTIONS, INC. D/B/A SERVA ENERGY",Fusion Energy Solutions,UNITED STATES,False,994810.0,1,1,800512.0,129217.0,0,0.0,0,0,0.0,0,0,0.0,0,994810.0,1,0.0,0,0.0,0,0.0,0,0.0,0,0.0,0,0.0,0,0.0,0,0.0,0,994810.0,1,2,1,497405.0,994810.0,994810.0,0.0,0.5,0.0,1216.0,1009.0,958.0,669.0,669.0,1.0,False,,,,,,,,True,2587,non-rollup institutions
FY2025,IPF10042766,"HAIMA THERAPEUTICS, LLC",Haima Therapeutics,UNITED STATES,False,994676.0,2,2,774607.0,159414.0,0,0.0,0,0,0.0,0,0,0.0,0,994676.0,2,0.0,0,0.0,0,0.0,0,0.0,0,0.0,0,0.0,0,0.0,0,0.0,0,994676.0,2,2,2,497338.0,497338.0,497338.0,0.0,1.0,0.0,1217.0,698.0,671.0,669.0,669.0,1.0,False,,,,,,,,True,2587,non-rollup institutions
FY2025,IPF10034968,"CROSSLIFE TECHNOLOGIES, INC.",Crosslife Technologies,UNITED STATES,False,994439.0,1,1,663844.0,265538.0,0,0.0,0,0,0.0,0,0,0.0,0,994439.0,1,0.0,0,0.0,0,0.0,0,0.0,0,0.0,0,0.0,0,0.0,0,0.0,0,994439.0,1,1,1,994439.0,994439.0,994439.0,0.0,1.0,0.0,1218.0,1009.0,958.0,669.0,669.0,1.0,False,,,,,,,,True,2587,non-rollup institutions
FY2025,IPF10069318,"ANEBULO PHARMACEUTICALS, INC.",Anebulo Pharmaceuticals,UNITED STATES,False,994300.0,1,1,994300.0,0.0,0,0.0,0,0,0.0,0,0,0.0,0,0.0,0,994300.0,1,0.0,0,0.0,0,0.0,0,0.0,0,0.0,0,0.0,0,0.0,0,994300.0,1,1,1,994300.0,994300.0,994300.0,0.0,1.0,0.0,1219.0,1009.0,958.0,669.0,669.0,1.0,False,,,,,,,,True,2587,non-rollup institutions
FY2025,IPF10059558,"QUANTUM SIMULATION TECHNOLOGIES, INC.",Quantum Simulation Technologies,UNITED STATES,False,994097.0,1,1,689350.0,275740.0,0,0.0,0,0,0.0,0,0,0.0,0,994097.0,1,0.0,0,0.0,0,0.0,0,0.0,0,0.0,0,0.0,0,0.0,0,0.0,0,994097.0,1,1,1,994097.0,994097.0,994097.0,0.0,1.0,0.0,1220.0,1009.0,958.0,669.0,669.0,1.0,False,,,,,,,,True,2587,non-rollup institutions
FY2025,IPF10050131,"NOVAFLUX, INC.",Novaflux,UNITED STATES,False,993963.0,1,1,729677.0,264286.0,0,0.0,0,0,0.0,0,0,0.0,0,993963.0,1,0.0,0,0.0,0,0.0,0,0.0,0,0.0,0,0.0,0,0.0,0,0.0,0,993963.0,1,1,1,993963.0,993963.0,993963.0,0.0,1.0,0.0,1221.0,1009.0,958.0,669.0,669.0,1.0,False,,,,,,,,True,2587,non-rollup institutions
FY2025,IPF10057595,"NABGEN, INC.",Nabgen,UNITED STATES,False,993865.0,1,1,757194.0,171652.0,0,0.0,0,0,0.0,0,0,0.0,0,993865.0,1,0.0,0,0.0,0,0.0,0,0.0,0,0.0,0,0.0,0,0.0,0,0.0,0,993865.0,1,2,1,496932.0,993865.0,993865.0,0.0,0.5,0.0,1222.0,1009.0,958.0,669.0,669.0,1.0,False,,,,,,,,True,2587,non-rollup institutions
FY2025,IPF10047469,"ADVENT THERAPEUTICS, INC.",Advent Therapeutics,UNITED STATES,False,993128.0,1,1,883374.0,44783.0,0,0.0,0,0,0.0,0,0,0.0,0,993128.0,1,0.0,0,0.0,0,0.0,0,0.0,0,0.0,0,0.0,0,0.0,0,0.0,0,993128.0,1,2,1,496564.0,993128.0,993128.0,0.0,0.5,0.0,1223.0,1009.0,958.0,669.0,669.0,1.0,False,,,,,,,,True,2587,non-rollup institutions
FY2025,IPF10046073,"ALLEVIANT MEDICAL, INC.",Alleviant Medical,UNITED STATES,False,992964.0,1,1,662860.0,265144.0,0,0.0,0,0,0.0,0,0,0.0,0,992964.0,1,0.0,0,0.0,0,0.0,0,0.0,0,0.0,0,0.0,0,0.0,0,0.0,0,992964.0,1,1,1,992964.0,992964.0,992964.0,0.0,1.0,0.0,1224.0,1009.0,958.0,669.0,669.0,1.0,False,,,,,,,,True,2587,non-rollup institutions
FY2025,IPF10045006,"CERAMEDIX HOLDING, LLC",Ceramedix Holding,UNITED STATES,False,992960.0,1,1,833154.0,95936.0,0,0.0,0,0,0.0,0,0,0.0,0,992960.0,1,0.0,0,0.0,0,0.0,0,0.0,0,0.0,0,0.0,0,0.0,0,0.0,0,992960.0,1,1,1,992960.0,992960.0,992960.0,0.0,1.0,0.0,1225.0,1009.0,958.0,669.0,669.0,1.0,False,,,,,,,,True,2587,non-rollup institutions
FY2025,IPF10031393,"PURACATH MEDICAL, INC.",Puracath Medical,UNITED STATES,False,992594.0,1,1,733406.0,194252.0,0,0.0,0,0,0.0,0,0,0.0,0,0.0,0,0.0,0,0.0,0,0.0,0,0.0,0,0.0,0,0.0,0,992594.0,1,0.0,0,992594.0,1,2,1,496297.0,992594.0,992594.0,0.0,0.5,0.0,1226.0,1009.0,958.0,669.0,669.0,1.0,False,,,,,,,,True,2587,non-rollup institutions
FY2025,IPF10035293,"BIOVINC, LLC",Biovinc,UNITED STATES,False,992575.0,1,1,704375.0,225400.0,0,0.0,0,0,0.0,0,0,0.0,0,992575.0,1,0.0,0,0.0,0,0.0,0,0.0,0,0.0,0,0.0,0,0.0,0,0.0,0,992575.0,1,1,1,992575.0,992575.0,992575.0,0.0,1.0,0.0,1227.0,1009.0,958.0,669.0,669.0,1.0,False,,,,,,,,True,2587,non-rollup institutions
FY2025,IPF10034791,"AVM BIOTECHNOLOGY, LLC",Avm Biotechnology,UNITED STATES,False,992425.0,1,1,802500.0,125000.0,0,0.0,0,0,0.0,0,0,0.0,0,992425.0,1,0.0,0,0.0,0,0.0,0,0.0,0,0.0,0,0.0,0,0.0,0,0.0,0,992425.0,1,1,1,992425.0,992425.0,992425.0,0.0,1.0,0.0,1228.0,1009.0,958.0,669.0,669.0,1.0,False,,,,,,,,True,2587,non-rollup institutions
FY2025,IPF10073669,"ALVEOLUS BIO, INC.",Alveolus Bio,UNITED STATES,False,992385.0,1,1,757888.0,169575.0,0,0.0,0,0,0.0,0,0,0.0,0,992385.0,1,0.0,0,0.0,0,0.0,0,0.0,0,0.0,0,0.0,0,0.0,0,0.0,0,992385.0,1,1,1,992385.0,992385.0,992385.0,0.0,1.0,0.0,1229.0,1009.0,958.0,669.0,669.0,1.0,False,,,,,,,,True,2587,non-rollup institutions
FY2025,IPF10017401,"OMNIOX, INC.",Omniox,UNITED STATES,False,991379.0,1,1,803980.0,122542.0,0,0.0,0,0,0.0,0,0,0.0,0,991379.0,1,0.0,0,0.0,0,0.0,0,0.0,0,0.0,0,0.0,0,0.0,0,0.0,0,991379.0,1,3,1,330460.0,991379.0,991379.0,0.0,0.33,0.0,1230.0,1009.0,958.0,669.0,669.0,1.0,False,,,,,,,,True,2587,non-rollup institutions
FY2025,IPF10057923,ONCOSTING LLC,Oncosting,UNITED STATES,False,991112.0,1,1,895273.0,31000.0,0,0.0,0,0,0.0,0,0,0.0,0,991112.0,1,0.0,0,0.0,0,0.0,0,0.0,0,0.0,0,0.0,0,0.0,0,0.0,0,991112.0,1,1,1,991112.0,991112.0,991112.0,0.0,1.0,0.0,1231.0,1009.0,958.0,669.0,669.0,1.0,False,,,,,,,,True,2587,non-rollup institutions
FY2025,IPF10042694,"HEMEX HEALTH, INC.",Hemex Health,UNITED STATES,False,990891.0,1,1,801713.0,189178.0,0,0.0,0,0,0.0,0,0,0.0,0,990891.0,1,0.0,0,0.0,0,0.0,0,0.0,0,0.0,0,0.0,0,0.0,0,0.0,0,990891.0,1,1,1,990891.0,990891.0,990891.0,0.0,1.0,0.0,1232.0,1009.0,958.0,669.0,669.0,1.0,False,,,,,,,,True,2587,non-rollup institutions
FY2025,IPF10055979,CROSSLINER INC,Crossliner,UNITED STATES,False,990619.0,1,1,661294.0,264518.0,0,0.0,0,0,0.0,0,0,0.0,0,990619.0,1,0.0,0,0.0,0,0.0,0,0.0,0,0.0,0,0.0,0,0.0,0,0.0,0,990619.0,1,3,1,330206.0,990619.0,990619.0,0.0,0.33,0.0,1233.0,1009.0,958.0,669.0,669.0,1.0,False,,,,,,,,True,2587,non-rollup institutions
FY2025,IPF1194502,SOUTHERN ILLINOIS UNIVERSITY CARBONDALE,Southern Illinois University Carbondale,UNITED STATES,False,990424.0,5,5,697931.0,292493.0,0,0.0,0,0,0.0,0,0,0.0,0,894939.0,4,95485.0,1,0.0,0,0.0,0,0.0,0,0.0,0,0.0,0,0.0,0,0.0,0,990424.0,5,4,4,247606.0,198085.0,198085.0,0.0,1.25,0.0,1234.0,458.0,446.0,669.0,669.0,1.0,False,,,,,,,,True,2587,non-rollup institutions
FY2025,IPF10033028,"DXDISCOVERY, INC.",Dxdiscovery,UNITED STATES,False,989461.0,1,1,795061.0,130784.0,0,0.0,0,0,0.0,0,0,0.0,0,989461.0,1,0.0,0,0.0,0,0.0,0,0.0,0,0.0,0,0.0,0,0.0,0,0.0,0,989461.0,1,1,1,989461.0,989461.0,989461.0,0.0,1.0,0.0,1235.0,1009.0,958.0,669.0,669.0,1.0,False,,,,,,,,True,2587,non-rollup institutions
FY2025,IPF2052001,DE PAUL UNIVERSITY,De Paul University,UNITED STATES,False,989436.0,2,2,772085.0,217351.0,0,539841.0,1,1,0.0,0,0,539841.0,1,449595.0,1,0.0,0,0.0,0,0.0,0,0.0,0,0.0,0,0.0,0,0.0,0,0.0,0,449595.0,1,2,2,494718.0,494718.0,494718.0,269920.0,1.0,54.6,1236.0,698.0,671.0,531.0,484.0,1.0,False,,,,,,,,True,2587,non-rollup institutions
FY2025,IPF3966401,"INBIOS INTERNATIONAL, INC.",Inbios International,UNITED STATES,False,988977.0,1,1,784350.0,157533.0,0,0.0,0,0,0.0,0,0,0.0,0,988977.0,1,0.0,0,0.0,0,0.0,0,0.0,0,0.0,0,0.0,0,0.0,0,0.0,0,988977.0,1,1,1,988977.0,988977.0,988977.0,0.0,1.0,0.0,1237.0,1009.0,958.0,669.0,669.0,1.0,False,,,,,,,,True,2587,non-rollup institutions
FY2025,IPF10042190,"MIRAVISTA DIAGNOSTICS, LLC",Miravista Diagnostics,UNITED STATES,False,988914.0,1,1,660218.0,264087.0,0,0.0,0,0,0.0,0,0,0.0,0,988914.0,1,0.0,0,0.0,0,0.0,0,0.0,0,0.0,0,0.0,0,0.0,0,0.0,0,988914.0,1,1,1,988914.0,988914.0,988914.0,0.0,1.0,0.0,1238.0,1009.0,958.0,669.0,669.0,1.0,False,,,,,,,,True,2587,non-rollup institutions
FY2025,IPF10042625,"TRANSCODE THERAPEUTICS, INC.",Transcode Therapeutics,UNITED STATES,False,988765.0,1,1,739263.0,184816.0,0,0.0,0,0,0.0,0,0,0.0,0,988765.0,1,0.0,0,0.0,0,0.0,0,0.0,0,0.0,0,0.0,0,0.0,0,0.0,0,988765.0,1,1,1,988765.0,988765.0,988765.0,0.0,1.0,0.0,1239.0,1009.0,958.0,669.0,669.0,1.0,False,,,,,,,,True,2587,non-rollup institutions
FY2025,IPF10066523,"SYMPHONY BIOSCIENCES, INC.",Symphony Biosciences,UNITED STATES,False,987911.0,1,1,744744.0,189910.0,0,0.0,0,0,0.0,0,0,0.0,0,987911.0,1,0.0,0,0.0,0,0.0,0,0.0,0,0.0,0,0.0,0,0.0,0,0.0,0,987911.0,1,2,1,493956.0,987911.0,987911.0,0.0,0.5,0.0,1240.0,1009.0,958.0,669.0,669.0,1.0,False,,,,,,,,True,2587,non-rollup institutions
FY2025,IPF578208,APPALACHIAN STATE UNIVERSITY,Appalachian State University,UNITED STATES,False,987547.0,3,3,724746.0,262801.0,0,0.0,0,0,0.0,0,0,0.0,0,987547.0,3,0.0,0,0.0,0,0.0,0,0.0,0,0.0,0,0.0,0,0.0,0,0.0,0,987547.0,3,3,3,329182.0,329182.0,329182.0,0.0,1.0,0.0,1241.0,578.0,550.0,669.0,669.0,1.0,False,,,,,,,,True,2587,non-rollup institutions
FY2025,IPF10033085,"DFH PHARMA, INC.",Dfh Pharma,UNITED STATES,False,986894.0,1,1,858169.0,128725.0,0,0.0,0,0,0.0,0,0,0.0,0,986894.0,1,0.0,0,0.0,0,0.0,0,0.0,0,0.0,0,0.0,0,0.0,0,0.0,0,986894.0,1,1,1,986894.0,986894.0,986894.0,0.0,1.0,0.0,1242.0,1009.0,958.0,669.0,669.0,1.0,False,,,,,,,,True,2587,non-rollup institutions
FY2025,IPF10052690,"RATIONAL VACCINES, INC.",Rational Vaccines,UNITED STATES,False,986717.0,1,1,688909.0,233256.0,0,0.0,0,0,0.0,0,0,0.0,0,986717.0,1,0.0,0,0.0,0,0.0,0,0.0,0,0.0,0,0.0,0,0.0,0,0.0,0,986717.0,1,1,1,986717.0,986717.0,986717.0,0.0,1.0,0.0,1243.0,1009.0,958.0,669.0,669.0,1.0,False,,,,,,,,True,2587,non-rollup institutions
FY2025,IPF3527407,"IMPERIAL COLLEGE OF SCIENCE, TECHNOLOGY AND MEDICINE","Imperial College of Science, Technology and Medicine",UNITED KINGDOM,False,986547.0,3,3,914122.0,72425.0,0,750834.0,2,2,0.0,0,0,750834.0,2,0.0,0,235713.0,1,0.0,0,0.0,0,0.0,0,0.0,0,0.0,0,0.0,0,0.0,0,235713.0,1,5,3,197309.0,328849.0,328849.0,150167.0,0.6,76.1,1244.0,578.0,550.0,479.0,414.0,1.0,True,502.0,,,,,,,True,2587,non-rollup institutions
FY2025,IPF10070248,INSPIRE RX LLC,Inspire Rx,UNITED STATES,False,986477.0,1,1,688973.0,240364.0,0,0.0,0,0,0.0,0,0,0.0,0,986477.0,1,0.0,0,0.0,0,0.0,0,0.0,0,0.0,0,0.0,0,0.0,0,0.0,0,986477.0,1,1,1,986477.0,986477.0,986477.0,0.0,1.0,0.0,1245.0,1009.0,958.0,669.0,669.0,1.0,False,,,,,,,,True,2587,non-rollup institutions
FY2025,IPF10057998,OCUVERA LLC,Ocuvera,UNITED STATES,False,985839.0,1,1,865088.0,56257.0,0,0.0,0,0,0.0,0,0,0.0,0,985839.0,1,0.0,0,0.0,0,0.0,0,0.0,0,0.0,0,0.0,0,0.0,0,0.0,0,985839.0,1,1,1,985839.0,985839.0,985839.0,0.0,1.0,0.0,1246.0,1009.0,958.0,669.0,669.0,1.0,False,,,,,,,,True,2587,non-rollup institutions
FY2025,IPF10053048,COLLAMEDIX INC.,Collamedix,UNITED STATES,False,985797.0,1,1,899167.0,49182.0,0,0.0,0,0,0.0,0,0,0.0,0,985797.0,1,0.0,0,0.0,0,0.0,0,0.0,0,0.0,0,0.0,0,0.0,0,0.0,0,985797.0,1,1,1,985797.0,985797.0,985797.0,0.0,1.0,0.0,1247.0,1009.0,958.0,669.0,669.0,1.0,False,,,,,,,,True,2587,non-rollup institutions
FY2025,IPF10043123,"VOXIMETRY, INC.",Voximetry,UNITED STATES,False,985549.0,1,1,709672.0,211402.0,0,0.0,0,0,0.0,0,0,0.0,0,985549.0,1,0.0,0,0.0,0,0.0,0,0.0,0,0.0,0,0.0,0,0.0,0,0.0,0,985549.0,1,1,1,985549.0,985549.0,985549.0,0.0,1.0,0.0,1248.0,1009.0,958.0,669.0,669.0,1.0,False,,,,,,,,True,2587,non-rollup institutions
FY2025,IPF10016969,"BCN BIOSCIENCES, LLC",Bcn Biosciences,UNITED STATES,False,985537.0,1,1,665839.0,265670.0,0,0.0,0,0,0.0,0,0,0.0,0,985537.0,1,0.0,0,0.0,0,0.0,0,0.0,0,0.0,0,0.0,0,0.0,0,0.0,0,985537.0,1,2,1,492768.0,985537.0,985537.0,0.0,0.5,0.0,1249.0,1009.0,958.0,669.0,669.0,1.0,False,,,,,,,,True,2587,non-rollup institutions
FY2025,IPF10061022,"ONE COW STANDING, LLC",One Cow Standing,UNITED STATES,False,985366.0,1,1,845022.0,140344.0,0,0.0,0,0,0.0,0,0,0.0,0,985366.0,1,0.0,0,0.0,0,0.0,0,0.0,0,0.0,0,0.0,0,0.0,0,0.0,0,985366.0,1,2,1,492683.0,985366.0,985366.0,0.0,0.5,0.0,1250.0,1009.0,958.0,669.0,669.0,1.0,False,,,,,,,,True,2587,non-rollup institutions
FY2025,IPF10081379,"ALEUTIAN THERAPEUTICS, INC.",Aleutian Therapeutics,UNITED STATES,False,985013.0,3,3,657553.0,263020.0,0,0.0,0,0,0.0,0,0,0.0,0,985013.0,3,0.0,0,0.0,0,0.0,0,0.0,0,0.0,0,0.0,0,0.0,0,0.0,0,985013.0,3,1,1,985013.0,328338.0,328338.0,0.0,3.0,0.0,1251.0,578.0,550.0,669.0,669.0,1.0,False,,,,,,,,True,2587,non-rollup institutions
FY2025,IPF10069002,EF THERAPEUTICS LLC,Ef Therapeutics,UNITED STATES,False,984830.0,1,1,849595.0,112378.0,0,0.0,0,0,0.0,0,0,0.0,0,984830.0,1,0.0,0,0.0,0,0.0,0,0.0,0,0.0,0,0.0,0,0.0,0,0.0,0,984830.0,1,1,1,984830.0,984830.0,984830.0,0.0,1.0,0.0,1252.0,1009.0,958.0,669.0,669.0,1.0,False,,,,,,,,True,2587,non-rollup institutions
FY2025,IPF10041344,"CYTEQUEST, INC.",Cytequest,UNITED STATES,False,983392.0,1,1,680784.0,238274.0,0,0.0,0,0,0.0,0,0,0.0,0,983392.0,1,0.0,0,0.0,0,0.0,0,0.0,0,0.0,0,0.0,0,0.0,0,0.0,0,983392.0,1,1,1,983392.0,983392.0,983392.0,0.0,1.0,0.0,1253.0,1009.0,958.0,669.0,669.0,1.0,False,,,,,,,,True,2587,non-rollup institutions
FY2025,IPF10071631,COOLTECH LLC,Cooltech,UNITED STATES,False,983042.0,1,1,742012.0,176805.0,0,0.0,0,0,0.0,0,0,0.0,0,983042.0,1,0.0,0,0.0,0,0.0,0,0.0,0,0.0,0,0.0,0,0.0,0,0.0,0,983042.0,1,2,1,491521.0,983042.0,983042.0,0.0,0.5,0.0,1254.0,1009.0,958.0,669.0,669.0,1.0,False,,,,,,,,True,2587,non-rollup institutions
FY2025,IPF10062831,SAPIEN HEALTH LLC,Sapien Health,UNITED STATES,False,982187.0,1,1,946113.0,36074.0,0,0.0,0,0,0.0,0,0,0.0,0,982187.0,1,0.0,0,0.0,0,0.0,0,0.0,0,0.0,0,0.0,0,0.0,0,0.0,0,982187.0,1,2,1,491094.0,982187.0,982187.0,0.0,0.5,0.0,1255.0,1009.0,958.0,669.0,669.0,1.0,False,,,,,,,,True,2587,non-rollup institutions
FY2025,IPF10060689,"IHP THERAPEUTICS, INC.",Ihp Therapeutics,UNITED STATES,False,982081.0,1,1,794765.0,187316.0,0,0.0,0,0,0.0,0,0,0.0,0,0.0,0,982081.0,1,0.0,0,0.0,0,0.0,0,0.0,0,0.0,0,0.0,0,0.0,0,982081.0,1,1,1,982081.0,982081.0,982081.0,0.0,1.0,0.0,1256.0,1009.0,958.0,669.0,669.0,1.0,False,,,,,,,,True,2587,non-rollup institutions
FY2025,IPF10052325,"AURAGENT BIOSCIENCE, LLC",Auragent Bioscience,UNITED STATES,False,982045.0,1,1,655571.0,262228.0,0,0.0,0,0,0.0,0,0,0.0,0,982045.0,1,0.0,0,0.0,0,0.0,0,0.0,0,0.0,0,0.0,0,0.0,0,0.0,0,982045.0,1,1,1,982045.0,982045.0,982045.0,0.0,1.0,0.0,1257.0,1009.0,958.0,669.0,669.0,1.0,False,,,,,,,,True,2587,non-rollup institutions
FY2025,IPF10041746,"LASARRUS CLINIC AND RESEARCH CENTER, INC.",Lasarrus Clinic and Research Center,UNITED STATES,False,981715.0,2,1,920471.0,31307.0,0,0.0,0,0,0.0,0,0,0.0,0,981715.0,2,0.0,0,0.0,0,0.0,0,0.0,0,0.0,0,0.0,0,0.0,0,0.0,0,981715.0,2,1,1,981715.0,981715.0,490858.0,0.0,1.0,0.0,1258.0,698.0,958.0,669.0,669.0,1.0,False,,,,,,,,True,2587,non-rollup institutions
FY2025,IPF10040973,"EVERGLADES BIOPHARMA, LLC",Everglades Biopharma,UNITED STATES,False,981661.0,1,1,707445.0,213707.0,0,0.0,0,0,0.0,0,0,0.0,0,981661.0,1,0.0,0,0.0,0,0.0,0,0.0,0,0.0,0,0.0,0,0.0,0,0.0,0,981661.0,1,2,1,490830.0,981661.0,981661.0,0.0,0.5,0.0,1259.0,1009.0,958.0,669.0,669.0,1.0,False,,,,,,,,True,2587,non-rollup institutions
FY2025,IPF10003992,"NAJIT TECHNOLOGIES, INC.",Najit Technologies,UNITED STATES,False,980963.0,1,1,736505.0,180292.0,0,0.0,0,0,0.0,0,0,0.0,0,0.0,0,980963.0,1,0.0,0,0.0,0,0.0,0,0.0,0,0.0,0,0.0,0,0.0,0,980963.0,1,2,1,490482.0,980963.0,980963.0,0.0,0.5,0.0,1260.0,1009.0,958.0,669.0,669.0,1.0,False,,,,,,,,True,2587,non-rollup institutions
FY2025,IPF10038858,"SYLVATICA BIOTECH, INC.",Sylvatica Biotech,UNITED STATES,False,980782.0,1,1,654728.0,261891.0,0,0.0,0,0,0.0,0,0,0.0,0,980782.0,1,0.0,0,0.0,0,0.0,0,0.0,0,0.0,0,0.0,0,0.0,0,0.0,0,980782.0,1,2,1,490391.0,980782.0,980782.0,0.0,0.5,0.0,1261.0,1009.0,958.0,669.0,669.0,1.0,False,,,,,,,,True,2587,non-rollup institutions
FY2025,IPF4323501,ZYMO RESEARCH CORPORATION,Zymo Research Corporation,UNITED STATES,False,980725.0,1,1,893881.0,86844.0,0,0.0,0,0,0.0,0,0,0.0,0,980725.0,1,0.0,0,0.0,0,0.0,0,0.0,0,0.0,0,0.0,0,0.0,0,0.0,0,980725.0,1,2,1,490362.0,980725.0,980725.0,0.0,0.5,0.0,1262.0,1009.0,958.0,669.0,669.0,1.0,False,,,,,,,,True,2587,non-rollup institutions
FY2025,IPF10076792,NEURALTHREAD INC,Neuralthread,UNITED STATES,False,980661.0,1,1,701586.0,218522.0,0,0.0,0,0,0.0,0,0,0.0,0,980661.0,1,0.0,0,0.0,0,0.0,0,0.0,0,0.0,0,0.0,0,0.0,0,0.0,0,980661.0,1,2,1,490330.0,980661.0,980661.0,0.0,0.5,0.0,1263.0,1009.0,958.0,669.0,669.0,1.0,False,,,,,,,,True,2587,non-rollup institutions
FY2025,IPF10042435,"MESA SCIENCE ASSOCIATES, INC.",Mesa Science Associates,UNITED STATES,False,980358.0,1,1,807193.0,126481.0,0,0.0,0,0,0.0,0,0,0.0,0,980358.0,1,0.0,0,0.0,0,0.0,0,0.0,0,0.0,0,0.0,0,0.0,0,0.0,0,980358.0,1,2,1,490179.0,980358.0,980358.0,0.0,0.5,0.0,1264.0,1009.0,958.0,669.0,669.0,1.0,False,,,,,,,,True,2587,non-rollup institutions
FY2025,IPF10068721,NANONEWRON LLC,Nanonewron,UNITED STATES,False,979592.0,1,1,796106.0,119416.0,0,0.0,0,0,0.0,0,0,0.0,0,979592.0,1,0.0,0,0.0,0,0.0,0,0.0,0,0.0,0,0.0,0,0.0,0,0.0,0,979592.0,1,2,1,489796.0,979592.0,979592.0,0.0,0.5,0.0,1265.0,1009.0,958.0,669.0,669.0,1.0,False,,,,,,,,True,2587,non-rollup institutions
FY2025,IPF10067713,"DECODE HEALTH, INC.",Decode Health,UNITED STATES,False,979138.0,1,1,709366.0,205716.0,0,0.0,0,0,0.0,0,0,0.0,0,979138.0,1,0.0,0,0.0,0,0.0,0,0.0,0,0.0,0,0.0,0,0.0,0,0.0,0,979138.0,1,1,1,979138.0,979138.0,979138.0,0.0,1.0,0.0,1266.0,1009.0,958.0,669.0,669.0,1.0,False,,,,,,,,True,2587,non-rollup institutions
FY2025,IPF10056822,"MARPAM PHARMA, LLC",Marpam Pharma,UNITED STATES,False,979050.0,1,1,765918.0,149082.0,0,0.0,0,0,0.0,0,0,0.0,0,979050.0,1,0.0,0,0.0,0,0.0,0,0.0,0,0.0,0,0.0,0,0.0,0,0.0,0,979050.0,1,2,1,489525.0,979050.0,979050.0,0.0,0.5,0.0,1267.0,1009.0,958.0,669.0,669.0,1.0,False,,,,,,,,True,2587,non-rollup institutions
FY2025,IPF10049768,"SURGIVANCE, INC.",Surgivance,UNITED STATES,False,978154.0,1,1,729202.0,184961.0,0,0.0,0,0,0.0,0,0,0.0,0,978154.0,1,0.0,0,0.0,0,0.0,0,0.0,0,0.0,0,0.0,0,0.0,0,0.0,0,978154.0,1,2,1,489077.0,978154.0,978154.0,0.0,0.5,0.0,1268.0,1009.0,958.0,669.0,669.0,1.0,False,,,,,,,,True,2587,non-rollup institutions
FY2025,IPF10041786,"GLYCOT THERAPEUTICS, LLC",Glycot Therapeutics,UNITED STATES,False,977787.0,1,1,712279.0,210162.0,0,0.0,0,0,0.0,0,0,0.0,0,977787.0,1,0.0,0,0.0,0,0.0,0,0.0,0,0.0,0,0.0,0,0.0,0,0.0,0,977787.0,1,1,1,977787.0,977787.0,977787.0,0.0,1.0,0.0,1269.0,1009.0,958.0,669.0,669.0,1.0,False,,,,,,,,True,2587,non-rollup institutions
FY2025,IPF10010779,MINNESOTA HEALTHSOLUTIONS CORPORATION,Minnesota Healthsolutions Corporation,UNITED STATES,False,977087.0,3,3,654423.0,259169.0,0,0.0,0,0,0.0,0,0,0.0,0,977087.0,3,0.0,0,0.0,0,0.0,0,0.0,0,0.0,0,0.0,0,0.0,0,0.0,0,977087.0,3,4,3,244272.0,325696.0,325696.0,0.0,0.75,0.0,1270.0,578.0,550.0,669.0,669.0,1.0,False,,,,,,,,True,2587,non-rollup institutions
FY2025,IPF10042042,"PLAKOUS THERAPEUTICS, INC.",Plakous Therapeutics,UNITED STATES,False,976322.0,1,1,651750.0,260700.0,0,0.0,0,0,0.0,0,0,0.0,0,976322.0,1,0.0,0,0.0,0,0.0,0,0.0,0,0.0,0,0.0,0,0.0,0,0.0,0,976322.0,1,1,1,976322.0,976322.0,976322.0,0.0,1.0,0.0,1271.0,1009.0,958.0,669.0,669.0,1.0,False,,,,,,,,True,2587,non-rollup institutions
FY2025,IPF10054303,MATREGENIX,Matregenix,UNITED STATES,False,976000.0,1,1,877000.0,70000.0,0,0.0,0,0,0.0,0,0,0.0,0,976000.0,1,0.0,0,0.0,0,0.0,0,0.0,0,0.0,0,0.0,0,0.0,0,0.0,0,976000.0,1,2,1,488000.0,976000.0,976000.0,0.0,0.5,0.0,1272.0,1009.0,958.0,669.0,669.0,1.0,False,,,,,,,,True,2587,non-rollup institutions
FY2025,IPF10039276,"ENGINEERING RESOURCES GROUP, INC.",Engineering Resources Group,UNITED STATES,False,975449.0,1,1,838609.0,136840.0,0,0.0,0,0,0.0,0,0,0.0,0,975449.0,1,0.0,0,0.0,0,0.0,0,0.0,0,0.0,0,0.0,0,0.0,0,0.0,0,975449.0,1,2,1,487724.0,975449.0,975449.0,0.0,0.5,0.0,1273.0,1009.0,958.0,669.0,669.0,1.0,False,,,,,,,,True,2587,non-rollup institutions
FY2025,IPF4110401,AGA KHAN UNIVERSITY (PAKISTAN),Aga Khan University (Pakistan),PAKISTAN,False,975127.0,4,4,920680.0,54447.0,0,0.0,0,0,0.0,0,0,0.0,0,243833.0,1,0.0,0,0.0,0,0.0,0,0.0,0,0.0,0,0.0,0,731294.0,3,0.0,0,975127.0,4,12,4,81261.0,243782.0,243782.0,0.0,0.33,0.0,1274.0,504.0,483.0,669.0,669.0,1.0,True,532.0,,,,,,,True,2587,non-rollup institutions
FY2025,IPF10036337,"ALDATU BIOSCIENCES, INC.",Aldatu Biosciences,UNITED STATES,False,975023.0,1,1,650944.0,260378.0,0,0.0,0,0,0.0,0,0,0.0,0,975023.0,1,0.0,0,0.0,0,0.0,0,0.0,0,0.0,0,0.0,0,0.0,0,0.0,0,975023.0,1,1,1,975023.0,975023.0,975023.0,0.0,1.0,0.0,1275.0,1009.0,958.0,669.0,669.0,1.0,False,,,,,,,,True,2587,non-rollup institutions
FY2025,IPF10061009,PROVIDENCE HEALTH & SERVICES - OREGON,Providence Health & Services - Oregon,UNITED STATES,False,974851.0,2,2,573442.0,401409.0,0,974851.0,2,2,0.0,0,0,974851.0,2,0.0,0,0.0,0,0.0,0,0.0,0,0.0,0,0.0,0,0.0,0,0.0,0,0.0,0,0.0,0,2,2,487426.0,487426.0,487426.0,487426.0,1.0,100.0,1276.0,698.0,671.0,456.0,414.0,1.0,False,,,,,,,,True,2587,non-rollup institutions
FY2025,IPF10073626,ZVELT THERAPEUTICS INC.,Zvelt Therapeutics,UNITED STATES,False,974604.0,1,1,885975.0,24870.0,0,0.0,0,0,0.0,0,0,0.0,0,974604.0,1,0.0,0,0.0,0,0.0,0,0.0,0,0.0,0,0.0,0,0.0,0,0.0,0,974604.0,1,2,1,487302.0,974604.0,974604.0,0.0,0.5,0.0,1277.0,1009.0,958.0,669.0,669.0,1.0,False,,,,,,,,True,2587,non-rollup institutions
FY2025,IPF10035827,"NEURINSIGHT, LLC",Neurinsight,UNITED STATES,False,973322.0,1,1,874874.0,75199.0,0,0.0,0,0,0.0,0,0,0.0,0,973322.0,1,0.0,0,0.0,0,0.0,0,0.0,0,0.0,0,0.0,0,0.0,0,0.0,0,973322.0,1,2,1,486661.0,973322.0,973322.0,0.0,0.5,0.0,1278.0,1009.0,958.0,669.0,669.0,1.0,False,,,,,,,,True,2587,non-rollup institutions
FY2025,IPF10041565,"SCITOVATION, LLC",Scitovation,UNITED STATES,False,973277.0,1,1,649718.0,259887.0,0,0.0,0,0,0.0,0,0,0.0,0,973277.0,1,0.0,0,0.0,0,0.0,0,0.0,0,0.0,0,0.0,0,0.0,0,0.0,0,973277.0,1,1,1,973277.0,973277.0,973277.0,0.0,1.0,0.0,1279.0,1009.0,958.0,669.0,669.0,1.0,False,,,,,,,,True,2587,non-rollup institutions
FY2025,IPF10002055,"SCIOGEN, LLC",Sciogen,UNITED STATES,False,972321.0,1,1,942221.0,30100.0,0,0.0,0,0,0.0,0,0,0.0,0,972321.0,1,0.0,0,0.0,0,0.0,0,0.0,0,0.0,0,0.0,0,0.0,0,0.0,0,972321.0,1,1,1,972321.0,972321.0,972321.0,0.0,1.0,0.0,1280.0,1009.0,958.0,669.0,669.0,1.0,False,,,,,,,,True,2587,non-rollup institutions
FY2025,IPF10059488,"FRD ACCEL, LLC",Frd Accel,UNITED STATES,False,969472.0,1,1,845346.0,60703.0,0,0.0,0,0,0.0,0,0,0.0,0,969472.0,1,0.0,0,0.0,0,0.0,0,0.0,0,0.0,0,0.0,0,0.0,0,0.0,0,969472.0,1,2,1,484736.0,969472.0,969472.0,0.0,0.5,0.0,1281.0,1009.0,958.0,669.0,669.0,1.0,False,,,,,,,,True,2587,non-rollup institutions
FY2025,IPF10070962,SPIRIT FIT & HEALTH INC,Spirit Fit & Health,UNITED STATES,False,969209.0,2,1,765895.0,143179.0,0,0.0,0,0,0.0,0,0,0.0,0,969209.0,2,0.0,0,0.0,0,0.0,0,0.0,0,0.0,0,0.0,0,0.0,0,0.0,0,969209.0,2,1,1,969209.0,969209.0,484604.0,0.0,1.0,0.0,1282.0,698.0,958.0,669.0,669.0,1.0,False,,,,,,,,True,2587,non-rollup institutions
FY2025,IPF10055967,LIFEBIO INC,Lifebio,UNITED STATES,False,968966.0,2,2,795255.0,110320.0,0,0.0,0,0,0.0,0,0,0.0,0,968966.0,2,0.0,0,0.0,0,0.0,0,0.0,0,0.0,0,0.0,0,0.0,0,0.0,0,968966.0,2,2,1,484483.0,484483.0,484483.0,0.0,1.0,0.0,1283.0,698.0,671.0,669.0,669.0,1.0,False,,,,,,,,True,2587,non-rollup institutions
FY2025,IPF10051779,"INFORMAI, INC.",Informai,UNITED STATES,False,968552.0,1,1,727986.0,177203.0,0,0.0,0,0,0.0,0,0,0.0,0,968552.0,1,0.0,0,0.0,0,0.0,0,0.0,0,0.0,0,0.0,0,0.0,0,0.0,0,968552.0,1,1,1,968552.0,968552.0,968552.0,0.0,1.0,0.0,1284.0,1009.0,958.0,669.0,669.0,1.0,False,,,,,,,,True,2587,non-rollup institutions
FY2025,IPF10065736,NORTHWEST PREVENTION SCIENCE INC,Northwest Prevention Science,UNITED STATES,False,967170.0,1,1,801053.0,102844.0,0,0.0,0,0,0.0,0,0,0.0,0,967170.0,1,0.0,0,0.0,0,0.0,0,0.0,0,0.0,0,0.0,0,0.0,0,0.0,0,967170.0,1,3,1,322390.0,967170.0,967170.0,0.0,0.33,0.0,1285.0,1009.0,958.0,669.0,669.0,1.0,False,,,,,,,,True,2587,non-rollup institutions
FY2025,IPF10058053,"NANOPATHDX, INC.",Nanopathdx,UNITED STATES,False,964943.0,1,1,678057.0,223759.0,0,0.0,0,0,0.0,0,0,0.0,0,964943.0,1,0.0,0,0.0,0,0.0,0,0.0,0,0.0,0,0.0,0,0.0,0,0.0,0,964943.0,1,2,1,482472.0,964943.0,964943.0,0.0,0.5,0.0,1286.0,1009.0,958.0,669.0,669.0,1.0,False,,,,,,,,True,2587,non-rollup institutions
FY2025,IPF10061742,"EPIGENOME TECHNOLOGIES, INC.",Epigenome Technologies,UNITED STATES,False,964766.0,1,1,644036.0,257614.0,0,0.0,0,0,0.0,0,0,0.0,0,964766.0,1,0.0,0,0.0,0,0.0,0,0.0,0,0.0,0,0.0,0,0.0,0,0.0,0,964766.0,1,1,1,964766.0,964766.0,964766.0,0.0,1.0,0.0,1287.0,1009.0,958.0,669.0,669.0,1.0,False,,,,,,,,True,2587,non-rollup institutions
FY2025,IPF4442201,"BIOPEPTIDES, INC.",Biopeptides,UNITED STATES,False,962204.0,1,1,793062.0,106194.0,0,0.0,0,0,0.0,0,0,0.0,0,962204.0,1,0.0,0,0.0,0,0.0,0,0.0,0,0.0,0,0.0,0,0.0,0,0.0,0,962204.0,1,3,1,320735.0,962204.0,962204.0,0.0,0.33,0.0,1288.0,1009.0,958.0,669.0,669.0,1.0,False,,,,,,,,True,2587,non-rollup institutions
FY2025,IPF10019586,"PGXL TECHNOLOGIES, LLC",Pgxl Technologies,UNITED STATES,False,960998.0,1,1,713779.0,184350.0,0,0.0,0,0,0.0,0,0,0.0,0,960998.0,1,0.0,0,0.0,0,0.0,0,0.0,0,0.0,0,0.0,0,0.0,0,0.0,0,960998.0,1,2,1,480499.0,960998.0,960998.0,0.0,0.5,0.0,1289.0,1009.0,958.0,669.0,669.0,1.0,False,,,,,,,,True,2587,non-rollup institutions
FY2025,IPF10040233,"ENABLE BIOSCIENCES, INC.",Enable Biosciences,UNITED STATES,False,960753.0,1,1,641357.0,256543.0,0,0.0,0,0,0.0,0,0,0.0,0,960753.0,1,0.0,0,0.0,0,0.0,0,0.0,0,0.0,0,0.0,0,0.0,0,0.0,0,960753.0,1,1,1,960753.0,960753.0,960753.0,0.0,1.0,0.0,1290.0,1009.0,958.0,669.0,669.0,1.0,False,,,,,,,,True,2587,non-rollup institutions
FY2025,IPF10066377,PINK CLOUD LLC,Pink Cloud,UNITED STATES,False,960746.0,1,1,860213.0,37680.0,0,0.0,0,0,0.0,0,0,0.0,0,960746.0,1,0.0,0,0.0,0,0.0,0,0.0,0,0.0,0,0.0,0,0.0,0,0.0,0,960746.0,1,2,1,480373.0,960746.0,960746.0,0.0,0.5,0.0,1291.0,1009.0,958.0,669.0,669.0,1.0,False,,,,,,,,True,2587,non-rollup institutions
FY2025,IPF513707,SCRIPPS COLLEGE,Scripps College,UNITED STATES,False,960386.0,2,2,767697.0,192689.0,0,0.0,0,0,0.0,0,0,0.0,0,960386.0,2,0.0,0,0.0,0,0.0,0,0.0,0,0.0,0,0.0,0,0.0,0,0.0,0,960386.0,2,2,2,480193.0,480193.0,480193.0,0.0,1.0,0.0,1292.0,698.0,671.0,669.0,669.0,1.0,False,,,,,,,,True,2587,non-rollup institutions
FY2025,IPF10051827,PHOTOTHERMAL SPECTROSCOPY CORP.,Photothermal Spectroscopy Corp.,UNITED STATES,False,959255.0,1,1,817166.0,79686.0,0,0.0,0,0,0.0,0,0,0.0,0,959255.0,1,0.0,0,0.0,0,0.0,0,0.0,0,0.0,0,0.0,0,0.0,0,0.0,0,959255.0,1,1,1,959255.0,959255.0,959255.0,0.0,1.0,0.0,1293.0,1009.0,958.0,669.0,669.0,1.0,False,,,,,,,,True,2587,non-rollup institutions
FY2025,IPF10054041,"MTI BIOTECH, INC.",Mti Biotech,UNITED STATES,False,957913.0,1,1,746039.0,149207.0,0,0.0,0,0,0.0,0,0,0.0,0,957913.0,1,0.0,0,0.0,0,0.0,0,0.0,0,0.0,0,0.0,0,0.0,0,0.0,0,957913.0,1,2,1,478956.0,957913.0,957913.0,0.0,0.5,0.0,1294.0,1009.0,958.0,669.0,669.0,1.0,False,,,,,,,,True,2587,non-rollup institutions
FY2025,IPF10029665,"SAGE SCIENCE, INC.",Sage Science,UNITED STATES,False,957480.0,1,1,894842.0,0.0,0,0.0,0,0,0.0,0,0,0.0,0,957480.0,1,0.0,0,0.0,0,0.0,0,0.0,0,0.0,0,0.0,0,0.0,0,0.0,0,957480.0,1,1,1,957480.0,957480.0,957480.0,0.0,1.0,0.0,1295.0,1009.0,958.0,669.0,669.0,1.0,False,,,,,,,,True,2587,non-rollup institutions
FY2025,IPF10037913,"ISONO HEALTH, INC.",Isono Health,UNITED STATES,False,956621.0,1,1,710690.0,183348.0,0,0.0,0,0,0.0,0,0,0.0,0,956621.0,1,0.0,0,0.0,0,0.0,0,0.0,0,0.0,0,0.0,0,0.0,0,0.0,0,956621.0,1,1,1,956621.0,956621.0,956621.0,0.0,1.0,0.0,1296.0,1009.0,958.0,669.0,669.0,1.0,False,,,,,,,,True,2587,non-rollup institutions
FY2025,IPF8266918,TEXAS A&M UNIVERSITY-KINGSVILLE,Texas A&M University-Kingsville,UNITED STATES,False,956455.0,5,5,698910.0,257545.0,0,0.0,0,0,0.0,0,0,0.0,0,405961.0,4,0.0,0,550494.0,1,0.0,0,0.0,0,0.0,0,0.0,0,0.0,0,0.0,0,956455.0,5,4,4,239114.0,191291.0,191291.0,0.0,1.25,0.0,1297.0,458.0,446.0,669.0,669.0,1.0,False,,,,,,,,True,2587,non-rollup institutions
FY2025,IPF4147301,"PSYCHOGENICS, INC.",Psychogenics,UNITED STATES,False,955933.0,2,2,693290.0,200105.0,0,0.0,0,0,0.0,0,0,0.0,0,955933.0,2,0.0,0,0.0,0,0.0,0,0.0,0,0.0,0,0.0,0,0.0,0,0.0,0,955933.0,2,2,2,477966.0,477966.0,477966.0,0.0,1.0,0.0,1298.0,698.0,671.0,669.0,669.0,1.0,False,,,,,,,,True,2587,non-rollup institutions
FY2025,IPF10057665,RELIANT GLYCOSCIENCES LLC,Reliant Glycosciences,UNITED STATES,False,953146.0,1,1,636279.0,254512.0,0,0.0,0,0,0.0,0,0,0.0,0,953146.0,1,0.0,0,0.0,0,0.0,0,0.0,0,0.0,0,0.0,0,0.0,0,0.0,0,953146.0,1,3,1,317715.0,953146.0,953146.0,0.0,0.33,0.0,1299.0,1009.0,958.0,669.0,669.0,1.0,False,,,,,,,,True,2587,non-rollup institutions
FY2025,IPF10069662,"THRIVE DIGITAL HEALTH, LLC",Thrive Digital Health,UNITED STATES,False,952214.0,1,1,779411.0,172803.0,0,0.0,0,0,0.0,0,0,0.0,0,952214.0,1,0.0,0,0.0,0,0.0,0,0.0,0,0.0,0,0.0,0,0.0,0,0.0,0,952214.0,1,1,1,952214.0,952214.0,952214.0,0.0,1.0,0.0,1300.0,1009.0,958.0,669.0,669.0,1.0,False,,,,,,,,True,2587,non-rollup institutions
FY2025,IPF8662101,MAHIDOL UNIVERSITY,Mahidol University,THAILAND,False,951670.0,2,2,899791.0,51879.0,0,0.0,0,0,0.0,0,0,0.0,0,0.0,0,800470.0,1,0.0,0,151200.0,1,0.0,0,0.0,0,0.0,0,0.0,0,0.0,0,951670.0,2,2,2,475835.0,475835.0,475835.0,0.0,1.0,0.0,1301.0,698.0,671.0,669.0,669.0,1.0,False,,,,,,,,True,2587,non-rollup institutions
FY2025,IPF1014601,BUCKNELL UNIVERSITY,Bucknell University,UNITED STATES,False,951224.0,2,2,704311.0,246913.0,0,572552.0,1,1,0.0,0,0,572552.0,1,378672.0,1,0.0,0,0.0,0,0.0,0,0.0,0,0.0,0,0.0,0,0.0,0,0.0,0,378672.0,1,3,2,317075.0,475612.0,475612.0,190851.0,0.67,60.2,1302.0,698.0,671.0,520.0,484.0,1.0,False,,,,,,,,True,2587,non-rollup institutions
FY2025,IPF10063060,LIVIVOS INC.,Livivos,UNITED STATES,False,947354.0,1,1,632413.0,252965.0,0,0.0,0,0,0.0,0,0,0.0,0,947354.0,1,0.0,0,0.0,0,0.0,0,0.0,0,0.0,0,0.0,0,0.0,0,0.0,0,947354.0,1,2,1,473677.0,947354.0,947354.0,0.0,0.5,0.0,1303.0,1009.0,958.0,669.0,669.0,1.0,False,,,,,,,,True,2587,non-rollup institutions
FY2025,IPF4403001,"QUASAR, INC.",Quasar,UNITED STATES,False,947109.0,1,1,538486.0,346663.0,0,0.0,0,0,0.0,0,0,0.0,0,947109.0,1,0.0,0,0.0,0,0.0,0,0.0,0,0.0,0,0.0,0,0.0,0,0.0,0,947109.0,1,2,1,473554.0,947109.0,947109.0,0.0,0.5,0.0,1304.0,1009.0,958.0,669.0,669.0,1.0,False,,,,,,,,True,2587,non-rollup institutions
FY2025,IPF10054802,DURAMETRIX LLC,Durametrix,UNITED STATES,False,946480.0,1,1,821420.0,125060.0,0,0.0,0,0,0.0,0,0,0.0,0,946480.0,1,0.0,0,0.0,0,0.0,0,0.0,0,0.0,0,0.0,0,0.0,0,0.0,0,946480.0,1,1,1,946480.0,946480.0,946480.0,0.0,1.0,0.0,1305.0,1009.0,958.0,669.0,669.0,1.0,False,,,,,,,,True,2587,non-rollup institutions
FY2025,IPF10003014,"MICROGEN, LLC",Microgen,UNITED STATES,False,944183.0,1,1,641470.0,240944.0,0,0.0,0,0,0.0,0,0,0.0,0,944183.0,1,0.0,0,0.0,0,0.0,0,0.0,0,0.0,0,0.0,0,0.0,0,0.0,0,944183.0,1,1,1,944183.0,944183.0,944183.0,0.0,1.0,0.0,1306.0,1009.0,958.0,669.0,669.0,1.0,False,,,,,,,,True,2587,non-rollup institutions
FY2025,IPF10074102,RNACONNECT INC,Rnaconnect,UNITED STATES,False,944054.0,1,1,630209.0,252084.0,0,0.0,0,0,0.0,0,0,0.0,0,944054.0,1,0.0,0,0.0,0,0.0,0,0.0,0,0.0,0,0.0,0,0.0,0,0.0,0,944054.0,1,1,1,944054.0,944054.0,944054.0,0.0,1.0,0.0,1307.0,1009.0,958.0,669.0,669.0,1.0,False,,,,,,,,True,2587,non-rollup institutions
FY2025,IPF8398001,TRINITY UNIVERSITY,Trinity University,UNITED STATES,False,942900.0,2,2,727862.0,215038.0,0,0.0,0,0,0.0,0,0,0.0,0,942900.0,2,0.0,0,0.0,0,0.0,0,0.0,0,0.0,0,0.0,0,0.0,0,0.0,0,942900.0,2,2,2,471450.0,471450.0,471450.0,0.0,1.0,0.0,1308.0,698.0,671.0,669.0,669.0,1.0,False,,,,,,,,True,2587,non-rollup institutions
FY2025,IPF10028538,IAS,Ias,UNITED STATES,False,940000.0,1,1,940000.0,0.0,0,0.0,0,0,0.0,0,0,0.0,0,940000.0,1,0.0,0,0.0,0,0.0,0,0.0,0,0.0,0,0.0,0,0.0,0,0.0,0,940000.0,1,2,1,470000.0,940000.0,940000.0,0.0,0.5,0.0,1309.0,1009.0,958.0,669.0,669.0,1.0,False,,,,,,,,True,2587,non-rollup institutions
FY2025,IPF10054310,"NALU SCIENTIFIC, LLC",Nalu Scientific,UNITED STATES,False,938415.0,1,1,711549.0,165474.0,0,0.0,0,0,0.0,0,0,0.0,0,938415.0,1,0.0,0,0.0,0,0.0,0,0.0,0,0.0,0,0.0,0,0.0,0,0.0,0,938415.0,1,1,1,938415.0,938415.0,938415.0,0.0,1.0,0.0,1310.0,1009.0,958.0,669.0,669.0,1.0,False,,,,,,,,True,2587,non-rollup institutions
FY2025,IPF10064628,"SANSIMEON, INC",Sansimeon,UNITED STATES,False,938335.0,1,1,626392.0,250557.0,0,0.0,0,0,0.0,0,0,0.0,0,938335.0,1,0.0,0,0.0,0,0.0,0,0.0,0,0.0,0,0.0,0,0.0,0,0.0,0,938335.0,1,1,1,938335.0,938335.0,938335.0,0.0,1.0,0.0,1311.0,1009.0,958.0,669.0,669.0,1.0,False,,,,,,,,True,2587,non-rollup institutions
FY2025,IPF1179801,"OREGON SOCIAL LEARNING CENTER, INC.",Oregon Social Learning Center,UNITED STATES,False,935535.0,2,2,599702.0,335833.0,0,701535.0,1,1,0.0,0,0,701535.0,1,234000.0,1,0.0,0,0.0,0,0.0,0,0.0,0,0.0,0,0.0,0,0.0,0,0.0,0,234000.0,1,2,2,467768.0,467768.0,467768.0,350768.0,1.0,75.0,1312.0,698.0,671.0,485.0,484.0,1.0,False,,,,,,,,True,2587,non-rollup institutions
FY2025,IPF10052089,"WILD DOG PHYSICS, LLC",Wild Dog Physics,UNITED STATES,False,934326.0,1,1,653105.0,220097.0,0,0.0,0,0,0.0,0,0,0.0,0,934326.0,1,0.0,0,0.0,0,0.0,0,0.0,0,0.0,0,0.0,0,0.0,0,0.0,0,934326.0,1,1,1,934326.0,934326.0,934326.0,0.0,1.0,0.0,1313.0,1009.0,958.0,669.0,669.0,1.0,False,,,,,,,,True,2587,non-rollup institutions
FY2025,IPF10019752,"IVEENA DELIVERY SYSTEMS, INC.",Iveena Delivery Systems,UNITED STATES,False,933817.0,1,1,667276.0,205450.0,0,0.0,0,0,0.0,0,0,0.0,0,933817.0,1,0.0,0,0.0,0,0.0,0,0.0,0,0.0,0,0.0,0,0.0,0,0.0,0,933817.0,1,1,1,933817.0,933817.0,933817.0,0.0,1.0,0.0,1314.0,1009.0,958.0,669.0,669.0,1.0,False,,,,,,,,True,2587,non-rollup institutions
FY2025,IPF10071708,"REVOPSIS THERAPEUTICS, INC.",Revopsis Therapeutics,UNITED STATES,False,933533.0,1,1,749396.0,123065.0,0,0.0,0,0,0.0,0,0,0.0,0,933533.0,1,0.0,0,0.0,0,0.0,0,0.0,0,0.0,0,0.0,0,0.0,0,0.0,0,933533.0,1,1,1,933533.0,933533.0,933533.0,0.0,1.0,0.0,1315.0,1009.0,958.0,669.0,669.0,1.0,False,,,,,,,,True,2587,non-rollup institutions
FY2025,IPF4508001,"CORTECHS LABS, INC.",Cortechs Labs,UNITED STATES,False,932694.0,1,1,622684.0,249074.0,0,0.0,0,0,0.0,0,0,0.0,0,932694.0,1,0.0,0,0.0,0,0.0,0,0.0,0,0.0,0,0.0,0,0.0,0,0.0,0,932694.0,1,1,1,932694.0,932694.0,932694.0,0.0,1.0,0.0,1316.0,1009.0,958.0,669.0,669.0,1.0,False,,,,,,,,True,2587,non-rollup institutions
FY2025,IPF10073705,PAVMED INC.,Pavmed,UNITED STATES,False,931489.0,1,1,767250.0,103300.0,0,0.0,0,0,0.0,0,0,0.0,0,931489.0,1,0.0,0,0.0,0,0.0,0,0.0,0,0.0,0,0.0,0,0.0,0,0.0,0,931489.0,1,1,1,931489.0,931489.0,931489.0,0.0,1.0,0.0,1317.0,1009.0,958.0,669.0,669.0,1.0,False,,,,,,,,True,2587,non-rollup institutions
FY2025,IPF10064637,OPSICLEAR LLC,Opsiclear,UNITED STATES,False,929497.0,1,1,677348.0,191341.0,0,0.0,0,0,0.0,0,0,0.0,0,929497.0,1,0.0,0,0.0,0,0.0,0,0.0,0,0.0,0,0.0,0,0.0,0,0.0,0,929497.0,1,1,1,929497.0,929497.0,929497.0,0.0,1.0,0.0,1318.0,1009.0,958.0,669.0,669.0,1.0,False,,,,,,,,True,2587,non-rollup institutions
FY2025,IPF10067469,"LITTLE ROOM INNOVATIONS, LLC",Little Room Innovations,UNITED STATES,False,929071.0,2,2,680385.0,187906.0,0,0.0,0,0,0.0,0,0,0.0,0,929071.0,2,0.0,0,0.0,0,0.0,0,0.0,0,0.0,0,0.0,0,0.0,0,0.0,0,929071.0,2,1,1,929071.0,464536.0,464536.0,0.0,2.0,0.0,1319.0,698.0,671.0,669.0,669.0,1.0,False,,,,,,,,True,2587,non-rollup institutions
FY2025,IPF10035198,"Z BIOTECH, LLC",Z Biotech,UNITED STATES,False,927455.0,3,3,722317.0,144463.0,0,0.0,0,0,0.0,0,0,0.0,0,927455.0,3,0.0,0,0.0,0,0.0,0,0.0,0,0.0,0,0.0,0,0.0,0,0.0,0,927455.0,3,2,1,463728.0,309152.0,309152.0,0.0,1.5,0.0,1320.0,578.0,550.0,669.0,669.0,1.0,False,,,,,,,,True,2587,non-rollup institutions
FY2025,IPF10052287,NIRRIN TECHNOLOGIES INC,Nirrin Technologies,UNITED STATES,False,927010.0,2,1,667602.0,208360.0,0,0.0,0,0,0.0,0,0,0.0,0,927010.0,2,0.0,0,0.0,0,0.0,0,0.0,0,0.0,0,0.0,0,0.0,0,0.0,0,927010.0,2,1,1,927010.0,927010.0,463505.0,0.0,1.0,0.0,1321.0,698.0,958.0,669.0,669.0,1.0,False,,,,,,,,True,2587,non-rollup institutions
FY2025,IPF10066156,"IVOS MEDICAL, INC.",Ivos Medical,UNITED STATES,False,926634.0,1,1,621363.0,246880.0,0,0.0,0,0,0.0,0,0,0.0,0,926634.0,1,0.0,0,0.0,0,0.0,0,0.0,0,0.0,0,0.0,0,0.0,0,0.0,0,926634.0,1,1,1,926634.0,926634.0,926634.0,0.0,1.0,0.0,1322.0,1009.0,958.0,669.0,669.0,1.0,False,,,,,,,,True,2587,non-rollup institutions
FY2025,IPF10033317,"HEADWATERS INNOVATION, INC.",Headwaters Innovation,UNITED STATES,False,926545.0,1,1,811653.0,54277.0,0,0.0,0,0,0.0,0,0,0.0,0,926545.0,1,0.0,0,0.0,0,0.0,0,0.0,0,0.0,0,0.0,0,0.0,0,0.0,0,926545.0,1,3,1,308848.0,926545.0,926545.0,0.0,0.33,0.0,1323.0,1009.0,958.0,669.0,669.0,1.0,False,,,,,,,,True,2587,non-rollup institutions
FY2025,IPF10070358,"XANTHOSHEALTH, INC.",Xanthoshealth,UNITED STATES,False,925504.0,1,1,765729.0,99228.0,0,0.0,0,0,0.0,0,0,0.0,0,925504.0,1,0.0,0,0.0,0,0.0,0,0.0,0,0.0,0,0.0,0,0.0,0,0.0,0,925504.0,1,1,1,925504.0,925504.0,925504.0,0.0,1.0,0.0,1324.0,1009.0,958.0,669.0,669.0,1.0,False,,,,,,,,True,2587,non-rollup institutions
FY2025,IPF10039485,"CAPESYM, INC.",Capesym,UNITED STATES,False,925411.0,1,1,505289.0,359582.0,0,0.0,0,0,0.0,0,0,0.0,0,925411.0,1,0.0,0,0.0,0,0.0,0,0.0,0,0.0,0,0.0,0,0.0,0,0.0,0,925411.0,1,1,1,925411.0,925411.0,925411.0,0.0,1.0,0.0,1325.0,1009.0,958.0,669.0,669.0,1.0,False,,,,,,,,True,2587,non-rollup institutions
FY2025,IPF10057419,ALLERDIA INC,Allerdia,UNITED STATES,False,921539.0,1,1,812172.0,80572.0,0,0.0,0,0,0.0,0,0,0.0,0,921539.0,1,0.0,0,0.0,0,0.0,0,0.0,0,0.0,0,0.0,0,0.0,0,0.0,0,921539.0,1,3,1,307180.0,921539.0,921539.0,0.0,0.33,0.0,1326.0,1009.0,958.0,669.0,669.0,1.0,False,,,,,,,,True,2587,non-rollup institutions
FY2025,IPF10027878,"NERX BIOSCIENCES, INC.",Nerx Biosciences,UNITED STATES,False,921320.0,1,1,725448.0,145090.0,0,0.0,0,0,0.0,0,0,0.0,0,921320.0,1,0.0,0,0.0,0,0.0,0,0.0,0,0.0,0,0.0,0,0.0,0,0.0,0,921320.0,1,1,1,921320.0,921320.0,921320.0,0.0,1.0,0.0,1327.0,1009.0,958.0,669.0,669.0,1.0,False,,,,,,,,True,2587,non-rollup institutions
FY2025,IPF10052524,APPLIED BIOMEDICAL SCIENCE INSTITUTE,Applied Biomedical Science Institute,UNITED STATES,False,921025.0,1,1,652858.0,268167.0,0,921025.0,1,1,0.0,0,0,921025.0,1,0.0,0,0.0,0,0.0,0,0.0,0,0.0,0,0.0,0,0.0,0,0.0,0,0.0,0,0.0,0,1,1,921025.0,921025.0,921025.0,921025.0,1.0,100.0,1328.0,1009.0,958.0,459.0,484.0,1.0,False,,,,,,,,True,2587,non-rollup institutions
FY2025,IPF562101,CENTRE FOR ADDICTION AND MENTAL HEALTH,Centre for Addiction and Mental Health,CANADA,False,920115.0,3,3,854636.0,65479.0,0,768518.0,2,2,0.0,0,0,768518.0,2,151597.0,1,0.0,0,0.0,0,0.0,0,0.0,0,0.0,0,0.0,0,0.0,0,0.0,0,151597.0,1,4,3,230029.0,306705.0,306705.0,192130.0,0.75,83.5,1329.0,578.0,550.0,475.0,414.0,1.0,False,,,,,,,,True,2587,non-rollup institutions
FY2025,IPF10027031,"MICROSURGICAL INNOVATIONS, INC.",Microsurgical Innovations,UNITED STATES,False,919846.0,1,1,781583.0,138263.0,0,0.0,0,0,0.0,0,0,0.0,0,919846.0,1,0.0,0,0.0,0,0.0,0,0.0,0,0.0,0,0.0,0,0.0,0,0.0,0,919846.0,1,5,1,183969.0,919846.0,919846.0,0.0,0.2,0.0,1330.0,1009.0,958.0,669.0,669.0,1.0,True,507.0,,,,,,,True,2587,non-rollup institutions
FY2025,IPF10052968,HEALING INNOVATIONS INC,Healing Innovations,UNITED STATES,False,919517.0,1,1,720988.0,138374.0,0,0.0,0,0,0.0,0,0,0.0,0,919517.0,1,0.0,0,0.0,0,0.0,0,0.0,0,0.0,0,0.0,0,0.0,0,0.0,0,919517.0,1,2,1,459758.0,919517.0,919517.0,0.0,0.5,0.0,1331.0,1009.0,958.0,669.0,669.0,1.0,False,,,,,,,,True,2587,non-rollup institutions
FY2025,IPF10048334,"ZEBRA ANALYTIX, INC.",Zebra Analytix,UNITED STATES,False,919218.0,1,1,613714.0,245486.0,0,0.0,0,0,0.0,0,0,0.0,0,919218.0,1,0.0,0,0.0,0,0.0,0,0.0,0,0.0,0,0.0,0,0.0,0,0.0,0,919218.0,1,1,1,919218.0,919218.0,919218.0,0.0,1.0,0.0,1332.0,1009.0,958.0,669.0,669.0,1.0,False,,,,,,,,True,2587,non-rollup institutions
FY2025,IPF10054616,ENFUEGO THERAPEUTICS INC.,Enfuego Therapeutics,UNITED STATES,False,919020.0,1,1,677647.0,181250.0,0,0.0,0,0,0.0,0,0,0.0,0,919020.0,1,0.0,0,0.0,0,0.0,0,0.0,0,0.0,0,0.0,0,0.0,0,0.0,0,919020.0,1,2,1,459510.0,919020.0,919020.0,0.0,0.5,0.0,1333.0,1009.0,958.0,669.0,669.0,1.0,False,,,,,,,,True,2587,non-rollup institutions
FY2025,IPF10072011,"EQUA HEALTH, INC.",Equa Health,UNITED STATES,False,918146.0,1,1,677267.0,237890.0,0,0.0,0,0,0.0,0,0,0.0,0,918146.0,1,0.0,0,0.0,0,0.0,0,0.0,0,0.0,0,0.0,0,0.0,0,0.0,0,918146.0,1,2,1,459073.0,918146.0,918146.0,0.0,0.5,0.0,1334.0,1009.0,958.0,669.0,669.0,1.0,False,,,,,,,,True,2587,non-rollup institutions
FY2025,IPF10082351,"LYMPHAXIS, INC.",Lymphaxis,UNITED STATES,False,918123.0,1,1,718500.0,152200.0,0,0.0,0,0,0.0,0,0,0.0,0,0.0,0,0.0,0,0.0,0,0.0,0,0.0,0,0.0,0,0.0,0,918123.0,1,0.0,0,918123.0,1,1,1,918123.0,918123.0,918123.0,0.0,1.0,0.0,1335.0,1009.0,958.0,669.0,669.0,1.0,False,,,,,,,,True,2587,non-rollup institutions
FY2025,IPF10054281,"RISSANA, LLC",Rissana,UNITED STATES,False,917927.0,1,1,644072.0,213884.0,0,0.0,0,0,0.0,0,0,0.0,0,917927.0,1,0.0,0,0.0,0,0.0,0,0.0,0,0.0,0,0.0,0,0.0,0,0.0,0,917927.0,1,3,1,305976.0,917927.0,917927.0,0.0,0.33,0.0,1336.0,1009.0,958.0,669.0,669.0,1.0,False,,,,,,,,True,2587,non-rollup institutions
FY2025,IPF10042753,COOK COUNTY HEALTH AND HOSPITAL SYSTEM,Cook County Health and Hospital System,UNITED STATES,False,916936.0,1,1,829754.0,124463.0,0,0.0,0,0,0.0,0,0,0.0,0,0.0,0,916936.0,1,0.0,0,0.0,0,0.0,0,0.0,0,0.0,0,0.0,0,0.0,0,916936.0,1,1,1,916936.0,916936.0,916936.0,0.0,1.0,0.0,1337.0,1009.0,958.0,669.0,669.0,1.0,False,,,,,,,,True,2587,non-rollup institutions
FY2025,IPF4078301,"VERACHEM, LLC",Verachem,UNITED STATES,False,915334.0,1,1,638397.0,217055.0,0,0.0,0,0,0.0,0,0,0.0,0,915334.0,1,0.0,0,0.0,0,0.0,0,0.0,0,0.0,0,0.0,0,0.0,0,0.0,0,915334.0,1,1,1,915334.0,915334.0,915334.0,0.0,1.0,0.0,1338.0,1009.0,958.0,669.0,669.0,1.0,False,,,,,,,,True,2587,non-rollup institutions
FY2025,IPF10032208,"REGENERATIVE MEDICAL SOLUTIONS, INC.",Regenerative Medical Solutions,UNITED STATES,False,915136.0,1,1,683967.0,171300.0,0,0.0,0,0,0.0,0,0,0.0,0,915136.0,1,0.0,0,0.0,0,0.0,0,0.0,0,0.0,0,0.0,0,0.0,0,0.0,0,915136.0,1,1,1,915136.0,915136.0,915136.0,0.0,1.0,0.0,1339.0,1009.0,958.0,669.0,669.0,1.0,False,,,,,,,,True,2587,non-rollup institutions
FY2025,IPF10032880,"DEMERX, INC.",Demerx,UNITED STATES,False,914324.0,1,1,843558.0,10950.0,0,0.0,0,0,0.0,0,0,0.0,0,914324.0,1,0.0,0,0.0,0,0.0,0,0.0,0,0.0,0,0.0,0,0.0,0,0.0,0,914324.0,1,2,1,457162.0,914324.0,914324.0,0.0,0.5,0.0,1340.0,1009.0,958.0,669.0,669.0,1.0,False,,,,,,,,True,2587,non-rollup institutions
FY2025,IPF4303501,KUAKINI MEDICAL CENTER,Kuakini Medical Center,UNITED STATES,False,914157.0,1,1,685435.0,228722.0,0,914157.0,1,1,0.0,0,0,914157.0,1,0.0,0,0.0,0,0.0,0,0.0,0,0.0,0,0.0,0,0.0,0,0.0,0,0.0,0,0.0,0,2,1,457078.0,914157.0,914157.0,457078.0,0.5,100.0,1341.0,1009.0,958.0,461.0,484.0,1.0,False,,,,,,,,True,2587,non-rollup institutions
FY2025,IPF10055001,QUIVER BIOSCIENCE INC.,Quiver Bioscience,UNITED STATES,False,913870.0,2,2,728225.0,144290.0,0,0.0,0,0,0.0,0,0,0.0,0,913870.0,2,0.0,0,0.0,0,0.0,0,0.0,0,0.0,0,0.0,0,0.0,0,0.0,0,913870.0,2,4,2,228468.0,456935.0,456935.0,0.0,0.5,0.0,1342.0,698.0,671.0,669.0,669.0,1.0,False,,,,,,,,True,2587,non-rollup institutions
FY2025,IPF10068487,IMMUNOSHIELD THERAPEUTICS INC.,Immunoshield Therapeutics,UNITED STATES,False,913868.0,1,1,744447.0,109635.0,0,0.0,0,0,0.0,0,0,0.0,0,913868.0,1,0.0,0,0.0,0,0.0,0,0.0,0,0.0,0,0.0,0,0.0,0,0.0,0,913868.0,1,2,1,456934.0,913868.0,913868.0,0.0,0.5,0.0,1343.0,1009.0,958.0,669.0,669.0,1.0,False,,,,,,,,True,2587,non-rollup institutions
FY2025,IPF10070118,"HATS & LADDERS, INC.",Hats & Ladders,UNITED STATES,False,913114.0,1,1,715401.0,138954.0,0,0.0,0,0,0.0,0,0,0.0,0,913114.0,1,0.0,0,0.0,0,0.0,0,0.0,0,0.0,0,0.0,0,0.0,0,0.0,0,913114.0,1,2,1,456557.0,913114.0,913114.0,0.0,0.5,0.0,1344.0,1009.0,958.0,669.0,669.0,1.0,False,,,,,,,,True,2587,non-rollup institutions
FY2025,IPF10042727,"UNIVERSAL ADHERENCE, LLC",Universal Adherence,UNITED STATES,False,912573.0,1,1,631757.0,221115.0,0,0.0,0,0,0.0,0,0,0.0,0,912573.0,1,0.0,0,0.0,0,0.0,0,0.0,0,0.0,0,0.0,0,0.0,0,0.0,0,912573.0,1,3,1,304191.0,912573.0,912573.0,0.0,0.33,0.0,1345.0,1009.0,958.0,669.0,669.0,1.0,False,,,,,,,,True,2587,non-rollup institutions
FY2025,IPF10069674,LINK BIOSYSTEMS INC.,Link Biosystems,UNITED STATES,False,911110.0,1,1,608218.0,243287.0,0,0.0,0,0,0.0,0,0,0.0,0,911110.0,1,0.0,0,0.0,0,0.0,0,0.0,0,0.0,0,0.0,0,0.0,0,0.0,0,911110.0,1,1,1,911110.0,911110.0,911110.0,0.0,1.0,0.0,1346.0,1009.0,958.0,669.0,669.0,1.0,False,,,,,,,,True,2587,non-rollup institutions
FY2025,IPF10066817,"AUTOMATED IMAGING DIAGNOSTICS, LLC",Automated Imaging Diagnostics,UNITED STATES,False,911026.0,1,1,781418.0,110305.0,0,0.0,0,0,0.0,0,0,0.0,0,911026.0,1,0.0,0,0.0,0,0.0,0,0.0,0,0.0,0,0.0,0,0.0,0,0.0,0,911026.0,1,1,1,911026.0,911026.0,911026.0,0.0,1.0,0.0,1347.0,1009.0,958.0,669.0,669.0,1.0,False,,,,,,,,True,2587,non-rollup institutions
FY2025,IPF10070709,EMBRIENT INC,Embrient,UNITED STATES,False,908687.0,1,1,606600.0,242640.0,0,0.0,0,0,0.0,0,0,0.0,0,908687.0,1,0.0,0,0.0,0,0.0,0,0.0,0,0.0,0,0.0,0,0.0,0,0.0,0,908687.0,1,1,1,908687.0,908687.0,908687.0,0.0,1.0,0.0,1348.0,1009.0,958.0,669.0,669.0,1.0,False,,,,,,,,True,2587,non-rollup institutions
FY2025,IPF10041276,"CELLDOM, INC.",Celldom,UNITED STATES,False,908687.0,1,1,606600.0,242640.0,0,0.0,0,0,0.0,0,0,0.0,0,908687.0,1,0.0,0,0.0,0,0.0,0,0.0,0,0.0,0,0.0,0,0.0,0,0.0,0,908687.0,1,1,1,908687.0,908687.0,908687.0,0.0,1.0,0.0,1348.0,1009.0,958.0,669.0,669.0,1.0,False,,,,,,,,True,2587,non-rollup institutions
FY2025,IPF10001402,"QUANTUMBIO, INC.",Quantumbio,UNITED STATES,False,908588.0,2,2,643421.0,205726.0,0,0.0,0,0,0.0,0,0,0.0,0,908588.0,2,0.0,0,0.0,0,0.0,0,0.0,0,0.0,0,0.0,0,0.0,0,0.0,0,908588.0,2,1,1,908588.0,454294.0,454294.0,0.0,2.0,0.0,1350.0,698.0,671.0,669.0,669.0,1.0,False,,,,,,,,True,2587,non-rollup institutions
FY2025,IPF10056280,UNLOCKED LABS INC.,Unlocked Labs,UNITED STATES,False,907860.0,1,1,606048.0,242419.0,0,0.0,0,0,0.0,0,0,0.0,0,907860.0,1,0.0,0,0.0,0,0.0,0,0.0,0,0.0,0,0.0,0,0.0,0,0.0,0,907860.0,1,1,1,907860.0,907860.0,907860.0,0.0,1.0,0.0,1351.0,1009.0,958.0,669.0,669.0,1.0,False,,,,,,,,True,2587,non-rollup institutions
FY2025,IPF10079711,"ASSAYQUANT TECHNOLOGIES, INC.",Assayquant Technologies,UNITED STATES,False,906895.0,1,1,605404.0,242162.0,0,0.0,0,0,0.0,0,0,0.0,0,906895.0,1,0.0,0,0.0,0,0.0,0,0.0,0,0.0,0,0.0,0,0.0,0,0.0,0,906895.0,1,1,1,906895.0,906895.0,906895.0,0.0,1.0,0.0,1352.0,1009.0,958.0,669.0,669.0,1.0,False,,,,,,,,True,2587,non-rollup institutions
FY2025,IPF10073280,COSMYC INC,Cosmyc,UNITED STATES,False,906627.0,1,1,614121.0,233194.0,0,0.0,0,0,0.0,0,0,0.0,0,906627.0,1,0.0,0,0.0,0,0.0,0,0.0,0,0.0,0,0.0,0,0.0,0,0.0,0,906627.0,1,1,1,906627.0,906627.0,906627.0,0.0,1.0,0.0,1353.0,1009.0,958.0,669.0,669.0,1.0,False,,,,,,,,True,2587,non-rollup institutions
FY2025,IPF4689201,LOYOLA UNIVERSITY OF CHICAGO,Loyola University of Chicago,UNITED STATES,False,906261.0,3,3,673924.0,232337.0,0,0.0,0,0,0.0,0,0,0.0,0,906261.0,3,0.0,0,0.0,0,0.0,0,0.0,0,0.0,0,0.0,0,0.0,0,0.0,0,906261.0,3,3,3,302087.0,302087.0,302087.0,0.0,1.0,0.0,1354.0,578.0,550.0,669.0,669.0,1.0,False,,,,,,,,True,2587,non-rollup institutions
FY2025,IPF1675501,"RADIATION MONITORING DEVICES, INC.",Radiation Monitoring Devices,UNITED STATES,False,905751.0,1,1,505833.0,340663.0,0,0.0,0,0,0.0,0,0,0.0,0,905751.0,1,0.0,0,0.0,0,0.0,0,0.0,0,0.0,0,0.0,0,0.0,0,0.0,0,905751.0,1,1,1,905751.0,905751.0,905751.0,0.0,1.0,0.0,1355.0,1009.0,958.0,669.0,669.0,1.0,False,,,,,,,,True,2587,non-rollup institutions
FY2025,IPF4227501,BLACK HILLS CTR/AMERICAN INDIAN HEALTH,Black Hills Center/American Indian Health,UNITED STATES,False,904086.0,1,1,792854.0,111232.0,0,0.0,0,0,0.0,0,0,0.0,0,0.0,0,0.0,0,0.0,0,0.0,0,0.0,0,0.0,0,0.0,0,904086.0,1,0.0,0,904086.0,1,1,1,904086.0,904086.0,904086.0,0.0,1.0,0.0,1356.0,1009.0,958.0,669.0,669.0,1.0,False,,,,,,,,True,2587,non-rollup institutions
FY2025,IPF10031321,"BESSOR PHARMA, LLC",Bessor Pharma,UNITED STATES,False,903732.0,1,1,667593.0,177016.0,0,0.0,0,0,0.0,0,0,0.0,0,903732.0,1,0.0,0,0.0,0,0.0,0,0.0,0,0.0,0,0.0,0,0.0,0,0.0,0,903732.0,1,3,1,301244.0,903732.0,903732.0,0.0,0.33,0.0,1357.0,1009.0,958.0,669.0,669.0,1.0,False,,,,,,,,True,2587,non-rollup institutions
FY2025,IPF10056104,"ATHNA BIOTECH, INC.",Athna Biotech,UNITED STATES,False,901390.0,1,1,757581.0,84840.0,0,0.0,0,0,0.0,0,0,0.0,0,901390.0,1,0.0,0,0.0,0,0.0,0,0.0,0,0.0,0,0.0,0,0.0,0,0.0,0,901390.0,1,1,1,901390.0,901390.0,901390.0,0.0,1.0,0.0,1358.0,1009.0,958.0,669.0,669.0,1.0,False,,,,,,,,True,2587,non-rollup institutions
FY2025,IPF2636801,"APPLIED BIOPHYSICS, INC.",Applied Biophysics,UNITED STATES,False,901192.0,1,1,733644.0,122090.0,0,0.0,0,0,0.0,0,0,0.0,0,901192.0,1,0.0,0,0.0,0,0.0,0,0.0,0,0.0,0,0.0,0,0.0,0,0.0,0,901192.0,1,1,1,901192.0,901192.0,901192.0,0.0,1.0,0.0,1359.0,1009.0,958.0,669.0,669.0,1.0,False,,,,,,,,True,2587,non-rollup institutions
FY2025,IPF10010169,INFECTIOUS DISEASES INSTITUTE,Infectious Diseases Institute,UGANDA,False,900645.0,7,7,846173.0,54472.0,0,316304.0,2,2,0.0,0,0,316304.0,2,172687.0,1,0.0,0,0.0,0,310934.0,3,0.0,0,0.0,0,0.0,0,100720.0,1,0.0,0,584341.0,5,8,7,112581.0,128664.0,128664.0,39538.0,0.88,35.1,1360.0,410.0,401.0,614.0,414.0,1.0,True,528.0,,,,,,,True,2587,non-rollup institutions
FY2025,IPF10057920,LASE INNOVATION INC.,Lase Innovation,UNITED STATES,False,900298.0,1,1,601000.0,240400.0,0,0.0,0,0,0.0,0,0,0.0,0,900298.0,1,0.0,0,0.0,0,0.0,0,0.0,0,0.0,0,0.0,0,0.0,0,0.0,0,900298.0,1,1,1,900298.0,900298.0,900298.0,0.0,1.0,0.0,1361.0,1009.0,958.0,669.0,669.0,1.0,False,,,,,,,,True,2587,non-rollup institutions
FY2025,IPF10038125,LYNTHERA CORPORATION,Lynthera Corporation,UNITED STATES,False,900003.0,1,1,679232.0,161892.0,0,0.0,0,0,0.0,0,0,0.0,0,900003.0,1,0.0,0,0.0,0,0.0,0,0.0,0,0.0,0,0.0,0,0.0,0,0.0,0,900003.0,1,1,1,900003.0,900003.0,900003.0,0.0,1.0,0.0,1362.0,1009.0,958.0,669.0,669.0,1.0,False,,,,,,,,True,2587,non-rollup institutions
FY2025,IPF10032167,"FIMBRION THERAPEUTICS, INC.",Fimbrion Therapeutics,UNITED STATES,False,900001.0,3,3,615637.0,225486.0,0,0.0,0,0,0.0,0,0,0.0,0,900001.0,3,0.0,0,0.0,0,0.0,0,0.0,0,0.0,0,0.0,0,0.0,0,0.0,0,900001.0,3,4,3,225000.0,300000.0,300000.0,0.0,0.75,0.0,1363.0,578.0,550.0,669.0,669.0,1.0,False,,,,,,,,True,2587,non-rollup institutions
FY2025,IPF3930101,"IRIS MEDIA, INC.",Iris Media,UNITED STATES,False,899647.0,1,1,736798.0,103994.0,0,0.0,0,0,0.0,0,0,0.0,0,899647.0,1,0.0,0,0.0,0,0.0,0,0.0,0,0.0,0,0.0,0,0.0,0,0.0,0,899647.0,1,4,1,224912.0,899647.0,899647.0,0.0,0.25,0.0,1364.0,1009.0,958.0,669.0,669.0,1.0,False,,,,,,,,True,2587,non-rollup institutions
FY2025,IPF10002667,CENTRE FOR INFECTIOUS DISEASE RESEARCH,Centre for Infectious Disease Research,ZAMBIA,False,898514.0,1,1,858819.0,39695.0,0,0.0,0,0,0.0,0,0,0.0,0,0.0,0,898514.0,1,0.0,0,0.0,0,0.0,0,0.0,0,0.0,0,0.0,0,0.0,0,898514.0,1,2,1,449257.0,898514.0,898514.0,0.0,0.5,0.0,1365.0,1009.0,958.0,669.0,669.0,1.0,False,,,,,,,,True,2587,non-rollup institutions
FY2025,IPF10013222,GILLETTE CHILDREN'S SPECIALTY HEALTHCARE,Gillette Children's Specialty Healthcare,UNITED STATES,False,895447.0,1,1,696010.0,199437.0,0,895447.0,1,1,0.0,0,0,895447.0,1,0.0,0,0.0,0,0.0,0,0.0,0,0.0,0,0.0,0,0.0,0,0.0,0,0.0,0,0.0,0,1,1,895447.0,895447.0,895447.0,895447.0,1.0,100.0,1366.0,1009.0,958.0,463.0,484.0,1.0,False,,,,,,,,True,2587,non-rollup institutions
FY2025,IPF10083609,RESUSCITATION INNOVATIONS LLC,Resuscitation Innovations,UNITED STATES,False,895430.0,2,2,643881.0,199894.0,0,0.0,0,0,0.0,0,0,0.0,0,396977.0,1,0.0,0,0.0,0,0.0,0,0.0,0,0.0,0,0.0,0,498453.0,1,0.0,0,895430.0,2,1,1,895430.0,447715.0,447715.0,0.0,2.0,0.0,1367.0,698.0,671.0,669.0,669.0,1.0,False,,,,,,,,True,2587,non-rollup institutions
FY2025,IPF10039663,"PROGENTEC DIAGNOSTICS, INC.",Progentec Diagnostics,UNITED STATES,False,895140.0,1,1,597557.0,239023.0,0,0.0,0,0,0.0,0,0,0.0,0,0.0,0,0.0,0,0.0,0,0.0,0,0.0,0,0.0,0,0.0,0,895140.0,1,0.0,0,895140.0,1,1,1,895140.0,895140.0,895140.0,0.0,1.0,0.0,1368.0,1009.0,958.0,669.0,669.0,1.0,False,,,,,,,,True,2587,non-rollup institutions
FY2025,IPF10067506,"AVERY DIGITAL DATA, INC.",Avery Digital Data,UNITED STATES,False,894545.0,1,1,616380.0,223552.0,0,0.0,0,0,0.0,0,0,0.0,0,894545.0,1,0.0,0,0.0,0,0.0,0,0.0,0,0.0,0,0.0,0,0.0,0,0.0,0,894545.0,1,1,1,894545.0,894545.0,894545.0,0.0,1.0,0.0,1369.0,1009.0,958.0,669.0,669.0,1.0,False,,,,,,,,True,2587,non-rollup institutions
FY2025,IPF793101,UNIVERSITY OF NAIROBI,University of Nairobi,KENYA,False,893680.0,3,2,852565.0,41115.0,0,511273.0,1,1,0.0,0,0,511273.0,1,0.0,0,0.0,0,0.0,0,0.0,0,0.0,0,0.0,0,0.0,0,382407.0,2,0.0,0,382407.0,2,5,1,178736.0,446840.0,297893.0,102255.0,0.4,57.2,1370.0,578.0,671.0,548.0,484.0,1.0,True,511.0,,,,,,,True,2587,non-rollup institutions
FY2025,IPF10070647,AXIOFORCE INC,Axioforce,UNITED STATES,False,893313.0,1,1,596337.0,238535.0,0,0.0,0,0,0.0,0,0,0.0,0,893313.0,1,0.0,0,0.0,0,0.0,0,0.0,0,0.0,0,0.0,0,0.0,0,0.0,0,893313.0,1,1,1,893313.0,893313.0,893313.0,0.0,1.0,0.0,1371.0,1009.0,958.0,669.0,669.0,1.0,False,,,,,,,,True,2587,non-rollup institutions
FY2025,IPF10038778,"OAK THERAPEUTICS, INC.",Oak Therapeutics,UNITED STATES,False,892787.0,1,1,659714.0,174666.0,0,0.0,0,0,0.0,0,0,0.0,0,892787.0,1,0.0,0,0.0,0,0.0,0,0.0,0,0.0,0,0.0,0,0.0,0,0.0,0,892787.0,1,1,1,892787.0,892787.0,892787.0,0.0,1.0,0.0,1372.0,1009.0,958.0,669.0,669.0,1.0,False,,,,,,,,True,2587,non-rollup institutions
FY2025,IPF4566001,"NOVASTERILIS, INC.",Novasterilis,UNITED STATES,False,892763.0,1,1,663161.0,171197.0,0,0.0,0,0,0.0,0,0,0.0,0,892763.0,1,0.0,0,0.0,0,0.0,0,0.0,0,0.0,0,0.0,0,0.0,0,0.0,0,892763.0,1,1,1,892763.0,892763.0,892763.0,0.0,1.0,0.0,1373.0,1009.0,958.0,669.0,669.0,1.0,False,,,,,,,,True,2587,non-rollup institutions
FY2025,IPF2028001,BLACKFEET COMMUNITY COLLEGE,Blackfeet Community College,UNITED STATES,False,891571.0,1,1,711989.0,179582.0,0,0.0,0,0,0.0,0,0,0.0,0,0.0,0,0.0,0,0.0,0,0.0,0,0.0,0,0.0,0,0.0,0,891571.0,1,0.0,0,891571.0,1,1,1,891571.0,891571.0,891571.0,0.0,1.0,0.0,1374.0,1009.0,958.0,669.0,669.0,1.0,False,,,,,,,,True,2587,non-rollup institutions
FY2025,IPF513608,CALIFORNIA STATE POLY U POMONA,California State Poly U Pomona,UNITED STATES,False,890835.0,4,4,703566.0,187269.0,0,0.0,0,0,0.0,0,0,0.0,0,513202.0,3,0.0,0,0.0,0,0.0,0,377633.0,1,0.0,0,0.0,0,0.0,0,0.0,0,890835.0,4,5,4,178167.0,222709.0,222709.0,0.0,0.8,0.0,1375.0,504.0,483.0,669.0,669.0,1.0,True,512.0,,,,,,,True,2587,non-rollup institutions
FY2025,IPF10051562,"MAX-IR LABS, LLC",Max-Ir Labs,UNITED STATES,False,888807.0,2,2,641303.0,190441.0,0,0.0,0,0,0.0,0,0,0.0,0,888807.0,2,0.0,0,0.0,0,0.0,0,0.0,0,0.0,0,0.0,0,0.0,0,0.0,0,888807.0,2,1,1,888807.0,444404.0,444404.0,0.0,2.0,0.0,1376.0,698.0,671.0,669.0,669.0,1.0,False,,,,,,,,True,2587,non-rollup institutions
FY2025,IPF10056469,"5M BIOMED, LLC",5M Biomed,UNITED STATES,False,888723.0,1,1,780621.0,82943.0,0,0.0,0,0,0.0,0,0,0.0,0,888723.0,1,0.0,0,0.0,0,0.0,0,0.0,0,0.0,0,0.0,0,0.0,0,0.0,0,888723.0,1,2,1,444362.0,888723.0,888723.0,0.0,0.5,0.0,1377.0,1009.0,958.0,669.0,669.0,1.0,False,,,,,,,,True,2587,non-rollup institutions
FY2025,IPF9186501,WESTERN KENTUCKY UNIVERSITY,Western Kentucky University,UNITED STATES,False,885962.0,3,3,625000.0,260962.0,0,0.0,0,0,0.0,0,0,0.0,0,885962.0,3,0.0,0,0.0,0,0.0,0,0.0,0,0.0,0,0.0,0,0.0,0,0.0,0,885962.0,3,3,3,295321.0,295321.0,295321.0,0.0,1.0,0.0,1378.0,578.0,550.0,669.0,669.0,1.0,False,,,,,,,,True,2587,non-rollup institutions
FY2025,IPF10054938,"ASYMMETREX, LLC",Asymmetrex,UNITED STATES,False,885064.0,1,1,757660.0,72251.0,0,0.0,0,0,0.0,0,0,0.0,0,885064.0,1,0.0,0,0.0,0,0.0,0,0.0,0,0.0,0,0.0,0,0.0,0,0.0,0,885064.0,1,1,1,885064.0,885064.0,885064.0,0.0,1.0,0.0,1379.0,1009.0,958.0,669.0,669.0,1.0,False,,,,,,,,True,2587,non-rollup institutions
FY2025,IPF8266902,TARLETON STATE UNIVERSITY,Tarleton State University,UNITED STATES,False,884036.0,2,2,727758.0,156278.0,0,0.0,0,0,0.0,0,0,0.0,0,884036.0,2,0.0,0,0.0,0,0.0,0,0.0,0,0.0,0,0.0,0,0.0,0,0.0,0,884036.0,2,3,2,294679.0,442018.0,442018.0,0.0,0.67,0.0,1380.0,698.0,671.0,669.0,669.0,1.0,False,,,,,,,,True,2587,non-rollup institutions
FY2025,IPF10052954,"Q2I, LLC",Q2i,UNITED STATES,False,882962.0,1,1,774175.0,51023.0,0,0.0,0,0,0.0,0,0,0.0,0,882962.0,1,0.0,0,0.0,0,0.0,0,0.0,0,0.0,0,0.0,0,0.0,0,0.0,0,882962.0,1,1,1,882962.0,882962.0,882962.0,0.0,1.0,0.0,1381.0,1009.0,958.0,669.0,669.0,1.0,False,,,,,,,,True,2587,non-rollup institutions
FY2025,IPF10065691,"DIGITAL SCIENCE AND RESEARCH SOLUTIONS, INC.",Digital Science and Research Solutions,UNITED STATES,False,882616.0,1,1,748713.0,133903.0,0,0.0,0,0,0.0,0,0,0.0,0,0.0,0,0.0,0,0.0,0,0.0,0,0.0,0,0.0,0,0.0,0,882616.0,1,0.0,0,882616.0,1,2,1,441308.0,882616.0,882616.0,0.0,0.5,0.0,1382.0,1009.0,958.0,669.0,669.0,1.0,False,,,,,,,,True,2587,non-rollup institutions
FY2025,IPF10079172,PANOME BIO INC,Panome Bio,UNITED STATES,False,881647.0,1,1,588550.0,235420.0,0,0.0,0,0,0.0,0,0,0.0,0,881647.0,1,0.0,0,0.0,0,0.0,0,0.0,0,0.0,0,0.0,0,0.0,0,0.0,0,881647.0,1,1,1,881647.0,881647.0,881647.0,0.0,1.0,0.0,1383.0,1009.0,958.0,669.0,669.0,1.0,False,,,,,,,,True,2587,non-rollup institutions
FY2025,IPF10059252,UROGENIE LLC,Urogenie,UNITED STATES,False,879432.0,1,1,670832.0,208600.0,0,0.0,0,0,0.0,0,0,0.0,0,879432.0,1,0.0,0,0.0,0,0.0,0,0.0,0,0.0,0,0.0,0,0.0,0,0.0,0,879432.0,1,1,1,879432.0,879432.0,879432.0,0.0,1.0,0.0,1384.0,1009.0,958.0,669.0,669.0,1.0,False,,,,,,,,True,2587,non-rollup institutions
FY2025,IPF10050057,"RUMI SCIENTIFIC, INC.",Rumi Scientific,UNITED STATES,False,873768.0,1,1,583290.0,233316.0,0,0.0,0,0,0.0,0,0,0.0,0,873768.0,1,0.0,0,0.0,0,0.0,0,0.0,0,0.0,0,0.0,0,0.0,0,0.0,0,873768.0,1,1,1,873768.0,873768.0,873768.0,0.0,1.0,0.0,1385.0,1009.0,958.0,669.0,669.0,1.0,False,,,,,,,,True,2587,non-rollup institutions
FY2025,IPF10025200,"CELLSIGHT TECHNOLOGIES, INC.",Cellsight Technologies,UNITED STATES,False,871261.0,1,1,562492.0,251771.0,0,0.0,0,0,0.0,0,0,0.0,0,871261.0,1,0.0,0,0.0,0,0.0,0,0.0,0,0.0,0,0.0,0,0.0,0,0.0,0,871261.0,1,1,1,871261.0,871261.0,871261.0,0.0,1.0,0.0,1386.0,1009.0,958.0,669.0,669.0,1.0,False,,,,,,,,True,2587,non-rollup institutions
FY2025,IPF10081008,"ATSENA THERAPEUTICS, INC.",Atsena Therapeutics,UNITED STATES,False,870675.0,1,1,581225.0,232490.0,0,0.0,0,0,0.0,0,0,0.0,0,870675.0,1,0.0,0,0.0,0,0.0,0,0.0,0,0.0,0,0.0,0,0.0,0,0.0,0,870675.0,1,1,1,870675.0,870675.0,870675.0,0.0,1.0,0.0,1387.0,1009.0,958.0,669.0,669.0,1.0,False,,,,,,,,True,2587,non-rollup institutions
FY2025,IPF3733201,"ENSION, INC.",Ension,UNITED STATES,False,870467.0,1,1,652817.0,160704.0,0,0.0,0,0,0.0,0,0,0.0,0,870467.0,1,0.0,0,0.0,0,0.0,0,0.0,0,0.0,0,0.0,0,0.0,0,0.0,0,870467.0,1,1,1,870467.0,870467.0,870467.0,0.0,1.0,0.0,1388.0,1009.0,958.0,669.0,669.0,1.0,False,,,,,,,,True,2587,non-rollup institutions
FY2025,IPF10042148,"NANOPHARMACEUTICALS, LLC",Nanopharmaceuticals,UNITED STATES,False,869433.0,1,1,677128.0,135426.0,0,0.0,0,0,0.0,0,0,0.0,0,869433.0,1,0.0,0,0.0,0,0.0,0,0.0,0,0.0,0,0.0,0,0.0,0,0.0,0,869433.0,1,1,1,869433.0,869433.0,869433.0,0.0,1.0,0.0,1389.0,1009.0,958.0,669.0,669.0,1.0,False,,,,,,,,True,2587,non-rollup institutions
FY2025,IPF4856401,MARY IMOGENE BASSETT HOSPITAL,Mary Imogene Bassett Hospital,UNITED STATES,False,868967.0,2,2,690720.0,178247.0,0,0.0,0,0,0.0,0,0,0.0,0,0.0,0,648611.0,1,0.0,0,0.0,0,0.0,0,0.0,0,0.0,0,220356.0,1,0.0,0,868967.0,2,2,2,434484.0,434484.0,434484.0,0.0,1.0,0.0,1390.0,698.0,671.0,669.0,669.0,1.0,False,,,,,,,,True,2587,non-rollup institutions
FY2025,IPF10056533,LAMASSU PHARMA INC.,Lamassu Pharma,UNITED STATES,False,866665.0,1,1,613415.0,196552.0,0,0.0,0,0,0.0,0,0,0.0,0,866665.0,1,0.0,0,0.0,0,0.0,0,0.0,0,0.0,0,0.0,0,0.0,0,0.0,0,866665.0,1,1,1,866665.0,866665.0,866665.0,0.0,1.0,0.0,1391.0,1009.0,958.0,669.0,669.0,1.0,False,,,,,,,,True,2587,non-rollup institutions
FY2025,IPF10066278,"OVARYIT, LLC",Ovaryit,UNITED STATES,False,865931.0,1,1,787225.0,70850.0,0,0.0,0,0,0.0,0,0,0.0,0,865931.0,1,0.0,0,0.0,0,0.0,0,0.0,0,0.0,0,0.0,0,0.0,0,0.0,0,865931.0,1,1,1,865931.0,865931.0,865931.0,0.0,1.0,0.0,1392.0,1009.0,958.0,669.0,669.0,1.0,False,,,,,,,,True,2587,non-rollup institutions
FY2025,IPF10079390,ENGAGE BIOLOGICS INC.,Engage Biologics,UNITED STATES,False,865162.0,1,1,719283.0,89280.0,0,0.0,0,0,0.0,0,0,0.0,0,865162.0,1,0.0,0,0.0,0,0.0,0,0.0,0,0.0,0,0.0,0,0.0,0,0.0,0,865162.0,1,1,1,865162.0,865162.0,865162.0,0.0,1.0,0.0,1393.0,1009.0,958.0,669.0,669.0,1.0,False,,,,,,,,True,2587,non-rollup institutions
FY2025,IPF10063951,SONARA HEALTH INC,Sonara Health,UNITED STATES,False,865116.0,1,1,701319.0,107201.0,0,0.0,0,0,0.0,0,0,0.0,0,865116.0,1,0.0,0,0.0,0,0.0,0,0.0,0,0.0,0,0.0,0,0.0,0,0.0,0,865116.0,1,2,1,432558.0,865116.0,865116.0,0.0,0.5,0.0,1394.0,1009.0,958.0,669.0,669.0,1.0,False,,,,,,,,True,2587,non-rollup institutions
FY2025,IPF10056475,"SCHEDULE 1 THERAPEUTICS, INC.",Schedule 1 Therapeutics,UNITED STATES,False,864417.0,1,1,577047.0,230819.0,0,0.0,0,0,0.0,0,0,0.0,0,864417.0,1,0.0,0,0.0,0,0.0,0,0.0,0,0.0,0,0.0,0,0.0,0,0.0,0,864417.0,1,1,1,864417.0,864417.0,864417.0,0.0,1.0,0.0,1395.0,1009.0,958.0,669.0,669.0,1.0,False,,,,,,,,True,2587,non-rollup institutions
FY2025,IPF10050136,"WELLSIM BIOMEDICAL TECHNOLOGIES, INC.",Wellsim Biomedical Technologies,UNITED STATES,False,861162.0,2,1,674850.0,138009.0,0,0.0,0,0,0.0,0,0,0.0,0,861162.0,2,0.0,0,0.0,0,0.0,0,0.0,0,0.0,0,0.0,0,0.0,0,0.0,0,861162.0,2,1,1,861162.0,861162.0,430581.0,0.0,1.0,0.0,1396.0,698.0,958.0,669.0,669.0,1.0,False,,,,,,,,True,2587,non-rollup institutions
FY2025,IPF10069315,TRITONX INC.,Tritonx,UNITED STATES,False,860515.0,1,1,805465.0,55050.0,0,0.0,0,0,0.0,0,0,0.0,0,860515.0,1,0.0,0,0.0,0,0.0,0,0.0,0,0.0,0,0.0,0,0.0,0,0.0,0,860515.0,1,3,1,286838.0,860515.0,860515.0,0.0,0.33,0.0,1397.0,1009.0,958.0,669.0,669.0,1.0,False,,,,,,,,True,2587,non-rollup institutions
FY2025,IPF10038363,"ADVANCED TACTILE IMAGING, INC.",Advanced Tactile Imaging,UNITED STATES,False,857783.0,1,1,720625.0,81041.0,0,0.0,0,0,0.0,0,0,0.0,0,857783.0,1,0.0,0,0.0,0,0.0,0,0.0,0,0.0,0,0.0,0,0.0,0,0.0,0,857783.0,1,1,1,857783.0,857783.0,857783.0,0.0,1.0,0.0,1398.0,1009.0,958.0,669.0,669.0,1.0,False,,,,,,,,True,2587,non-rollup institutions
FY2025,IPF3988601,UNIVERSITY OF QUEENSLAND,University of Queensland,AUSTRALIA,False,857324.0,2,2,798562.0,58762.0,0,857324.0,2,2,0.0,0,0,857324.0,2,0.0,0,0.0,0,0.0,0,0.0,0,0.0,0,0.0,0,0.0,0,0.0,0,0.0,0,0.0,0,3,2,285775.0,428662.0,428662.0,285775.0,0.67,100.0,1399.0,698.0,671.0,468.0,414.0,1.0,False,,,,,,,,True,2587,non-rollup institutions
FY2025,IPF10052172,"ECLIPSE ENTEROGENESIS, INC.",Eclipse Enterogenesis,UNITED STATES,False,856731.0,1,1,764803.0,35880.0,0,0.0,0,0,0.0,0,0,0.0,0,856731.0,1,0.0,0,0.0,0,0.0,0,0.0,0,0.0,0,0.0,0,0.0,0,0.0,0,856731.0,1,1,1,856731.0,856731.0,856731.0,0.0,1.0,0.0,1400.0,1009.0,958.0,669.0,669.0,1.0,False,,,,,,,,True,2587,non-rollup institutions
FY2025,IPF2910801,UNIVERSITY OF GLASGOW,University of Glasgow,UNITED KINGDOM,False,855677.0,1,1,796915.0,58762.0,0,0.0,0,0,0.0,0,0,0.0,0,0.0,0,855677.0,1,0.0,0,0.0,0,0.0,0,0.0,0,0.0,0,0.0,0,0.0,0,855677.0,1,1,1,855677.0,855677.0,855677.0,0.0,1.0,0.0,1401.0,1009.0,958.0,669.0,669.0,1.0,False,,,,,,,,True,2587,non-rollup institutions
FY2025,IPF2046301,UNIVERSITY OF DAYTON,University of Dayton,UNITED STATES,False,854798.0,3,3,574954.0,279844.0,0,328525.0,1,1,0.0,0,0,328525.0,1,526273.0,2,0.0,0,0.0,0,0.0,0,0.0,0,0.0,0,0.0,0,0.0,0,0.0,0,526273.0,2,5,3,170960.0,284933.0,284933.0,65705.0,0.6,38.4,1402.0,578.0,550.0,610.0,484.0,1.0,True,514.0,,,,,,,True,2587,non-rollup institutions
FY2025,IPF10057079,"INHERENT BIOSCIENCES, INC.",Inherent Biosciences,UNITED STATES,False,854660.0,2,1,628476.0,173543.0,0,0.0,0,0,0.0,0,0,0.0,0,854660.0,2,0.0,0,0.0,0,0.0,0,0.0,0,0.0,0,0.0,0,0.0,0,0.0,0,854660.0,2,1,1,854660.0,854660.0,427330.0,0.0,1.0,0.0,1403.0,698.0,958.0,669.0,669.0,1.0,False,,,,,,,,True,2587,non-rollup institutions
FY2025,IPF10028020,"TYMORA ANALYTICAL OPERATIONS, LLC",Tymora Analytical Operations,UNITED STATES,False,854102.0,1,1,682442.0,115784.0,0,0.0,0,0,0.0,0,0,0.0,0,854102.0,1,0.0,0,0.0,0,0.0,0,0.0,0,0.0,0,0.0,0,0.0,0,0.0,0,854102.0,1,1,1,854102.0,854102.0,854102.0,0.0,1.0,0.0,1404.0,1009.0,958.0,669.0,669.0,1.0,False,,,,,,,,True,2587,non-rollup institutions
FY2025,IPF10073221,MALCOVA INC,Malcova,UNITED STATES,False,853988.0,1,1,763491.0,34629.0,0,0.0,0,0,0.0,0,0,0.0,0,853988.0,1,0.0,0,0.0,0,0.0,0,0.0,0,0.0,0,0.0,0,0.0,0,0.0,0,853988.0,1,1,1,853988.0,853988.0,853988.0,0.0,1.0,0.0,1405.0,1009.0,958.0,669.0,669.0,1.0,False,,,,,,,,True,2587,non-rollup institutions
FY2025,IPF10068534,"DAYI THERAPEUTICS, INC.",Dayi Therapeutics,UNITED STATES,False,853987.0,1,1,717069.0,81050.0,0,0.0,0,0,0.0,0,0,0.0,0,853987.0,1,0.0,0,0.0,0,0.0,0,0.0,0,0.0,0,0.0,0,0.0,0,0.0,0,853987.0,1,1,1,853987.0,853987.0,853987.0,0.0,1.0,0.0,1406.0,1009.0,958.0,669.0,669.0,1.0,False,,,,,,,,True,2587,non-rollup institutions
FY2025,IPF10063057,APEX ORTHOPAEDIC TECHNOLOGIES LLC,Apex Orthopaedic Technologies,UNITED STATES,False,853846.0,1,1,590135.0,209373.0,0,0.0,0,0,0.0,0,0,0.0,0,853846.0,1,0.0,0,0.0,0,0.0,0,0.0,0,0.0,0,0.0,0,0.0,0,0.0,0,853846.0,1,3,1,284615.0,853846.0,853846.0,0.0,0.33,0.0,1407.0,1009.0,958.0,669.0,669.0,1.0,False,,,,,,,,True,2587,non-rollup institutions
FY2025,IPF10030848,COMMONSPIRIT HEALTH RESEARCH INSTITUTE,Commonspirit Health Research Institute,UNITED STATES,False,853666.0,1,1,734027.0,240712.0,0,0.0,0,0,0.0,0,0,0.0,0,0.0,0,853666.0,1,0.0,0,0.0,0,0.0,0,0.0,0,0.0,0,0.0,0,0.0,0,853666.0,1,1,1,853666.0,853666.0,853666.0,0.0,1.0,0.0,1408.0,1009.0,958.0,669.0,669.0,1.0,False,,,,,,,,True,2587,non-rollup institutions
FY2025,IPF10063155,"KULEANA TECHNOLOGY, INC.",Kuleana Technology,UNITED STATES,False,853604.0,1,1,814057.0,39547.0,0,0.0,0,0,0.0,0,0,0.0,0,853604.0,1,0.0,0,0.0,0,0.0,0,0.0,0,0.0,0,0.0,0,0.0,0,0.0,0,853604.0,1,1,1,853604.0,853604.0,853604.0,0.0,1.0,0.0,1409.0,1009.0,958.0,669.0,669.0,1.0,False,,,,,,,,True,2587,non-rollup institutions
FY2025,IPF10033123,BIOLINQ INCORPORATED,Biolinq Incorporated,UNITED STATES,False,853587.0,1,1,702581.0,95164.0,0,0.0,0,0,0.0,0,0,0.0,0,853587.0,1,0.0,0,0.0,0,0.0,0,0.0,0,0.0,0,0.0,0,0.0,0,0.0,0,853587.0,1,1,1,853587.0,853587.0,853587.0,0.0,1.0,0.0,1410.0,1009.0,958.0,669.0,669.0,1.0,False,,,,,,,,True,2587,non-rollup institutions
FY2025,IPF10025277,"ENDOMIMETICS, LLC",Endomimetics,UNITED STATES,False,853282.0,1,1,642270.0,155190.0,0,0.0,0,0,0.0,0,0,0.0,0,853282.0,1,0.0,0,0.0,0,0.0,0,0.0,0,0.0,0,0.0,0,0.0,0,0.0,0,853282.0,1,1,1,853282.0,853282.0,853282.0,0.0,1.0,0.0,1411.0,1009.0,958.0,669.0,669.0,1.0,False,,,,,,,,True,2587,non-rollup institutions
FY2025,IPF10032867,"MOAI TECHNOLOGIES, LLC",Moai Technologies,UNITED STATES,False,851210.0,1,1,568231.0,227292.0,0,0.0,0,0,0.0,0,0,0.0,0,851210.0,1,0.0,0,0.0,0,0.0,0,0.0,0,0.0,0,0.0,0,0.0,0,0.0,0,851210.0,1,2,1,425605.0,851210.0,851210.0,0.0,0.5,0.0,1412.0,1009.0,958.0,669.0,669.0,1.0,False,,,,,,,,True,2587,non-rollup institutions
FY2025,IPF10032152,"LAMPROGEN, INC.",Lamprogen,UNITED STATES,False,850740.0,1,1,567917.0,227167.0,0,0.0,0,0,0.0,0,0,0.0,0,850740.0,1,0.0,0,0.0,0,0.0,0,0.0,0,0.0,0,0.0,0,0.0,0,0.0,0,850740.0,1,1,1,850740.0,850740.0,850740.0,0.0,1.0,0.0,1413.0,1009.0,958.0,669.0,669.0,1.0,False,,,,,,,,True,2587,non-rollup institutions
FY2025,IPF1274605,MIDDLE TENNESSEE STATE UNIVERSITY,Middle Tennessee State University,UNITED STATES,False,850369.0,3,3,697338.0,153031.0,0,0.0,0,0,0.0,0,0,0.0,0,850369.0,3,0.0,0,0.0,0,0.0,0,0.0,0,0.0,0,0.0,0,0.0,0,0.0,0,850369.0,3,2,2,425184.0,283456.0,283456.0,0.0,1.5,0.0,1414.0,578.0,550.0,669.0,669.0,1.0,False,,,,,,,,True,2587,non-rollup institutions
FY2025,IPF10053368,"IMMERSIVE TECH, INC.",Immersive Tech,UNITED STATES,False,846089.0,1,1,656407.0,134330.0,0,0.0,0,0,0.0,0,0,0.0,0,846089.0,1,0.0,0,0.0,0,0.0,0,0.0,0,0.0,0,0.0,0,0.0,0,0.0,0,846089.0,1,2,1,423044.0,846089.0,846089.0,0.0,0.5,0.0,1415.0,1009.0,958.0,669.0,669.0,1.0,False,,,,,,,,True,2587,non-rollup institutions
FY2025,IPF5451101,"MONTEFIORE MEDICAL CENTER (BRONX, NY)","Montefiore Medical Center (Bronx, New York)",UNITED STATES,False,845525.0,1,1,657547.0,295343.0,0,0.0,0,0,0.0,0,0,0.0,0,0.0,0,845525.0,1,0.0,0,0.0,0,0.0,0,0.0,0,0.0,0,0.0,0,0.0,0,845525.0,1,2,1,422762.0,845525.0,845525.0,0.0,0.5,0.0,1416.0,1009.0,958.0,669.0,669.0,1.0,False,,,,,,,,True,2587,non-rollup institutions
FY2025,IPF10072370,"BELAY DIAGNOSTICS, LLC",Belay Diagnostics,UNITED STATES,False,844210.0,1,1,768130.0,76080.0,0,0.0,0,0,0.0,0,0,0.0,0,844210.0,1,0.0,0,0.0,0,0.0,0,0.0,0,0.0,0,0.0,0,0.0,0,0.0,0,844210.0,1,2,1,422105.0,844210.0,844210.0,0.0,0.5,0.0,1417.0,1009.0,958.0,669.0,669.0,1.0,False,,,,,,,,True,2587,non-rollup institutions
FY2025,IPF10062294,PZA INNOVATION LLC,Pza Innovation,UNITED STATES,False,843964.0,1,1,674679.0,135338.0,0,0.0,0,0,0.0,0,0,0.0,0,843964.0,1,0.0,0,0.0,0,0.0,0,0.0,0,0.0,0,0.0,0,0.0,0,0.0,0,843964.0,1,1,1,843964.0,843964.0,843964.0,0.0,1.0,0.0,1418.0,1009.0,958.0,669.0,669.0,1.0,False,,,,,,,,True,2587,non-rollup institutions
FY2025,IPF10039052,"INDELIBLE LEARNING, INC.",Indelible Learning,UNITED STATES,False,841530.0,1,1,568912.0,217565.0,0,0.0,0,0,0.0,0,0,0.0,0,841530.0,1,0.0,0,0.0,0,0.0,0,0.0,0,0.0,0,0.0,0,0.0,0,0.0,0,841530.0,1,1,1,841530.0,841530.0,841530.0,0.0,1.0,0.0,1419.0,1009.0,958.0,669.0,669.0,1.0,False,,,,,,,,True,2587,non-rollup institutions
FY2025,IPF10061175,GILGAMESH PHARMACEUTICALS INC,Gilgamesh Pharmaceuticals,UNITED STATES,False,841274.0,1,1,1830800.0,171501.0,0,0.0,0,0,0.0,0,0,0.0,0,0.0,0,841274.0,1,0.0,0,0.0,0,0.0,0,0.0,0,0.0,0,0.0,0,0.0,0,841274.0,1,1,1,841274.0,841274.0,841274.0,0.0,1.0,0.0,1420.0,1009.0,958.0,669.0,669.0,1.0,False,,,,,,,,True,2587,non-rollup institutions
FY2025,IPF323301,FLORIDA INSTITUTE OF TECHNOLOGY,Florida Institute of Technology,UNITED STATES,False,840831.0,2,2,599912.0,240919.0,0,0.0,0,0,0.0,0,0,0.0,0,840831.0,2,0.0,0,0.0,0,0.0,0,0.0,0,0.0,0,0.0,0,0.0,0,0.0,0,840831.0,2,3,2,280277.0,420416.0,420416.0,0.0,0.67,0.0,1421.0,698.0,671.0,669.0,669.0,1.0,False,,,,,,,,True,2587,non-rollup institutions
FY2025,IPF10047351,"LYSSN.IO, INC.",Lyssn.io,UNITED STATES,False,840309.0,1,1,582639.0,202697.0,0,0.0,0,0,0.0,0,0,0.0,0,840309.0,1,0.0,0,0.0,0,0.0,0,0.0,0,0.0,0,0.0,0,0.0,0,0.0,0,840309.0,1,1,1,840309.0,840309.0,840309.0,0.0,1.0,0.0,1422.0,1009.0,958.0,669.0,669.0,1.0,False,,,,,,,,True,2587,non-rollup institutions
FY2025,IPF10070963,PLUREXA LLC,Plurexa,UNITED STATES,False,839264.0,1,1,680883.0,103476.0,0,0.0,0,0,0.0,0,0,0.0,0,839264.0,1,0.0,0,0.0,0,0.0,0,0.0,0,0.0,0,0.0,0,0.0,0,0.0,0,839264.0,1,1,1,839264.0,839264.0,839264.0,0.0,1.0,0.0,1423.0,1009.0,958.0,669.0,669.0,1.0,False,,,,,,,,True,2587,non-rollup institutions
FY2025,IPF10076450,OPUS GENETICS INC.,Opus Genetics,UNITED STATES,False,836933.0,1,1,634238.0,147942.0,0,0.0,0,0,0.0,0,0,0.0,0,836933.0,1,0.0,0,0.0,0,0.0,0,0.0,0,0.0,0,0.0,0,0.0,0,0.0,0,836933.0,1,1,1,836933.0,836933.0,836933.0,0.0,1.0,0.0,1424.0,1009.0,958.0,669.0,669.0,1.0,False,,,,,,,,True,2587,non-rollup institutions
FY2025,IPF10040184,"ALTIS BIOSYSTEMS, INC.",Altis Biosystems,UNITED STATES,False,835939.0,1,1,558036.0,223215.0,0,0.0,0,0,0.0,0,0,0.0,0,835939.0,1,0.0,0,0.0,0,0.0,0,0.0,0,0.0,0,0.0,0,0.0,0,0.0,0,835939.0,1,2,1,417970.0,835939.0,835939.0,0.0,0.5,0.0,1425.0,1009.0,958.0,669.0,669.0,1.0,False,,,,,,,,True,2587,non-rollup institutions
FY2025,IPF10062197,KILIMANJARO CHRISTIAN MEDICAL CENTRE,Kilimanjaro Christian Medical Centre,TANZANIA U REP,False,835314.0,5,4,791425.0,43889.0,0,0.0,0,0,0.0,0,0,0.0,0,181938.0,1,0.0,0,0.0,0,107030.0,2,0.0,0,0.0,0,0.0,0,546346.0,2,0.0,0,835314.0,5,4,3,208828.0,208828.0,167063.0,0.0,1.0,0.0,1426.0,458.0,483.0,669.0,669.0,1.0,False,,,,,,,,True,2587,non-rollup institutions
FY2025,IPF4089701,"NEUROBEHAVIORAL SYSTEMS, INC.",Neurobehavioral Systems,UNITED STATES,False,833800.0,1,1,652800.0,146000.0,0,0.0,0,0,0.0,0,0,0.0,0,833800.0,1,0.0,0,0.0,0,0.0,0,0.0,0,0.0,0,0.0,0,0.0,0,0.0,0,833800.0,1,2,1,416900.0,833800.0,833800.0,0.0,0.5,0.0,1427.0,1009.0,958.0,669.0,669.0,1.0,False,,,,,,,,True,2587,non-rollup institutions
FY2025,IPF10040467,"CG SCIENTIFIC, INC.",Cg Scientific,UNITED STATES,False,833381.0,1,1,557125.0,221736.0,0,0.0,0,0,0.0,0,0,0.0,0,833381.0,1,0.0,0,0.0,0,0.0,0,0.0,0,0.0,0,0.0,0,0.0,0,0.0,0,833381.0,1,1,1,833381.0,833381.0,833381.0,0.0,1.0,0.0,1428.0,1009.0,958.0,669.0,669.0,1.0,False,,,,,,,,True,2587,non-rollup institutions
FY2025,IPF10030781,TF HEALTH CORPORATION,Tf Health Corporation,UNITED STATES,False,831790.0,1,1,642319.0,135055.0,0,0.0,0,0,0.0,0,0,0.0,0,831790.0,1,0.0,0,0.0,0,0.0,0,0.0,0,0.0,0,0.0,0,0.0,0,0.0,0,831790.0,1,2,1,415895.0,831790.0,831790.0,0.0,0.5,0.0,1429.0,1009.0,958.0,669.0,669.0,1.0,False,,,,,,,,True,2587,non-rollup institutions
FY2025,IPF10041482,"PEER TECHNOLOGIES, PLLC","Peer Technologies, Pllc",UNITED STATES,False,830712.0,1,1,554547.0,221819.0,0,0.0,0,0,0.0,0,0,0.0,0,830712.0,1,0.0,0,0.0,0,0.0,0,0.0,0,0.0,0,0.0,0,0.0,0,0.0,0,830712.0,1,1,1,830712.0,830712.0,830712.0,0.0,1.0,0.0,1430.0,1009.0,958.0,669.0,669.0,1.0,False,,,,,,,,True,2587,non-rollup institutions
FY2025,IPF10064437,EARLY IS GOOD INC.,Early Is Good,UNITED STATES,False,829733.0,1,1,575426.0,200025.0,0,0.0,0,0,0.0,0,0,0.0,0,829733.0,1,0.0,0,0.0,0,0.0,0,0.0,0,0.0,0,0.0,0,0.0,0,0.0,0,829733.0,1,1,1,829733.0,829733.0,829733.0,0.0,1.0,0.0,1431.0,1009.0,958.0,669.0,669.0,1.0,False,,,,,,,,True,2587,non-rollup institutions
FY2025,IPF10055451,ATUX ISKAY GROUP LLC,Atux Iskay Group,UNITED STATES,False,828594.0,1,1,743888.0,30499.0,0,0.0,0,0,0.0,0,0,0.0,0,828594.0,1,0.0,0,0.0,0,0.0,0,0.0,0,0.0,0,0.0,0,0.0,0,0.0,0,828594.0,1,1,1,828594.0,828594.0,828594.0,0.0,1.0,0.0,1432.0,1009.0,958.0,669.0,669.0,1.0,False,,,,,,,,True,2587,non-rollup institutions
FY2025,IPF10048781,CALIFORNIA STATE UNIVERSITY BAKERSFIELD AUXILIARY FOR SPONSORED PROGRAMS ADMINISTRATION,California State University Bakersfield Auxiliary for Sponsored Programs Administration,UNITED STATES,False,827092.0,2,2,629595.0,197497.0,0,0.0,0,0,0.0,0,0,0.0,0,554922.0,1,0.0,0,0.0,0,0.0,0,272170.0,1,0.0,0,0.0,0,0.0,0,0.0,0,827092.0,2,3,2,275697.0,413546.0,413546.0,0.0,0.67,0.0,1433.0,698.0,671.0,669.0,669.0,1.0,False,,,,,,,,True,2587,non-rollup institutions
FY2025,IPF10027013,"ABZYME THERAPEUTICS, LLC",Abzyme Therapeutics,UNITED STATES,False,826067.0,1,1,649887.0,124135.0,0,0.0,0,0,0.0,0,0,0.0,0,826067.0,1,0.0,0,0.0,0,0.0,0,0.0,0,0.0,0,0.0,0,0.0,0,0.0,0,826067.0,1,1,1,826067.0,826067.0,826067.0,0.0,1.0,0.0,1434.0,1009.0,958.0,669.0,669.0,1.0,False,,,,,,,,True,2587,non-rollup institutions
FY2025,IPF401201,AMERICAN UNIVERSITY IN CAIRO,American University in Cairo,EGYPT,False,825986.0,2,2,782642.0,43344.0,0,523204.0,1,1,0.0,0,0,523204.0,1,302782.0,1,0.0,0,0.0,0,0.0,0,0.0,0,0.0,0,0.0,0,0.0,0,0.0,0,302782.0,1,4,2,206496.0,412993.0,412993.0,130801.0,0.5,63.3,1435.0,698.0,671.0,538.0,484.0,1.0,False,,,,,,,,True,2587,non-rollup institutions
FY2025,IPF1833203,BARNARD COLLEGE,Barnard College,UNITED STATES,False,823388.0,2,2,625000.0,198388.0,0,0.0,0,0,0.0,0,0,0.0,0,823388.0,2,0.0,0,0.0,0,0.0,0,0.0,0,0.0,0,0.0,0,0.0,0,0.0,0,823388.0,2,2,2,411694.0,411694.0,411694.0,0.0,1.0,0.0,1436.0,698.0,671.0,669.0,669.0,1.0,False,,,,,,,,True,2587,non-rollup institutions
FY2025,IPF10063986,"TALUS BIOSCIENCE, INC.",Talus Bioscience,UNITED STATES,False,821779.0,1,1,548584.0,219434.0,0,0.0,0,0,0.0,0,0,0.0,0,821779.0,1,0.0,0,0.0,0,0.0,0,0.0,0,0.0,0,0.0,0,0.0,0,0.0,0,821779.0,1,1,1,821779.0,821779.0,821779.0,0.0,1.0,0.0,1437.0,1009.0,958.0,669.0,669.0,1.0,False,,,,,,,,True,2587,non-rollup institutions
FY2025,IPF1618801,CLARKSON UNIVERSITY,Clarkson University,UNITED STATES,False,821540.0,4,4,637584.0,183956.0,0,194584.0,1,1,0.0,0,0,194584.0,1,626956.0,3,0.0,0,0.0,0,0.0,0,0.0,0,0.0,0,0.0,0,0.0,0,0.0,0,626956.0,3,4,4,205385.0,205385.0,205385.0,48646.0,1.0,23.7,1438.0,504.0,483.0,636.0,484.0,1.0,False,,,,,,,,True,2587,non-rollup institutions
FY2025,IPF1507701,CHILDREN'S HOSPITAL MED CTR OF AKRON,Children's Hospital Medical Center of Akron,UNITED STATES,False,818688.0,2,2,692679.0,126009.0,0,425513.0,1,1,0.0,0,0,425513.0,1,393175.0,1,0.0,0,0.0,0,0.0,0,0.0,0,0.0,0,0.0,0,0.0,0,0.0,0,393175.0,1,2,2,409344.0,409344.0,409344.0,212756.0,1.0,52.0,1439.0,698.0,671.0,575.0,484.0,1.0,False,,,,,,,,True,2587,non-rollup institutions
FY2025,IPF10088820,"STORII, INC.",Storii,UNITED STATES,False,817959.0,1,1,768619.0,49340.0,0,0.0,0,0,0.0,0,0,0.0,0,817959.0,1,0.0,0,0.0,0,0.0,0,0.0,0,0.0,0,0.0,0,0.0,0,0.0,0,817959.0,1,2,1,408980.0,817959.0,817959.0,0.0,0.5,0.0,1440.0,1009.0,958.0,669.0,669.0,1.0,False,,,,,,,,True,2587,non-rollup institutions
FY2025,IPF1836501,"BIOINCEPT, LLC",Bioincept,UNITED STATES,False,816664.0,1,1,652822.0,110415.0,0,0.0,0,0,0.0,0,0,0.0,0,816664.0,1,0.0,0,0.0,0,0.0,0,0.0,0,0.0,0,0.0,0,0.0,0,0.0,0,816664.0,1,1,1,816664.0,816664.0,816664.0,0.0,1.0,0.0,1441.0,1009.0,958.0,669.0,669.0,1.0,False,,,,,,,,True,2587,non-rollup institutions
FY2025,IPF10036714,POLYVASCULAR CORPORATION,Polyvascular Corporation,UNITED STATES,False,815391.0,1,1,635040.0,127008.0,0,0.0,0,0,0.0,0,0,0.0,0,815391.0,1,0.0,0,0.0,0,0.0,0,0.0,0,0.0,0,0.0,0,0.0,0,0.0,0,815391.0,1,2,1,407696.0,815391.0,815391.0,0.0,0.5,0.0,1442.0,1009.0,958.0,669.0,669.0,1.0,False,,,,,,,,True,2587,non-rollup institutions
FY2025,IPF10074535,"THIRD COAST DYNAMICS, INC.",Third Coast Dynamics,UNITED STATES,False,812881.0,1,1,752334.0,7368.0,0,0.0,0,0,0.0,0,0,0.0,0,812881.0,1,0.0,0,0.0,0,0.0,0,0.0,0,0.0,0,0.0,0,0.0,0,0.0,0,812881.0,1,1,1,812881.0,812881.0,812881.0,0.0,1.0,0.0,1443.0,1009.0,958.0,669.0,669.0,1.0,False,,,,,,,,True,2587,non-rollup institutions
FY2025,IPF10059373,MEDITRACE LLC,Meditrace,UNITED STATES,False,812852.0,1,1,651218.0,160664.0,0,0.0,0,0,0.0,0,0,0.0,0,812852.0,1,0.0,0,0.0,0,0.0,0,0.0,0,0.0,0,0.0,0,0.0,0,0.0,0,812852.0,1,1,1,812852.0,812852.0,812852.0,0.0,1.0,0.0,1444.0,1009.0,958.0,669.0,669.0,1.0,False,,,,,,,,True,2587,non-rollup institutions
FY2025,IPF10073523,"QSCINT IMAGING SOLUTIONS, LLC",Qscint Imaging Solutions,UNITED STATES,False,811877.0,1,1,541974.0,216790.0,0,0.0,0,0,0.0,0,0,0.0,0,811877.0,1,0.0,0,0.0,0,0.0,0,0.0,0,0.0,0,0.0,0,0.0,0,0.0,0,811877.0,1,1,1,811877.0,811877.0,811877.0,0.0,1.0,0.0,1445.0,1009.0,958.0,669.0,669.0,1.0,False,,,,,,,,True,2587,non-rollup institutions
FY2025,IPF10057462,"VERISIM LIFE, INC.",Verisim Life,UNITED STATES,False,811876.0,1,1,758902.0,35420.0,0,0.0,0,0,0.0,0,0,0.0,0,811876.0,1,0.0,0,0.0,0,0.0,0,0.0,0,0.0,0,0.0,0,0.0,0,0.0,0,811876.0,1,2,1,405938.0,811876.0,811876.0,0.0,0.5,0.0,1446.0,1009.0,958.0,669.0,669.0,1.0,False,,,,,,,,True,2587,non-rollup institutions
FY2025,IPF10052986,NEURANO BIOSCIENCE,Neurano Bioscience,UNITED STATES,False,810889.0,1,1,638625.0,119215.0,0,0.0,0,0,0.0,0,0,0.0,0,810889.0,1,0.0,0,0.0,0,0.0,0,0.0,0,0.0,0,0.0,0,0.0,0,0.0,0,810889.0,1,1,1,810889.0,810889.0,810889.0,0.0,1.0,0.0,1447.0,1009.0,958.0,669.0,669.0,1.0,False,,,,,,,,True,2587,non-rollup institutions
FY2025,IPF10070739,GLAXOSMITHKLINE BIOLOGICALS,Glaxosmithkline Biologicals,BELGIUM,False,808308.0,1,1,748433.0,59875.0,0,808308.0,1,1,0.0,0,0,808308.0,1,0.0,0,0.0,0,0.0,0,0.0,0,0.0,0,0.0,0,0.0,0,0.0,0,0.0,0,0.0,0,1,1,808308.0,808308.0,808308.0,808308.0,1.0,100.0,1448.0,1009.0,958.0,469.0,484.0,1.0,False,,,,,,,,True,2587,non-rollup institutions
FY2025,IPF10057657,HELIGENICS INC,Heligenics,UNITED STATES,False,807664.0,1,1,585312.0,169514.0,0,0.0,0,0,0.0,0,0,0.0,0,807664.0,1,0.0,0,0.0,0,0.0,0,0.0,0,0.0,0,0.0,0,0.0,0,0.0,0,807664.0,1,1,1,807664.0,807664.0,807664.0,0.0,1.0,0.0,1449.0,1009.0,958.0,669.0,669.0,1.0,False,,,,,,,,True,2587,non-rollup institutions
FY2025,IPF10069367,ATTMOS INC.,Attmos,UNITED STATES,False,806572.0,1,1,538433.0,215373.0,0,0.0,0,0,0.0,0,0,0.0,0,806572.0,1,0.0,0,0.0,0,0.0,0,0.0,0,0.0,0,0.0,0,0.0,0,0.0,0,806572.0,1,1,1,806572.0,806572.0,806572.0,0.0,1.0,0.0,1450.0,1009.0,958.0,669.0,669.0,1.0,False,,,,,,,,True,2587,non-rollup institutions
FY2025,IPF10024748,YESHIVA UNIVERSITY,Yeshiva University,UNITED STATES,False,806466.0,2,2,578189.0,228277.0,0,652464.0,1,1,0.0,0,0,652464.0,1,0.0,0,0.0,0,0.0,0,154002.0,1,0.0,0,0.0,0,0.0,0,0.0,0,0.0,0,154002.0,1,2,2,403233.0,403233.0,403233.0,326232.0,1.0,80.9,1451.0,698.0,671.0,505.0,484.0,1.0,False,,,,,,,,True,2587,non-rollup institutions
FY2025,IPF10077127,VORTEX MEDICAL INC.,Vortex Medical,UNITED STATES,False,804215.0,1,1,536859.0,214744.0,0,0.0,0,0,0.0,0,0,0.0,0,804215.0,1,0.0,0,0.0,0,0.0,0,0.0,0,0.0,0,0.0,0,0.0,0,0.0,0,804215.0,1,1,1,804215.0,804215.0,804215.0,0.0,1.0,0.0,1452.0,1009.0,958.0,669.0,669.0,1.0,False,,,,,,,,True,2587,non-rollup institutions
FY2025,IPF10090477,LC ACQUISITION LLC,Lc Acquisition,UNITED STATES,False,803562.0,1,1,706390.0,97172.0,0,0.0,0,0,0.0,0,0,0.0,0,803562.0,1,0.0,0,0.0,0,0.0,0,0.0,0,0.0,0,0.0,0,0.0,0,0.0,0,803562.0,1,1,1,803562.0,803562.0,803562.0,0.0,1.0,0.0,1453.0,1009.0,958.0,669.0,669.0,1.0,False,,,,,,,,True,2587,non-rollup institutions
FY2025,IPF9219501,WESTERN WASHINGTON UNIVERSITY,Western Washington University,UNITED STATES,False,798417.0,2,2,591952.0,206465.0,0,0.0,0,0,0.0,0,0,0.0,0,798417.0,2,0.0,0,0.0,0,0.0,0,0.0,0,0.0,0,0.0,0,0.0,0,0.0,0,798417.0,2,2,2,399208.0,399208.0,399208.0,0.0,1.0,0.0,1454.0,698.0,671.0,669.0,669.0,1.0,False,,,,,,,,True,2587,non-rollup institutions
FY2025,IPF10080982,"IMMUNOGENIK, INC.",Immunogenik,UNITED STATES,False,797994.0,2,2,626420.0,119368.0,0,0.0,0,0,0.0,0,0,0.0,0,797994.0,2,0.0,0,0.0,0,0.0,0,0.0,0,0.0,0,0.0,0,0.0,0,0.0,0,797994.0,2,1,1,797994.0,398997.0,398997.0,0.0,2.0,0.0,1455.0,698.0,671.0,669.0,669.0,1.0,False,,,,,,,,True,2587,non-rollup institutions
FY2025,IPF10073450,JILLION THERAPEUTICS INC.,Jillion Therapeutics,UNITED STATES,False,797576.0,2,2,555900.0,189805.0,0,0.0,0,0,0.0,0,0,0.0,0,797576.0,2,0.0,0,0.0,0,0.0,0,0.0,0,0.0,0,0.0,0,0.0,0,0.0,0,797576.0,2,1,1,797576.0,398788.0,398788.0,0.0,2.0,0.0,1456.0,698.0,671.0,669.0,669.0,1.0,False,,,,,,,,True,2587,non-rollup institutions
FY2025,IPF10047114,"POTLUCK, LLC",Potluck,UNITED STATES,False,797288.0,1,1,677191.0,68008.0,0,0.0,0,0,0.0,0,0,0.0,0,797288.0,1,0.0,0,0.0,0,0.0,0,0.0,0,0.0,0,0.0,0,0.0,0,0.0,0,797288.0,1,3,1,265763.0,797288.0,797288.0,0.0,0.33,0.0,1457.0,1009.0,958.0,669.0,669.0,1.0,False,,,,,,,,True,2587,non-rollup institutions
FY2025,IPF10068776,"GLOBAL BIOMEDICAL TECHNOLOGIES, LLC",Global Biomedical Technologies,UNITED STATES,False,796446.0,1,1,619135.0,126067.0,0,0.0,0,0,0.0,0,0,0.0,0,796446.0,1,0.0,0,0.0,0,0.0,0,0.0,0,0.0,0,0.0,0,0.0,0,0.0,0,796446.0,1,2,1,398223.0,796446.0,796446.0,0.0,0.5,0.0,1458.0,1009.0,958.0,669.0,669.0,1.0,False,,,,,,,,True,2587,non-rollup institutions
FY2025,IPF10056236,SONALASENSE INC,Sonalasense,UNITED STATES,False,796215.0,1,1,670450.0,73676.0,0,0.0,0,0,0.0,0,0,0.0,0,796215.0,1,0.0,0,0.0,0,0.0,0,0.0,0,0.0,0,0.0,0,0.0,0,0.0,0,796215.0,1,1,1,796215.0,796215.0,796215.0,0.0,1.0,0.0,1459.0,1009.0,958.0,669.0,669.0,1.0,False,,,,,,,,True,2587,non-rollup institutions
FY2025,IPF10001225,"LASMED, LLC",Lasmed,UNITED STATES,False,795734.0,1,1,694784.0,100950.0,0,0.0,0,0,0.0,0,0,0.0,0,795734.0,1,0.0,0,0.0,0,0.0,0,0.0,0,0.0,0,0.0,0,0.0,0,0.0,0,795734.0,1,2,1,397867.0,795734.0,795734.0,0.0,0.5,0.0,1460.0,1009.0,958.0,669.0,669.0,1.0,False,,,,,,,,True,2587,non-rollup institutions
FY2025,IPF10047033,"MYRIAD SENSORS, INC.",Myriad Sensors,UNITED STATES,False,794771.0,1,1,530555.0,212222.0,0,0.0,0,0,0.0,0,0,0.0,0,794771.0,1,0.0,0,0.0,0,0.0,0,0.0,0,0.0,0,0.0,0,0.0,0,0.0,0,794771.0,1,1,1,794771.0,794771.0,794771.0,0.0,1.0,0.0,1461.0,1009.0,958.0,669.0,669.0,1.0,False,,,,,,,,True,2587,non-rollup institutions
FY2025,IPF10061760,"PARMEDICS, INC.",Parmedics,UNITED STATES,False,792665.0,1,1,720472.0,20336.0,0,0.0,0,0,0.0,0,0,0.0,0,792665.0,1,0.0,0,0.0,0,0.0,0,0.0,0,0.0,0,0.0,0,0.0,0,0.0,0,792665.0,1,2,1,396332.0,792665.0,792665.0,0.0,0.5,0.0,1462.0,1009.0,958.0,669.0,669.0,1.0,False,,,,,,,,True,2587,non-rollup institutions
FY2025,IPF10052534,"WE THE VILLAGE, INC.",We the Village,UNITED STATES,False,792422.0,1,1,531470.0,212588.0,0,0.0,0,0,0.0,0,0,0.0,0,792422.0,1,0.0,0,0.0,0,0.0,0,0.0,0,0.0,0,0.0,0,0.0,0,0.0,0,792422.0,1,1,1,792422.0,792422.0,792422.0,0.0,1.0,0.0,1463.0,1009.0,958.0,669.0,669.0,1.0,False,,,,,,,,True,2587,non-rollup institutions
FY2025,IPF1657801,SOUTHERN NEVADA CANCER RESEARCH FDN,Southern Nevada Cancer Research Foundation,UNITED STATES,False,788149.0,1,1,651318.0,136831.0,0,0.0,0,0,0.0,0,0,0.0,0,0.0,0,788149.0,1,0.0,0,0.0,0,0.0,0,0.0,0,0.0,0,0.0,0,0.0,0,788149.0,1,2,1,394074.0,788149.0,788149.0,0.0,0.5,0.0,1464.0,1009.0,958.0,669.0,669.0,1.0,False,,,,,,,,True,2587,non-rollup institutions
FY2025,IPF10023852,"NANOSCOPE TECHNOLOGIES, LLC",Nanoscope Technologies,UNITED STATES,False,786257.0,1,1,590282.0,195975.0,0,0.0,0,0,0.0,0,0,0.0,0,0.0,0,786257.0,1,0.0,0,0.0,0,0.0,0,0.0,0,0.0,0,0.0,0,0.0,0,786257.0,1,2,1,393128.0,786257.0,786257.0,0.0,0.5,0.0,1465.0,1009.0,958.0,669.0,669.0,1.0,False,,,,,,,,True,2587,non-rollup institutions
FY2025,IPF10065994,SPIKE NEURO LLC,Spike Neuro,UNITED STATES,False,785296.0,3,2,611633.0,126159.0,0,0.0,0,0,0.0,0,0,0.0,0,785296.0,3,0.0,0,0.0,0,0.0,0,0.0,0,0.0,0,0.0,0,0.0,0,0.0,0,785296.0,3,2,2,392648.0,392648.0,261765.0,0.0,1.0,0.0,1466.0,578.0,671.0,669.0,669.0,1.0,False,,,,,,,,True,2587,non-rollup institutions
FY2025,IPF10042405,"LIGHT RESEARCH, INC.",Light Research,UNITED STATES,False,783218.0,1,1,597299.0,134680.0,0,0.0,0,0,0.0,0,0,0.0,0,783218.0,1,0.0,0,0.0,0,0.0,0,0.0,0,0.0,0,0.0,0,0.0,0,0.0,0,783218.0,1,1,1,783218.0,783218.0,783218.0,0.0,1.0,0.0,1467.0,1009.0,958.0,669.0,669.0,1.0,False,,,,,,,,True,2587,non-rollup institutions
FY2025,IPF10064442,"CHEMIA BIOSCIENCES, INC.",Chemia Biosciences,UNITED STATES,False,781502.0,1,1,570606.0,159770.0,0,0.0,0,0,0.0,0,0,0.0,0,781502.0,1,0.0,0,0.0,0,0.0,0,0.0,0,0.0,0,0.0,0,0.0,0,0.0,0,781502.0,1,1,1,781502.0,781502.0,781502.0,0.0,1.0,0.0,1468.0,1009.0,958.0,669.0,669.0,1.0,False,,,,,,,,True,2587,non-rollup institutions
FY2025,IPF10040459,"IMAGINE SCIENTIFIC, INC.",Imagine Scientific,UNITED STATES,False,779658.0,1,1,697473.0,82185.0,0,0.0,0,0,0.0,0,0,0.0,0,779658.0,1,0.0,0,0.0,0,0.0,0,0.0,0,0.0,0,0.0,0,0.0,0,0.0,0,779658.0,1,1,1,779658.0,779658.0,779658.0,0.0,1.0,0.0,1469.0,1009.0,958.0,669.0,669.0,1.0,False,,,,,,,,True,2587,non-rollup institutions
FY2025,IPF10033533,"BMSEED, LLC",Bmseed,UNITED STATES,False,779587.0,1,1,601598.0,127670.0,0,0.0,0,0,0.0,0,0,0.0,0,779587.0,1,0.0,0,0.0,0,0.0,0,0.0,0,0.0,0,0.0,0,0.0,0,0.0,0,779587.0,1,1,1,779587.0,779587.0,779587.0,0.0,1.0,0.0,1470.0,1009.0,958.0,669.0,669.0,1.0,False,,,,,,,,True,2587,non-rollup institutions
FY2025,IPF1829501,BIOMEDICAL DEVELOPMENT CORPORATION,Biomedical Development Corporation,UNITED STATES,False,778031.0,1,1,604623.0,122509.0,0,0.0,0,0,0.0,0,0,0.0,0,778031.0,1,0.0,0,0.0,0,0.0,0,0.0,0,0.0,0,0.0,0,0.0,0,0.0,0,778031.0,1,1,1,778031.0,778031.0,778031.0,0.0,1.0,0.0,1471.0,1009.0,958.0,669.0,669.0,1.0,False,,,,,,,,True,2587,non-rollup institutions
FY2025,IPF4542301,"THERANOVA, LLC",Theranova,UNITED STATES,False,776367.0,1,1,521998.0,203579.0,0,0.0,0,0,0.0,0,0,0.0,0,0.0,0,0.0,0,0.0,0,0.0,0,0.0,0,0.0,0,0.0,0,776367.0,1,0.0,0,776367.0,1,1,1,776367.0,776367.0,776367.0,0.0,1.0,0.0,1472.0,1009.0,958.0,669.0,669.0,1.0,False,,,,,,,,True,2587,non-rollup institutions
FY2025,IPF4599301,UGANDA VIRUS RESEARCH INSTITUTE,Uganda Virus Research Institute,UGANDA,False,775722.0,3,2,723577.0,52145.0,0,0.0,0,0,0.0,0,0,0.0,0,0.0,0,775722.0,3,0.0,0,0.0,0,0.0,0,0.0,0,0.0,0,0.0,0,0.0,0,775722.0,3,4,2,193930.0,387861.0,258574.0,0.0,0.5,0.0,1473.0,578.0,671.0,669.0,669.0,1.0,False,,,,,,,,True,2587,non-rollup institutions
FY2025,IPF10082950,"GLYCO DISCOVERIES, INC",Glyco Discoveries,UNITED STATES,False,775669.0,1,1,633866.0,91058.0,0,0.0,0,0,0.0,0,0,0.0,0,775669.0,1,0.0,0,0.0,0,0.0,0,0.0,0,0.0,0,0.0,0,0.0,0,0.0,0,775669.0,1,1,1,775669.0,775669.0,775669.0,0.0,1.0,0.0,1474.0,1009.0,958.0,669.0,669.0,1.0,False,,,,,,,,True,2587,non-rollup institutions
FY2025,IPF10048322,"UNAR LABS, LLC",Unar Labs,UNITED STATES,False,775623.0,1,1,601846.0,123035.0,0,0.0,0,0,0.0,0,0,0.0,0,775623.0,1,0.0,0,0.0,0,0.0,0,0.0,0,0.0,0,0.0,0,0.0,0,0.0,0,775623.0,1,1,1,775623.0,775623.0,775623.0,0.0,1.0,0.0,1475.0,1009.0,958.0,669.0,669.0,1.0,False,,,,,,,,True,2587,non-rollup institutions
FY2025,IPF4529401,INDOOR BIOTECHNOLOGIES,Indoor Biotechnologies,UNITED STATES,False,775425.0,1,1,422785.0,352640.0,0,775425.0,1,1,0.0,0,0,775425.0,1,0.0,0,0.0,0,0.0,0,0.0,0,0.0,0,0.0,0,0.0,0,0.0,0,0.0,0,0.0,0,3,1,258475.0,775425.0,775425.0,258475.0,0.33,100.0,1476.0,1009.0,958.0,473.0,484.0,1.0,False,,,,,,,,True,2587,non-rollup institutions
FY2025,IPF10063527,HOPEFUL AGING LLC,Hopeful Aging,UNITED STATES,False,772490.0,1,1,515922.0,206369.0,0,0.0,0,0,0.0,0,0,0.0,0,772490.0,1,0.0,0,0.0,0,0.0,0,0.0,0,0.0,0,0.0,0,0.0,0,0.0,0,772490.0,1,1,1,772490.0,772490.0,772490.0,0.0,1.0,0.0,1477.0,1009.0,958.0,669.0,669.0,1.0,False,,,,,,,,True,2587,non-rollup institutions
FY2025,IPF10075812,VELORUM THERAPEUTICS INC.,Velorum Therapeutics,UNITED STATES,False,772293.0,1,1,598035.0,123734.0,0,0.0,0,0,0.0,0,0,0.0,0,772293.0,1,0.0,0,0.0,0,0.0,0,0.0,0,0.0,0,0.0,0,0.0,0,0.0,0,772293.0,1,1,1,772293.0,772293.0,772293.0,0.0,1.0,0.0,1478.0,1009.0,958.0,669.0,669.0,1.0,False,,,,,,,,True,2587,non-rollup institutions
FY2025,IPF10011242,UNIVERSITY OF MIAMI ROSENTEIL SCHOOL,University of Miami Rosenteil School,UNITED STATES,False,770682.0,1,1,497214.0,273468.0,0,0.0,0,0,0.0,0,0,0.0,0,0.0,0,0.0,0,770682.0,1,0.0,0,0.0,0,0.0,0,0.0,0,0.0,0,0.0,0,770682.0,1,1,1,770682.0,770682.0,770682.0,0.0,1.0,0.0,1479.0,1009.0,958.0,669.0,669.0,1.0,False,,,,,,,,True,2587,non-rollup institutions
FY2025,IPF10075506,DIAN FOSSEY GORILLA FUND I,Dian Fossey Gorilla Fund I,UNITED STATES,False,770370.0,1,1,747264.0,23106.0,0,770370.0,1,1,0.0,0,0,770370.0,1,0.0,0,0.0,0,0.0,0,0.0,0,0.0,0,0.0,0,0.0,0,0.0,0,0.0,0,0.0,0,4,1,192592.0,770370.0,770370.0,192592.0,0.25,100.0,1480.0,1009.0,958.0,474.0,484.0,1.0,False,,,,,,,,True,2587,non-rollup institutions
FY2025,IPF10090226,"MAIA BIOTECHNOLOGY, INC.",Maia Biotechnology,UNITED STATES,False,770168.0,1,1,630625.0,90844.0,0,0.0,0,0,0.0,0,0,0.0,0,770168.0,1,0.0,0,0.0,0,0.0,0,0.0,0,0.0,0,0.0,0,0.0,0,0.0,0,770168.0,1,1,1,770168.0,770168.0,770168.0,0.0,1.0,0.0,1481.0,1009.0,958.0,669.0,669.0,1.0,False,,,,,,,,True,2587,non-rollup institutions
FY2025,IPF1113401,UNIVERSITY OF CAMBRIDGE,University of Cambridge,UNITED KINGDOM,False,764863.0,2,2,733375.0,31488.0,0,764863.0,2,2,0.0,0,0,764863.0,2,0.0,0,0.0,0,0.0,0,0.0,0,0.0,0,0.0,0,0.0,0,0.0,0,0.0,0,0.0,0,2,2,382432.0,382432.0,382432.0,382432.0,1.0,100.0,1482.0,698.0,671.0,476.0,414.0,1.0,False,,,,,,,,True,2587,non-rollup institutions
FY2025,IPF1585101,FOND DU LAC RESERVATION,Fond Du Lac Reservation,UNITED STATES,False,764572.0,2,2,738330.0,26242.0,0,0.0,0,0,0.0,0,0,0.0,0,0.0,0,0.0,0,0.0,0,0.0,0,0.0,0,0.0,0,0.0,0,764572.0,2,0.0,0,764572.0,2,2,2,382286.0,382286.0,382286.0,0.0,1.0,0.0,1483.0,698.0,671.0,669.0,669.0,1.0,False,,,,,,,,True,2587,non-rollup institutions
FY2025,IPF10079453,CEREUS DIAGNOSTICS CORP.,Cereus Diagnostics Corp.,UNITED STATES,False,764448.0,1,1,579108.0,138600.0,0,0.0,0,0,0.0,0,0,0.0,0,764448.0,1,0.0,0,0.0,0,0.0,0,0.0,0,0.0,0,0.0,0,0.0,0,0.0,0,764448.0,1,1,1,764448.0,764448.0,764448.0,0.0,1.0,0.0,1484.0,1009.0,958.0,669.0,669.0,1.0,False,,,,,,,,True,2587,non-rollup institutions
FY2025,IPF10052174,"LIGO ANALYTICS, INC.",Ligo Analytics,UNITED STATES,False,762936.0,1,1,521021.0,192004.0,0,0.0,0,0,0.0,0,0,0.0,0,762936.0,1,0.0,0,0.0,0,0.0,0,0.0,0,0.0,0,0.0,0,0.0,0,0.0,0,762936.0,1,1,1,762936.0,762936.0,762936.0,0.0,1.0,0.0,1485.0,1009.0,958.0,669.0,669.0,1.0,False,,,,,,,,True,2587,non-rollup institutions
FY2025,IPF10051985,"NUBORN MEDICAL, INC.",Nuborn Medical,UNITED STATES,False,761233.0,1,1,568721.0,147867.0,0,0.0,0,0,0.0,0,0,0.0,0,761233.0,1,0.0,0,0.0,0,0.0,0,0.0,0,0.0,0,0.0,0,0.0,0,0.0,0,761233.0,1,1,1,761233.0,761233.0,761233.0,0.0,1.0,0.0,1486.0,1009.0,958.0,669.0,669.0,1.0,False,,,,,,,,True,2587,non-rollup institutions
FY2025,IPF10040429,"NEXTGENJANE, INC.",Nextgenjane,UNITED STATES,False,759944.0,1,1,672676.0,67268.0,0,0.0,0,0,0.0,0,0,0.0,0,759944.0,1,0.0,0,0.0,0,0.0,0,0.0,0,0.0,0,0.0,0,0.0,0,0.0,0,759944.0,1,1,1,759944.0,759944.0,759944.0,0.0,1.0,0.0,1487.0,1009.0,958.0,669.0,669.0,1.0,False,,,,,,,,True,2587,non-rollup institutions
FY2025,IPF10058805,"XILIS, INC.",Xilis,UNITED STATES,False,758547.0,1,1,592088.0,116835.0,0,0.0,0,0,0.0,0,0,0.0,0,758547.0,1,0.0,0,0.0,0,0.0,0,0.0,0,0.0,0,0.0,0,0.0,0,0.0,0,758547.0,1,1,1,758547.0,758547.0,758547.0,0.0,1.0,0.0,1488.0,1009.0,958.0,669.0,669.0,1.0,False,,,,,,,,True,2587,non-rollup institutions
FY2025,IPF10077342,MONTANA CONSORTIUM FOR URBAN INDIAN HEALTH,Montana Consortium for Urban Indian Health,UNITED STATES,False,757774.0,1,1,690431.0,67343.0,0,0.0,0,0,0.0,0,0,0.0,0,0.0,0,0.0,0,0.0,0,0.0,0,0.0,0,0.0,0,0.0,0,757774.0,1,0.0,0,757774.0,1,1,1,757774.0,757774.0,757774.0,0.0,1.0,0.0,1489.0,1009.0,958.0,669.0,669.0,1.0,False,,,,,,,,True,2587,non-rollup institutions
FY2025,IPF820201,WHITE MOUNTAIN APACHE TRIBE,White Mountain Apache Tribe,UNITED STATES,False,755840.0,1,1,755840.0,0.0,0,0.0,0,0,0.0,0,0,0.0,0,0.0,0,0.0,0,0.0,0,0.0,0,0.0,0,0.0,0,0.0,0,755840.0,1,0.0,0,755840.0,1,1,1,755840.0,755840.0,755840.0,0.0,1.0,0.0,1490.0,1009.0,958.0,669.0,669.0,1.0,False,,,,,,,,True,2587,non-rollup institutions
FY2025,IPF10039916,"ACCELEVIR DIAGNOSTICS, LLC",Accelevir Diagnostics,UNITED STATES,False,755300.0,1,1,499901.0,255399.0,0,0.0,0,0,0.0,0,0,0.0,0,755300.0,1,0.0,0,0.0,0,0.0,0,0.0,0,0.0,0,0.0,0,0.0,0,0.0,0,755300.0,1,2,1,377650.0,755300.0,755300.0,0.0,0.5,0.0,1491.0,1009.0,958.0,669.0,669.0,1.0,False,,,,,,,,True,2587,non-rollup institutions
FY2025,IPF3402101,MONTANA CANCER CONSORTIUM,Montana Cancer Consortium,UNITED STATES,False,755012.0,1,1,1021034.0,0.0,0,0.0,0,0,0.0,0,0,0.0,0,0.0,0,755012.0,1,0.0,0,0.0,0,0.0,0,0.0,0,0.0,0,0.0,0,0.0,0,755012.0,1,2,1,377506.0,755012.0,755012.0,0.0,0.5,0.0,1492.0,1009.0,958.0,669.0,669.0,1.0,False,,,,,,,,True,2587,non-rollup institutions
FY2025,IPF6194001,OBERLIN COLLEGE,Oberlin College,UNITED STATES,False,754541.0,2,2,576819.0,177722.0,0,0.0,0,0,0.0,0,0,0.0,0,754541.0,2,0.0,0,0.0,0,0.0,0,0.0,0,0.0,0,0.0,0,0.0,0,0.0,0,754541.0,2,2,2,377270.0,377270.0,377270.0,0.0,1.0,0.0,1493.0,698.0,671.0,669.0,669.0,1.0,False,,,,,,,,True,2587,non-rollup institutions
FY2025,IPF10082215,"RERX THERAPEUTICS, INC",Rerx Therapeutics,UNITED STATES,False,752158.0,1,1,689594.0,44059.0,0,0.0,0,0,0.0,0,0,0.0,0,752158.0,1,0.0,0,0.0,0,0.0,0,0.0,0,0.0,0,0.0,0,0.0,0,0.0,0,752158.0,1,1,1,752158.0,752158.0,752158.0,0.0,1.0,0.0,1494.0,1009.0,958.0,669.0,669.0,1.0,False,,,,,,,,True,2587,non-rollup institutions
FY2025,IPF676901,EL PASO COMMUNITY COLLEGE,El Paso Community College,UNITED STATES,False,749632.0,2,2,699467.0,50165.0,0,0.0,0,0,0.0,0,0,0.0,0,0.0,0,484764.0,1,0.0,0,0.0,0,264868.0,1,0.0,0,0.0,0,0.0,0,0.0,0,749632.0,2,3,2,249877.0,374816.0,374816.0,0.0,0.67,0.0,1495.0,698.0,671.0,669.0,669.0,1.0,False,,,,,,,,True,2587,non-rollup institutions
FY2025,IPF10075621,CANTATA BIO LLC,Cantata Bio,UNITED STATES,False,746680.0,1,1,498498.0,199399.0,0,0.0,0,0,0.0,0,0,0.0,0,746680.0,1,0.0,0,0.0,0,0.0,0,0.0,0,0.0,0,0.0,0,0.0,0,0.0,0,746680.0,1,1,1,746680.0,746680.0,746680.0,0.0,1.0,0.0,1496.0,1009.0,958.0,669.0,669.0,1.0,False,,,,,,,,True,2587,non-rollup institutions
FY2025,IPF10033420,"BASE PAIR BIOTECHNOLOGIES, INC.",Base Pair Biotechnologies,UNITED STATES,False,746175.0,1,1,660648.0,36712.0,0,0.0,0,0,0.0,0,0,0.0,0,746175.0,1,0.0,0,0.0,0,0.0,0,0.0,0,0.0,0,0.0,0,0.0,0,0.0,0,746175.0,1,1,1,746175.0,746175.0,746175.0,0.0,1.0,0.0,1497.0,1009.0,958.0,669.0,669.0,1.0,False,,,,,,,,True,2587,non-rollup institutions
FY2025,IPF10029652,RETIVUE,Retivue,UNITED STATES,False,745607.0,1,1,497735.0,199094.0,0,0.0,0,0,0.0,0,0,0.0,0,0.0,0,0.0,0,0.0,0,0.0,0,0.0,0,0.0,0,0.0,0,745607.0,1,0.0,0,745607.0,1,2,1,372804.0,745607.0,745607.0,0.0,0.5,0.0,1498.0,1009.0,958.0,669.0,669.0,1.0,False,,,,,,,,True,2587,non-rollup institutions
FY2025,IPF3681801,"SINTX TECHNOLOGIES, INC.",Sintx Technologies,UNITED STATES,False,745427.0,1,1,638765.0,57896.0,0,0.0,0,0,0.0,0,0,0.0,0,745427.0,1,0.0,0,0.0,0,0.0,0,0.0,0,0.0,0,0.0,0,0.0,0,0.0,0,745427.0,1,1,1,745427.0,745427.0,745427.0,0.0,1.0,0.0,1499.0,1009.0,958.0,669.0,669.0,1.0,False,,,,,,,,True,2587,non-rollup institutions
FY2025,IPF4494601,"MEDIOMICS, LLC",Mediomics,UNITED STATES,False,744234.0,1,1,584566.0,110980.0,0,0.0,0,0,0.0,0,0,0.0,0,744234.0,1,0.0,0,0.0,0,0.0,0,0.0,0,0.0,0,0.0,0,0.0,0,0.0,0,744234.0,1,1,1,744234.0,744234.0,744234.0,0.0,1.0,0.0,1500.0,1009.0,958.0,669.0,669.0,1.0,False,,,,,,,,True,2587,non-rollup institutions
FY2025,IPF10040247,"DOXY.ME, LLC",Doxy.me,UNITED STATES,False,744020.0,1,1,639905.0,55449.0,0,0.0,0,0,0.0,0,0,0.0,0,744020.0,1,0.0,0,0.0,0,0.0,0,0.0,0,0.0,0,0.0,0,0.0,0,0.0,0,744020.0,1,2,1,372010.0,744020.0,744020.0,0.0,0.5,0.0,1501.0,1009.0,958.0,669.0,669.0,1.0,False,,,,,,,,True,2587,non-rollup institutions
FY2025,IPF10030585,ALABAMA FIRE COLLEGE,Alabama Fire College,UNITED STATES,False,743700.0,1,1,688611.0,55089.0,0,0.0,0,0,0.0,0,0,0.0,0,0.0,0,743700.0,1,0.0,0,0.0,0,0.0,0,0.0,0,0.0,0,0.0,0,0.0,0,743700.0,1,1,1,743700.0,743700.0,743700.0,0.0,1.0,0.0,1502.0,1009.0,958.0,669.0,669.0,1.0,False,,,,,,,,True,2587,non-rollup institutions
FY2025,IPF10032896,"LEUKOGENE THERAPEUTICS, INC.",Leukogene Therapeutics,UNITED STATES,False,742887.0,1,1,495919.0,198368.0,0,0.0,0,0,0.0,0,0,0.0,0,742887.0,1,0.0,0,0.0,0,0.0,0,0.0,0,0.0,0,0.0,0,0.0,0,0.0,0,742887.0,1,1,1,742887.0,742887.0,742887.0,0.0,1.0,0.0,1503.0,1009.0,958.0,669.0,669.0,1.0,False,,,,,,,,True,2587,non-rollup institutions
FY2025,IPF10062587,SENAPTEC INC.,Senaptec,UNITED STATES,False,740698.0,1,1,494458.0,197783.0,0,0.0,0,0,0.0,0,0,0.0,0,740698.0,1,0.0,0,0.0,0,0.0,0,0.0,0,0.0,0,0.0,0,0.0,0,0.0,0,740698.0,1,1,1,740698.0,740698.0,740698.0,0.0,1.0,0.0,1504.0,1009.0,958.0,669.0,669.0,1.0,False,,,,,,,,True,2587,non-rollup institutions
FY2025,IPF10083499,OPTIMAL MOBILITY INC,Optimal Mobility,UNITED STATES,False,739259.0,1,1,568806.0,122090.0,0,0.0,0,0,0.0,0,0,0.0,0,739259.0,1,0.0,0,0.0,0,0.0,0,0.0,0,0.0,0,0.0,0,0.0,0,0.0,0,739259.0,1,1,1,739259.0,739259.0,739259.0,0.0,1.0,0.0,1505.0,1009.0,958.0,669.0,669.0,1.0,False,,,,,,,,True,2587,non-rollup institutions
FY2025,IPF2604901,FEDERATION OF AMER SOC FOR EXPER BIOLOGY,Federation of Amer Soc for Exper Biology,UNITED STATES,False,728137.0,15,15,703868.0,24269.0,0,0.0,0,0,0.0,0,0,0.0,0,351181.0,14,376956.0,1,0.0,0,0.0,0,0.0,0,0.0,0,0.0,0,0.0,0,0.0,0,728137.0,15,18,15,40452.0,48542.0,48542.0,0.0,0.83,0.0,1506.0,297.0,293.0,669.0,669.0,1.0,True,539.0,,,,,,,True,2587,non-rollup institutions
FY2025,IPF136801,UNIVERSITY OF ALBERTA,University of Alberta,CANADA,False,725897.0,2,2,678779.0,47118.0,0,725897.0,2,2,0.0,0,0,725897.0,2,0.0,0,0.0,0,0.0,0,0.0,0,0.0,0,0.0,0,0.0,0,0.0,0,0.0,0,0.0,0,2,2,362948.0,362948.0,362948.0,362948.0,1.0,100.0,1507.0,698.0,671.0,483.0,414.0,1.0,False,,,,,,,,True,2587,non-rollup institutions
FY2025,IPF687308,SANDIA CORP-SANDIA NATIONAL LABORATORIES,Sandia Corp-Sandia National Laboratories,UNITED STATES,False,721188.0,1,1,541093.0,281702.0,0,0.0,0,0,0.0,0,0,0.0,0,0.0,0,721188.0,1,0.0,0,0.0,0,0.0,0,0.0,0,0.0,0,0.0,0,0.0,0,721188.0,1,1,1,721188.0,721188.0,721188.0,0.0,1.0,0.0,1508.0,1009.0,958.0,669.0,669.0,1.0,False,,,,,,,,True,2587,non-rollup institutions
FY2025,IPF10043590,"CASCADE METRIX, LLC",Cascade Metrix,UNITED STATES,False,720920.0,1,1,635620.0,38137.0,0,0.0,0,0,0.0,0,0,0.0,0,720920.0,1,0.0,0,0.0,0,0.0,0,0.0,0,0.0,0,0.0,0,0.0,0,0.0,0,720920.0,1,1,1,720920.0,720920.0,720920.0,0.0,1.0,0.0,1509.0,1009.0,958.0,669.0,669.0,1.0,False,,,,,,,,True,2587,non-rollup institutions
FY2025,IPF10034574,NEW YORK/R&D/CTR/TRANSLATIONAL MED/THER,New York/R&D/Center/Translational Medical/Ther,UNITED STATES,False,719580.0,1,1,480361.0,192144.0,0,0.0,0,0,0.0,0,0,0.0,0,719580.0,1,0.0,0,0.0,0,0.0,0,0.0,0,0.0,0,0.0,0,0.0,0,0.0,0,719580.0,1,1,1,719580.0,719580.0,719580.0,0.0,1.0,0.0,1510.0,1009.0,958.0,669.0,669.0,1.0,False,,,,,,,,True,2587,non-rollup institutions
FY2025,IPF1646402,SINAI HEALTH SYSTEM,Sinai Health System,CANADA,False,716842.0,2,2,663743.0,53099.0,0,324000.0,1,1,0.0,0,0,324000.0,1,0.0,0,392842.0,1,0.0,0,0.0,0,0.0,0,0.0,0,0.0,0,0.0,0,0.0,0,392842.0,1,2,2,358421.0,358421.0,358421.0,162000.0,1.0,45.2,1511.0,698.0,671.0,613.0,484.0,1.0,False,,,,,,,,True,2587,non-rollup institutions
FY2025,IPF10045601,"NEUROMUSCULAR DYNAMICS, LLC",Neuromuscular Dynamics,UNITED STATES,False,714138.0,1,1,594820.0,72599.0,0,0.0,0,0,0.0,0,0,0.0,0,714138.0,1,0.0,0,0.0,0,0.0,0,0.0,0,0.0,0,0.0,0,0.0,0,0.0,0,714138.0,1,1,1,714138.0,714138.0,714138.0,0.0,1.0,0.0,1512.0,1009.0,958.0,669.0,669.0,1.0,False,,,,,,,,True,2587,non-rollup institutions
FY2025,IPF10048676,"UNANDUP, LLC",Unandup,UNITED STATES,False,713577.0,2,2,478380.0,188752.0,0,0.0,0,0,0.0,0,0,0.0,0,413595.0,1,0.0,0,0.0,0,0.0,0,0.0,0,0.0,0,0.0,0,299982.0,1,0.0,0,713577.0,2,2,1,356788.0,356788.0,356788.0,0.0,1.0,0.0,1513.0,698.0,671.0,669.0,669.0,1.0,False,,,,,,,,True,2587,non-rollup institutions
FY2025,IPF2281901,EASTERN MICHIGAN UNIVERSITY,Eastern Michigan University,UNITED STATES,False,712500.0,2,2,486200.0,226300.0,0,0.0,0,0,0.0,0,0,0.0,0,712500.0,2,0.0,0,0.0,0,0.0,0,0.0,0,0.0,0,0.0,0,0.0,0,0.0,0,712500.0,2,2,2,356250.0,356250.0,356250.0,0.0,1.0,0.0,1514.0,698.0,671.0,669.0,669.0,1.0,False,,,,,,,,True,2587,non-rollup institutions
FY2025,IPF10036745,"AYUVIS RESEARCH, INC.",Ayuvis Research,UNITED STATES,False,712481.0,1,1,597775.0,68425.0,0,0.0,0,0,0.0,0,0,0.0,0,712481.0,1,0.0,0,0.0,0,0.0,0,0.0,0,0.0,0,0.0,0,0.0,0,0.0,0,712481.0,1,1,1,712481.0,712481.0,712481.0,0.0,1.0,0.0,1515.0,1009.0,958.0,669.0,669.0,1.0,False,,,,,,,,True,2587,non-rollup institutions
FY2025,IPF10065675,"DL ANALYTICS, LLC",Dl Analytics,UNITED STATES,False,709898.0,1,1,672837.0,23320.0,0,0.0,0,0,0.0,0,0,0.0,0,709898.0,1,0.0,0,0.0,0,0.0,0,0.0,0,0.0,0,0.0,0,0.0,0,0.0,0,709898.0,1,1,1,709898.0,709898.0,709898.0,0.0,1.0,0.0,1516.0,1009.0,958.0,669.0,669.0,1.0,False,,,,,,,,True,2587,non-rollup institutions
FY2025,IPF10071820,LUMINA MEDICAL LLC,Lumina Medical,UNITED STATES,False,709601.0,2,2,534243.0,128935.0,0,0.0,0,0,0.0,0,0,0.0,0,709601.0,2,0.0,0,0.0,0,0.0,0,0.0,0,0.0,0,0.0,0,0.0,0,0.0,0,709601.0,2,1,1,709601.0,354800.0,354800.0,0.0,2.0,0.0,1517.0,698.0,671.0,669.0,669.0,1.0,False,,,,,,,,True,2587,non-rollup institutions
FY2025,IPF10002998,"XEMED, LLC",Xemed,UNITED STATES,False,708917.0,1,1,556248.0,152669.0,0,708917.0,1,1,0.0,0,0,708917.0,1,0.0,0,0.0,0,0.0,0,0.0,0,0.0,0,0.0,0,0.0,0,0.0,0,0.0,0,0.0,0,2,1,354458.0,708917.0,708917.0,354458.0,0.5,100.0,1518.0,1009.0,958.0,484.0,484.0,1.0,False,,,,,,,,True,2587,non-rollup institutions
FY2025,IPF9146602,UNIVERSITY OF THE WEST INDIES,University of the West Indies,TRINIDAD/TOBA,False,707448.0,2,1,1356544.0,23912.0,0,0.0,0,0,0.0,0,0,0.0,0,0.0,0,707448.0,2,0.0,0,0.0,0,0.0,0,0.0,0,0.0,0,0.0,0,0.0,0,707448.0,2,3,1,235816.0,707448.0,353724.0,0.0,0.33,0.0,1519.0,698.0,958.0,669.0,669.0,1.0,False,,,,,,,,True,2587,non-rollup institutions
FY2025,IPF10050387,"TURNER SCIENTIFIC, LLC",Turner Scientific,UNITED STATES,False,707131.0,1,1,505093.0,166681.0,0,0.0,0,0,0.0,0,0,0.0,0,707131.0,1,0.0,0,0.0,0,0.0,0,0.0,0,0.0,0,0.0,0,0.0,0,0.0,0,707131.0,1,3,1,235710.0,707131.0,707131.0,0.0,0.33,0.0,1520.0,1009.0,958.0,669.0,669.0,1.0,False,,,,,,,,True,2587,non-rollup institutions
FY2025,IPF10056231,"ACTIVE4D, INC.",Active4d,UNITED STATES,False,706801.0,1,1,471830.0,188732.0,0,0.0,0,0,0.0,0,0,0.0,0,706801.0,1,0.0,0,0.0,0,0.0,0,0.0,0,0.0,0,0.0,0,0.0,0,0.0,0,706801.0,1,1,1,706801.0,706801.0,706801.0,0.0,1.0,0.0,1521.0,1009.0,958.0,669.0,669.0,1.0,False,,,,,,,,True,2587,non-rollup institutions
FY2025,IPF10058020,SONOVAL LLC,Sonoval,UNITED STATES,False,706495.0,1,1,612453.0,47823.0,0,0.0,0,0,0.0,0,0,0.0,0,706495.0,1,0.0,0,0.0,0,0.0,0,0.0,0,0.0,0,0.0,0,0.0,0,0.0,0,706495.0,1,3,1,235498.0,706495.0,706495.0,0.0,0.33,0.0,1522.0,1009.0,958.0,669.0,669.0,1.0,False,,,,,,,,True,2587,non-rollup institutions
FY2025,IPF10053483,INSIGHTFIL,Insightfil,UNITED STATES,False,705586.0,1,1,544544.0,114882.0,0,0.0,0,0,0.0,0,0,0.0,0,705586.0,1,0.0,0,0.0,0,0.0,0,0.0,0,0.0,0,0.0,0,0.0,0,0.0,0,705586.0,1,2,1,352793.0,705586.0,705586.0,0.0,0.5,0.0,1523.0,1009.0,958.0,669.0,669.0,1.0,False,,,,,,,,True,2587,non-rollup institutions
FY2025,IPF2915302,BAYLOR RESEARCH INSTITUTE,Baylor Research Institute,UNITED STATES,False,704012.0,2,2,489384.0,214628.0,0,577120.0,1,1,0.0,0,0,577120.0,1,0.0,0,0.0,0,0.0,0,126892.0,1,0.0,0,0.0,0,0.0,0,0.0,0,0.0,0,126892.0,1,4,2,176003.0,352006.0,352006.0,144280.0,0.5,82.0,1524.0,698.0,671.0,518.0,484.0,1.0,False,,,,,,,,True,2587,non-rollup institutions
FY2025,IPF10065022,"THYREOS, INC",Thyreos,UNITED STATES,False,703683.0,1,1,581218.0,76430.0,0,0.0,0,0,0.0,0,0,0.0,0,703683.0,1,0.0,0,0.0,0,0.0,0,0.0,0,0.0,0,0.0,0,0.0,0,0.0,0,703683.0,1,1,1,703683.0,703683.0,703683.0,0.0,1.0,0.0,1525.0,1009.0,958.0,669.0,669.0,1.0,False,,,,,,,,True,2587,non-rollup institutions
FY2025,IPF10069343,"RESVITA BIO, INC.",Resvita Bio,UNITED STATES,False,703229.0,1,1,631125.0,31556.0,0,0.0,0,0,0.0,0,0,0.0,0,703229.0,1,0.0,0,0.0,0,0.0,0,0.0,0,0.0,0,0.0,0,0.0,0,0.0,0,703229.0,1,1,1,703229.0,703229.0,703229.0,0.0,1.0,0.0,1526.0,1009.0,958.0,669.0,669.0,1.0,False,,,,,,,,True,2587,non-rollup institutions
FY2025,IPF10019434,INTERNATIONAL AIDS VACCINE INITIATIVE,International Aids Vaccine Initiative,UNITED STATES,False,700469.0,1,1,589561.0,110908.0,0,0.0,0,0,0.0,0,0,0.0,0,700469.0,1,0.0,0,0.0,0,0.0,0,0.0,0,0.0,0,0.0,0,0.0,0,0.0,0,700469.0,1,1,1,700469.0,700469.0,700469.0,0.0,1.0,0.0,1527.0,1009.0,958.0,669.0,669.0,1.0,False,,,,,,,,True,2587,non-rollup institutions
FY2025,IPF10081319,"ASKO THERAPEUTICS, INC.",Asko Therapeutics,UNITED STATES,False,700054.0,2,2,467326.0,186930.0,0,0.0,0,0,0.0,0,0,0.0,0,700054.0,2,0.0,0,0.0,0,0.0,0,0.0,0,0.0,0,0.0,0,0.0,0,0.0,0,700054.0,2,1,1,700054.0,350027.0,350027.0,0.0,2.0,0.0,1528.0,698.0,671.0,669.0,669.0,1.0,False,,,,,,,,True,2587,non-rollup institutions
FY2025,IPF10036604,"PRENOSIS, INC.",Prenosis,UNITED STATES,False,700000.0,1,1,467290.0,186916.0,0,0.0,0,0,0.0,0,0,0.0,0,700000.0,1,0.0,0,0.0,0,0.0,0,0.0,0,0.0,0,0.0,0,0.0,0,0.0,0,700000.0,1,1,1,700000.0,700000.0,700000.0,0.0,1.0,0.0,1529.0,1009.0,958.0,669.0,669.0,1.0,False,,,,,,,,True,2587,non-rollup institutions
FY2025,IPF10071473,"CISTERNA BIOLOGICS, INC.",Cisterna Biologics,UNITED STATES,False,699746.0,2,2,510020.0,144009.0,0,0.0,0,0,0.0,0,0,0.0,0,699746.0,2,0.0,0,0.0,0,0.0,0,0.0,0,0.0,0,0.0,0,0.0,0,0.0,0,699746.0,2,2,1,349873.0,349873.0,349873.0,0.0,1.0,0.0,1530.0,698.0,671.0,669.0,669.0,1.0,False,,,,,,,,True,2587,non-rollup institutions
FY2025,IPF4248401,KENYON COLLEGE,Kenyon College,UNITED STATES,False,698744.0,2,2,506630.0,192114.0,0,0.0,0,0,0.0,0,0,0.0,0,698744.0,2,0.0,0,0.0,0,0.0,0,0.0,0,0.0,0,0.0,0,0.0,0,0.0,0,698744.0,2,2,2,349372.0,349372.0,349372.0,0.0,1.0,0.0,1531.0,698.0,671.0,669.0,669.0,1.0,False,,,,,,,,True,2587,non-rollup institutions
FY2025,IPF10040082,"IHEALTHSCREEN, INC.",Ihealthscreen,UNITED STATES,False,698032.0,1,1,617566.0,34800.0,0,0.0,0,0,0.0,0,0,0.0,0,698032.0,1,0.0,0,0.0,0,0.0,0,0.0,0,0.0,0,0.0,0,0.0,0,0.0,0,698032.0,1,2,1,349016.0,698032.0,698032.0,0.0,0.5,0.0,1532.0,1009.0,958.0,669.0,669.0,1.0,False,,,,,,,,True,2587,non-rollup institutions
FY2025,IPF10025934,CHROMATAN CORPORATION,Chromatan Corporation,UNITED STATES,False,695448.0,1,1,464251.0,185700.0,0,0.0,0,0,0.0,0,0,0.0,0,695448.0,1,0.0,0,0.0,0,0.0,0,0.0,0,0.0,0,0.0,0,0.0,0,0.0,0,695448.0,1,1,1,695448.0,695448.0,695448.0,0.0,1.0,0.0,1533.0,1009.0,958.0,669.0,669.0,1.0,False,,,,,,,,True,2587,non-rollup institutions
FY2025,IPF1804103,NEMOURS CHILDREN'S CLINIC,Nemours Children's Clinic,UNITED STATES,False,694788.0,2,2,508465.0,186323.0,0,0.0,0,0,0.0,0,0,0.0,0,0.0,0,527712.0,1,0.0,0,167076.0,1,0.0,0,0.0,0,0.0,0,0.0,0,0.0,0,694788.0,2,2,2,347394.0,347394.0,347394.0,0.0,1.0,0.0,1534.0,698.0,671.0,669.0,669.0,1.0,False,,,,,,,,True,2587,non-rollup institutions
FY2025,IPF10000826,"MESO SCALE DIAGNOSTICS, LLC",Meso Scale Diagnostics,UNITED STATES,False,691014.0,1,1,418068.0,272946.0,0,691014.0,1,1,0.0,0,0,691014.0,1,0.0,0,0.0,0,0.0,0,0.0,0,0.0,0,0.0,0,0.0,0,0.0,0,0.0,0,0.0,0,1,1,691014.0,691014.0,691014.0,691014.0,1.0,100.0,1535.0,1009.0,958.0,489.0,484.0,1.0,False,,,,,,,,True,2587,non-rollup institutions
FY2025,IPF3729101,"ALTEC, INC.",Altec,UNITED STATES,False,690901.0,1,1,547116.0,143785.0,0,0.0,0,0,0.0,0,0,0.0,0,690901.0,1,0.0,0,0.0,0,0.0,0,0.0,0,0.0,0,0.0,0,0.0,0,0.0,0,690901.0,1,1,1,690901.0,690901.0,690901.0,0.0,1.0,0.0,1536.0,1009.0,958.0,669.0,669.0,1.0,False,,,,,,,,True,2587,non-rollup institutions
FY2025,IPF10064635,HANDL HEALTH LLC,Handl Health,UNITED STATES,False,690531.0,1,1,561403.0,84210.0,0,0.0,0,0,0.0,0,0,0.0,0,690531.0,1,0.0,0,0.0,0,0.0,0,0.0,0,0.0,0,0.0,0,0.0,0,0.0,0,690531.0,1,1,1,690531.0,690531.0,690531.0,0.0,1.0,0.0,1537.0,1009.0,958.0,669.0,669.0,1.0,False,,,,,,,,True,2587,non-rollup institutions
FY2025,IPF7223001,SAM HOUSTON STATE UNIVERSITY,Sam Houston State University,UNITED STATES,False,689659.0,3,2,588944.0,100715.0,0,518409.0,2,1,0.0,0,0,518409.0,2,171250.0,1,0.0,0,0.0,0,0.0,0,0.0,0,0.0,0,0.0,0,0.0,0,0.0,0,171250.0,1,2,2,344830.0,344830.0,229886.0,259204.0,1.0,75.2,1538.0,578.0,671.0,544.0,414.0,1.0,False,,,,,,,,True,2587,non-rollup institutions
FY2025,IPF10019662,NANOENGINEERING CORPORATION,Nanoengineering Corporation,UNITED STATES,False,688752.0,2,2,543694.0,107606.0,0,0.0,0,0,0.0,0,0,0.0,0,688752.0,2,0.0,0,0.0,0,0.0,0,0.0,0,0.0,0,0.0,0,0.0,0,0.0,0,688752.0,2,2,1,344376.0,344376.0,344376.0,0.0,1.0,0.0,1539.0,698.0,671.0,669.0,669.0,1.0,False,,,,,,,,True,2587,non-rollup institutions
FY2025,IPF4180701,VACCINE RESEARCH INSTITUTE OF SAN DIEGO,Vaccine Research Institute of San Diego,UNITED STATES,False,688369.0,1,1,467409.0,220960.0,0,688369.0,1,1,0.0,0,0,688369.0,1,0.0,0,0.0,0,0.0,0,0.0,0,0.0,0,0.0,0,0.0,0,0.0,0,0.0,0,0.0,0,1,1,688369.0,688369.0,688369.0,688369.0,1.0,100.0,1540.0,1009.0,958.0,491.0,484.0,1.0,False,,,,,,,,True,2587,non-rollup institutions
FY2025,IPF10028835,UNIV OF CALIF/DIV/AGRICULTURE/NAT/RESOUR,University of Calif/Div/Agriculture/Nat/Resour,UNITED STATES,False,687187.0,1,1,446721.0,240466.0,0,687187.0,1,1,0.0,0,0,687187.0,1,0.0,0,0.0,0,0.0,0,0.0,0,0.0,0,0.0,0,0.0,0,0.0,0,0.0,0,0.0,0,2,1,343594.0,687187.0,687187.0,343594.0,0.5,100.0,1541.0,1009.0,958.0,492.0,484.0,1.0,False,,,,,,,,True,2587,non-rollup institutions
FY2025,IPF321101,"VETERANS HEALTH RESEARCH INSTITUTE OF CENTRAL NEW YORK, INC.",Veterans Health Research Institute of Central New York,UNITED STATES,False,684801.0,2,2,544189.0,140612.0,0,0.0,0,0,0.0,0,0,0.0,0,502500.0,1,0.0,0,0.0,0,182301.0,1,0.0,0,0.0,0,0.0,0,0.0,0,0.0,0,684801.0,2,2,2,342400.0,342400.0,342400.0,0.0,1.0,0.0,1542.0,698.0,671.0,669.0,669.0,1.0,False,,,,,,,,True,2587,non-rollup institutions
FY2025,IPF10006804,ARIZONA VETERANS RESEARCH AND EDUCATION FOUNDATION,Arizona Veterans Research and Education Foundation,UNITED STATES,False,684638.0,1,1,592917.0,91721.0,0,684638.0,1,1,0.0,0,0,684638.0,1,0.0,0,0.0,0,0.0,0,0.0,0,0.0,0,0.0,0,0.0,0,0.0,0,0.0,0,0.0,0,2,1,342319.0,684638.0,684638.0,342319.0,0.5,100.0,1543.0,1009.0,958.0,493.0,484.0,1.0,False,,,,,,,,True,2587,non-rollup institutions
FY2025,IPF1183401,FLORIDA ASSN OF PEDIATRIC TUMOR PROG,Florida Assn of Pediatric Tumor Prog,UNITED STATES,False,683297.0,1,1,733297.0,0.0,0,0.0,0,0,0.0,0,0,0.0,0,0.0,0,683297.0,1,0.0,0,0.0,0,0.0,0,0.0,0,0.0,0,0.0,0,0.0,0,683297.0,1,2,1,341648.0,683297.0,683297.0,0.0,0.5,0.0,1544.0,1009.0,958.0,669.0,669.0,1.0,False,,,,,,,,True,2587,non-rollup institutions
FY2025,IPF10021015,"CREOSALUS, INC.",Creosalus,UNITED STATES,False,682122.0,1,1,455566.0,182226.0,0,0.0,0,0,0.0,0,0,0.0,0,682122.0,1,0.0,0,0.0,0,0.0,0,0.0,0,0.0,0,0.0,0,0.0,0,0.0,0,682122.0,1,1,1,682122.0,682122.0,682122.0,0.0,1.0,0.0,1545.0,1009.0,958.0,669.0,669.0,1.0,False,,,,,,,,True,2587,non-rollup institutions
FY2025,IPF10002068,"IMMPORT THERAPEUTICS, INC.",Immport Therapeutics,UNITED STATES,False,680850.0,3,3,488053.0,173171.0,0,0.0,0,0,0.0,0,0,0.0,0,680850.0,3,0.0,0,0.0,0,0.0,0,0.0,0,0.0,0,0.0,0,0.0,0,0.0,0,680850.0,3,4,2,170212.0,226950.0,226950.0,0.0,0.75,0.0,1546.0,578.0,550.0,669.0,669.0,1.0,False,,,,,,,,True,2587,non-rollup institutions
FY2025,IPF727901,FORT BELKNAP INDIAN COMMUNITY,Fort Belknap Indian Community,UNITED STATES,False,680211.0,1,1,595081.0,85130.0,0,0.0,0,0,0.0,0,0,0.0,0,0.0,0,0.0,0,0.0,0,0.0,0,0.0,0,0.0,0,0.0,0,680211.0,1,0.0,0,680211.0,1,1,1,680211.0,680211.0,680211.0,0.0,1.0,0.0,1547.0,1009.0,958.0,669.0,669.0,1.0,False,,,,,,,,True,2587,non-rollup institutions
FY2025,IPF10006329,TENNESSEE TECHNOLOGICAL UNIVERSITY,Tennessee Technological University,UNITED STATES,False,679995.0,1,1,592419.0,87576.0,0,679995.0,1,1,0.0,0,0,679995.0,1,0.0,0,0.0,0,0.0,0,0.0,0,0.0,0,0.0,0,0.0,0,0.0,0,0.0,0,0.0,0,1,1,679995.0,679995.0,679995.0,679995.0,1.0,100.0,1548.0,1009.0,958.0,494.0,484.0,1.0,False,,,,,,,,True,2587,non-rollup institutions
FY2025,IPF10089299,OMETA LABS LLC,Ometa Labs,UNITED STATES,False,675609.0,1,1,458150.0,173260.0,0,0.0,0,0,0.0,0,0,0.0,0,675609.0,1,0.0,0,0.0,0,0.0,0,0.0,0,0.0,0,0.0,0,0.0,0,0.0,0,675609.0,1,1,1,675609.0,675609.0,675609.0,0.0,1.0,0.0,1549.0,1009.0,958.0,669.0,669.0,1.0,False,,,,,,,,True,2587,non-rollup institutions
FY2025,IPF5591701,MURRAY STATE UNIVERSITY,Murray State University,UNITED STATES,False,675132.0,3,3,525000.0,150132.0,0,0.0,0,0,0.0,0,0,0.0,0,675132.0,3,0.0,0,0.0,0,0.0,0,0.0,0,0.0,0,0.0,0,0.0,0,0.0,0,675132.0,3,3,3,225044.0,225044.0,225044.0,0.0,1.0,0.0,1550.0,578.0,550.0,669.0,669.0,1.0,False,,,,,,,,True,2587,non-rollup institutions
FY2025,IPF10026338,"XYKEN, LLC",Xyken,UNITED STATES,False,673350.0,1,1,449499.0,179800.0,0,0.0,0,0,0.0,0,0,0.0,0,673350.0,1,0.0,0,0.0,0,0.0,0,0.0,0,0.0,0,0.0,0,0.0,0,0.0,0,673350.0,1,1,1,673350.0,673350.0,673350.0,0.0,1.0,0.0,1551.0,1009.0,958.0,669.0,669.0,1.0,False,,,,,,,,True,2587,non-rollup institutions
FY2025,IPF10025790,AMERICAN GASTROENTEROLOGICAL ASSN/INST,American Gastroenterological Assn/Institute,UNITED STATES,False,672796.0,1,1,551346.0,121450.0,0,0.0,0,0,0.0,0,0,0.0,0,672796.0,1,0.0,0,0.0,0,0.0,0,0.0,0,0.0,0,0.0,0,0.0,0,0.0,0,672796.0,1,3,1,224265.0,672796.0,672796.0,0.0,0.33,0.0,1552.0,1009.0,958.0,669.0,669.0,1.0,False,,,,,,,,True,2587,non-rollup institutions
FY2025,IPF10071905,EMPATHY ROCKS INC,Empathy Rocks,UNITED STATES,False,670837.0,2,2,486350.0,140620.0,0,0.0,0,0,0.0,0,0,0.0,0,670837.0,2,0.0,0,0.0,0,0.0,0,0.0,0,0.0,0,0.0,0,0.0,0,0.0,0,670837.0,2,3,2,223612.0,335418.0,335418.0,0.0,0.67,0.0,1553.0,698.0,671.0,669.0,669.0,1.0,False,,,,,,,,True,2587,non-rollup institutions
FY2025,IPF7316901,UNIVERSITY OF SAO PAULO,University of Sao Paulo,BRAZIL,False,669166.0,2,2,629234.0,39932.0,0,669166.0,2,2,0.0,0,0,669166.0,2,0.0,0,0.0,0,0.0,0,0.0,0,0.0,0,0.0,0,0.0,0,0.0,0,0.0,0,0.0,0,3,2,223055.0,334583.0,334583.0,223055.0,0.67,100.0,1554.0,698.0,671.0,499.0,414.0,1.0,False,,,,,,,,True,2587,non-rollup institutions
FY2025,IPF10036606,"LEBRUN LABS, LLC",Lebrun Labs,UNITED STATES,False,668652.0,2,1,432900.0,195279.0,0,0.0,0,0,0.0,0,0,0.0,0,668652.0,2,0.0,0,0.0,0,0.0,0,0.0,0,0.0,0,0.0,0,0.0,0,0.0,0,668652.0,2,1,1,668652.0,668652.0,334326.0,0.0,1.0,0.0,1555.0,698.0,958.0,669.0,669.0,1.0,False,,,,,,,,True,2587,non-rollup institutions
FY2025,IPF8071201,STATENS SERUM INSTITUTE,Statens Serum Institute,DENMARK,False,666567.0,1,1,645732.0,20835.0,0,666567.0,1,1,0.0,0,0,666567.0,1,0.0,0,0.0,0,0.0,0,0.0,0,0.0,0,0.0,0,0.0,0,0.0,0,0.0,0,0.0,0,1,1,666567.0,666567.0,666567.0,666567.0,1.0,100.0,1556.0,1009.0,958.0,501.0,484.0,1.0,False,,,,,,,,True,2587,non-rollup institutions
FY2025,IPF10036911,"VOXEL HEALTHCARE, LLC",Voxel Healthcare,UNITED STATES,False,665400.0,1,1,563881.0,62047.0,0,0.0,0,0,0.0,0,0,0.0,0,665400.0,1,0.0,0,0.0,0,0.0,0,0.0,0,0.0,0,0.0,0,0.0,0,0.0,0,665400.0,1,4,1,166350.0,665400.0,665400.0,0.0,0.25,0.0,1557.0,1009.0,958.0,669.0,669.0,1.0,False,,,,,,,,True,2587,non-rollup institutions
FY2025,IPF7981901,ST. MARY'S UNIVERSITY,St. Mary's University,UNITED STATES,False,663983.0,3,3,620233.0,43750.0,0,0.0,0,0,0.0,0,0,0.0,0,168750.0,1,0.0,0,0.0,0,0.0,0,0.0,0,0.0,0,0.0,0,495233.0,2,0.0,0,663983.0,3,2,2,331992.0,221328.0,221328.0,0.0,1.5,0.0,1558.0,578.0,550.0,669.0,669.0,1.0,False,,,,,,,,True,2587,non-rollup institutions
FY2025,IPF10037424,"SUSTAINABLE WORKPLACE ALLIANCE, INC.",Sustainable Workplace Alliance,UNITED STATES,False,663900.0,1,1,614722.0,49178.0,0,0.0,0,0,0.0,0,0,0.0,0,0.0,0,663900.0,1,0.0,0,0.0,0,0.0,0,0.0,0,0.0,0,0.0,0,0.0,0,663900.0,1,1,1,663900.0,663900.0,663900.0,0.0,1.0,0.0,1559.0,1009.0,958.0,669.0,669.0,1.0,False,,,,,,,,True,2587,non-rollup institutions
FY2025,IPF10035428,BIOPROVAR CORPORATION,Bioprovar Corporation,UNITED STATES,False,663183.0,2,2,597988.0,33502.0,0,0.0,0,0,0.0,0,0,0.0,0,178503.0,1,484680.0,1,0.0,0,0.0,0,0.0,0,0.0,0,0.0,0,0.0,0,0.0,0,663183.0,2,1,1,663183.0,331592.0,331592.0,0.0,2.0,0.0,1560.0,698.0,671.0,669.0,669.0,1.0,False,,,,,,,,True,2587,non-rollup institutions
FY2025,IPF10074155,EXIMIUS DIAGNOSTICS CORP,Eximius Diagnostics Corp,UNITED STATES,False,661609.0,1,1,661609.0,0.0,0,0.0,0,0,0.0,0,0,0.0,0,661609.0,1,0.0,0,0.0,0,0.0,0,0.0,0,0.0,0,0.0,0,0.0,0,0.0,0,661609.0,1,3,1,220536.0,661609.0,661609.0,0.0,0.33,0.0,1561.0,1009.0,958.0,669.0,669.0,1.0,False,,,,,,,,True,2587,non-rollup institutions
FY2025,IPF10050829,NELSON SCIENTIFIC LABS LLC,Nelson Scientific Labs,UNITED STATES,False,660437.0,1,1,444051.0,173180.0,0,0.0,0,0,0.0,0,0,0.0,0,660437.0,1,0.0,0,0.0,0,0.0,0,0.0,0,0.0,0,0.0,0,0.0,0,0.0,0,660437.0,1,1,1,660437.0,660437.0,660437.0,0.0,1.0,0.0,1562.0,1009.0,958.0,669.0,669.0,1.0,False,,,,,,,,True,2587,non-rollup institutions
FY2025,IPF10035329,"RARECYTE, INC.",Rarecyte,UNITED STATES,False,658336.0,1,1,569764.0,88572.0,0,0.0,0,0,0.0,0,0,0.0,0,658336.0,1,0.0,0,0.0,0,0.0,0,0.0,0,0.0,0,0.0,0,0.0,0,0.0,0,658336.0,1,1,1,658336.0,658336.0,658336.0,0.0,1.0,0.0,1563.0,1009.0,958.0,669.0,669.0,1.0,False,,,,,,,,True,2587,non-rollup institutions
FY2025,IPF1470403,AUBURN UNIVERSITY AT MONTGOMERY,Auburn University at Montgomery,UNITED STATES,False,653458.0,2,2,549799.0,103659.0,0,0.0,0,0,0.0,0,0,0.0,0,403640.0,1,0.0,0,0.0,0,0.0,0,0.0,0,0.0,0,0.0,0,249818.0,1,0.0,0,653458.0,2,2,2,326729.0,326729.0,326729.0,0.0,1.0,0.0,1564.0,698.0,671.0,669.0,669.0,1.0,False,,,,,,,,True,2587,non-rollup institutions
FY2025,IPF1591005,INSTITUTE FOR BASIC RES IN DEV DISABIL,Institute for Basic Research in Dev Disabil,UNITED STATES,False,650386.0,1,1,494991.0,155395.0,0,650386.0,1,1,0.0,0,0,650386.0,1,0.0,0,0.0,0,0.0,0,0.0,0,0.0,0,0.0,0,0.0,0,0.0,0,0.0,0,0.0,0,1,1,650386.0,650386.0,650386.0,650386.0,1.0,100.0,1565.0,1009.0,958.0,506.0,484.0,1.0,False,,,,,,,,True,2587,non-rollup institutions
FY2025,IPF10010554,LEIDEN UNIVERSITY MEDICAL CENTER,Leiden University Medical Center,NETHERLANDS,False,650010.0,1,1,642977.0,7033.0,0,0.0,0,0,0.0,0,0,0.0,0,0.0,0,650010.0,1,0.0,0,0.0,0,0.0,0,0.0,0,0.0,0,0.0,0,0.0,0,650010.0,1,1,1,650010.0,650010.0,650010.0,0.0,1.0,0.0,1566.0,1009.0,958.0,669.0,669.0,1.0,False,,,,,,,,True,2587,non-rollup institutions
FY2025,IPF10047093,"BEHAIVIOR, LLC",Behaivior,UNITED STATES,False,648512.0,1,1,448078.0,158008.0,0,0.0,0,0,0.0,0,0,0.0,0,648512.0,1,0.0,0,0.0,0,0.0,0,0.0,0,0.0,0,0.0,0,0.0,0,0.0,0,648512.0,1,4,1,162128.0,648512.0,648512.0,0.0,0.25,0.0,1567.0,1009.0,958.0,669.0,669.0,1.0,False,,,,,,,,True,2587,non-rollup institutions
FY2025,IPF1381101,"THE EMMES COMPANY, LLC",The Emmes Company,UNITED STATES,False,646310.0,1,1,447306.0,199004.0,0,0.0,0,0,0.0,0,0,0.0,0,0.0,0,646310.0,1,0.0,0,0.0,0,0.0,0,0.0,0,0.0,0,0.0,0,0.0,0,646310.0,1,1,1,646310.0,646310.0,646310.0,0.0,1.0,0.0,1568.0,1009.0,958.0,669.0,669.0,1.0,False,,,,,,,,True,2587,non-rollup institutions
FY2025,IPF3145202,"ATLANTIC HEALTH SYSTEM, INC.",Atlantic Health System,UNITED STATES,False,645763.0,1,1,491897.0,193753.0,0,0.0,0,0,0.0,0,0,0.0,0,0.0,0,645763.0,1,0.0,0,0.0,0,0.0,0,0.0,0,0.0,0,0.0,0,0.0,0,645763.0,1,1,1,645763.0,645763.0,645763.0,0.0,1.0,0.0,1569.0,1009.0,958.0,669.0,669.0,1.0,False,,,,,,,,True,2587,non-rollup institutions
FY2025,IPF10050423,"UTAH NAVAJO HEALTH SYSTEM, INC.",Utah Navajo Health System,UNITED STATES,False,643886.0,1,1,544957.0,98929.0,0,0.0,0,0,0.0,0,0,0.0,0,0.0,0,0.0,0,0.0,0,0.0,0,0.0,0,0.0,0,0.0,0,643886.0,1,0.0,0,643886.0,1,2,1,321943.0,643886.0,643886.0,0.0,0.5,0.0,1570.0,1009.0,958.0,669.0,669.0,1.0,False,,,,,,,,True,2587,non-rollup institutions
FY2025,IPF10032418,BIPS - INSTITUTE FOR EPIDEMIOLOGY AND PREVENTION RESEARCH,Bips - Institute for Epidemiology and Prevention Research,GERMANY,False,639285.0,1,1,623302.0,15983.0,0,639285.0,1,1,0.0,0,0,639285.0,1,0.0,0,0.0,0,0.0,0,0.0,0,0.0,0,0.0,0,0.0,0,0.0,0,0.0,0,0.0,0,1,1,639285.0,639285.0,639285.0,639285.0,1.0,100.0,1571.0,1009.0,958.0,508.0,484.0,1.0,False,,,,,,,,True,2587,non-rollup institutions
FY2025,IPF4544601,ORPHAGEN PHARMACEUTICALS,Orphagen Pharmaceuticals,UNITED STATES,False,634145.0,1,1,423328.0,169331.0,0,0.0,0,0,0.0,0,0,0.0,0,634145.0,1,0.0,0,0.0,0,0.0,0,0.0,0,0.0,0,0.0,0,0.0,0,0.0,0,634145.0,1,1,1,634145.0,634145.0,634145.0,0.0,1.0,0.0,1572.0,1009.0,958.0,669.0,669.0,1.0,False,,,,,,,,True,2587,non-rollup institutions
FY2025,IPF2599301,WESTERN STATES CANCER RESEARCH NCORP,Western States Cancer Research Ncorp,UNITED STATES,False,633153.0,1,1,398435.0,234718.0,0,0.0,0,0,0.0,0,0,0.0,0,0.0,0,633153.0,1,0.0,0,0.0,0,0.0,0,0.0,0,0.0,0,0.0,0,0.0,0,633153.0,1,2,1,316576.0,633153.0,633153.0,0.0,0.5,0.0,1573.0,1009.0,958.0,669.0,669.0,1.0,False,,,,,,,,True,2587,non-rollup institutions
FY2025,IPF908201,BOYCE THOMPSON INST FOR PLANT RESEARCH,Boyce Thompson Institute for Plant Research,UNITED STATES,False,630784.0,1,1,442035.0,188749.0,0,0.0,0,0,0.0,0,0,0.0,0,630784.0,1,0.0,0,0.0,0,0.0,0,0.0,0,0.0,0,0.0,0,0.0,0,0.0,0,630784.0,1,1,1,630784.0,630784.0,630784.0,0.0,1.0,0.0,1574.0,1009.0,958.0,669.0,669.0,1.0,False,,,,,,,,True,2587,non-rollup institutions
FY2025,IPF10060256,CENTRE DE GENETIQUE HUMAINE,Centre de Genetique Humaine,CONGO DEM REP,False,628667.0,1,1,582760.0,45907.0,0,628667.0,1,1,0.0,0,0,628667.0,1,0.0,0,0.0,0,0.0,0,0.0,0,0.0,0,0.0,0,0.0,0,0.0,0,0.0,0,0.0,0,1,1,628667.0,628667.0,628667.0,628667.0,1.0,100.0,1575.0,1009.0,958.0,509.0,484.0,1.0,False,,,,,,,,True,2587,non-rollup institutions
FY2025,IPF10046094,"ARCASCOPE, INC",Arcascope,UNITED STATES,False,628538.0,1,1,538702.0,69607.0,0,0.0,0,0,0.0,0,0,0.0,0,628538.0,1,0.0,0,0.0,0,0.0,0,0.0,0,0.0,0,0.0,0,0.0,0,0.0,0,628538.0,1,1,1,628538.0,628538.0,628538.0,0.0,1.0,0.0,1576.0,1009.0,958.0,669.0,669.0,1.0,False,,,,,,,,True,2587,non-rollup institutions
FY2025,IPF10069439,"FUNCTION THERAPEUTICS, INC.",Function Therapeutics,UNITED STATES,False,628510.0,3,3,427057.0,160336.0,0,0.0,0,0,0.0,0,0,0.0,0,628510.0,3,0.0,0,0.0,0,0.0,0,0.0,0,0.0,0,0.0,0,0.0,0,0.0,0,628510.0,3,1,1,628510.0,209503.0,209503.0,0.0,3.0,0.0,1577.0,578.0,550.0,669.0,669.0,1.0,False,,,,,,,,True,2587,non-rollup institutions
FY2025,IPF10064419,"ASAKE BIOTECHNOLOGY, LLC",Asake Biotechnology,UNITED STATES,False,625501.0,1,1,498132.0,86448.0,0,0.0,0,0,0.0,0,0,0.0,0,625501.0,1,0.0,0,0.0,0,0.0,0,0.0,0,0.0,0,0.0,0,0.0,0,0.0,0,625501.0,1,2,1,312750.0,625501.0,625501.0,0.0,0.5,0.0,1578.0,1009.0,958.0,669.0,669.0,1.0,False,,,,,,,,True,2587,non-rollup institutions
FY2025,IPF4270201,"RECOMBINANT TECHNOLOGIES, LLC",Recombinant Technologies,UNITED STATES,False,625405.0,1,1,417500.0,167000.0,0,0.0,0,0,0.0,0,0,0.0,0,625405.0,1,0.0,0,0.0,0,0.0,0,0.0,0,0.0,0,0.0,0,0.0,0,0.0,0,625405.0,1,1,1,625405.0,625405.0,625405.0,0.0,1.0,0.0,1579.0,1009.0,958.0,669.0,669.0,1.0,False,,,,,,,,True,2587,non-rollup institutions
FY2025,IPF10031039,"SERPIN PHARMA, LLC",Serpin Pharma,UNITED STATES,False,625359.0,1,1,622896.0,0.0,0,0.0,0,0,0.0,0,0,0.0,0,625359.0,1,0.0,0,0.0,0,0.0,0,0.0,0,0.0,0,0.0,0,0.0,0,0.0,0,625359.0,1,2,1,312680.0,625359.0,625359.0,0.0,0.5,0.0,1580.0,1009.0,958.0,669.0,669.0,1.0,False,,,,,,,,True,2587,non-rollup institutions
FY2025,IPF2674301,NATIONAL HEALTH PROMOTION ASSOCIATES,National Health Promotion Associates,UNITED STATES,False,624805.0,1,1,551369.0,52660.0,0,0.0,0,0,0.0,0,0,0.0,0,624805.0,1,0.0,0,0.0,0,0.0,0,0.0,0,0.0,0,0.0,0,0.0,0,0.0,0,624805.0,1,1,1,624805.0,624805.0,624805.0,0.0,1.0,0.0,1581.0,1009.0,958.0,669.0,669.0,1.0,False,,,,,,,,True,2587,non-rollup institutions
FY2025,IPF2464801,UNIVERSITY OF EXETER,University of Exeter,UNITED KINGDOM,False,624401.0,1,1,600882.0,23519.0,0,624401.0,1,1,0.0,0,0,624401.0,1,0.0,0,0.0,0,0.0,0,0.0,0,0.0,0,0.0,0,0.0,0,0.0,0,0.0,0,0.0,0,4,1,156100.0,624401.0,624401.0,156100.0,0.25,100.0,1582.0,1009.0,958.0,510.0,484.0,1.0,False,,,,,,,,True,2587,non-rollup institutions
FY2025,IPF10070993,APPA HEALTH INC,Appa Health,UNITED STATES,False,622968.0,1,1,560669.0,62299.0,0,0.0,0,0,0.0,0,0,0.0,0,622968.0,1,0.0,0,0.0,0,0.0,0,0.0,0,0.0,0,0.0,0,0.0,0,0.0,0,622968.0,1,2,1,311484.0,622968.0,622968.0,0.0,0.5,0.0,1583.0,1009.0,958.0,669.0,669.0,1.0,False,,,,,,,,True,2587,non-rollup institutions
FY2025,IPF10055606,FLUID DISCOVERY INC,Fluid Discovery,UNITED STATES,False,613743.0,2,2,419707.0,153884.0,0,0.0,0,0,0.0,0,0,0.0,0,613743.0,2,0.0,0,0.0,0,0.0,0,0.0,0,0.0,0,0.0,0,0.0,0,0.0,0,613743.0,2,1,1,613743.0,306872.0,306872.0,0.0,2.0,0.0,1584.0,698.0,671.0,669.0,669.0,1.0,False,,,,,,,,True,2587,non-rollup institutions
FY2025,IPF10058906,MILLION MARKER WELLNESS INC.,Million Marker Wellness,UNITED STATES,False,613742.0,2,2,413610.0,165444.0,0,0.0,0,0,0.0,0,0,0.0,0,613742.0,2,0.0,0,0.0,0,0.0,0,0.0,0,0.0,0,0.0,0,0.0,0,0.0,0,613742.0,2,2,2,306871.0,306871.0,306871.0,0.0,1.0,0.0,1585.0,698.0,671.0,669.0,669.0,1.0,False,,,,,,,,True,2587,non-rollup institutions
FY2025,IPF10040523,"IOTAMOTION, INC.",Iotamotion,UNITED STATES,False,612945.0,2,2,511806.0,68718.0,0,0.0,0,0,0.0,0,0,0.0,0,612945.0,2,0.0,0,0.0,0,0.0,0,0.0,0,0.0,0,0.0,0,0.0,0,0.0,0,612945.0,2,1,1,612945.0,306472.0,306472.0,0.0,2.0,0.0,1586.0,698.0,671.0,669.0,669.0,1.0,False,,,,,,,,True,2587,non-rollup institutions
FY2025,IPF10034448,"ACCESS SENSOR TECHNOLOGIES, LLC",Access Sensor Technologies,UNITED STATES,False,611601.0,2,2,468652.0,102938.0,0,0.0,0,0,0.0,0,0,0.0,0,611601.0,2,0.0,0,0.0,0,0.0,0,0.0,0,0.0,0,0.0,0,0.0,0,0.0,0,611601.0,2,2,1,305800.0,305800.0,305800.0,0.0,1.0,0.0,1587.0,698.0,671.0,669.0,669.0,1.0,False,,,,,,,,True,2587,non-rollup institutions
FY2025,IPF10062954,"ANGIOTENSIN THERAPEUTICS, INC.",Angiotensin Therapeutics,UNITED STATES,False,610099.0,2,2,487655.0,82531.0,0,0.0,0,0,0.0,0,0,0.0,0,610099.0,2,0.0,0,0.0,0,0.0,0,0.0,0,0.0,0,0.0,0,0.0,0,0.0,0,610099.0,2,2,2,305050.0,305050.0,305050.0,0.0,1.0,0.0,1588.0,698.0,671.0,669.0,669.0,1.0,False,,,,,,,,True,2587,non-rollup institutions
FY2025,IPF10021415,"BASIC HEALTH INTERNATIONAL, INC.",Basic Health International,UNITED STATES,False,608735.0,1,1,575295.0,33440.0,0,608735.0,1,1,0.0,0,0,608735.0,1,0.0,0,0.0,0,0.0,0,0.0,0,0.0,0,0.0,0,0.0,0,0.0,0,0.0,0,0.0,0,2,1,304368.0,608735.0,608735.0,304368.0,0.5,100.0,1589.0,1009.0,958.0,512.0,484.0,1.0,False,,,,,,,,True,2587,non-rollup institutions
FY2025,IPF10005819,NATIONAL UNIVERSITY OF NATURAL MEDICINE,National University of Natural Medicine,UNITED STATES,False,608270.0,2,2,565799.0,42471.0,0,0.0,0,0,0.0,0,0,0.0,0,608270.0,2,0.0,0,0.0,0,0.0,0,0.0,0,0.0,0,0.0,0,0.0,0,0.0,0,608270.0,2,3,1,202757.0,304135.0,304135.0,0.0,0.67,0.0,1590.0,698.0,671.0,669.0,669.0,1.0,False,,,,,,,,True,2587,non-rollup institutions
FY2025,IPF10076563,LACTIGA US INC.,Lactiga US,UNITED STATES,False,608056.0,2,2,530797.0,37480.0,0,0.0,0,0,0.0,0,0,0.0,0,608056.0,2,0.0,0,0.0,0,0.0,0,0.0,0,0.0,0,0.0,0,0.0,0,0.0,0,608056.0,2,2,1,304028.0,304028.0,304028.0,0.0,1.0,0.0,1591.0,698.0,671.0,669.0,669.0,1.0,False,,,,,,,,True,2587,non-rollup institutions
FY2025,IPF10023652,"TONIX PHARMACEUTICALS, INC.",Tonix Pharmaceuticals,UNITED STATES,False,605767.0,1,1,605767.0,0.0,0,0.0,0,0,0.0,0,0,0.0,0,0.0,0,605767.0,1,0.0,0,0.0,0,0.0,0,0.0,0,0.0,0,0.0,0,0.0,0,605767.0,1,1,1,605767.0,605767.0,605767.0,0.0,1.0,0.0,1592.0,1009.0,958.0,669.0,669.0,1.0,False,,,,,,,,True,2587,non-rollup institutions
FY2025,IPF10034280,"NE SCIENTIFIC, INC.",Ne Scientific,UNITED STATES,False,603206.0,1,1,421286.0,142458.0,0,0.0,0,0,0.0,0,0,0.0,0,603206.0,1,0.0,0,0.0,0,0.0,0,0.0,0,0.0,0,0.0,0,0.0,0,0.0,0,603206.0,1,1,1,603206.0,603206.0,603206.0,0.0,1.0,0.0,1593.0,1009.0,958.0,669.0,669.0,1.0,False,,,,,,,,True,2587,non-rollup institutions
FY2025,IPF10061871,"AMPLO BIOTECHNOLOGY, INC.",Amplo Biotechnology,UNITED STATES,False,601044.0,1,1,543323.0,18400.0,0,0.0,0,0,0.0,0,0,0.0,0,601044.0,1,0.0,0,0.0,0,0.0,0,0.0,0,0.0,0,0.0,0,0.0,0,0.0,0,601044.0,1,2,1,300522.0,601044.0,601044.0,0.0,0.5,0.0,1594.0,1009.0,958.0,669.0,669.0,1.0,False,,,,,,,,True,2587,non-rollup institutions
FY2025,IPF10073539,"LUNA BIOSCIENCE, INC.",Luna Bioscience,UNITED STATES,False,600066.0,2,2,438818.0,121991.0,0,0.0,0,0,0.0,0,0,0.0,0,600066.0,2,0.0,0,0.0,0,0.0,0,0.0,0,0.0,0,0.0,0,0.0,0,0.0,0,600066.0,2,2,2,300033.0,300033.0,300033.0,0.0,1.0,0.0,1595.0,698.0,671.0,669.0,669.0,1.0,False,,,,,,,,True,2587,non-rollup institutions
FY2025,IPF10073818,SPHERIC BIO INC,Spheric Bio,UNITED STATES,False,598636.0,1,1,412218.0,147256.0,0,0.0,0,0,0.0,0,0,0.0,0,598636.0,1,0.0,0,0.0,0,0.0,0,0.0,0,0.0,0,0.0,0,0.0,0,0.0,0,598636.0,1,1,1,598636.0,598636.0,598636.0,0.0,1.0,0.0,1596.0,1009.0,958.0,669.0,669.0,1.0,False,,,,,,,,True,2587,non-rollup institutions
FY2025,IPF10033600,"EXHALIX, LLC",Exhalix,UNITED STATES,False,598492.0,2,2,459525.0,111829.0,0,0.0,0,0,0.0,0,0,0.0,0,598492.0,2,0.0,0,0.0,0,0.0,0,0.0,0,0.0,0,0.0,0,0.0,0,0.0,0,598492.0,2,1,1,598492.0,299246.0,299246.0,0.0,2.0,0.0,1597.0,698.0,671.0,669.0,669.0,1.0,False,,,,,,,,True,2587,non-rollup institutions
FY2025,IPF10001932,MOI UNIVERSITY COLLEGE OF HEALTH SCIENCES,Moi University College of Health Sciences,KENYA,False,597396.0,3,3,570206.0,27190.0,0,139469.0,1,1,0.0,0,0,139469.0,1,0.0,0,344526.0,1,0.0,0,113401.0,1,0.0,0,0.0,0,0.0,0,0.0,0,0.0,0,457927.0,2,5,3,119479.0,199132.0,199132.0,27894.0,0.6,23.3,1598.0,578.0,550.0,646.0,484.0,1.0,True,527.0,,,,,,,True,2587,non-rollup institutions
FY2025,IPF10054644,ENVIVO BIO INC,Envivo Bio,UNITED STATES,False,594530.0,1,1,499476.0,95054.0,0,0.0,0,0,0.0,0,0,0.0,0,594530.0,1,0.0,0,0.0,0,0.0,0,0.0,0,0.0,0,0.0,0,0.0,0,0.0,0,594530.0,1,1,1,594530.0,594530.0,594530.0,0.0,1.0,0.0,1599.0,1009.0,958.0,669.0,669.0,1.0,False,,,,,,,,True,2587,non-rollup institutions
FY2025,IPF2866001,POLY-ORTH INTERNATIONAL,Poly-Orth International,UNITED STATES,False,594000.0,1,1,452000.0,142000.0,0,0.0,0,0,0.0,0,0,0.0,0,0.0,0,0.0,0,0.0,0,0.0,0,0.0,0,0.0,0,0.0,0,594000.0,1,0.0,0,594000.0,1,1,1,594000.0,594000.0,594000.0,0.0,1.0,0.0,1600.0,1009.0,958.0,669.0,669.0,1.0,False,,,,,,,,True,2587,non-rollup institutions
FY2025,IPF2534801,NORTHWEST INDIAN COLLEGE,Northwest Indian College,UNITED STATES,False,592925.0,1,1,506544.0,86381.0,0,0.0,0,0,0.0,0,0,0.0,0,0.0,0,0.0,0,0.0,0,0.0,0,0.0,0,0.0,0,0.0,0,592925.0,1,0.0,0,592925.0,1,2,1,296462.0,592925.0,592925.0,0.0,0.5,0.0,1601.0,1009.0,958.0,669.0,669.0,1.0,False,,,,,,,,True,2587,non-rollup institutions
FY2025,IPF2222101,SALISH KOOTENAI COLLEGE,Salish Kootenai College,UNITED STATES,False,591191.0,3,3,544615.0,46576.0,0,0.0,0,0,0.0,0,0,0.0,0,377337.0,2,0.0,0,0.0,0,0.0,0,0.0,0,0.0,0,0.0,0,213854.0,1,0.0,0,591191.0,3,3,2,197064.0,197064.0,197064.0,0.0,1.0,0.0,1602.0,578.0,550.0,669.0,669.0,1.0,False,,,,,,,,True,2587,non-rollup institutions
FY2025,IPF4595301,ICELANDIC HEART ASSOCIATION,Icelandic Heart Association,ICELAND,False,589171.0,1,1,433722.0,155449.0,0,589171.0,1,1,0.0,0,0,589171.0,1,0.0,0,0.0,0,0.0,0,0.0,0,0.0,0,0.0,0,0.0,0,0.0,0,0.0,0,0.0,0,1,1,589171.0,589171.0,589171.0,589171.0,1.0,100.0,1603.0,1009.0,958.0,516.0,484.0,1.0,False,,,,,,,,True,2587,non-rollup institutions
FY2025,IPF10047740,"THRIVE NEUROMEDICAL, LLC",Thrive Neuromedical,UNITED STATES,False,588466.0,1,1,491904.0,58064.0,0,0.0,0,0,0.0,0,0,0.0,0,588466.0,1,0.0,0,0.0,0,0.0,0,0.0,0,0.0,0,0.0,0,0.0,0,0.0,0,588466.0,1,2,1,294233.0,588466.0,588466.0,0.0,0.5,0.0,1604.0,1009.0,958.0,669.0,669.0,1.0,False,,,,,,,,True,2587,non-rollup institutions
FY2025,IPF10041844,"LAWRENCE LIVERMORE NATIONAL SECURITY, LLC",Lawrence Livermore National Security,UNITED STATES,False,588081.0,1,1,411879.0,176202.0,0,0.0,0,0,0.0,0,0,0.0,0,588081.0,1,0.0,0,0.0,0,0.0,0,0.0,0,0.0,0,0.0,0,0.0,0,0.0,0,588081.0,1,2,1,294040.0,588081.0,588081.0,0.0,0.5,0.0,1605.0,1009.0,958.0,669.0,669.0,1.0,False,,,,,,,,True,2587,non-rollup institutions
FY2025,IPF578421,UNIVERSITY OF TEXAS TYLER,University of Texas Tyler,UNITED STATES,False,588000.0,2,2,400000.0,188000.0,0,0.0,0,0,0.0,0,0,0.0,0,588000.0,2,0.0,0,0.0,0,0.0,0,0.0,0,0.0,0,0.0,0,0.0,0,0.0,0,588000.0,2,2,2,294000.0,294000.0,294000.0,0.0,1.0,0.0,1606.0,698.0,671.0,669.0,669.0,1.0,False,,,,,,,,True,2587,non-rollup institutions
FY2025,IPF10049831,MYOFINITY BIOSCIENCES INC,Myofinity Biosciences,UNITED STATES,False,587105.0,1,1,575473.0,5755.0,0,0.0,0,0,0.0,0,0,0.0,0,587105.0,1,0.0,0,0.0,0,0.0,0,0.0,0,0.0,0,0.0,0,0.0,0,0.0,0,587105.0,1,1,1,587105.0,587105.0,587105.0,0.0,1.0,0.0,1607.0,1009.0,958.0,669.0,669.0,1.0,False,,,,,,,,True,2587,non-rollup institutions
FY2025,IPF513611,CALIFORNIA STATE UNIVERSITY FRESNO,California State University Fresno,UNITED STATES,False,585829.0,4,4,425000.0,160829.0,0,0.0,0,0,0.0,0,0,0.0,0,585829.0,4,0.0,0,0.0,0,0.0,0,0.0,0,0.0,0,0.0,0,0.0,0,0.0,0,585829.0,4,4,4,146457.0,146457.0,146457.0,0.0,1.0,0.0,1608.0,504.0,483.0,669.0,669.0,1.0,False,,,,,,,,True,2587,non-rollup institutions
FY2025,IPF10056465,"BERENDO SCIENTIFIC, LLC",Berendo Scientific,UNITED STATES,False,583718.0,1,1,389665.0,155866.0,0,0.0,0,0,0.0,0,0,0.0,0,583718.0,1,0.0,0,0.0,0,0.0,0,0.0,0,0.0,0,0.0,0,0.0,0,0.0,0,583718.0,1,1,1,583718.0,583718.0,583718.0,0.0,1.0,0.0,1609.0,1009.0,958.0,669.0,669.0,1.0,False,,,,,,,,True,2587,non-rollup institutions
FY2025,IPF10045780,"COGNIFISENSE, INC.",Cognifisense,UNITED STATES,False,580584.0,1,1,467494.0,75108.0,0,0.0,0,0,0.0,0,0,0.0,0,580584.0,1,0.0,0,0.0,0,0.0,0,0.0,0,0.0,0,0.0,0,0.0,0,0.0,0,580584.0,1,3,1,193528.0,580584.0,580584.0,0.0,0.33,0.0,1610.0,1009.0,958.0,669.0,669.0,1.0,False,,,,,,,,True,2587,non-rollup institutions
FY2025,IPF10032361,"BLUEGRASS ADVANCED MATERIALS, LLC",Bluegrass Advanced Materials,UNITED STATES,False,580416.0,1,1,454837.0,87608.0,0,0.0,0,0,0.0,0,0,0.0,0,580416.0,1,0.0,0,0.0,0,0.0,0,0.0,0,0.0,0,0.0,0,0.0,0,0.0,0,580416.0,1,2,1,290208.0,580416.0,580416.0,0.0,0.5,0.0,1611.0,1009.0,958.0,669.0,669.0,1.0,False,,,,,,,,True,2587,non-rollup institutions
FY2025,IPF3784401,"BIOLOGICAL MIMETICS, INC.",Biological Mimetics,UNITED STATES,False,579499.0,2,2,426210.0,115378.0,0,0.0,0,0,0.0,0,0,0.0,0,579499.0,2,0.0,0,0.0,0,0.0,0,0.0,0,0.0,0,0.0,0,0.0,0,0.0,0,579499.0,2,2,2,289750.0,289750.0,289750.0,0.0,1.0,0.0,1612.0,698.0,671.0,669.0,669.0,1.0,False,,,,,,,,True,2587,non-rollup institutions
FY2025,IPF578215,WINSTON-SALEM STATE UNIVERSITY,Winston-Salem State University,UNITED STATES,False,576287.0,2,2,446571.0,129716.0,0,0.0,0,0,0.0,0,0,0.0,0,130088.0,1,446199.0,1,0.0,0,0.0,0,0.0,0,0.0,0,0.0,0,0.0,0,0.0,0,576287.0,2,2,2,288144.0,288144.0,288144.0,0.0,1.0,0.0,1613.0,698.0,671.0,669.0,669.0,1.0,False,,,,,,,,True,2587,non-rollup institutions
FY2025,IPF6813401,QUEEN'S MEDICAL CENTER,Queen's Medical Center,UNITED STATES,False,574380.0,2,2,383884.0,190496.0,0,574380.0,2,2,0.0,0,0,574380.0,2,0.0,0,0.0,0,0.0,0,0.0,0,0.0,0,0.0,0,0.0,0,0.0,0,0.0,0,0.0,0,4,2,143595.0,287190.0,287190.0,143595.0,0.5,100.0,1614.0,698.0,671.0,519.0,414.0,1.0,False,,,,,,,,True,2587,non-rollup institutions
FY2025,IPF10006668,"AVANTGEN, INC.",Avantgen,UNITED STATES,False,574272.0,1,1,489926.0,67620.0,0,0.0,0,0,0.0,0,0,0.0,0,574272.0,1,0.0,0,0.0,0,0.0,0,0.0,0,0.0,0,0.0,0,0.0,0,0.0,0,574272.0,1,1,1,574272.0,574272.0,574272.0,0.0,1.0,0.0,1615.0,1009.0,958.0,669.0,669.0,1.0,False,,,,,,,,True,2587,non-rollup institutions
FY2025,IPF10020547,APLOS MEDICAL INC,Aplos Medical,UNITED STATES,False,570706.0,1,1,380979.0,152392.0,0,0.0,0,0,0.0,0,0,0.0,0,0.0,0,0.0,0,0.0,0,0.0,0,0.0,0,0.0,0,0.0,0,570706.0,1,0.0,0,570706.0,1,1,1,570706.0,570706.0,570706.0,0.0,1.0,0.0,1616.0,1009.0,958.0,669.0,669.0,1.0,False,,,,,,,,True,2587,non-rollup institutions
FY2025,IPF4353901,YAKAMA TRIBAL COUNCIL D/B/A CONFEDERATED TRIBES AND BANDS OF THE YAKAMA NATION,Yakama Tribal Council,UNITED STATES,False,570523.0,1,1,506627.0,63896.0,0,0.0,0,0,0.0,0,0,0.0,0,0.0,0,0.0,0,0.0,0,0.0,0,0.0,0,0.0,0,0.0,0,570523.0,1,0.0,0,570523.0,1,2,1,285262.0,570523.0,570523.0,0.0,0.5,0.0,1617.0,1009.0,958.0,669.0,669.0,1.0,False,,,,,,,,True,2587,non-rollup institutions
FY2025,IPF1621601,GUTTMACHER INSTITUTE,Guttmacher Institute,UNITED STATES,False,570469.0,1,1,480597.0,89872.0,0,0.0,0,0,0.0,0,0,0.0,0,570469.0,1,0.0,0,0.0,0,0.0,0,0.0,0,0.0,0,0.0,0,0.0,0,0.0,0,570469.0,1,1,1,570469.0,570469.0,570469.0,0.0,1.0,0.0,1618.0,1009.0,958.0,669.0,669.0,1.0,False,,,,,,,,True,2587,non-rollup institutions
FY2025,IPF10032556,"LUMBEE LAND DEVELOPMENT, INC.",Lumbee Land Development,UNITED STATES,False,570321.0,1,1,524201.0,46120.0,0,0.0,0,0,0.0,0,0,0.0,0,0.0,0,0.0,0,0.0,0,0.0,0,0.0,0,0.0,0,0.0,0,570321.0,1,0.0,0,570321.0,1,4,1,142580.0,570321.0,570321.0,0.0,0.25,0.0,1619.0,1009.0,958.0,669.0,669.0,1.0,False,,,,,,,,True,2587,non-rollup institutions
FY2025,IPF203001,UNIVERSITY OF THE VIRGIN ISLANDS,University of the Virgin Islands,UNITED STATES,False,569575.0,1,1,474561.0,95014.0,0,0.0,0,0,0.0,0,0,0.0,0,0.0,0,569575.0,1,0.0,0,0.0,0,0.0,0,0.0,0,0.0,0,0.0,0,0.0,0,569575.0,1,2,1,284788.0,569575.0,569575.0,0.0,0.5,0.0,1620.0,1009.0,958.0,669.0,669.0,1.0,False,,,,,,,,True,2587,non-rollup institutions
FY2025,IPF10081846,SAFI BIOTHERAPEUTICS INC,Safi Biotherapeutics,UNITED STATES,False,568264.0,1,1,457410.0,73678.0,0,0.0,0,0,0.0,0,0,0.0,0,568264.0,1,0.0,0,0.0,0,0.0,0,0.0,0,0.0,0,0.0,0,0.0,0,0.0,0,568264.0,1,2,1,284132.0,568264.0,568264.0,0.0,0.5,0.0,1621.0,1009.0,958.0,669.0,669.0,1.0,False,,,,,,,,True,2587,non-rollup institutions
FY2025,IPF10031628,"ONDAVIA, INC.",Ondavia,UNITED STATES,False,567645.0,1,1,386430.0,150824.0,0,0.0,0,0,0.0,0,0,0.0,0,567645.0,1,0.0,0,0.0,0,0.0,0,0.0,0,0.0,0,0.0,0,0.0,0,0.0,0,567645.0,1,1,1,567645.0,567645.0,567645.0,0.0,1.0,0.0,1622.0,1009.0,958.0,669.0,669.0,1.0,False,,,,,,,,True,2587,non-rollup institutions
FY2025,IPF3087201,UNIVERSITY OF GUAM,University of Guam,UNITED STATES,False,566873.0,1,1,431895.0,134978.0,0,0.0,0,0,0.0,0,0,0.0,0,0.0,0,566873.0,1,0.0,0,0.0,0,0.0,0,0.0,0,0.0,0,0.0,0,0.0,0,566873.0,1,1,1,566873.0,566873.0,566873.0,0.0,1.0,0.0,1623.0,1009.0,958.0,669.0,669.0,1.0,False,,,,,,,,True,2587,non-rollup institutions
FY2025,IPF10032391,"INTELON OPTICS, INC.",Intelon Optics,UNITED STATES,False,566288.0,1,1,510705.0,55583.0,0,0.0,0,0,0.0,0,0,0.0,0,566288.0,1,0.0,0,0.0,0,0.0,0,0.0,0,0.0,0,0.0,0,0.0,0,0.0,0,566288.0,1,2,1,283144.0,566288.0,566288.0,0.0,0.5,0.0,1624.0,1009.0,958.0,669.0,669.0,1.0,False,,,,,,,,True,2587,non-rollup institutions
FY2025,IPF10073989,"NORTHSTAR GENOMICS, LLC",Northstar Genomics,UNITED STATES,False,566165.0,2,2,423578.0,111600.0,0,0.0,0,0,0.0,0,0,0.0,0,566165.0,2,0.0,0,0.0,0,0.0,0,0.0,0,0.0,0,0.0,0,0.0,0,0.0,0,566165.0,2,2,2,283082.0,283082.0,283082.0,0.0,1.0,0.0,1625.0,698.0,671.0,669.0,669.0,1.0,False,,,,,,,,True,2587,non-rollup institutions
FY2025,IPF10042649,"GREENMARK BIOMEDICAL, INC.",Greenmark Biomedical,UNITED STATES,False,565226.0,2,2,392534.0,135741.0,0,0.0,0,0,0.0,0,0,0.0,0,565226.0,2,0.0,0,0.0,0,0.0,0,0.0,0,0.0,0,0.0,0,0.0,0,0.0,0,565226.0,2,2,1,282613.0,282613.0,282613.0,0.0,1.0,0.0,1626.0,698.0,671.0,669.0,669.0,1.0,False,,,,,,,,True,2587,non-rollup institutions
FY2025,IPF10008249,"PREVENTION STRATEGIES, LLC",Prevention Strategies,UNITED STATES,False,562616.0,1,1,540636.0,21980.0,0,562616.0,1,1,0.0,0,0,562616.0,1,0.0,0,0.0,0,0.0,0,0.0,0,0.0,0,0.0,0,0.0,0,0.0,0,0.0,0,0.0,0,1,1,562616.0,562616.0,562616.0,562616.0,1.0,100.0,1627.0,1009.0,958.0,521.0,484.0,1.0,False,,,,,,,,True,2587,non-rollup institutions
FY2025,IPF10009196,PARATECHS CORP.,Paratechs Corp.,UNITED STATES,False,560816.0,1,1,384600.0,139527.0,0,0.0,0,0,0.0,0,0,0.0,0,560816.0,1,0.0,0,0.0,0,0.0,0,0.0,0,0.0,0,0.0,0,0.0,0,0.0,0,560816.0,1,1,1,560816.0,560816.0,560816.0,0.0,1.0,0.0,1628.0,1009.0,958.0,669.0,669.0,1.0,False,,,,,,,,True,2587,non-rollup institutions
FY2025,IPF5521401,MOUNT HOLYOKE COLLEGE,Mount Holyoke College,UNITED STATES,False,560134.0,1,1,374193.0,185941.0,0,0.0,0,0,0.0,0,0,0.0,0,560134.0,1,0.0,0,0.0,0,0.0,0,0.0,0,0.0,0,0.0,0,0.0,0,0.0,0,560134.0,1,1,1,560134.0,560134.0,560134.0,0.0,1.0,0.0,1629.0,1009.0,958.0,669.0,669.0,1.0,False,,,,,,,,True,2587,non-rollup institutions
FY2025,IPF10052009,NEWHAPTICS CORP.,Newhaptics Corp.,UNITED STATES,False,559871.0,1,1,399908.0,159963.0,0,0.0,0,0,0.0,0,0,0.0,0,559871.0,1,0.0,0,0.0,0,0.0,0,0.0,0,0.0,0,0.0,0,0.0,0,0.0,0,559871.0,1,1,1,559871.0,559871.0,559871.0,0.0,1.0,0.0,1630.0,1009.0,958.0,669.0,669.0,1.0,False,,,,,,,,True,2587,non-rollup institutions
FY2025,IPF1199903,UNIVERSITY OF COLORADO,CU Colorado Springs,UNITED STATES,False,559504.0,3,3,379000.0,180504.0,0,300254.0,1,1,0.0,0,0,300254.0,1,259250.0,2,0.0,0,0.0,0,0.0,0,0.0,0,0.0,0,0.0,0,0.0,0,0.0,0,259250.0,2,3,3,186501.0,186501.0,186501.0,100085.0,1.0,53.7,1631.0,578.0,550.0,623.0,484.0,1.0,False,,,,,,,,True,2587,non-rollup institutions
FY2025,IPF9194101,WESTERN MICHIGAN UNIVERSITY,Western Michigan University,UNITED STATES,False,558493.0,1,1,375000.0,183493.0,0,0.0,0,0,0.0,0,0,0.0,0,558493.0,1,0.0,0,0.0,0,0.0,0,0.0,0,0.0,0,0.0,0,0.0,0,0.0,0,558493.0,1,1,1,558493.0,558493.0,558493.0,0.0,1.0,0.0,1632.0,1009.0,958.0,669.0,669.0,1.0,False,,,,,,,,True,2587,non-rollup institutions
FY2025,IPF4368101,LAFAYETTE COLLEGE,Lafayette College,UNITED STATES,False,553785.0,1,1,375000.0,178785.0,0,0.0,0,0,0.0,0,0,0.0,0,553785.0,1,0.0,0,0.0,0,0.0,0,0.0,0,0.0,0,0.0,0,0.0,0,0.0,0,553785.0,1,1,1,553785.0,553785.0,553785.0,0.0,1.0,0.0,1633.0,1009.0,958.0,669.0,669.0,1.0,False,,,,,,,,True,2587,non-rollup institutions
FY2025,IPF10002473,IBIS REPRODUCTIVE HEALTH,Ibis Reproductive Health,UNITED STATES,False,553212.0,2,1,480334.0,72878.0,0,553212.0,2,1,0.0,0,0,553212.0,2,0.0,0,0.0,0,0.0,0,0.0,0,0.0,0,0.0,0,0.0,0,0.0,0,0.0,0,0.0,0,1,1,553212.0,553212.0,276606.0,553212.0,1.0,100.0,1634.0,698.0,958.0,523.0,414.0,1.0,False,,,,,,,,True,2587,non-rollup institutions
FY2025,IPF10062716,"ABBRATECH, INC.",Abbratech,UNITED STATES,False,551374.0,2,2,393839.0,157535.0,0,0.0,0,0,0.0,0,0,0.0,0,551374.0,2,0.0,0,0.0,0,0.0,0,0.0,0,0.0,0,0.0,0,0.0,0,0.0,0,551374.0,2,1,1,551374.0,275687.0,275687.0,0.0,2.0,0.0,1635.0,698.0,671.0,669.0,669.0,1.0,False,,,,,,,,True,2587,non-rollup institutions
FY2025,IPF10005877,BARUCH S. BLUMBERG INSTITUTE,Baruch S. Blumberg Institute,UNITED STATES,False,549843.0,2,2,453077.0,96766.0,0,0.0,0,0,0.0,0,0,0.0,0,181875.0,1,367968.0,1,0.0,0,0.0,0,0.0,0,0.0,0,0.0,0,0.0,0,0.0,0,549843.0,2,2,2,274922.0,274922.0,274922.0,0.0,1.0,0.0,1636.0,698.0,671.0,669.0,669.0,1.0,False,,,,,,,,True,2587,non-rollup institutions
FY2025,IPF10026361,NATIONAL UNIVERSITY OF RWANDA,National University of Rwanda,RWANDA,False,549646.0,2,2,533700.0,15946.0,0,0.0,0,0,0.0,0,0,0.0,0,0.0,0,549646.0,2,0.0,0,0.0,0,0.0,0,0.0,0,0.0,0,0.0,0,0.0,0,549646.0,2,4,1,137412.0,274823.0,274823.0,0.0,0.5,0.0,1637.0,698.0,671.0,669.0,669.0,1.0,False,,,,,,,,True,2587,non-rollup institutions
FY2025,IPF1509701,GRIFFITH UNIVERSITY,Griffith University,AUSTRALIA,False,549032.0,1,1,508363.0,40669.0,0,549032.0,1,1,0.0,0,0,549032.0,1,0.0,0,0.0,0,0.0,0,0.0,0,0.0,0,0.0,0,0.0,0,0.0,0,0.0,0,0.0,0,1,1,549032.0,549032.0,549032.0,549032.0,1.0,100.0,1638.0,1009.0,958.0,524.0,484.0,1.0,False,,,,,,,,True,2587,non-rollup institutions
FY2025,IPF10059882,ALPHA YOUNG LLC,Alpha Young,UNITED STATES,False,548801.0,1,1,366356.0,146542.0,0,0.0,0,0,0.0,0,0,0.0,0,548801.0,1,0.0,0,0.0,0,0.0,0,0.0,0,0.0,0,0.0,0,0.0,0,0.0,0,548801.0,1,1,1,548801.0,548801.0,548801.0,0.0,1.0,0.0,1639.0,1009.0,958.0,669.0,669.0,1.0,False,,,,,,,,True,2587,non-rollup institutions
FY2025,IPF1010801,BRYN MAWR COLLEGE,Bryn Mawr College,UNITED STATES,False,548701.0,1,1,414909.0,133792.0,0,0.0,0,0,0.0,0,0,0.0,0,548701.0,1,0.0,0,0.0,0,0.0,0,0.0,0,0.0,0,0.0,0,0.0,0,0.0,0,548701.0,1,1,1,548701.0,548701.0,548701.0,0.0,1.0,0.0,1640.0,1009.0,958.0,669.0,669.0,1.0,False,,,,,,,,True,2587,non-rollup institutions
FY2025,IPF2858901,SHEPHERD CENTER,Shepherd Center,UNITED STATES,False,548471.0,2,2,416038.0,132433.0,0,387971.0,1,1,0.0,0,0,387971.0,1,160500.0,1,0.0,0,0.0,0,0.0,0,0.0,0,0.0,0,0.0,0,0.0,0,0.0,0,160500.0,1,2,1,274236.0,274236.0,274236.0,193986.0,1.0,70.7,1641.0,698.0,671.0,589.0,484.0,1.0,False,,,,,,,,True,2587,non-rollup institutions
FY2025,IPF117601,ADDIS ABABA UNIVERSITY,Addis Ababa University,ETHIOPIA,False,547906.0,2,2,526313.0,21593.0,0,0.0,0,0,0.0,0,0,0.0,0,249783.0,1,298123.0,1,0.0,0,0.0,0,0.0,0,0.0,0,0.0,0,0.0,0,0.0,0,547906.0,2,7,2,78272.0,273953.0,273953.0,0.0,0.29,0.0,1642.0,698.0,671.0,669.0,669.0,1.0,True,533.0,,,,,,,True,2587,non-rollup institutions
FY2025,IPF8105401,STETSON UNIVERSITY,Stetson University,UNITED STATES,False,547875.0,1,1,375000.0,172875.0,0,0.0,0,0,0.0,0,0,0.0,0,547875.0,1,0.0,0,0.0,0,0.0,0,0.0,0,0.0,0,0.0,0,0.0,0,0.0,0,547875.0,1,1,1,547875.0,547875.0,547875.0,0.0,1.0,0.0,1643.0,1009.0,958.0,669.0,669.0,1.0,False,,,,,,,,True,2587,non-rollup institutions
FY2025,IPF10057507,SITKA TRIBE OF ALASKA,Sitka Tribe of Alaska,UNITED STATES,False,547068.0,1,1,472622.0,74446.0,0,0.0,0,0,0.0,0,0,0.0,0,0.0,0,0.0,0,547068.0,1,0.0,0,0.0,0,0.0,0,0.0,0,0.0,0,0.0,0,547068.0,1,2,1,273534.0,547068.0,547068.0,0.0,0.5,0.0,1644.0,1009.0,958.0,669.0,669.0,1.0,False,,,,,,,,True,2587,non-rollup institutions
FY2025,IPF10058824,"TORRALVA MEDICAL THERAPEUTICS, LLC",Torralva Medical Therapeutics,UNITED STATES,False,546754.0,2,1,491416.0,26109.0,0,0.0,0,0,0.0,0,0,0.0,0,546754.0,2,0.0,0,0.0,0,0.0,0,0.0,0,0.0,0,0.0,0,0.0,0,0.0,0,546754.0,2,1,1,546754.0,546754.0,273377.0,0.0,1.0,0.0,1645.0,698.0,958.0,669.0,669.0,1.0,False,,,,,,,,True,2587,non-rollup institutions
FY2025,IPF10007237,YASO THERAPEUTICS INC,Yaso Therapeutics,UNITED STATES,False,545966.0,1,1,535273.0,10693.0,0,0.0,0,0,0.0,0,0,0.0,0,545966.0,1,0.0,0,0.0,0,0.0,0,0.0,0,0.0,0,0.0,0,0.0,0,0.0,0,545966.0,1,7,1,77995.0,545966.0,545966.0,0.0,0.14,0.0,1646.0,1009.0,958.0,669.0,669.0,1.0,True,534.0,,,,,,,True,2587,non-rollup institutions
FY2025,IPF4793701,UNIVERSITY OF MANITOBA,University of Manitoba,CANADA,False,545085.0,1,1,517209.0,27876.0,0,545085.0,1,1,0.0,0,0,545085.0,1,0.0,0,0.0,0,0.0,0,0.0,0,0.0,0,0.0,0,0.0,0,0.0,0,0.0,0,0.0,0,1,1,545085.0,545085.0,545085.0,545085.0,1.0,100.0,1647.0,1009.0,958.0,526.0,484.0,1.0,False,,,,,,,,True,2587,non-rollup institutions
FY2025,IPF10092487,SENTARA HEALTH,Sentara Health,UNITED STATES,False,543703.0,1,1,499670.0,44033.0,0,543703.0,1,1,0.0,0,0,543703.0,1,0.0,0,0.0,0,0.0,0,0.0,0,0.0,0,0.0,0,0.0,0,0.0,0,0.0,0,0.0,0,1,1,543703.0,543703.0,543703.0,543703.0,1.0,100.0,1648.0,1009.0,958.0,527.0,484.0,1.0,False,,,,,,,,True,2587,non-rollup institutions
FY2025,IPF3109602,"MISSOURI BREAKS RESEARCH, INC.",Missouri Breaks Research,UNITED STATES,False,543377.0,1,1,522502.0,20875.0,0,543377.0,1,1,0.0,0,0,543377.0,1,0.0,0,0.0,0,0.0,0,0.0,0,0.0,0,0.0,0,0.0,0,0.0,0,0.0,0,0.0,0,3,1,181126.0,543377.0,543377.0,181126.0,0.33,100.0,1649.0,1009.0,958.0,528.0,484.0,1.0,False,,,,,,,,True,2587,non-rollup institutions
FY2025,IPF8080701,KEAN UNIVERSITY,Kean University,UNITED STATES,False,542466.0,2,2,524981.0,17485.0,0,0.0,0,0,0.0,0,0,0.0,0,0.0,0,0.0,0,0.0,0,0.0,0,308445.0,1,0.0,0,0.0,0,234021.0,1,0.0,0,542466.0,2,3,1,180822.0,271233.0,271233.0,0.0,0.67,0.0,1650.0,698.0,671.0,669.0,669.0,1.0,False,,,,,,,,True,2587,non-rollup institutions
FY2025,IPF10053469,"EYSZ, INC.",Eysz,UNITED STATES,False,542373.0,1,1,363923.0,142969.0,0,0.0,0,0,0.0,0,0,0.0,0,542373.0,1,0.0,0,0.0,0,0.0,0,0.0,0,0.0,0,0.0,0,0.0,0,0.0,0,542373.0,1,1,1,542373.0,542373.0,542373.0,0.0,1.0,0.0,1651.0,1009.0,958.0,669.0,669.0,1.0,False,,,,,,,,True,2587,non-rollup institutions
FY2025,IPF5259201,MIDDLEBURY COLLEGE,Middlebury College,UNITED STATES,False,540427.0,1,1,445000.0,95427.0,0,0.0,0,0,0.0,0,0,0.0,0,540427.0,1,0.0,0,0.0,0,0.0,0,0.0,0,0.0,0,0.0,0,0.0,0,0.0,0,540427.0,1,1,1,540427.0,540427.0,540427.0,0.0,1.0,0.0,1652.0,1009.0,958.0,669.0,669.0,1.0,False,,,,,,,,True,2587,non-rollup institutions
FY2025,IPF10050926,VETERANS EDUCATION AND RESEARCH ASSOCIATION OF MICHIGAN,Veterans Education and Research Association of Michigan,UNITED STATES,False,539911.0,1,1,464826.0,75085.0,0,539911.0,1,1,0.0,0,0,539911.0,1,0.0,0,0.0,0,0.0,0,0.0,0,0.0,0,0.0,0,0.0,0,0.0,0,0.0,0,0.0,0,2,1,269956.0,539911.0,539911.0,269956.0,0.5,100.0,1653.0,1009.0,958.0,530.0,484.0,1.0,False,,,,,,,,True,2587,non-rollup institutions
FY2025,IPF1387701,SAINT REGIS MOHAWK TRIBE,Saint Regis Mohawk Tribe,UNITED STATES,False,539850.0,1,1,503372.0,36478.0,0,0.0,0,0,0.0,0,0,0.0,0,0.0,0,0.0,0,0.0,0,0.0,0,0.0,0,0.0,0,0.0,0,539850.0,1,0.0,0,539850.0,1,1,1,539850.0,539850.0,539850.0,0.0,1.0,0.0,1654.0,1009.0,958.0,669.0,669.0,1.0,False,,,,,,,,True,2587,non-rollup institutions
FY2025,IPF10072606,DIGITAL ORGANIZING POWER-BUILDING AND ENGAGEMENT LABS,Digital Organizing Power-Building and Engagement Labs,UNITED STATES,False,539451.0,1,1,513420.0,26031.0,0,539451.0,1,1,0.0,0,0,539451.0,1,0.0,0,0.0,0,0.0,0,0.0,0,0.0,0,0.0,0,0.0,0,0.0,0,0.0,0,0.0,0,5,1,107890.0,539451.0,539451.0,107890.0,0.2,100.0,1655.0,1009.0,958.0,532.0,484.0,1.0,True,530.0,,,,,,,True,2587,non-rollup institutions
FY2025,IPF3136401,NARROWS INSTITUTE FOR BIOMEDICAL RES INC,Narrows Institute for Biomedical Research,UNITED STATES,False,538891.0,1,1,506160.0,32731.0,0,538891.0,1,1,0.0,0,0,538891.0,1,0.0,0,0.0,0,0.0,0,0.0,0,0.0,0,0.0,0,0.0,0,0.0,0,0.0,0,0.0,0,2,1,269446.0,538891.0,538891.0,269446.0,0.5,100.0,1656.0,1009.0,958.0,533.0,484.0,1.0,False,,,,,,,,True,2587,non-rollup institutions
FY2025,IPF10040856,"LAGRANGE SCIENTIFIC, LLC",Lagrange Scientific,UNITED STATES,False,538827.0,1,1,356038.0,147539.0,0,0.0,0,0,0.0,0,0,0.0,0,538827.0,1,0.0,0,0.0,0,0.0,0,0.0,0,0.0,0,0.0,0,0.0,0,0.0,0,538827.0,1,1,1,538827.0,538827.0,538827.0,0.0,1.0,0.0,1657.0,1009.0,958.0,669.0,669.0,1.0,False,,,,,,,,True,2587,non-rollup institutions
FY2025,IPF2893401,EMBRY-RIDDLE AERONAUTICAL UNIVERSITY,Embry-Riddle Aeronautical University,UNITED STATES,False,538125.0,1,1,375000.0,163125.0,0,0.0,0,0,0.0,0,0,0.0,0,538125.0,1,0.0,0,0.0,0,0.0,0,0.0,0,0.0,0,0.0,0,0.0,0,0.0,0,538125.0,1,1,1,538125.0,538125.0,538125.0,0.0,1.0,0.0,1658.0,1009.0,958.0,669.0,669.0,1.0,False,,,,,,,,True,2587,non-rollup institutions
FY2025,IPF130601,FORT LEWIS COLLEGE,Fort Lewis College,UNITED STATES,False,536335.0,3,3,455981.0,80354.0,0,0.0,0,0,0.0,0,0,0.0,0,292500.0,2,0.0,0,0.0,0,0.0,0,243835.0,1,0.0,0,0.0,0,0.0,0,0.0,0,536335.0,3,3,3,178778.0,178778.0,178778.0,0.0,1.0,0.0,1659.0,578.0,550.0,669.0,669.0,1.0,False,,,,,,,,True,2587,non-rollup institutions
FY2025,IPF3372501,HOFSTRA UNIVERSITY,Hofstra University,UNITED STATES,False,535382.0,2,2,414999.0,120383.0,0,0.0,0,0,0.0,0,0,0.0,0,535382.0,2,0.0,0,0.0,0,0.0,0,0.0,0,0.0,0,0.0,0,0.0,0,0.0,0,535382.0,2,2,2,267691.0,267691.0,267691.0,0.0,1.0,0.0,1660.0,698.0,671.0,669.0,669.0,1.0,False,,,,,,,,True,2587,non-rollup institutions
FY2025,IPF4595501,SILENT SPRING INSTITUTE,Silent Spring Institute,UNITED STATES,False,533305.0,2,2,451425.0,81880.0,0,377250.0,1,1,0.0,0,0,377250.0,1,0.0,0,0.0,0,0.0,0,156055.0,1,0.0,0,0.0,0,0.0,0,0.0,0,0.0,0,156055.0,1,4,2,133326.0,266652.0,266652.0,94312.0,0.5,70.7,1661.0,698.0,671.0,595.0,484.0,1.0,False,,,,,,,,True,2587,non-rollup institutions
FY2025,IPF10002777,INSTITUTE/RESEARCH/BIOTECHNOLOGY FDN,Institute/Research/Biotechnology Foundation,ARGENTINA,False,532999.0,4,4,499950.0,33049.0,0,532999.0,4,4,0.0,0,0,532999.0,4,0.0,0,0.0,0,0.0,0,0.0,0,0.0,0,0.0,0,0.0,0,0.0,0,0.0,0,0.0,0,5,4,106600.0,133250.0,133250.0,106600.0,0.8,100.0,1662.0,504.0,483.0,535.0,340.0,1.0,True,531.0,,,,,,,True,2587,non-rollup institutions
FY2025,IPF10051287,NATIVE AMERICAN COMMUNITY CLINIC,Native American Community Clinic,UNITED STATES,False,532452.0,1,1,398840.0,133612.0,0,0.0,0,0,0.0,0,0,0.0,0,0.0,0,0.0,0,0.0,0,0.0,0,0.0,0,0.0,0,0.0,0,532452.0,1,0.0,0,532452.0,1,1,1,532452.0,532452.0,532452.0,0.0,1.0,0.0,1663.0,1009.0,958.0,669.0,669.0,1.0,False,,,,,,,,True,2587,non-rollup institutions
FY2025,IPF1586601,SOUTHERN CALIFORNIA UNIV OF HEALTH SCIS,Southern California University of Health Sciences,UNITED STATES,False,530949.0,1,1,422078.0,108871.0,0,530949.0,1,1,0.0,0,0,530949.0,1,0.0,0,0.0,0,0.0,0,0.0,0,0.0,0,0.0,0,0.0,0,0.0,0,0.0,0,0.0,0,2,1,265474.0,530949.0,530949.0,265474.0,0.5,100.0,1664.0,1009.0,958.0,536.0,484.0,1.0,False,,,,,,,,True,2587,non-rollup institutions
FY2025,IPF10056071,"SIOLTA THERAPEUTICS, INC.",Siolta Therapeutics,UNITED STATES,False,529498.0,1,1,381738.0,113120.0,0,0.0,0,0,0.0,0,0,0.0,0,529498.0,1,0.0,0,0.0,0,0.0,0,0.0,0,0.0,0,0.0,0,0.0,0,0.0,0,529498.0,1,1,1,529498.0,529498.0,529498.0,0.0,1.0,0.0,1665.0,1009.0,958.0,669.0,669.0,1.0,False,,,,,,,,True,2587,non-rollup institutions
FY2025,IPF2342401,"ALBANY RESEARCH INSTITUTE, INC.",Albany Research Institute,UNITED STATES,False,528986.0,2,2,483986.0,45000.0,0,0.0,0,0,0.0,0,0,0.0,0,170000.0,1,0.0,0,358986.0,1,0.0,0,0.0,0,0.0,0,0.0,0,0.0,0,0.0,0,528986.0,2,2,2,264493.0,264493.0,264493.0,0.0,1.0,0.0,1666.0,698.0,671.0,669.0,669.0,1.0,False,,,,,,,,True,2587,non-rollup institutions
FY2025,IPF10055005,"TING THERAPEUTICS, INC.",Ting Therapeutics,UNITED STATES,False,524300.0,1,1,350000.0,140000.0,0,0.0,0,0,0.0,0,0,0.0,0,524300.0,1,0.0,0,0.0,0,0.0,0,0.0,0,0.0,0,0.0,0,0.0,0,0.0,0,524300.0,1,1,1,524300.0,524300.0,524300.0,0.0,1.0,0.0,1667.0,1009.0,958.0,669.0,669.0,1.0,False,,,,,,,,True,2587,non-rollup institutions
FY2025,IPF10075582,"INTRINSIC POWERS, INC.",Intrinsic Powers,UNITED STATES,False,524243.0,1,1,421887.0,68550.0,0,0.0,0,0,0.0,0,0,0.0,0,524243.0,1,0.0,0,0.0,0,0.0,0,0.0,0,0.0,0,0.0,0,0.0,0,0.0,0,524243.0,1,1,1,524243.0,524243.0,524243.0,0.0,1.0,0.0,1668.0,1009.0,958.0,669.0,669.0,1.0,False,,,,,,,,True,2587,non-rollup institutions
FY2025,IPF4455501,UNIVERSITY OF LEEDS,University of Leeds,UNITED KINGDOM,False,522903.0,1,1,492575.0,30328.0,0,522903.0,1,1,0.0,0,0,522903.0,1,0.0,0,0.0,0,0.0,0,0.0,0,0.0,0,0.0,0,0.0,0,0.0,0,0.0,0,0.0,0,1,1,522903.0,522903.0,522903.0,522903.0,1.0,100.0,1669.0,1009.0,958.0,539.0,484.0,1.0,False,,,,,,,,True,2587,non-rollup institutions
FY2025,IPF10026314,REGION HOVEDSTADEN,Region Hovedstaden,DENMARK,False,522279.0,1,1,492307.0,29972.0,0,522279.0,1,1,0.0,0,0,522279.0,1,0.0,0,0.0,0,0.0,0,0.0,0,0.0,0,0.0,0,0.0,0,0.0,0,0.0,0,0.0,0,1,1,522279.0,522279.0,522279.0,522279.0,1.0,100.0,1670.0,1009.0,958.0,540.0,484.0,1.0,False,,,,,,,,True,2587,non-rollup institutions
FY2025,IPF9197901,UNIVERSITY OF WESTERN ONTARIO,University of Western Ontario,CANADA,False,521574.0,1,1,505574.0,16000.0,0,521574.0,1,1,0.0,0,0,521574.0,1,0.0,0,0.0,0,0.0,0,0.0,0,0.0,0,0.0,0,0.0,0,0.0,0,0.0,0,0.0,0,2,1,260787.0,521574.0,521574.0,260787.0,0.5,100.0,1671.0,1009.0,958.0,541.0,484.0,1.0,False,,,,,,,,True,2587,non-rollup institutions
FY2025,IPF10000500,SAINTE-JUSTINE UNIVERSITY HOSPITAL CTR,Sainte-Justine University Hospital Center,CANADA,False,521182.0,1,1,510893.0,10289.0,0,521182.0,1,1,0.0,0,0,521182.0,1,0.0,0,0.0,0,0.0,0,0.0,0,0.0,0,0.0,0,0.0,0,0.0,0,0.0,0,0.0,0,3,1,173727.0,521182.0,521182.0,173727.0,0.33,100.0,1672.0,1009.0,958.0,542.0,484.0,1.0,False,,,,,,,,True,2587,non-rollup institutions
FY2025,IPF704901,ARCADIA UNIVERSITY,Arcadia University,UNITED STATES,False,520154.0,1,1,360281.0,159873.0,0,0.0,0,0,0.0,0,0,0.0,0,520154.0,1,0.0,0,0.0,0,0.0,0,0.0,0,0.0,0,0.0,0,0.0,0,0.0,0,520154.0,1,1,1,520154.0,520154.0,520154.0,0.0,1.0,0.0,1673.0,1009.0,958.0,669.0,669.0,1.0,False,,,,,,,,True,2587,non-rollup institutions
FY2025,IPF10027728,SETI INSTITUTE,Seti Institute,UNITED STATES,False,519390.0,1,1,345799.0,173591.0,0,519390.0,1,1,0.0,0,0,519390.0,1,0.0,0,0.0,0,0.0,0,0.0,0,0.0,0,0.0,0,0.0,0,0.0,0,0.0,0,0.0,0,1,1,519390.0,519390.0,519390.0,519390.0,1.0,100.0,1674.0,1009.0,958.0,543.0,484.0,1.0,False,,,,,,,,True,2587,non-rollup institutions
FY2025,IPF10029924,OASIS PHARMACEUTICALS,Oasis Pharmaceuticals,UNITED STATES,False,518369.0,2,2,362692.0,125077.0,0,0.0,0,0,0.0,0,0,0.0,0,518369.0,2,0.0,0,0.0,0,0.0,0,0.0,0,0.0,0,0.0,0,0.0,0,0.0,0,518369.0,2,2,2,259184.0,259184.0,259184.0,0.0,1.0,0.0,1675.0,698.0,671.0,669.0,669.0,1.0,False,,,,,,,,True,2587,non-rollup institutions
FY2025,IPF10052820,NEURODEX INC,Neurodex,UNITED STATES,False,518202.0,1,1,345929.0,138372.0,0,0.0,0,0,0.0,0,0,0.0,0,518202.0,1,0.0,0,0.0,0,0.0,0,0.0,0,0.0,0,0.0,0,0.0,0,0.0,0,518202.0,1,1,1,518202.0,518202.0,518202.0,0.0,1.0,0.0,1676.0,1009.0,958.0,669.0,669.0,1.0,False,,,,,,,,True,2587,non-rollup institutions
FY2025,IPF10030799,"RYTEK MEDICAL, INC.",Rytek Medical,UNITED STATES,False,516171.0,2,2,397711.0,99084.0,0,0.0,0,0,0.0,0,0,0.0,0,516171.0,2,0.0,0,0.0,0,0.0,0,0.0,0,0.0,0,0.0,0,0.0,0,0.0,0,516171.0,2,2,2,258086.0,258086.0,258086.0,0.0,1.0,0.0,1677.0,698.0,671.0,669.0,669.0,1.0,False,,,,,,,,True,2587,non-rollup institutions
FY2025,IPF10055518,"NOCTRIX HEALTH, INC",Noctrix Health,UNITED STATES,False,515503.0,1,1,344128.0,137651.0,0,0.0,0,0,0.0,0,0,0.0,0,515503.0,1,0.0,0,0.0,0,0.0,0,0.0,0,0.0,0,0.0,0,0.0,0,0.0,0,515503.0,1,1,1,515503.0,515503.0,515503.0,0.0,1.0,0.0,1678.0,1009.0,958.0,669.0,669.0,1.0,False,,,,,,,,True,2587,non-rollup institutions
FY2025,IPF3072301,GRINNELL COLLEGE,Grinnell College,UNITED STATES,False,515078.0,1,1,360390.0,154688.0,0,0.0,0,0,0.0,0,0,0.0,0,515078.0,1,0.0,0,0.0,0,0.0,0,0.0,0,0.0,0,0.0,0,0.0,0,0.0,0,515078.0,1,1,1,515078.0,515078.0,515078.0,0.0,1.0,0.0,1679.0,1009.0,958.0,669.0,669.0,1.0,False,,,,,,,,True,2587,non-rollup institutions
FY2025,IPF210901,AMERICAN ASSOCIATION FOR CANCER RESEARCH,American Association for Cancer Research,UNITED STATES,False,514382.0,4,4,486718.0,27664.0,0,0.0,0,0,0.0,0,0,0.0,0,514382.0,4,0.0,0,0.0,0,0.0,0,0.0,0,0.0,0,0.0,0,0.0,0,0.0,0,514382.0,4,3,2,171461.0,128596.0,128596.0,0.0,1.33,0.0,1680.0,504.0,483.0,669.0,669.0,1.0,False,,,,,,,,True,2587,non-rollup institutions
FY2025,IPF10064995,TEAL HEALTH INC,Teal Health,UNITED STATES,False,513576.0,1,1,394300.0,98575.0,0,0.0,0,0,0.0,0,0,0.0,0,513576.0,1,0.0,0,0.0,0,0.0,0,0.0,0,0.0,0,0.0,0,0.0,0,0.0,0,513576.0,1,1,1,513576.0,513576.0,513576.0,0.0,1.0,0.0,1681.0,1009.0,958.0,669.0,669.0,1.0,False,,,,,,,,True,2587,non-rollup institutions
FY2025,IPF10023330,"3P BIOTECHNOLOGIES, INC.",3P Biotechnologies,UNITED STATES,False,512934.0,2,2,346735.0,133494.0,0,0.0,0,0,0.0,0,0,0.0,0,512934.0,2,0.0,0,0.0,0,0.0,0,0.0,0,0.0,0,0.0,0,0.0,0,0.0,0,512934.0,2,1,1,512934.0,256467.0,256467.0,0.0,2.0,0.0,1682.0,698.0,671.0,669.0,669.0,1.0,False,,,,,,,,True,2587,non-rollup institutions
FY2025,IPF10038241,TEXAS A&M TRANSPORTATION INSTITUTE,Texas A&M Transportation Institute,UNITED STATES,False,512556.0,1,1,403649.0,108907.0,0,512556.0,1,1,0.0,0,0,512556.0,1,0.0,0,0.0,0,0.0,0,0.0,0,0.0,0,0.0,0,0.0,0,0.0,0,0.0,0,0.0,0,2,1,256278.0,512556.0,512556.0,256278.0,0.5,100.0,1683.0,1009.0,958.0,546.0,484.0,1.0,False,,,,,,,,True,2587,non-rollup institutions
FY2025,IPF7394801,SEATTLE UNIVERSITY,Seattle University,UNITED STATES,False,511763.0,1,1,357876.0,153887.0,0,0.0,0,0,0.0,0,0,0.0,0,511763.0,1,0.0,0,0.0,0,0.0,0,0.0,0,0.0,0,0.0,0,0.0,0,0.0,0,511763.0,1,1,1,511763.0,511763.0,511763.0,0.0,1.0,0.0,1684.0,1009.0,958.0,669.0,669.0,1.0,False,,,,,,,,True,2587,non-rollup institutions
FY2025,IPF10038946,"GLYCOSURF, INC.",Glycosurf,UNITED STATES,False,511412.0,1,1,428720.0,49235.0,0,0.0,0,0,0.0,0,0,0.0,0,511412.0,1,0.0,0,0.0,0,0.0,0,0.0,0,0.0,0,0.0,0,0.0,0,0.0,0,511412.0,1,1,1,511412.0,511412.0,511412.0,0.0,1.0,0.0,1685.0,1009.0,958.0,669.0,669.0,1.0,False,,,,,,,,True,2587,non-rollup institutions
FY2025,IPF10046099,"SYRACUSE BIOLABS, INC.",Syracuse Biolabs,UNITED STATES,False,510862.0,1,1,385553.0,91888.0,0,0.0,0,0,0.0,0,0,0.0,0,510862.0,1,0.0,0,0.0,0,0.0,0,0.0,0,0.0,0,0.0,0,0.0,0,0.0,0,510862.0,1,2,1,255431.0,510862.0,510862.0,0.0,0.5,0.0,1686.0,1009.0,958.0,669.0,669.0,1.0,False,,,,,,,,True,2587,non-rollup institutions
FY2025,IPF10023840,"ORPRO THERAPEUTICS, INC.",Orpro Therapeutics,UNITED STATES,False,508988.0,1,1,399514.0,76176.0,0,0.0,0,0,0.0,0,0,0.0,0,508988.0,1,0.0,0,0.0,0,0.0,0,0.0,0,0.0,0,0.0,0,0.0,0,0.0,0,508988.0,1,1,1,508988.0,508988.0,508988.0,0.0,1.0,0.0,1687.0,1009.0,958.0,669.0,669.0,1.0,False,,,,,,,,True,2587,non-rollup institutions
FY2025,IPF10046328,"HEALTHY DESIGN, LTD. CO.","Healthy Design, Ltd. Co.",UNITED STATES,False,506399.0,1,1,340178.0,133511.0,0,0.0,0,0,0.0,0,0,0.0,0,506399.0,1,0.0,0,0.0,0,0.0,0,0.0,0,0.0,0,0.0,0,0.0,0,0.0,0,506399.0,1,1,1,506399.0,506399.0,506399.0,0.0,1.0,0.0,1688.0,1009.0,958.0,669.0,669.0,1.0,False,,,,,,,,True,2587,non-rollup institutions
FY2025,IPF10076883,CEIBA BIO INC.,Ceiba Bio,UNITED STATES,False,506198.0,1,1,382967.0,90547.0,0,0.0,0,0,0.0,0,0,0.0,0,506198.0,1,0.0,0,0.0,0,0.0,0,0.0,0,0.0,0,0.0,0,0.0,0,0.0,0,506198.0,1,1,1,506198.0,506198.0,506198.0,0.0,1.0,0.0,1689.0,1009.0,958.0,669.0,669.0,1.0,False,,,,,,,,True,2587,non-rollup institutions
FY2025,IPF10089855,REDWOOD NEURO INC.,Redwood Neuro,UNITED STATES,False,506061.0,1,1,369779.0,103600.0,0,0.0,0,0,0.0,0,0,0.0,0,506061.0,1,0.0,0,0.0,0,0.0,0,0.0,0,0.0,0,0.0,0,0.0,0,0.0,0,506061.0,1,2,1,253030.0,506061.0,506061.0,0.0,0.5,0.0,1690.0,1009.0,958.0,669.0,669.0,1.0,False,,,,,,,,True,2587,non-rollup institutions
FY2025,IPF10057946,"MENTIA DTX, INC.",Mentia Dtx,UNITED STATES,False,505561.0,1,1,339651.0,133260.0,0,0.0,0,0,0.0,0,0,0.0,0,505561.0,1,0.0,0,0.0,0,0.0,0,0.0,0,0.0,0,0.0,0,0.0,0,0.0,0,505561.0,1,1,1,505561.0,505561.0,505561.0,0.0,1.0,0.0,1691.0,1009.0,958.0,669.0,669.0,1.0,False,,,,,,,,True,2587,non-rollup institutions
FY2025,IPF3584701,3 I,3 I,UNITED STATES,False,505311.0,1,1,457902.0,47409.0,0,0.0,0,0,0.0,0,0,0.0,0,505311.0,1,0.0,0,0.0,0,0.0,0,0.0,0,0.0,0,0.0,0,0.0,0,0.0,0,505311.0,1,1,1,505311.0,505311.0,505311.0,0.0,1.0,0.0,1692.0,1009.0,958.0,669.0,669.0,1.0,False,,,,,,,,True,2587,non-rollup institutions
FY2025,IPF10070793,CAREYAYA HEALTH TECHNOLOGIES INC,Careyaya Health Technologies,UNITED STATES,False,505042.0,1,1,339305.0,133122.0,0,0.0,0,0,0.0,0,0,0.0,0,505042.0,1,0.0,0,0.0,0,0.0,0,0.0,0,0.0,0,0.0,0,0.0,0,0.0,0,505042.0,1,1,1,505042.0,505042.0,505042.0,0.0,1.0,0.0,1693.0,1009.0,958.0,669.0,669.0,1.0,False,,,,,,,,True,2587,non-rollup institutions
FY2025,IPF10043340,"ORTHOLEVO, INC.",Ortholevo,UNITED STATES,False,504601.0,1,1,373993.0,97597.0,0,0.0,0,0,0.0,0,0,0.0,0,0.0,0,0.0,0,0.0,0,0.0,0,0.0,0,0.0,0,0.0,0,504601.0,1,0.0,0,504601.0,1,1,1,504601.0,504601.0,504601.0,0.0,1.0,0.0,1694.0,1009.0,958.0,669.0,669.0,1.0,False,,,,,,,,True,2587,non-rollup institutions
FY2025,IPF3440501,"MIGRANT CLINICIANS NETWORK, INC.",Migrant Clinicians Network,UNITED STATES,False,500000.0,1,1,438889.0,61111.0,0,0.0,0,0,0.0,0,0,0.0,0,0.0,0,0.0,0,0.0,0,0.0,0,0.0,0,0.0,0,0.0,0,500000.0,1,0.0,0,500000.0,1,2,1,250000.0,500000.0,500000.0,0.0,0.5,0.0,1695.0,1009.0,958.0,669.0,669.0,1.0,False,,,,,,,,True,2587,non-rollup institutions
FY2025,IPF10072165,SOUTHEAST ARIZONA AREA HEALTH EDUCATION CENTER,Southeast Arizona Area Health Education Center,UNITED STATES,False,500000.0,1,1,478410.0,21590.0,0,0.0,0,0,0.0,0,0,0.0,0,0.0,0,0.0,0,0.0,0,0.0,0,0.0,0,0.0,0,0.0,0,500000.0,1,0.0,0,500000.0,1,1,1,500000.0,500000.0,500000.0,0.0,1.0,0.0,1695.0,1009.0,958.0,669.0,669.0,1.0,False,,,,,,,,True,2587,non-rollup institutions
FY2025,IPF10079984,"GALIBRA NEUROSCIENCE, INC.",Galibra Neuroscience,UNITED STATES,False,500000.0,1,1,412350.0,54940.0,0,0.0,0,0,0.0,0,0,0.0,0,500000.0,1,0.0,0,0.0,0,0.0,0,0.0,0,0.0,0,0.0,0,0.0,0,0.0,0,500000.0,1,2,1,250000.0,500000.0,500000.0,0.0,0.5,0.0,1695.0,1009.0,958.0,669.0,669.0,1.0,False,,,,,,,,True,2587,non-rollup institutions
FY2025,IPF10047564,"RENERVA, LLC",Renerva,UNITED STATES,False,500000.0,1,1,377977.0,89313.0,0,0.0,0,0,0.0,0,0,0.0,0,500000.0,1,0.0,0,0.0,0,0.0,0,0.0,0,0.0,0,0.0,0,0.0,0,0.0,0,500000.0,1,2,1,250000.0,500000.0,500000.0,0.0,0.5,0.0,1695.0,1009.0,958.0,669.0,669.0,1.0,False,,,,,,,,True,2587,non-rollup institutions
FY2025,IPF10009617,"MY BROTHER'S KEEPER, INC.",My Brother's Keeper,UNITED STATES,False,500000.0,1,1,440630.0,59370.0,0,0.0,0,0,0.0,0,0,0.0,0,0.0,0,0.0,0,0.0,0,0.0,0,0.0,0,0.0,0,0.0,0,500000.0,1,0.0,0,500000.0,1,1,1,500000.0,500000.0,500000.0,0.0,1.0,0.0,1695.0,1009.0,958.0,669.0,669.0,1.0,False,,,,,,,,True,2587,non-rollup institutions
FY2025,IPF10032664,"VASOPTIC MEDICAL, INC.",Vasoptic Medical,UNITED STATES,False,500000.0,1,1,333778.0,133512.0,0,0.0,0,0,0.0,0,0,0.0,0,500000.0,1,0.0,0,0.0,0,0.0,0,0.0,0,0.0,0,0.0,0,0.0,0,0.0,0,500000.0,1,1,1,500000.0,500000.0,500000.0,0.0,1.0,0.0,1695.0,1009.0,958.0,669.0,669.0,1.0,False,,,,,,,,True,2587,non-rollup institutions
FY2025,IPF10054600,"T-NEURO, INC.",T-Neuro,UNITED STATES,False,500000.0,1,1,365070.0,102220.0,0,0.0,0,0,0.0,0,0,0.0,0,500000.0,1,0.0,0,0.0,0,0.0,0,0.0,0,0.0,0,0.0,0,0.0,0,0.0,0,500000.0,1,1,1,500000.0,500000.0,500000.0,0.0,1.0,0.0,1695.0,1009.0,958.0,669.0,669.0,1.0,False,,,,,,,,True,2587,non-rollup institutions
FY2025,IPF10034005,"TEGA THERAPEUTICS, INC.",Tega Therapeutics,UNITED STATES,False,500000.0,1,1,333779.0,133511.0,0,0.0,0,0,0.0,0,0,0.0,0,500000.0,1,0.0,0,0.0,0,0.0,0,0.0,0,0.0,0,0.0,0,0.0,0,0.0,0,500000.0,1,2,1,250000.0,500000.0,500000.0,0.0,0.5,0.0,1695.0,1009.0,958.0,669.0,669.0,1.0,False,,,,,,,,True,2587,non-rollup institutions
FY2025,IPF10048546,"ORIGAMI THERAPEUTICS, INC.",Origami Therapeutics,UNITED STATES,False,499988.0,1,1,416290.0,50997.0,0,0.0,0,0,0.0,0,0,0.0,0,499988.0,1,0.0,0,0.0,0,0.0,0,0.0,0,0.0,0,0.0,0,0.0,0,0.0,0,499988.0,1,1,1,499988.0,499988.0,499988.0,0.0,1.0,0.0,1703.0,1009.0,958.0,669.0,669.0,1.0,False,,,,,,,,True,2587,non-rollup institutions
FY2025,IPF10021736,"VIGOROUS MIND, INC.",Vigorous Mind,UNITED STATES,False,499981.0,1,1,454066.0,43299.0,0,0.0,0,0,0.0,0,0,0.0,0,499981.0,1,0.0,0,0.0,0,0.0,0,0.0,0,0.0,0,0.0,0,0.0,0,0.0,0,499981.0,1,1,1,499981.0,499981.0,499981.0,0.0,1.0,0.0,1704.0,1009.0,958.0,669.0,669.0,1.0,False,,,,,,,,True,2587,non-rollup institutions
FY2025,IPF10028911,"PROACTIVE LIFE, INC.",Proactive Life,UNITED STATES,False,499963.0,1,1,467663.0,0.0,0,0.0,0,0,0.0,0,0,0.0,0,499963.0,1,0.0,0,0.0,0,0.0,0,0.0,0,0.0,0,0.0,0,0.0,0,0.0,0,499963.0,1,1,1,499963.0,499963.0,499963.0,0.0,1.0,0.0,1705.0,1009.0,958.0,669.0,669.0,1.0,False,,,,,,,,True,2587,non-rollup institutions
FY2025,IPF10033380,"ASTER LABS, INC.",Aster Labs,UNITED STATES,False,499943.0,1,1,380833.0,86610.0,0,0.0,0,0,0.0,0,0,0.0,0,499943.0,1,0.0,0,0.0,0,0.0,0,0.0,0,0.0,0,0.0,0,0.0,0,0.0,0,499943.0,1,1,1,499943.0,499943.0,499943.0,0.0,1.0,0.0,1706.0,1009.0,958.0,669.0,669.0,1.0,False,,,,,,,,True,2587,non-rollup institutions
FY2025,IPF10028040,ADEPTRIX CORPORATION,Adeptrix Corporation,UNITED STATES,False,499940.0,1,1,364310.0,102924.0,0,0.0,0,0,0.0,0,0,0.0,0,499940.0,1,0.0,0,0.0,0,0.0,0,0.0,0,0.0,0,0.0,0,0.0,0,0.0,0,499940.0,1,1,1,499940.0,499940.0,499940.0,0.0,1.0,0.0,1707.0,1009.0,958.0,669.0,669.0,1.0,False,,,,,,,,True,2587,non-rollup institutions
FY2025,IPF10056271,SAFEBVM CORP.,Safebvm Corp.,UNITED STATES,False,499932.0,1,1,333733.0,133493.0,0,0.0,0,0,0.0,0,0,0.0,0,0.0,0,0.0,0,0.0,0,0.0,0,0.0,0,0.0,0,0.0,0,499932.0,1,0.0,0,499932.0,1,1,1,499932.0,499932.0,499932.0,0.0,1.0,0.0,1708.0,1009.0,958.0,669.0,669.0,1.0,False,,,,,,,,True,2587,non-rollup institutions
FY2025,IPF10060786,ZINNIA TECHNOLOGIES INC.,Zinnia Technologies,UNITED STATES,False,499898.0,1,1,353935.0,113259.0,0,0.0,0,0,0.0,0,0,0.0,0,499898.0,1,0.0,0,0.0,0,0.0,0,0.0,0,0.0,0,0.0,0,0.0,0,0.0,0,499898.0,1,2,1,249949.0,499898.0,499898.0,0.0,0.5,0.0,1709.0,1009.0,958.0,669.0,669.0,1.0,False,,,,,,,,True,2587,non-rollup institutions
FY2025,IPF10088450,DOCBOTIC INC,Docbotic,UNITED STATES,False,499887.0,1,1,333394.0,133790.0,0,0.0,0,0,0.0,0,0,0.0,0,499887.0,1,0.0,0,0.0,0,0.0,0,0.0,0,0.0,0,0.0,0,0.0,0,0.0,0,499887.0,1,1,1,499887.0,499887.0,499887.0,0.0,1.0,0.0,1710.0,1009.0,958.0,669.0,669.0,1.0,False,,,,,,,,True,2587,non-rollup institutions
FY2025,IPF10060458,SNJ PHARMA INC.,Snj Pharma,UNITED STATES,False,499882.0,1,1,333700.0,133480.0,0,0.0,0,0,0.0,0,0,0.0,0,499882.0,1,0.0,0,0.0,0,0.0,0,0.0,0,0.0,0,0.0,0,0.0,0,0.0,0,499882.0,1,1,1,499882.0,499882.0,499882.0,0.0,1.0,0.0,1711.0,1009.0,958.0,669.0,669.0,1.0,False,,,,,,,,True,2587,non-rollup institutions
FY2025,IPF10013594,"OLIGOMERIX, INC",Oligomerix,UNITED STATES,False,499879.0,1,1,344907.0,122270.0,0,0.0,0,0,0.0,0,0,0.0,0,499879.0,1,0.0,0,0.0,0,0.0,0,0.0,0,0.0,0,0.0,0,0.0,0,0.0,0,499879.0,1,1,1,499879.0,499879.0,499879.0,0.0,1.0,0.0,1712.0,1009.0,958.0,669.0,669.0,1.0,False,,,,,,,,True,2587,non-rollup institutions
FY2025,IPF10089088,SYNVEST IMAGING INC.,Synvest Imaging,UNITED STATES,False,499844.0,1,1,351241.0,115910.0,0,0.0,0,0,0.0,0,0,0.0,0,499844.0,1,0.0,0,0.0,0,0.0,0,0.0,0,0.0,0,0.0,0,0.0,0,0.0,0,499844.0,1,1,1,499844.0,499844.0,499844.0,0.0,1.0,0.0,1713.0,1009.0,958.0,669.0,669.0,1.0,False,,,,,,,,True,2587,non-rollup institutions
FY2025,IPF10051682,"S-3 RESEARCH, LLC",S-3 Research,UNITED STATES,False,499778.0,1,1,404064.0,95714.0,0,0.0,0,0,0.0,0,0,0.0,0,499778.0,1,0.0,0,0.0,0,0.0,0,0.0,0,0.0,0,0.0,0,0.0,0,0.0,0,499778.0,1,1,1,499778.0,499778.0,499778.0,0.0,1.0,0.0,1714.0,1009.0,958.0,669.0,669.0,1.0,False,,,,,,,,True,2587,non-rollup institutions
FY2025,IPF10048106,"EIKONIZO THERAPEUTICS, INC.",Eikonizo Therapeutics,UNITED STATES,False,499766.0,1,1,410920.0,56151.0,0,0.0,0,0,0.0,0,0,0.0,0,499766.0,1,0.0,0,0.0,0,0.0,0,0.0,0,0.0,0,0.0,0,0.0,0,0.0,0,499766.0,1,1,1,499766.0,499766.0,499766.0,0.0,1.0,0.0,1715.0,1009.0,958.0,669.0,669.0,1.0,False,,,,,,,,True,2587,non-rollup institutions
FY2025,IPF10079757,"NURAVAX, INC.",Nuravax,UNITED STATES,False,499754.0,1,1,436150.0,30910.0,0,0.0,0,0,0.0,0,0,0.0,0,499754.0,1,0.0,0,0.0,0,0.0,0,0.0,0,0.0,0,0.0,0,0.0,0,0.0,0,499754.0,1,2,1,249877.0,499754.0,499754.0,0.0,0.5,0.0,1716.0,1009.0,958.0,669.0,669.0,1.0,False,,,,,,,,True,2587,non-rollup institutions
FY2025,IPF10072545,URBAN HEALTH PARTNERSHIPS,Urban Health Partnerships,UNITED STATES,False,499715.0,1,1,441071.0,58644.0,0,0.0,0,0,0.0,0,0,0.0,0,0.0,0,0.0,0,0.0,0,0.0,0,0.0,0,0.0,0,0.0,0,499715.0,1,0.0,0,499715.0,1,1,1,499715.0,499715.0,499715.0,0.0,1.0,0.0,1717.0,1009.0,958.0,669.0,669.0,1.0,False,,,,,,,,True,2587,non-rollup institutions
FY2025,IPF10089046,"DABBLE HEALTH, INC.",Dabble Health,UNITED STATES,False,499686.0,1,1,333600.0,133440.0,0,0.0,0,0,0.0,0,0,0.0,0,499686.0,1,0.0,0,0.0,0,0.0,0,0.0,0,0.0,0,0.0,0,0.0,0,0.0,0,499686.0,1,1,1,499686.0,499686.0,499686.0,0.0,1.0,0.0,1718.0,1009.0,958.0,669.0,669.0,1.0,False,,,,,,,,True,2587,non-rollup institutions
FY2025,IPF10038174,"EXQOR TECHNOLOGIES, INC.",Exqor Technologies,UNITED STATES,False,499588.0,1,1,356849.0,142739.0,0,0.0,0,0,0.0,0,0,0.0,0,499588.0,1,0.0,0,0.0,0,0.0,0,0.0,0,0.0,0,0.0,0,0.0,0,0.0,0,499588.0,1,2,1,249794.0,499588.0,499588.0,0.0,0.5,0.0,1719.0,1009.0,958.0,669.0,669.0,1.0,False,,,,,,,,True,2587,non-rollup institutions
FY2025,IPF10051126,MEREDITH COLLEGE,Meredith College,UNITED STATES,False,498747.0,1,1,374998.0,123749.0,0,0.0,0,0,0.0,0,0,0.0,0,498747.0,1,0.0,0,0.0,0,0.0,0,0.0,0,0.0,0,0.0,0,0.0,0,0.0,0,498747.0,1,2,1,249374.0,498747.0,498747.0,0.0,0.5,0.0,1720.0,1009.0,958.0,669.0,669.0,1.0,False,,,,,,,,True,2587,non-rollup institutions
FY2025,IPF10081490,"EPOCH BIOTECH, LLC",Epoch Biotech,UNITED STATES,False,498709.0,1,1,332917.0,133166.0,0,0.0,0,0,0.0,0,0,0.0,0,498709.0,1,0.0,0,0.0,0,0.0,0,0.0,0,0.0,0,0.0,0,0.0,0,0.0,0,498709.0,1,2,1,249354.0,498709.0,498709.0,0.0,0.5,0.0,1721.0,1009.0,958.0,669.0,669.0,1.0,False,,,,,,,,True,2587,non-rollup institutions
FY2025,IPF10007248,CAREEVOLUTION LLC,Careevolution,UNITED STATES,False,498576.0,1,1,498576.0,0.0,0,0.0,0,0,0.0,0,0,0.0,0,498576.0,1,0.0,0,0.0,0,0.0,0,0.0,0,0.0,0,0.0,0,0.0,0,0.0,0,498576.0,1,2,1,249288.0,498576.0,498576.0,0.0,0.5,0.0,1722.0,1009.0,958.0,669.0,669.0,1.0,False,,,,,,,,True,2587,non-rollup institutions
FY2025,IPF10067229,EINSENCA INC.,Einsenca,UNITED STATES,False,497878.0,1,1,371490.0,93817.0,0,0.0,0,0,0.0,0,0,0.0,0,497878.0,1,0.0,0,0.0,0,0.0,0,0.0,0,0.0,0,0.0,0,0.0,0,0.0,0,497878.0,1,1,1,497878.0,497878.0,497878.0,0.0,1.0,0.0,1723.0,1009.0,958.0,669.0,669.0,1.0,False,,,,,,,,True,2587,non-rollup institutions
FY2025,IPF10037549,"BRAINCHECK, INC.",Braincheck,UNITED STATES,False,497782.0,1,1,374725.0,90492.0,0,0.0,0,0,0.0,0,0,0.0,0,497782.0,1,0.0,0,0.0,0,0.0,0,0.0,0,0.0,0,0.0,0,0.0,0,0.0,0,497782.0,1,1,1,497782.0,497782.0,497782.0,0.0,1.0,0.0,1724.0,1009.0,958.0,669.0,669.0,1.0,False,,,,,,,,True,2587,non-rollup institutions
FY2025,IPF3163501,HAMPTON UNIVERSITY,Hampton University,UNITED STATES,False,497233.0,2,2,497233.0,0.0,0,0.0,0,0,0.0,0,0,0.0,0,0.0,0,0.0,0,0.0,0,0.0,0,0.0,0,0.0,0,0.0,0,497233.0,2,0.0,0,497233.0,2,2,2,248616.0,248616.0,248616.0,0.0,1.0,0.0,1725.0,698.0,671.0,669.0,669.0,1.0,False,,,,,,,,True,2587,non-rollup institutions
FY2025,IPF10020236,"EYE-PREDICT, LLC",Eye-Predict,UNITED STATES,False,497201.0,1,1,368780.0,95894.0,0,0.0,0,0,0.0,0,0,0.0,0,497201.0,1,0.0,0,0.0,0,0.0,0,0.0,0,0.0,0,0.0,0,0.0,0,0.0,0,497201.0,1,1,1,497201.0,497201.0,497201.0,0.0,1.0,0.0,1726.0,1009.0,958.0,669.0,669.0,1.0,False,,,,,,,,True,2587,non-rollup institutions
FY2025,IPF10070816,PAVAJ VASCULAR CORPORATION,Pavaj Vascular Corporation,UNITED STATES,False,497143.0,1,1,430793.0,33827.0,0,0.0,0,0,0.0,0,0,0.0,0,497143.0,1,0.0,0,0.0,0,0.0,0,0.0,0,0.0,0,0.0,0,0.0,0,0.0,0,497143.0,1,2,1,248572.0,497143.0,497143.0,0.0,0.5,0.0,1727.0,1009.0,958.0,669.0,669.0,1.0,False,,,,,,,,True,2587,non-rollup institutions
FY2025,IPF1722801,RETINA FOUNDATION OF THE SOUTHWEST,Retina Foundation of the Southwest,UNITED STATES,False,496873.0,1,1,360053.0,136820.0,0,496873.0,1,1,0.0,0,0,496873.0,1,0.0,0,0.0,0,0.0,0,0.0,0,0.0,0,0.0,0,0.0,0,0.0,0,0.0,0,0.0,0,1,1,496873.0,496873.0,496873.0,496873.0,1.0,100.0,1728.0,1009.0,958.0,552.0,484.0,1.0,False,,,,,,,,True,2587,non-rollup institutions
FY2025,IPF10088242,ZYWIE LLC,Zywie,UNITED STATES,False,496600.0,1,1,480600.0,16000.0,0,0.0,0,0,0.0,0,0,0.0,0,496600.0,1,0.0,0,0.0,0,0.0,0,0.0,0,0.0,0,0.0,0,0.0,0,0.0,0,496600.0,1,1,1,496600.0,496600.0,496600.0,0.0,1.0,0.0,1729.0,1009.0,958.0,669.0,669.0,1.0,False,,,,,,,,True,2587,non-rollup institutions
FY2025,IPF7451801,UNIVERSITY OF SHEFFIELD,University of Sheffield,UNITED KINGDOM,False,496470.0,1,1,486106.0,10364.0,0,0.0,0,0,0.0,0,0,0.0,0,0.0,0,496470.0,1,0.0,0,0.0,0,0.0,0,0.0,0,0.0,0,0.0,0,0.0,0,496470.0,1,1,1,496470.0,496470.0,496470.0,0.0,1.0,0.0,1730.0,1009.0,958.0,669.0,669.0,1.0,False,,,,,,,,True,2587,non-rollup institutions
FY2025,IPF10034437,"VIVITA TECHNOLOGIES, INC.",Vivita Technologies,UNITED STATES,False,496255.0,1,1,423899.0,39891.0,0,0.0,0,0,0.0,0,0,0.0,0,496255.0,1,0.0,0,0.0,0,0.0,0,0.0,0,0.0,0,0.0,0,0.0,0,0.0,0,496255.0,1,1,1,496255.0,496255.0,496255.0,0.0,1.0,0.0,1731.0,1009.0,958.0,669.0,669.0,1.0,False,,,,,,,,True,2587,non-rollup institutions
FY2025,IPF10077417,VIEWMIND INC,Viewmind,UNITED STATES,False,495731.0,1,1,378500.0,84800.0,0,0.0,0,0,0.0,0,0,0.0,0,495731.0,1,0.0,0,0.0,0,0.0,0,0.0,0,0.0,0,0.0,0,0.0,0,0.0,0,495731.0,1,1,1,495731.0,495731.0,495731.0,0.0,1.0,0.0,1732.0,1009.0,958.0,669.0,669.0,1.0,False,,,,,,,,True,2587,non-rollup institutions
FY2025,IPF10072317,HOUSING AUTHORITY OF THE CITY OF LOS ANGELES,Housing Authority of the City of Los Angeles,UNITED STATES,False,495051.0,1,1,458865.0,36186.0,0,0.0,0,0,0.0,0,0,0.0,0,0.0,0,0.0,0,0.0,0,0.0,0,0.0,0,0.0,0,0.0,0,495051.0,1,0.0,0,495051.0,1,1,1,495051.0,495051.0,495051.0,0.0,1.0,0.0,1733.0,1009.0,958.0,669.0,669.0,1.0,False,,,,,,,,True,2587,non-rollup institutions
FY2025,IPF10071476,VETERINARMEDIZINISCHE UNIVERSITAT WIEN,Veterinarmedizinische Universitat Wien,AUSTRIA,False,494299.0,1,1,466760.0,27539.0,0,494299.0,1,1,0.0,0,0,494299.0,1,0.0,0,0.0,0,0.0,0,0.0,0,0.0,0,0.0,0,0.0,0,0.0,0,0.0,0,0.0,0,1,1,494299.0,494299.0,494299.0,494299.0,1.0,100.0,1734.0,1009.0,958.0,555.0,484.0,1.0,False,,,,,,,,True,2587,non-rollup institutions
FY2025,IPF10089372,"TAUVISION, INC.",Tauvision,UNITED STATES,False,493384.0,1,1,398891.0,62216.0,0,0.0,0,0,0.0,0,0,0.0,0,493384.0,1,0.0,0,0.0,0,0.0,0,0.0,0,0.0,0,0.0,0,0.0,0,0.0,0,493384.0,1,2,1,246692.0,493384.0,493384.0,0.0,0.5,0.0,1735.0,1009.0,958.0,669.0,669.0,1.0,False,,,,,,,,True,2587,non-rollup institutions
FY2025,IPF10062703,"ANEURYST, INC.",Aneuryst,UNITED STATES,False,492110.0,1,1,375032.0,84884.0,0,0.0,0,0,0.0,0,0,0.0,0,492110.0,1,0.0,0,0.0,0,0.0,0,0.0,0,0.0,0,0.0,0,0.0,0,0.0,0,492110.0,1,3,1,164037.0,492110.0,492110.0,0.0,0.33,0.0,1736.0,1009.0,958.0,669.0,669.0,1.0,False,,,,,,,,True,2587,non-rollup institutions
FY2025,IPF10063393,ASIAN COMMUNITY HEALTH COALITION,Asian Community Health Coalition,UNITED STATES,False,490680.0,1,1,427324.0,63356.0,0,0.0,0,0,0.0,0,0,0.0,0,0.0,0,0.0,0,0.0,0,0.0,0,0.0,0,0.0,0,0.0,0,490680.0,1,0.0,0,490680.0,1,1,1,490680.0,490680.0,490680.0,0.0,1.0,0.0,1737.0,1009.0,958.0,669.0,669.0,1.0,False,,,,,,,,True,2587,non-rollup institutions
FY2025,IPF330101,COLLEGE OF HEALTH SCIS UNIV OF ZIMBABWE,College of Health Sciences University of Zimbabwe,ZIMBABWE,False,490585.0,3,2,455240.0,35345.0,0,0.0,0,0,0.0,0,0,0.0,0,0.0,0,240530.0,2,0.0,0,0.0,0,0.0,0,0.0,0,0.0,0,250055.0,1,0.0,0,490585.0,3,2,2,245292.0,245292.0,163528.0,0.0,1.0,0.0,1738.0,578.0,671.0,669.0,669.0,1.0,False,,,,,,,,True,2587,non-rollup institutions
FY2025,IPF513810,UNIVERSITY OF NORTH FLORIDA,University of North Florida,UNITED STATES,False,487488.0,3,3,363408.0,124080.0,0,0.0,0,0,0.0,0,0,0.0,0,365007.0,2,0.0,0,0.0,0,122481.0,1,0.0,0,0.0,0,0.0,0,0.0,0,0.0,0,487488.0,3,3,3,162496.0,162496.0,162496.0,0.0,1.0,0.0,1739.0,578.0,550.0,669.0,669.0,1.0,False,,,,,,,,True,2587,non-rollup institutions
FY2025,IPF10059162,VIORA HEALTH INC,Viora Health,UNITED STATES,False,486883.0,1,1,353082.0,101949.0,0,0.0,0,0,0.0,0,0,0.0,0,486883.0,1,0.0,0,0.0,0,0.0,0,0.0,0,0.0,0,0.0,0,0.0,0,0.0,0,486883.0,1,1,1,486883.0,486883.0,486883.0,0.0,1.0,0.0,1740.0,1009.0,958.0,669.0,669.0,1.0,False,,,,,,,,True,2587,non-rollup institutions
FY2025,IPF4565201,MURDOCH CHILDREN'S RESEARCH INSTITUTE,Murdoch Children's Research Institute,AUSTRALIA,False,486137.0,1,1,458291.0,27846.0,0,486137.0,1,1,0.0,0,0,486137.0,1,0.0,0,0.0,0,0.0,0,0.0,0,0.0,0,0.0,0,0.0,0,0.0,0,0.0,0,0.0,0,2,1,243068.0,486137.0,486137.0,243068.0,0.5,100.0,1741.0,1009.0,958.0,557.0,484.0,1.0,False,,,,,,,,True,2587,non-rollup institutions
FY2025,IPF10065622,DRYAD,Dryad,UNITED STATES,False,486015.0,2,1,441831.0,44184.0,0,0.0,0,0,0.0,0,0,0.0,0,0.0,0,0.0,0,0.0,0,0.0,0,0.0,0,0.0,0,0.0,0,486015.0,2,0.0,0,486015.0,2,1,1,486015.0,486015.0,243008.0,0.0,1.0,0.0,1742.0,698.0,958.0,669.0,669.0,1.0,False,,,,,,,,True,2587,non-rollup institutions
FY2025,IPF10036943,"MADORRA, INC.",Madorra,UNITED STATES,False,485502.0,1,1,422689.0,32800.0,0,0.0,0,0,0.0,0,0,0.0,0,485502.0,1,0.0,0,0.0,0,0.0,0,0.0,0,0.0,0,0.0,0,0.0,0,0.0,0,485502.0,1,1,1,485502.0,485502.0,485502.0,0.0,1.0,0.0,1743.0,1009.0,958.0,669.0,669.0,1.0,False,,,,,,,,True,2587,non-rollup institutions
FY2025,IPF10079638,ZIPPIN BIO CORPORATION,Zippin Bio Corporation,UNITED STATES,False,485442.0,1,1,341584.0,112100.0,0,0.0,0,0,0.0,0,0,0.0,0,485442.0,1,0.0,0,0.0,0,0.0,0,0.0,0,0.0,0,0.0,0,0.0,0,0.0,0,485442.0,1,1,1,485442.0,485442.0,485442.0,0.0,1.0,0.0,1744.0,1009.0,958.0,669.0,669.0,1.0,False,,,,,,,,True,2587,non-rollup institutions
FY2025,IPF9094501,UNIVERSITY OF WATERLOO,University of Waterloo,CANADA,False,484938.0,2,2,461125.0,23813.0,0,484938.0,2,2,0.0,0,0,484938.0,2,0.0,0,0.0,0,0.0,0,0.0,0,0.0,0,0.0,0,0.0,0,0.0,0,0.0,0,0.0,0,1,1,484938.0,242469.0,242469.0,484938.0,2.0,100.0,1745.0,698.0,671.0,558.0,414.0,1.0,False,,,,,,,,True,2587,non-rollup institutions
FY2025,IPF686601,BLACK HILLS STATE UNIVERSITY,Black Hills State University,UNITED STATES,False,484122.0,1,1,350329.0,133793.0,0,0.0,0,0,0.0,0,0,0.0,0,484122.0,1,0.0,0,0.0,0,0.0,0,0.0,0,0.0,0,0.0,0,0.0,0,0.0,0,484122.0,1,1,1,484122.0,484122.0,484122.0,0.0,1.0,0.0,1746.0,1009.0,958.0,669.0,669.0,1.0,False,,,,,,,,True,2587,non-rollup institutions
FY2025,IPF5474501,MONTREAL HEART INSTITUTE,Montreal Heart Institute,CANADA,False,484091.0,1,1,461704.0,22387.0,0,0.0,0,0,0.0,0,0,0.0,0,0.0,0,484091.0,1,0.0,0,0.0,0,0.0,0,0.0,0,0.0,0,0.0,0,0.0,0,484091.0,1,1,1,484091.0,484091.0,484091.0,0.0,1.0,0.0,1747.0,1009.0,958.0,669.0,669.0,1.0,False,,,,,,,,True,2587,non-rollup institutions
FY2025,IPF10052753,OSIVAX SAS,Osivax Sas,FRANCE,False,484063.0,2,1,449119.0,34944.0,0,484063.0,2,1,0.0,0,0,484063.0,2,0.0,0,0.0,0,0.0,0,0.0,0,0.0,0,0.0,0,0.0,0,0.0,0,0.0,0,0.0,0,2,1,242032.0,484063.0,242032.0,242032.0,0.5,100.0,1748.0,698.0,958.0,559.0,414.0,1.0,False,,,,,,,,True,2587,non-rollup institutions
FY2025,IPF10026797,NEW ENGLAND COLLEGE,New England College,UNITED STATES,False,483620.0,1,1,462610.0,21010.0,0,0.0,0,0,0.0,0,0,0.0,0,483620.0,1,0.0,0,0.0,0,0.0,0,0.0,0,0.0,0,0.0,0,0.0,0,0.0,0,483620.0,1,2,1,241810.0,483620.0,483620.0,0.0,0.5,0.0,1749.0,1009.0,958.0,669.0,669.0,1.0,False,,,,,,,,True,2587,non-rollup institutions
FY2025,IPF953801,UNIVERSITY OF BRISTOL,University of Bristol,UNITED KINGDOM,False,483540.0,1,1,452016.0,31524.0,0,483540.0,1,1,0.0,0,0,483540.0,1,0.0,0,0.0,0,0.0,0,0.0,0,0.0,0,0.0,0,0.0,0,0.0,0,0.0,0,0.0,0,3,1,161180.0,483540.0,483540.0,161180.0,0.33,100.0,1750.0,1009.0,958.0,560.0,484.0,1.0,False,,,,,,,,True,2587,non-rollup institutions
FY2025,IPF10062574,MEGANANO DIAGNOSTICS INC.,Meganano Diagnostics,UNITED STATES,False,483346.0,1,1,412445.0,70901.0,0,0.0,0,0,0.0,0,0,0.0,0,483346.0,1,0.0,0,0.0,0,0.0,0,0.0,0,0.0,0,0.0,0,0.0,0,0.0,0,483346.0,1,2,1,241673.0,483346.0,483346.0,0.0,0.5,0.0,1751.0,1009.0,958.0,669.0,669.0,1.0,False,,,,,,,,True,2587,non-rollup institutions
FY2025,IPF10063903,FISTULA SOLUTION CORPORATION,Fistula Solution Corporation,UNITED STATES,False,483306.0,1,1,352849.0,98839.0,0,0.0,0,0,0.0,0,0,0.0,0,483306.0,1,0.0,0,0.0,0,0.0,0,0.0,0,0.0,0,0.0,0,0.0,0,0.0,0,483306.0,1,1,1,483306.0,483306.0,483306.0,0.0,1.0,0.0,1752.0,1009.0,958.0,669.0,669.0,1.0,False,,,,,,,,True,2587,non-rollup institutions
FY2025,IPF8455011,ALBANY COLLEGE OF PHARMACY,Albany College of Pharmacy,UNITED STATES,False,479925.0,1,1,299953.0,179972.0,0,0.0,0,0,0.0,0,0,0.0,0,479925.0,1,0.0,0,0.0,0,0.0,0,0.0,0,0.0,0,0.0,0,0.0,0,0.0,0,479925.0,1,1,1,479925.0,479925.0,479925.0,0.0,1.0,0.0,1753.0,1009.0,958.0,669.0,669.0,1.0,False,,,,,,,,True,2587,non-rollup institutions
FY2025,IPF1422201,ABSENTEE SHAWNEE TRIBE OF OKLAHOMA,Absentee Shawnee Tribe of Oklahoma,UNITED STATES,False,479826.0,1,1,381243.0,98583.0,0,0.0,0,0,0.0,0,0,0.0,0,0.0,0,0.0,0,0.0,0,0.0,0,0.0,0,0.0,0,0.0,0,479826.0,1,0.0,0,479826.0,1,4,1,119956.0,479826.0,479826.0,0.0,0.25,0.0,1754.0,1009.0,958.0,669.0,669.0,1.0,False,,,,,,,,True,2587,non-rollup institutions
FY2025,IPF10036470,"UNIVERSIDAD NACIONAL, COSTA RICA","Universidad Nacional, Costa Rica",COSTA RICA,False,476997.0,2,1,646870.0,30127.0,0,0.0,0,0,0.0,0,0,0.0,0,0.0,0,476997.0,2,0.0,0,0.0,0,0.0,0,0.0,0,0.0,0,0.0,0,0.0,0,476997.0,2,2,1,238498.0,476997.0,238498.0,0.0,0.5,0.0,1755.0,698.0,958.0,669.0,669.0,1.0,False,,,,,,,,True,2587,non-rollup institutions
FY2025,IPF8295401,TEXAS WOMAN'S UNIVERSITY,Texas Woman's University,UNITED STATES,False,476973.0,1,1,374967.0,102006.0,0,0.0,0,0,0.0,0,0,0.0,0,476973.0,1,0.0,0,0.0,0,0.0,0,0.0,0,0.0,0,0.0,0,0.0,0,0.0,0,476973.0,1,1,1,476973.0,476973.0,476973.0,0.0,1.0,0.0,1756.0,1009.0,958.0,669.0,669.0,1.0,False,,,,,,,,True,2587,non-rollup institutions
FY2025,IPF10071301,HEALTHY TARRANT COUNTY COLLABORATION,Healthy Tarrant County Collaboration,UNITED STATES,False,475301.0,1,1,439260.0,36041.0,0,0.0,0,0,0.0,0,0,0.0,0,0.0,0,0.0,0,0.0,0,0.0,0,0.0,0,0.0,0,0.0,0,475301.0,1,0.0,0,475301.0,1,1,1,475301.0,475301.0,475301.0,0.0,1.0,0.0,1757.0,1009.0,958.0,669.0,669.0,1.0,False,,,,,,,,True,2587,non-rollup institutions
FY2025,IPF10064562,ENRECTEC LLC,Enrectec,UNITED STATES,False,475014.0,1,1,317128.0,126851.0,0,0.0,0,0,0.0,0,0,0.0,0,475014.0,1,0.0,0,0.0,0,0.0,0,0.0,0,0.0,0,0.0,0,0.0,0,0.0,0,475014.0,1,1,1,475014.0,475014.0,475014.0,0.0,1.0,0.0,1758.0,1009.0,958.0,669.0,669.0,1.0,False,,,,,,,,True,2587,non-rollup institutions
FY2025,IPF7907801,ST. LOUIS COLLEGE OF PHARMACY,St. Louis College of Pharmacy,UNITED STATES,False,474946.0,1,1,349156.0,125790.0,0,0.0,0,0,0.0,0,0,0.0,0,474946.0,1,0.0,0,0.0,0,0.0,0,0.0,0,0.0,0,0.0,0,0.0,0,0.0,0,474946.0,1,1,1,474946.0,474946.0,474946.0,0.0,1.0,0.0,1759.0,1009.0,958.0,669.0,669.0,1.0,False,,,,,,,,True,2587,non-rollup institutions
FY2025,IPF10058971,ONE HEALTH STUDIO LLC,One Health Studio,UNITED STATES,False,474092.0,1,1,372828.0,79348.0,0,0.0,0,0,0.0,0,0,0.0,0,474092.0,1,0.0,0,0.0,0,0.0,0,0.0,0,0.0,0,0.0,0,0.0,0,0.0,0,474092.0,1,1,1,474092.0,474092.0,474092.0,0.0,1.0,0.0,1760.0,1009.0,958.0,669.0,669.0,1.0,False,,,,,,,,True,2587,non-rollup institutions
FY2025,IPF1605023,YORK COLLEGE,York College,UNITED STATES,False,473864.0,3,3,295150.0,178714.0,0,0.0,0,0,0.0,0,0,0.0,0,362683.0,2,0.0,0,0.0,0,0.0,0,0.0,0,0.0,0,0.0,0,111181.0,1,0.0,0,473864.0,3,3,3,157955.0,157955.0,157955.0,0.0,1.0,0.0,1761.0,578.0,550.0,669.0,669.0,1.0,False,,,,,,,,True,2587,non-rollup institutions
FY2025,IPF3240901,RICHMOND INSTITUTE FOR VETERANS RESEARCH,Richmond Institute for Veterans Research,UNITED STATES,False,472511.0,1,1,424829.0,47682.0,0,472511.0,1,1,0.0,0,0,472511.0,1,0.0,0,0.0,0,0.0,0,0.0,0,0.0,0,0.0,0,0.0,0,0.0,0,0.0,0,0.0,0,1,1,472511.0,472511.0,472511.0,472511.0,1.0,100.0,1762.0,1009.0,958.0,561.0,484.0,1.0,False,,,,,,,,True,2587,non-rollup institutions
FY2025,IPF3322501,"VIOCARE, INC.",Viocare,UNITED STATES,False,472510.0,1,1,315427.0,126171.0,0,0.0,0,0,0.0,0,0,0.0,0,472510.0,1,0.0,0,0.0,0,0.0,0,0.0,0,0.0,0,0.0,0,0.0,0,0.0,0,472510.0,1,1,1,472510.0,472510.0,472510.0,0.0,1.0,0.0,1763.0,1009.0,958.0,669.0,669.0,1.0,False,,,,,,,,True,2587,non-rollup institutions
FY2025,IPF10081393,"SPIROMATICS, INC.",Spiromatics,UNITED STATES,False,471544.0,1,1,316922.0,124169.0,0,0.0,0,0,0.0,0,0,0.0,0,471544.0,1,0.0,0,0.0,0,0.0,0,0.0,0,0.0,0,0.0,0,0.0,0,0.0,0,471544.0,1,1,1,471544.0,471544.0,471544.0,0.0,1.0,0.0,1764.0,1009.0,958.0,669.0,669.0,1.0,False,,,,,,,,True,2587,non-rollup institutions
FY2025,IPF4698701,LUNDS UNIVERSITET,Lunds Universitet,SWEDEN,False,471227.0,1,1,436321.0,34906.0,0,471227.0,1,1,0.0,0,0,471227.0,1,0.0,0,0.0,0,0.0,0,0.0,0,0.0,0,0.0,0,0.0,0,0.0,0,0.0,0,0.0,0,1,1,471227.0,471227.0,471227.0,471227.0,1.0,100.0,1765.0,1009.0,958.0,562.0,484.0,1.0,False,,,,,,,,True,2587,non-rollup institutions
FY2025,IPF593801,"HASTINGS CENTER, INC.",Hastings Center,UNITED STATES,False,471003.0,1,1,386453.0,84550.0,0,471003.0,1,1,0.0,0,0,471003.0,1,0.0,0,0.0,0,0.0,0,0.0,0,0.0,0,0.0,0,0.0,0,0.0,0,0.0,0,0.0,0,3,1,157001.0,471003.0,471003.0,157001.0,0.33,100.0,1766.0,1009.0,958.0,563.0,484.0,1.0,False,,,,,,,,True,2587,non-rollup institutions
FY2025,IPF820003,UNIVERSITY OF HAWAII AT HILO,University of Hawaii at Hilo,UNITED STATES,False,468391.0,2,2,355202.0,113189.0,0,0.0,0,0,0.0,0,0,0.0,0,145500.0,1,322891.0,1,0.0,0,0.0,0,0.0,0,0.0,0,0.0,0,0.0,0,0.0,0,468391.0,2,4,2,117098.0,234196.0,234196.0,0.0,0.5,0.0,1767.0,698.0,671.0,669.0,669.0,1.0,False,,,,,,,,True,2587,non-rollup institutions
FY2025,IPF10054634,"OSCILLOSCAPE, LLC",Oscilloscape,UNITED STATES,False,467538.0,1,1,389561.0,47390.0,0,0.0,0,0,0.0,0,0,0.0,0,467538.0,1,0.0,0,0.0,0,0.0,0,0.0,0,0.0,0,0.0,0,0.0,0,0.0,0,467538.0,1,2,1,233769.0,467538.0,467538.0,0.0,0.5,0.0,1768.0,1009.0,958.0,669.0,669.0,1.0,False,,,,,,,,True,2587,non-rollup institutions
FY2025,IPF10072567,LIMAX BIOSCIENCES INC,Limax Biosciences,UNITED STATES,False,464229.0,1,1,406500.0,57729.0,0,0.0,0,0,0.0,0,0,0.0,0,464229.0,1,0.0,0,0.0,0,0.0,0,0.0,0,0.0,0,0.0,0,0.0,0,0.0,0,464229.0,1,2,1,232114.0,464229.0,464229.0,0.0,0.5,0.0,1769.0,1009.0,958.0,669.0,669.0,1.0,False,,,,,,,,True,2587,non-rollup institutions
FY2025,IPF10046067,"RESPANA THERAPEUTICS, INC.",Respana Therapeutics,UNITED STATES,False,463597.0,1,1,429428.0,10000.0,0,0.0,0,0,0.0,0,0,0.0,0,463597.0,1,0.0,0,0.0,0,0.0,0,0.0,0,0.0,0,0.0,0,0.0,0,0.0,0,463597.0,1,1,1,463597.0,463597.0,463597.0,0.0,1.0,0.0,1770.0,1009.0,958.0,669.0,669.0,1.0,False,,,,,,,,True,2587,non-rollup institutions
FY2025,IPF10081823,UNMUTE ENTERPRISE INC,Unmute Enterprise,UNITED STATES,False,461776.0,1,1,341855.0,96322.0,0,0.0,0,0,0.0,0,0,0.0,0,461776.0,1,0.0,0,0.0,0,0.0,0,0.0,0,0.0,0,0.0,0,0.0,0,0.0,0,461776.0,1,2,1,230888.0,461776.0,461776.0,0.0,0.5,0.0,1771.0,1009.0,958.0,669.0,669.0,1.0,False,,,,,,,,True,2587,non-rollup institutions
FY2025,IPF190501,TMLIVERPOOL SCHOOL OF TROPICAL MEDICINE,Tmliverpool School of Tropical Medicine,UNITED KINGDOM,False,461691.0,1,1,427492.0,34199.0,0,461691.0,1,1,0.0,0,0,461691.0,1,0.0,0,0.0,0,0.0,0,0.0,0,0.0,0,0.0,0,0.0,0,0.0,0,0.0,0,0.0,0,1,1,461691.0,461691.0,461691.0,461691.0,1.0,100.0,1772.0,1009.0,958.0,564.0,484.0,1.0,False,,,,,,,,True,2587,non-rollup institutions
FY2025,IPF10048253,"PISON TECHNOLOGY, INC.",Pison Technology,UNITED STATES,False,459097.0,1,1,326008.0,109851.0,0,0.0,0,0,0.0,0,0,0.0,0,459097.0,1,0.0,0,0.0,0,0.0,0,0.0,0,0.0,0,0.0,0,0.0,0,0.0,0,459097.0,1,1,1,459097.0,459097.0,459097.0,0.0,1.0,0.0,1773.0,1009.0,958.0,669.0,669.0,1.0,False,,,,,,,,True,2587,non-rollup institutions
FY2025,IPF10031673,AALTO UNIVERSITY,Aalto University,FINLAND,False,458001.0,1,1,448605.0,9396.0,0,458001.0,1,1,0.0,0,0,458001.0,1,0.0,0,0.0,0,0.0,0,0.0,0,0.0,0,0.0,0,0.0,0,0.0,0,0.0,0,0.0,0,1,1,458001.0,458001.0,458001.0,458001.0,1.0,100.0,1774.0,1009.0,958.0,565.0,484.0,1.0,False,,,,,,,,True,2587,non-rollup institutions
FY2025,IPF6007501,UNIVERSITY OF NEWCASTLE,University of Newcastle,UNITED KINGDOM,False,457675.0,1,1,426671.0,31004.0,0,457675.0,1,1,0.0,0,0,457675.0,1,0.0,0,0.0,0,0.0,0,0.0,0,0.0,0,0.0,0,0.0,0,0.0,0,0.0,0,0.0,0,2,1,228838.0,457675.0,457675.0,228838.0,0.5,100.0,1775.0,1009.0,958.0,566.0,484.0,1.0,False,,,,,,,,True,2587,non-rollup institutions
FY2025,IPF10088827,LABORECOM THERAPEUTICS INC.,Laborecom Therapeutics,UNITED STATES,False,457232.0,1,1,305532.0,122213.0,0,0.0,0,0,0.0,0,0,0.0,0,457232.0,1,0.0,0,0.0,0,0.0,0,0.0,0,0.0,0,0.0,0,0.0,0,0.0,0,457232.0,1,1,1,457232.0,457232.0,457232.0,0.0,1.0,0.0,1776.0,1009.0,958.0,669.0,669.0,1.0,False,,,,,,,,True,2587,non-rollup institutions
FY2025,IPF10011969,"MMJ LABS, LLC",Mmj Labs,UNITED STATES,False,455972.0,1,1,332110.0,94032.0,0,0.0,0,0,0.0,0,0,0.0,0,455972.0,1,0.0,0,0.0,0,0.0,0,0.0,0,0.0,0,0.0,0,0.0,0,0.0,0,455972.0,1,2,1,227986.0,455972.0,455972.0,0.0,0.5,0.0,1777.0,1009.0,958.0,669.0,669.0,1.0,False,,,,,,,,True,2587,non-rollup institutions
FY2025,IPF10077871,ANEKABIO LLC,Anekabio,UNITED STATES,False,454437.0,1,1,369957.0,56000.0,0,0.0,0,0,0.0,0,0,0.0,0,454437.0,1,0.0,0,0.0,0,0.0,0,0.0,0,0.0,0,0.0,0,0.0,0,0.0,0,454437.0,1,1,1,454437.0,454437.0,454437.0,0.0,1.0,0.0,1778.0,1009.0,958.0,669.0,669.0,1.0,False,,,,,,,,True,2587,non-rollup institutions
FY2025,IPF10005490,"PAI LIFE SCIENCES, INC.",Pai Life Sciences,UNITED STATES,False,452996.0,1,1,374417.0,48944.0,0,0.0,0,0,0.0,0,0,0.0,0,452996.0,1,0.0,0,0.0,0,0.0,0,0.0,0,0.0,0,0.0,0,0.0,0,0.0,0,452996.0,1,2,1,226498.0,452996.0,452996.0,0.0,0.5,0.0,1779.0,1009.0,958.0,669.0,669.0,1.0,False,,,,,,,,True,2587,non-rollup institutions
FY2025,IPF10080123,MAGNIFY BIOSCIENCES INC.,Magnify Biosciences,UNITED STATES,False,451095.0,1,1,295926.0,125746.0,0,0.0,0,0,0.0,0,0,0.0,0,451095.0,1,0.0,0,0.0,0,0.0,0,0.0,0,0.0,0,0.0,0,0.0,0,0.0,0,451095.0,1,1,1,451095.0,451095.0,451095.0,0.0,1.0,0.0,1780.0,1009.0,958.0,669.0,669.0,1.0,False,,,,,,,,True,2587,non-rollup institutions
FY2025,IPF10051920,KINOXIS THERAPEUTICS PTY LTD,Kinoxis Therapeutics,AUSTRALIA,False,450505.0,1,1,450505.0,0.0,0,0.0,0,0,0.0,0,0,0.0,0,0.0,0,450505.0,1,0.0,0,0.0,0,0.0,0,0.0,0,0.0,0,0.0,0,0.0,0,450505.0,1,3,1,150168.0,450505.0,450505.0,0.0,0.33,0.0,1781.0,1009.0,958.0,669.0,669.0,1.0,False,,,,,,,,True,2587,non-rollup institutions
FY2025,IPF10047190,"GENERAL BIOPHYSICS, LLC",General Biophysics,UNITED STATES,False,450000.0,2,2,393660.0,30172.0,0,0.0,0,0,0.0,0,0,0.0,0,450000.0,2,0.0,0,0.0,0,0.0,0,0.0,0,0.0,0,0.0,0,0.0,0,0.0,0,450000.0,2,2,1,225000.0,225000.0,225000.0,0.0,1.0,0.0,1782.0,698.0,671.0,669.0,669.0,1.0,False,,,,,,,,True,2587,non-rollup institutions
FY2025,IPF10081584,VIRTUALLYBETTER HEALTH LLC,Virtuallybetter Health,UNITED STATES,False,449958.0,1,1,344928.0,75594.0,0,0.0,0,0,0.0,0,0,0.0,0,449958.0,1,0.0,0,0.0,0,0.0,0,0.0,0,0.0,0,0.0,0,0.0,0,0.0,0,449958.0,1,3,1,149986.0,449958.0,449958.0,0.0,0.33,0.0,1783.0,1009.0,958.0,669.0,669.0,1.0,False,,,,,,,,True,2587,non-rollup institutions
FY2025,IPF10087642,OPENMINDXR LLC,Openmindxr,UNITED STATES,False,449729.0,1,1,382103.0,38210.0,0,0.0,0,0,0.0,0,0,0.0,0,449729.0,1,0.0,0,0.0,0,0.0,0,0.0,0,0.0,0,0.0,0,0.0,0,0.0,0,449729.0,1,2,1,224864.0,449729.0,449729.0,0.0,0.5,0.0,1784.0,1009.0,958.0,669.0,669.0,1.0,False,,,,,,,,True,2587,non-rollup institutions
FY2025,IPF10080747,"WALNOT, INC.",Walnot,UNITED STATES,False,449390.0,1,1,373833.0,46158.0,0,0.0,0,0,0.0,0,0,0.0,0,449390.0,1,0.0,0,0.0,0,0.0,0,0.0,0,0.0,0,0.0,0,0.0,0,0.0,0,449390.0,1,2,1,224695.0,449390.0,449390.0,0.0,0.5,0.0,1785.0,1009.0,958.0,669.0,669.0,1.0,False,,,,,,,,True,2587,non-rollup institutions
FY2025,IPF10004967,NEURONEXUS TECHNOLOGIES,Neuronexus Technologies,UNITED STATES,False,449228.0,1,1,396392.0,23447.0,0,0.0,0,0,0.0,0,0,0.0,0,449228.0,1,0.0,0,0.0,0,0.0,0,0.0,0,0.0,0,0.0,0,0.0,0,0.0,0,449228.0,1,1,1,449228.0,449228.0,449228.0,0.0,1.0,0.0,1786.0,1009.0,958.0,669.0,669.0,1.0,False,,,,,,,,True,2587,non-rollup institutions
FY2025,IPF10074806,NOUS BIOSCIENCES INC,Nous Biosciences,UNITED STATES,False,448762.0,2,2,401436.0,18288.0,0,0.0,0,0,0.0,0,0,0.0,0,448762.0,2,0.0,0,0.0,0,0.0,0,0.0,0,0.0,0,0.0,0,0.0,0,0.0,0,448762.0,2,1,1,448762.0,224381.0,224381.0,0.0,2.0,0.0,1787.0,698.0,671.0,669.0,669.0,1.0,False,,,,,,,,True,2587,non-rollup institutions
FY2025,IPF10032496,HIGH POINT UNIVERSITY,High Point University,UNITED STATES,False,447000.0,1,1,300000.0,147000.0,0,0.0,0,0,0.0,0,0,0.0,0,0.0,0,0.0,0,0.0,0,0.0,0,0.0,0,0.0,0,0.0,0,447000.0,1,0.0,0,447000.0,1,1,1,447000.0,447000.0,447000.0,0.0,1.0,0.0,1788.0,1009.0,958.0,669.0,669.0,1.0,False,,,,,,,,True,2587,non-rollup institutions
FY2025,IPF10050835,"COLOR HEALTH, INC.",Color Health,UNITED STATES,False,446689.0,1,1,388425.0,58264.0,0,0.0,0,0,0.0,0,0,0.0,0,0.0,0,0.0,0,0.0,0,0.0,0,0.0,0,0.0,0,0.0,0,446689.0,1,0.0,0,446689.0,1,1,1,446689.0,446689.0,446689.0,0.0,1.0,0.0,1789.0,1009.0,958.0,669.0,669.0,1.0,False,,,,,,,,True,2587,non-rollup institutions
FY2025,IPF10067354,ESPERIMAGE LLC,Esperimage,UNITED STATES,False,444693.0,1,1,296886.0,118754.0,0,0.0,0,0,0.0,0,0,0.0,0,444693.0,1,0.0,0,0.0,0,0.0,0,0.0,0,0.0,0,0.0,0,0.0,0,0.0,0,444693.0,1,1,1,444693.0,444693.0,444693.0,0.0,1.0,0.0,1790.0,1009.0,958.0,669.0,669.0,1.0,False,,,,,,,,True,2587,non-rollup institutions
FY2025,IPF10092538,STROKEBRIDGE INC,Strokebridge,UNITED STATES,False,444680.0,1,1,389391.0,55289.0,0,444680.0,1,1,0.0,0,0,444680.0,1,0.0,0,0.0,0,0.0,0,0.0,0,0.0,0,0.0,0,0.0,0,0.0,0,0.0,0,0.0,0,1,1,444680.0,444680.0,444680.0,444680.0,1.0,100.0,1791.0,1009.0,958.0,568.0,484.0,1.0,False,,,,,,,,True,2587,non-rollup institutions
FY2025,IPF3228101,HAVERFORD COLLEGE,Haverford College,UNITED STATES,False,442710.0,1,1,287622.0,155088.0,0,0.0,0,0,0.0,0,0,0.0,0,442710.0,1,0.0,0,0.0,0,0.0,0,0.0,0,0.0,0,0.0,0,0.0,0,0.0,0,442710.0,1,1,1,442710.0,442710.0,442710.0,0.0,1.0,0.0,1792.0,1009.0,958.0,669.0,669.0,1.0,False,,,,,,,,True,2587,non-rollup institutions
FY2025,IPF5992650,COLLEGE AT BROCKPORT,College at Brockport,UNITED STATES,False,442397.0,1,1,299998.0,142399.0,0,0.0,0,0,0.0,0,0,0.0,0,442397.0,1,0.0,0,0.0,0,0.0,0,0.0,0,0.0,0,0.0,0,0.0,0,0.0,0,442397.0,1,1,1,442397.0,442397.0,442397.0,0.0,1.0,0.0,1793.0,1009.0,958.0,669.0,669.0,1.0,False,,,,,,,,True,2587,non-rollup institutions
FY2025,IPF10080516,PARC INNOVATIONS LLC,Parc Innovations,UNITED STATES,False,442074.0,1,1,321347.0,91806.0,0,0.0,0,0,0.0,0,0,0.0,0,442074.0,1,0.0,0,0.0,0,0.0,0,0.0,0,0.0,0,0.0,0,0.0,0,0.0,0,442074.0,1,2,1,221037.0,442074.0,442074.0,0.0,0.5,0.0,1794.0,1009.0,958.0,669.0,669.0,1.0,False,,,,,,,,True,2587,non-rollup institutions
FY2025,IPF1605026,BERNARD M. BARUCH COLLEGE,Bernard M. Baruch College,UNITED STATES,False,441027.0,1,1,345090.0,95937.0,0,0.0,0,0,0.0,0,0,0.0,0,441027.0,1,0.0,0,0.0,0,0.0,0,0.0,0,0.0,0,0.0,0,0.0,0,0.0,0,441027.0,1,2,1,220514.0,441027.0,441027.0,0.0,0.5,0.0,1795.0,1009.0,958.0,669.0,669.0,1.0,False,,,,,,,,True,2587,non-rollup institutions
FY2025,IPF10054014,"SEE YOURSELF HEALTH, LLC",See Yourself Health,UNITED STATES,False,440816.0,2,2,312554.0,103022.0,0,0.0,0,0,0.0,0,0,0.0,0,440816.0,2,0.0,0,0.0,0,0.0,0,0.0,0,0.0,0,0.0,0,0.0,0,0.0,0,440816.0,2,3,2,146939.0,220408.0,220408.0,0.0,0.67,0.0,1796.0,698.0,671.0,669.0,669.0,1.0,False,,,,,,,,True,2587,non-rollup institutions
FY2025,IPF6501801,PHILADELPHIA COLLEGE OF OSTEOPATHIC MED,Philadelphia College of Osteopathic Medicine,UNITED STATES,False,438365.0,1,1,289159.0,149206.0,0,438365.0,1,1,0.0,0,0,438365.0,1,0.0,0,0.0,0,0.0,0,0.0,0,0.0,0,0.0,0,0.0,0,0.0,0,0.0,0,0.0,0,1,1,438365.0,438365.0,438365.0,438365.0,1.0,100.0,1797.0,1009.0,958.0,570.0,484.0,1.0,False,,,,,,,,True,2587,non-rollup institutions
FY2025,IPF3318201,"THERMEDICAL, INC.",Thermedical,UNITED STATES,False,437984.0,1,1,334475.0,103509.0,0,0.0,0,0,0.0,0,0,0.0,0,437984.0,1,0.0,0,0.0,0,0.0,0,0.0,0,0.0,0,0.0,0,0.0,0,0.0,0,437984.0,1,1,1,437984.0,437984.0,437984.0,0.0,1.0,0.0,1798.0,1009.0,958.0,669.0,669.0,1.0,False,,,,,,,,True,2587,non-rollup institutions
FY2025,IPF513604,CALIFORNIA STATE UNIVERSITY HAYWARD,California State University Hayward,UNITED STATES,False,435317.0,3,3,295681.0,139636.0,0,0.0,0,0,0.0,0,0,0.0,0,435317.0,3,0.0,0,0.0,0,0.0,0,0.0,0,0.0,0,0.0,0,0.0,0,0.0,0,435317.0,3,3,3,145106.0,145106.0,145106.0,0.0,1.0,0.0,1799.0,578.0,550.0,669.0,669.0,1.0,False,,,,,,,,True,2587,non-rollup institutions
FY2025,IPF7249001,SAN FRANCISCO DEPARTMENT OF PUBLIC HEALTH,San Francisco Department of Public Health,UNITED STATES,False,435067.0,2,2,420623.0,14444.0,0,235470.0,1,1,0.0,0,0,235470.0,1,0.0,0,0.0,0,0.0,0,199597.0,1,0.0,0,0.0,0,0.0,0,0.0,0,0.0,0,199597.0,1,2,2,217534.0,217534.0,217534.0,117735.0,1.0,54.1,1800.0,698.0,671.0,631.0,484.0,1.0,False,,,,,,,,True,2587,non-rollup institutions
FY2025,IPF10034166,RBHS -CANCER INSTITUTE OF NEW JERSEY,RBHS -Cancer Institute of New Jersey,UNITED STATES,False,432280.0,1,1,319768.0,112512.0,0,432280.0,1,1,0.0,0,0,432280.0,1,0.0,0,0.0,0,0.0,0,0.0,0,0.0,0,0.0,0,0.0,0,0.0,0,0.0,0,0.0,0,2,1,216140.0,432280.0,432280.0,216140.0,0.5,100.0,1801.0,1009.0,958.0,571.0,484.0,1.0,False,,,,,,,,True,2587,non-rollup institutions
FY2025,IPF10066767,SHIFA TAMEER-E-MILLAT UNIVERSITY,Shifa Tameer-E-Millat University,PAKISTAN,False,432104.0,1,1,405447.0,26657.0,0,432104.0,1,1,0.0,0,0,432104.0,1,0.0,0,0.0,0,0.0,0,0.0,0,0.0,0,0.0,0,0.0,0,0.0,0,0.0,0,0.0,0,1,1,432104.0,432104.0,432104.0,432104.0,1.0,100.0,1802.0,1009.0,958.0,572.0,484.0,1.0,False,,,,,,,,True,2587,non-rollup institutions
FY2025,IPF513706,POMONA COLLEGE,Pomona College,UNITED STATES,False,428004.0,1,1,314742.0,113262.0,0,0.0,0,0,0.0,0,0,0.0,0,428004.0,1,0.0,0,0.0,0,0.0,0,0.0,0,0.0,0,0.0,0,0.0,0,0.0,0,428004.0,1,1,1,428004.0,428004.0,428004.0,0.0,1.0,0.0,1803.0,1009.0,958.0,669.0,669.0,1.0,False,,,,,,,,True,2587,non-rollup institutions
FY2025,IPF659301,BARD COLLEGE,Bard College,UNITED STATES,False,427016.0,1,1,374936.0,52080.0,0,0.0,0,0,0.0,0,0,0.0,0,427016.0,1,0.0,0,0.0,0,0.0,0,0.0,0,0.0,0,0.0,0,0.0,0,0.0,0,427016.0,1,1,1,427016.0,427016.0,427016.0,0.0,1.0,0.0,1804.0,1009.0,958.0,669.0,669.0,1.0,False,,,,,,,,True,2587,non-rollup institutions
FY2025,IPF9292901,WILLIAMS COLLEGE,Williams College,UNITED STATES,False,427000.0,1,1,300000.0,127000.0,0,0.0,0,0,0.0,0,0,0.0,0,427000.0,1,0.0,0,0.0,0,0.0,0,0.0,0,0.0,0,0.0,0,0.0,0,0.0,0,427000.0,1,1,1,427000.0,427000.0,427000.0,0.0,1.0,0.0,1805.0,1009.0,958.0,669.0,669.0,1.0,False,,,,,,,,True,2587,non-rollup institutions
FY2025,IPF2328801,QUEENSLAND INSTITUTE OF MEDICAL RESEARCH,Queensland Institute of Medical Research,AUSTRALIA,False,426485.0,1,1,409218.0,17267.0,0,426485.0,1,1,0.0,0,0,426485.0,1,0.0,0,0.0,0,0.0,0,0.0,0,0.0,0,0.0,0,0.0,0,0.0,0,0.0,0,0.0,0,4,1,106621.0,426485.0,426485.0,106621.0,0.25,100.0,1806.0,1009.0,958.0,574.0,484.0,1.0,False,,,,,,,,True,2587,non-rollup institutions
FY2025,IPF1804104,"NEMOURS CHILDREN'S HOSPITAL, ORLANDO","Nemours Children's Hospital, Orlando",UNITED STATES,False,425523.0,2,2,364343.0,61180.0,0,274593.0,1,1,0.0,0,0,274593.0,1,0.0,0,0.0,0,0.0,0,150930.0,1,0.0,0,0.0,0,0.0,0,0.0,0,0.0,0,150930.0,1,3,2,141841.0,212762.0,212762.0,91531.0,0.67,64.5,1807.0,698.0,671.0,627.0,484.0,1.0,False,,,,,,,,True,2587,non-rollup institutions
FY2025,IPF10001734,FRAUNHOFER CENTER /MANUFACTURING INNOV,Fraunhofer Center /Manufacturing Innov,UNITED STATES,False,424531.0,1,1,295799.0,128732.0,0,0.0,0,0,0.0,0,0,0.0,0,424531.0,1,0.0,0,0.0,0,0.0,0,0.0,0,0.0,0,0.0,0,0.0,0,0.0,0,424531.0,1,1,1,424531.0,424531.0,424531.0,0.0,1.0,0.0,1808.0,1009.0,958.0,669.0,669.0,1.0,False,,,,,,,,True,2587,non-rollup institutions
FY2025,IPF10067323,PAUL SCHERRER INSTITUT PSI,Paul Scherrer Institut Psi,SWITZERLAND,False,424293.0,1,1,424293.0,0.0,0,0.0,0,0,0.0,0,0,0.0,0,0.0,0,424293.0,1,0.0,0,0.0,0,0.0,0,0.0,0,0.0,0,0.0,0,0.0,0,424293.0,1,2,1,212146.0,424293.0,424293.0,0.0,0.5,0.0,1809.0,1009.0,958.0,669.0,669.0,1.0,False,,,,,,,,True,2587,non-rollup institutions
FY2025,IPF10047817,"BIOSYMETRICS, INC.",Biosymetrics,UNITED STATES,False,423313.0,1,1,396194.0,27119.0,0,0.0,0,0,0.0,0,0,0.0,0,423313.0,1,0.0,0,0.0,0,0.0,0,0.0,0,0.0,0,0.0,0,0.0,0,0.0,0,423313.0,1,2,1,211656.0,423313.0,423313.0,0.0,0.5,0.0,1810.0,1009.0,958.0,669.0,669.0,1.0,False,,,,,,,,True,2587,non-rollup institutions
FY2025,IPF10042426,"HABITAWARE, INC.",Habitaware,UNITED STATES,False,422629.0,1,1,298060.0,96920.0,0,0.0,0,0,0.0,0,0,0.0,0,422629.0,1,0.0,0,0.0,0,0.0,0,0.0,0,0.0,0,0.0,0,0.0,0,0.0,0,422629.0,1,2,1,211314.0,422629.0,422629.0,0.0,0.5,0.0,1811.0,1009.0,958.0,669.0,669.0,1.0,False,,,,,,,,True,2587,non-rollup institutions
FY2025,IPF7862501,SAINT JOSEPH'S UNIVERSITY,Saint Joseph's University,UNITED STATES,False,420600.0,1,1,300000.0,120600.0,0,0.0,0,0,0.0,0,0,0.0,0,420600.0,1,0.0,0,0.0,0,0.0,0,0.0,0,0.0,0,0.0,0,0.0,0,0.0,0,420600.0,1,1,1,420600.0,420600.0,420600.0,0.0,1.0,0.0,1812.0,1009.0,958.0,669.0,669.0,1.0,False,,,,,,,,True,2587,non-rollup institutions
FY2025,IPF8969901,VIRGINIA STATE UNIVERSITY,Virginia State University,UNITED STATES,False,420388.0,1,1,291936.0,128452.0,0,0.0,0,0,0.0,0,0,0.0,0,420388.0,1,0.0,0,0.0,0,0.0,0,0.0,0,0.0,0,0.0,0,0.0,0,0.0,0,420388.0,1,1,1,420388.0,420388.0,420388.0,0.0,1.0,0.0,1813.0,1009.0,958.0,669.0,669.0,1.0,False,,,,,,,,True,2587,non-rollup institutions
FY2025,IPF10020222,STRATHMORE UNIVERSITY,Strathmore University,KENYA,False,419992.0,2,1,962118.0,56247.0,0,0.0,0,0,0.0,0,0,0.0,0,0.0,0,419992.0,2,0.0,0,0.0,0,0.0,0,0.0,0,0.0,0,0.0,0,0.0,0,419992.0,2,3,1,139997.0,419992.0,209996.0,0.0,0.33,0.0,1814.0,698.0,958.0,669.0,669.0,1.0,False,,,,,,,,True,2587,non-rollup institutions
FY2025,IPF1523202,BOWLING GREEN STATE UNIVERSITY,Bowling Green State University,UNITED STATES,False,419466.0,1,1,291000.0,128466.0,0,0.0,0,0,0.0,0,0,0.0,0,419466.0,1,0.0,0,0.0,0,0.0,0,0.0,0,0.0,0,0.0,0,0.0,0,0.0,0,419466.0,1,1,1,419466.0,419466.0,419466.0,0.0,1.0,0.0,1815.0,1009.0,958.0,669.0,669.0,1.0,False,,,,,,,,True,2587,non-rollup institutions
FY2025,IPF10030978,HANOI MEDICAL UNIVERSITY,Hanoi Medical University,VIETNAM,False,417451.0,3,3,394032.0,23419.0,0,0.0,0,0,0.0,0,0,0.0,0,0.0,0,0.0,0,0.0,0,145521.0,2,0.0,0,0.0,0,0.0,0,271930.0,1,0.0,0,417451.0,3,6,3,69575.0,139150.0,139150.0,0.0,0.5,0.0,1816.0,578.0,550.0,669.0,669.0,1.0,True,535.0,,,,,,,True,2587,non-rollup institutions
FY2025,IPF285001,AMERICAN INSTITUTES FOR RESEARCH,American Institutes for Research,UNITED STATES,False,417296.0,1,1,275000.0,142296.0,0,0.0,0,0,0.0,0,0,0.0,0,417296.0,1,0.0,0,0.0,0,0.0,0,0.0,0,0.0,0,0.0,0,0.0,0,0.0,0,417296.0,1,1,1,417296.0,417296.0,417296.0,0.0,1.0,0.0,1817.0,1009.0,958.0,669.0,669.0,1.0,False,,,,,,,,True,2587,non-rollup institutions
FY2025,IPF1288804,UNIVERSITY OF ALABAMA IN HUNTSVILLE,University of Alabama in Huntsville,UNITED STATES,False,417264.0,1,1,325818.0,91446.0,0,417264.0,1,1,0.0,0,0,417264.0,1,0.0,0,0.0,0,0.0,0,0.0,0,0.0,0,0.0,0,0.0,0,0.0,0,0.0,0,0.0,0,1,1,417264.0,417264.0,417264.0,417264.0,1.0,100.0,1818.0,1009.0,958.0,577.0,484.0,1.0,False,,,,,,,,True,2587,non-rollup institutions
FY2025,IPF10073841,"OBJECTIVE BIOTECHNOLOGY, INC.",Objective Biotechnology,UNITED STATES,False,416925.0,1,1,340824.0,62700.0,0,0.0,0,0,0.0,0,0,0.0,0,416925.0,1,0.0,0,0.0,0,0.0,0,0.0,0,0.0,0,0.0,0,0.0,0,0.0,0,416925.0,1,2,1,208462.0,416925.0,416925.0,0.0,0.5,0.0,1819.0,1009.0,958.0,669.0,669.0,1.0,False,,,,,,,,True,2587,non-rollup institutions
FY2025,IPF2256601,APHIOS CORPORATION,Aphios Corporation,UNITED STATES,False,416134.0,1,1,155990.0,232920.0,0,0.0,0,0,0.0,0,0,0.0,0,416134.0,1,0.0,0,0.0,0,0.0,0,0.0,0,0.0,0,0.0,0,0.0,0,0.0,0,416134.0,1,1,1,416134.0,416134.0,416134.0,0.0,1.0,0.0,1820.0,1009.0,958.0,669.0,669.0,1.0,False,,,,,,,,True,2587,non-rollup institutions
FY2025,IPF36201,COOK CHILDREN'S MEDICAL CENTER,Cook Children's Medical Center,UNITED STATES,False,414233.0,1,1,312703.0,101530.0,0,414233.0,1,1,0.0,0,0,414233.0,1,0.0,0,0.0,0,0.0,0,0.0,0,0.0,0,0.0,0,0.0,0,0.0,0,0.0,0,0.0,0,1,1,414233.0,414233.0,414233.0,414233.0,1.0,100.0,1821.0,1009.0,958.0,578.0,484.0,1.0,False,,,,,,,,True,2587,non-rollup institutions
FY2025,IPF10062999,"TREKKA THERAPEUTICS, LLC",Trekka Therapeutics,UNITED STATES,False,413298.0,1,1,365060.0,21200.0,0,0.0,0,0,0.0,0,0,0.0,0,413298.0,1,0.0,0,0.0,0,0.0,0,0.0,0,0.0,0,0.0,0,0.0,0,0.0,0,413298.0,1,1,1,413298.0,413298.0,413298.0,0.0,1.0,0.0,1822.0,1009.0,958.0,669.0,669.0,1.0,False,,,,,,,,True,2587,non-rollup institutions
FY2025,IPF10053259,REKOVAR INC.,Rekovar,UNITED STATES,False,411800.0,1,1,411800.0,0.0,0,0.0,0,0,0.0,0,0,0.0,0,411800.0,1,0.0,0,0.0,0,0.0,0,0.0,0,0.0,0,0.0,0,0.0,0,0.0,0,411800.0,1,1,1,411800.0,411800.0,411800.0,0.0,1.0,0.0,1823.0,1009.0,958.0,669.0,669.0,1.0,False,,,,,,,,True,2587,non-rollup institutions
FY2025,IPF10070847,"CLAIRYON, INC.",Clairyon,UNITED STATES,False,410924.0,1,1,328739.0,82185.0,0,0.0,0,0,0.0,0,0,0.0,0,410924.0,1,0.0,0,0.0,0,0.0,0,0.0,0,0.0,0,0.0,0,0.0,0,0.0,0,410924.0,1,1,1,410924.0,410924.0,410924.0,0.0,1.0,0.0,1824.0,1009.0,958.0,669.0,669.0,1.0,False,,,,,,,,True,2587,non-rollup institutions
FY2025,IPF2279801,MONASH UNIVERSITY,Monash University,AUSTRALIA,False,408692.0,2,2,387219.0,21473.0,0,408692.0,2,2,0.0,0,0,408692.0,2,0.0,0,0.0,0,0.0,0,0.0,0,0.0,0,0.0,0,0.0,0,0.0,0,0.0,0,0.0,0,2,2,204346.0,204346.0,204346.0,204346.0,1.0,100.0,1825.0,698.0,671.0,581.0,414.0,1.0,False,,,,,,,,True,2587,non-rollup institutions
FY2025,IPF7524001,SMITH COLLEGE,Smith College,UNITED STATES,False,408656.0,1,1,306685.0,101971.0,0,0.0,0,0,0.0,0,0,0.0,0,408656.0,1,0.0,0,0.0,0,0.0,0,0.0,0,0.0,0,0.0,0,0.0,0,0.0,0,408656.0,1,1,1,408656.0,408656.0,408656.0,0.0,1.0,0.0,1826.0,1009.0,958.0,669.0,669.0,1.0,False,,,,,,,,True,2587,non-rollup institutions
FY2025,IPF494001,ARKANSAS STATE UNIVERSITY,Arkansas State University,UNITED STATES,False,408260.0,2,2,300001.0,108259.0,0,1.0,1,1,0.0,0,0,1.0,1,408259.0,1,0.0,0,0.0,0,0.0,0,0.0,0,0.0,0,0.0,0,0.0,0,0.0,0,408259.0,1,3,2,136087.0,204130.0,204130.0,0.0,0.67,0.0,1827.0,698.0,671.0,667.0,484.0,1.0,False,,,,,,,,True,2587,non-rollup institutions
FY2025,IPF10010807,MALAWI BLOOD TRANSFUSION SERVICE,Malawi Blood Transfusion Service,MALAWI,False,408148.0,1,1,770712.0,50988.0,0,0.0,0,0,0.0,0,0,0.0,0,0.0,0,408148.0,1,0.0,0,0.0,0,0.0,0,0.0,0,0.0,0,0.0,0,0.0,0,408148.0,1,2,1,204074.0,408148.0,408148.0,0.0,0.5,0.0,1828.0,1009.0,958.0,669.0,669.0,1.0,False,,,,,,,,True,2587,non-rollup institutions
FY2025,IPF10048429,"NOSTOPHARMA, LLC",Nostopharma,UNITED STATES,False,407792.0,1,1,344074.0,63718.0,0,0.0,0,0,0.0,0,0,0.0,0,407792.0,1,0.0,0,0.0,0,0.0,0,0.0,0,0.0,0,0.0,0,0.0,0,0.0,0,407792.0,1,1,1,407792.0,407792.0,407792.0,0.0,1.0,0.0,1829.0,1009.0,958.0,669.0,669.0,1.0,False,,,,,,,,True,2587,non-rollup institutions
FY2025,IPF1514401,FAIRLEIGH DICKINSON UNIVERSITY,Fairleigh Dickinson University,UNITED STATES,False,406939.0,2,2,344605.0,62334.0,0,216694.0,1,1,0.0,0,0,216694.0,1,0.0,0,0.0,0,0.0,0,190245.0,1,0.0,0,0.0,0,0.0,0,0.0,0,0.0,0,190245.0,1,2,2,203470.0,203470.0,203470.0,108347.0,1.0,53.2,1830.0,698.0,671.0,635.0,484.0,1.0,False,,,,,,,,True,2587,non-rollup institutions
FY2025,IPF10081689,"ABSCO THERAPEUTICS, INC. D/B/A ABSCOTX",Absco Therapeutics,UNITED STATES,False,406500.0,1,1,273523.0,106809.0,0,0.0,0,0,0.0,0,0,0.0,0,406500.0,1,0.0,0,0.0,0,0.0,0,0.0,0,0.0,0,0.0,0,0.0,0,0.0,0,406500.0,1,1,1,406500.0,406500.0,406500.0,0.0,1.0,0.0,1831.0,1009.0,958.0,669.0,669.0,1.0,False,,,,,,,,True,2587,non-rollup institutions
FY2025,IPF10074804,SAFEGUARD SURGICAL LLC,Safeguard Surgical,UNITED STATES,False,406500.0,1,1,311446.0,68886.0,0,0.0,0,0,0.0,0,0,0.0,0,406500.0,1,0.0,0,0.0,0,0.0,0,0.0,0,0.0,0,0.0,0,0.0,0,0.0,0,406500.0,1,1,1,406500.0,406500.0,406500.0,0.0,1.0,0.0,1831.0,1009.0,958.0,669.0,669.0,1.0,False,,,,,,,,True,2587,non-rollup institutions
FY2025,IPF10087507,SESH INCORPORATED,Sesh Incorporated,UNITED STATES,False,406500.0,1,1,366361.0,32387.0,0,0.0,0,0,0.0,0,0,0.0,0,0.0,0,406500.0,1,0.0,0,0.0,0,0.0,0,0.0,0,0.0,0,0.0,0,0.0,0,406500.0,1,1,1,406500.0,406500.0,406500.0,0.0,1.0,0.0,1831.0,1009.0,958.0,669.0,669.0,1.0,False,,,,,,,,True,2587,non-rollup institutions
FY2025,IPF10079670,ANTIXERO,Antixero,UNITED STATES,False,406496.0,1,1,309329.0,70999.0,0,0.0,0,0,0.0,0,0,0.0,0,406496.0,1,0.0,0,0.0,0,0.0,0,0.0,0,0.0,0,0.0,0,0.0,0,0.0,0,406496.0,1,1,1,406496.0,406496.0,406496.0,0.0,1.0,0.0,1834.0,1009.0,958.0,669.0,669.0,1.0,False,,,,,,,,True,2587,non-rollup institutions
FY2025,IPF10022867,"BD HOLDING, INC.",Bd Holding,UNITED STATES,False,406412.0,1,1,318058.0,80854.0,0,0.0,0,0,0.0,0,0,0.0,0,406412.0,1,0.0,0,0.0,0,0.0,0,0.0,0,0.0,0,0.0,0,0.0,0,0.0,0,406412.0,1,1,1,406412.0,406412.0,406412.0,0.0,1.0,0.0,1835.0,1009.0,958.0,669.0,669.0,1.0,False,,,,,,,,True,2587,non-rollup institutions
FY2025,IPF10037900,INTUS BIOSCIENCES LLC,Intus Biosciences,UNITED STATES,False,405973.0,1,1,273171.0,106668.0,0,0.0,0,0,0.0,0,0,0.0,0,405973.0,1,0.0,0,0.0,0,0.0,0,0.0,0,0.0,0,0.0,0,0.0,0,0.0,0,405973.0,1,1,1,405973.0,405973.0,405973.0,0.0,1.0,0.0,1836.0,1009.0,958.0,669.0,669.0,1.0,False,,,,,,,,True,2587,non-rollup institutions
FY2025,IPF10062833,"THINK THERAPEUTICS, INC.",Think Therapeutics,UNITED STATES,False,405599.0,1,1,368207.0,37392.0,0,0.0,0,0,0.0,0,0,0.0,0,405599.0,1,0.0,0,0.0,0,0.0,0,0.0,0,0.0,0,0.0,0,0.0,0,0.0,0,405599.0,1,1,1,405599.0,405599.0,405599.0,0.0,1.0,0.0,1837.0,1009.0,958.0,669.0,669.0,1.0,False,,,,,,,,True,2587,non-rollup institutions
FY2025,IPF10066309,RAFIAS LLC,Rafias,UNITED STATES,False,405230.0,1,1,347150.0,31570.0,0,0.0,0,0,0.0,0,0,0.0,0,405230.0,1,0.0,0,0.0,0,0.0,0,0.0,0,0.0,0,0.0,0,0.0,0,0.0,0,405230.0,1,1,1,405230.0,405230.0,405230.0,0.0,1.0,0.0,1838.0,1009.0,958.0,669.0,669.0,1.0,False,,,,,,,,True,2587,non-rollup institutions
FY2025,IPF9253001,WHITMAN COLLEGE,Whitman College,UNITED STATES,False,404329.0,1,1,298462.0,105867.0,0,0.0,0,0,0.0,0,0,0.0,0,404329.0,1,0.0,0,0.0,0,0.0,0,0.0,0,0.0,0,0.0,0,0.0,0,0.0,0,404329.0,1,1,1,404329.0,404329.0,404329.0,0.0,1.0,0.0,1839.0,1009.0,958.0,669.0,669.0,1.0,False,,,,,,,,True,2587,non-rollup institutions
FY2025,IPF10066447,ALTRUMED LLC,Altrumed,UNITED STATES,False,404078.0,1,1,336238.0,41405.0,0,0.0,0,0,0.0,0,0,0.0,0,404078.0,1,0.0,0,0.0,0,0.0,0,0.0,0,0.0,0,0.0,0,0.0,0,0.0,0,404078.0,1,2,1,202039.0,404078.0,404078.0,0.0,0.5,0.0,1840.0,1009.0,958.0,669.0,669.0,1.0,False,,,,,,,,True,2587,non-rollup institutions
FY2025,IPF10068679,ROBUST DIAGNOSTICS LLC,Robust Diagnostics,UNITED STATES,False,404032.0,1,1,291000.0,86600.0,0,0.0,0,0,0.0,0,0,0.0,0,404032.0,1,0.0,0,0.0,0,0.0,0,0.0,0,0.0,0,0.0,0,0.0,0,0.0,0,404032.0,1,1,1,404032.0,404032.0,404032.0,0.0,1.0,0.0,1841.0,1009.0,958.0,669.0,669.0,1.0,False,,,,,,,,True,2587,non-rollup institutions
FY2025,IPF6359301,PACIFIC UNIVERSITY,Pacific University,UNITED STATES,False,403977.0,2,1,372010.0,31967.0,0,403977.0,2,1,0.0,0,0,403977.0,2,0.0,0,0.0,0,0.0,0,0.0,0,0.0,0,0.0,0,0.0,0,0.0,0,0.0,0,0.0,0,3,1,134659.0,403977.0,201988.0,134659.0,0.33,100.0,1842.0,698.0,958.0,584.0,414.0,1.0,False,,,,,,,,True,2587,non-rollup institutions
FY2025,IPF2855701,PATH,Path,UNITED STATES,False,403741.0,1,1,345834.0,57907.0,0,0.0,0,0,0.0,0,0,0.0,0,403741.0,1,0.0,0,0.0,0,0.0,0,0.0,0,0.0,0,0.0,0,0.0,0,0.0,0,403741.0,1,2,1,201870.0,403741.0,403741.0,0.0,0.5,0.0,1843.0,1009.0,958.0,669.0,669.0,1.0,False,,,,,,,,True,2587,non-rollup institutions
FY2025,IPF10071394,HEARTS FOR HEARING FOUNDATION,Hearts for Hearing Foundation,UNITED STATES,False,401965.0,1,1,389885.0,12080.0,0,401965.0,1,1,0.0,0,0,401965.0,1,0.0,0,0.0,0,0.0,0,0.0,0,0.0,0,0.0,0,0.0,0,0.0,0,0.0,0,0.0,0,1,1,401965.0,401965.0,401965.0,401965.0,1.0,100.0,1844.0,1009.0,958.0,585.0,484.0,1.0,False,,,,,,,,True,2587,non-rollup institutions
FY2025,IPF10025086,"CARE PROGRESS, LLC",Care Progress,UNITED STATES,False,400618.0,1,1,269360.0,105050.0,0,0.0,0,0,0.0,0,0,0.0,0,400618.0,1,0.0,0,0.0,0,0.0,0,0.0,0,0.0,0,0.0,0,0.0,0,0.0,0,400618.0,1,1,1,400618.0,400618.0,400618.0,0.0,1.0,0.0,1845.0,1009.0,958.0,669.0,669.0,1.0,False,,,,,,,,True,2587,non-rollup institutions
FY2025,IPF10051704,"LAZARUS 3D, INC.",Lazarus 3D,UNITED STATES,False,400016.0,1,1,307316.0,74458.0,0,0.0,0,0,0.0,0,0,0.0,0,400016.0,1,0.0,0,0.0,0,0.0,0,0.0,0,0.0,0,0.0,0,0.0,0,0.0,0,400016.0,1,1,1,400016.0,400016.0,400016.0,0.0,1.0,0.0,1846.0,1009.0,958.0,669.0,669.0,1.0,False,,,,,,,,True,2587,non-rollup institutions
FY2025,IPF10088498,"AEROCYTEK, INC.",Aerocytek,UNITED STATES,False,400000.0,1,1,267027.0,106811.0,0,0.0,0,0,0.0,0,0,0.0,0,400000.0,1,0.0,0,0.0,0,0.0,0,0.0,0,0.0,0,0.0,0,0.0,0,0.0,0,400000.0,1,1,1,400000.0,400000.0,400000.0,0.0,1.0,0.0,1847.0,1009.0,958.0,669.0,669.0,1.0,False,,,,,,,,True,2587,non-rollup institutions
FY2025,IPF10028150,"ONCOTAB, INC",Oncotab,UNITED STATES,False,400000.0,1,1,397081.0,2919.0,0,0.0,0,0,0.0,0,0,0.0,0,400000.0,1,0.0,0,0.0,0,0.0,0,0.0,0,0.0,0,0.0,0,0.0,0,0.0,0,400000.0,1,2,1,200000.0,400000.0,400000.0,0.0,0.5,0.0,1847.0,1009.0,958.0,669.0,669.0,1.0,False,,,,,,,,True,2587,non-rollup institutions
FY2025,IPF10005294,"SENEX BIOTECHNOLOGY, INC.",Senex Biotechnology,UNITED STATES,False,400000.0,1,1,297977.0,76598.0,0,0.0,0,0,0.0,0,0,0.0,0,400000.0,1,0.0,0,0.0,0,0.0,0,0.0,0,0.0,0,0.0,0,0.0,0,0.0,0,400000.0,1,2,1,200000.0,400000.0,400000.0,0.0,0.5,0.0,1847.0,1009.0,958.0,669.0,669.0,1.0,False,,,,,,,,True,2587,non-rollup institutions
FY2025,IPF10057698,IONTX INC.,Iontx,UNITED STATES,False,400000.0,1,1,300081.0,73751.0,0,0.0,0,0,0.0,0,0,0.0,0,400000.0,1,0.0,0,0.0,0,0.0,0,0.0,0,0.0,0,0.0,0,0.0,0,0.0,0,400000.0,1,1,1,400000.0,400000.0,400000.0,0.0,1.0,0.0,1847.0,1009.0,958.0,669.0,669.0,1.0,False,,,,,,,,True,2587,non-rollup institutions
FY2025,IPF10071895,"PROMILEAD, LLC",Promilead,UNITED STATES,False,400000.0,1,1,332928.0,40938.0,0,0.0,0,0,0.0,0,0,0.0,0,400000.0,1,0.0,0,0.0,0,0.0,0,0.0,0,0.0,0,0.0,0,0.0,0,0.0,0,400000.0,1,1,1,400000.0,400000.0,400000.0,0.0,1.0,0.0,1847.0,1009.0,958.0,669.0,669.0,1.0,False,,,,,,,,True,2587,non-rollup institutions
FY2025,IPF10073875,ONCONAUT THERAPEUTICS INC.,Onconaut Therapeutics,UNITED STATES,False,400000.0,1,1,302016.0,71816.0,0,0.0,0,0,0.0,0,0,0.0,0,400000.0,1,0.0,0,0.0,0,0.0,0,0.0,0,0.0,0,0.0,0,0.0,0,0.0,0,400000.0,1,3,1,133333.0,400000.0,400000.0,0.0,0.33,0.0,1847.0,1009.0,958.0,669.0,669.0,1.0,False,,,,,,,,True,2587,non-rollup institutions
FY2025,IPF10033565,"MOUNTAINPASS TECHNOLOGY, LLC",Mountainpass Technology,UNITED STATES,False,400000.0,1,1,399995.0,0.0,0,0.0,0,0,0.0,0,0,0.0,0,400000.0,1,0.0,0,0.0,0,0.0,0,0.0,0,0.0,0,0.0,0,0.0,0,0.0,0,400000.0,1,1,1,400000.0,400000.0,400000.0,0.0,1.0,0.0,1847.0,1009.0,958.0,669.0,669.0,1.0,False,,,,,,,,True,2587,non-rollup institutions
FY2025,IPF10064425,VESICLE THERAPEUTICS INC.,Vesicle Therapeutics,UNITED STATES,False,400000.0,1,1,296692.0,77140.0,0,0.0,0,0,0.0,0,0,0.0,0,400000.0,1,0.0,0,0.0,0,0.0,0,0.0,0,0.0,0,0.0,0,0.0,0,0.0,0,400000.0,1,1,1,400000.0,400000.0,400000.0,0.0,1.0,0.0,1847.0,1009.0,958.0,669.0,669.0,1.0,False,,,,,,,,True,2587,non-rollup institutions
FY2025,IPF10048155,"GIGAMUNE, INC.",Gigamune,UNITED STATES,False,400000.0,1,1,329636.0,44196.0,0,0.0,0,0,0.0,0,0,0.0,0,400000.0,1,0.0,0,0.0,0,0.0,0,0.0,0,0.0,0,0.0,0,0.0,0,0.0,0,400000.0,1,1,1,400000.0,400000.0,400000.0,0.0,1.0,0.0,1847.0,1009.0,958.0,669.0,669.0,1.0,False,,,,,,,,True,2587,non-rollup institutions
FY2025,IPF10061032,"ARGOSMD, INC.",Argosmd,UNITED STATES,False,400000.0,1,1,350528.0,37958.0,0,0.0,0,0,0.0,0,0,0.0,0,400000.0,1,0.0,0,0.0,0,0.0,0,0.0,0,0.0,0,0.0,0,0.0,0,0.0,0,400000.0,1,1,1,400000.0,400000.0,400000.0,0.0,1.0,0.0,1847.0,1009.0,958.0,669.0,669.0,1.0,False,,,,,,,,True,2587,non-rollup institutions
FY2025,IPF10006052,EXPRESSION THERAPEUTICS,Expression Therapeutics,UNITED STATES,False,400000.0,1,1,313322.0,72000.0,0,0.0,0,0,0.0,0,0,0.0,0,400000.0,1,0.0,0,0.0,0,0.0,0,0.0,0,0.0,0,0.0,0,0.0,0,0.0,0,400000.0,1,3,1,133333.0,400000.0,400000.0,0.0,0.33,0.0,1847.0,1009.0,958.0,669.0,669.0,1.0,False,,,,,,,,True,2587,non-rollup institutions
FY2025,IPF10058433,LIFENGINE ANIMAL HEALTH LABORATORIES INCORPORATED,Lifengine Animal Health Laboratories Incorporated,UNITED STATES,False,400000.0,1,1,267023.0,106809.0,0,0.0,0,0,0.0,0,0,0.0,0,400000.0,1,0.0,0,0.0,0,0.0,0,0.0,0,0.0,0,0.0,0,0.0,0,0.0,0,400000.0,1,1,1,400000.0,400000.0,400000.0,0.0,1.0,0.0,1847.0,1009.0,958.0,669.0,669.0,1.0,False,,,,,,,,True,2587,non-rollup institutions
FY2025,IPF10037989,"BLOOD CELL TECHNOLOGIES, LLC",Blood Cell Technologies,UNITED STATES,False,400000.0,1,1,325071.0,48761.0,0,0.0,0,0,0.0,0,0,0.0,0,400000.0,1,0.0,0,0.0,0,0.0,0,0.0,0,0.0,0,0.0,0,0.0,0,0.0,0,400000.0,1,1,1,400000.0,400000.0,400000.0,0.0,1.0,0.0,1847.0,1009.0,958.0,669.0,669.0,1.0,False,,,,,,,,True,2587,non-rollup institutions
FY2025,IPF10072322,NUAGO THERAPEUTICS INC,Nuago Therapeutics,UNITED STATES,False,400000.0,1,1,346454.0,27378.0,0,0.0,0,0,0.0,0,0,0.0,0,400000.0,1,0.0,0,0.0,0,0.0,0,0.0,0,0.0,0,0.0,0,0.0,0,0.0,0,400000.0,1,2,1,200000.0,400000.0,400000.0,0.0,0.5,0.0,1847.0,1009.0,958.0,669.0,669.0,1.0,False,,,,,,,,True,2587,non-rollup institutions
FY2025,IPF10044845,"ACCURE HEALTH, INC.",Accure Health,UNITED STATES,False,400000.0,1,1,267023.0,106809.0,0,0.0,0,0,0.0,0,0,0.0,0,400000.0,1,0.0,0,0.0,0,0.0,0,0.0,0,0.0,0,0.0,0,0.0,0,0.0,0,400000.0,1,1,1,400000.0,400000.0,400000.0,0.0,1.0,0.0,1847.0,1009.0,958.0,669.0,669.0,1.0,False,,,,,,,,True,2587,non-rollup institutions
FY2025,IPF10006211,"CENTER FOR BIOETHICS AND RESEARCH, NIGERIA","Center for Bioethics and Research, Nigeria",NIGERIA,False,400000.0,1,1,383575.0,16425.0,0,0.0,0,0,0.0,0,0,0.0,0,0.0,0,400000.0,1,0.0,0,0.0,0,0.0,0,0.0,0,0.0,0,0.0,0,0.0,0,400000.0,1,2,1,200000.0,400000.0,400000.0,0.0,0.5,0.0,1847.0,1009.0,958.0,669.0,669.0,1.0,False,,,,,,,,True,2587,non-rollup institutions
FY2025,IPF10076762,ZEEST BIO INC,Zeest Bio,UNITED STATES,False,400000.0,1,1,346112.0,27720.0,0,0.0,0,0,0.0,0,0,0.0,0,400000.0,1,0.0,0,0.0,0,0.0,0,0.0,0,0.0,0,0.0,0,0.0,0,0.0,0,400000.0,1,1,1,400000.0,400000.0,400000.0,0.0,1.0,0.0,1847.0,1009.0,958.0,669.0,669.0,1.0,False,,,,,,,,True,2587,non-rollup institutions
FY2025,IPF10079741,"SACYL PHARMACEUTICALS, INC.",Sacyl Pharmaceuticals,UNITED STATES,False,399999.0,1,1,261682.0,112149.0,0,0.0,0,0,0.0,0,0,0.0,0,399999.0,1,0.0,0,0.0,0,0.0,0,0.0,0,0.0,0,0.0,0,0.0,0,0.0,0,399999.0,1,1,1,399999.0,399999.0,399999.0,0.0,1.0,0.0,1864.0,1009.0,958.0,669.0,669.0,1.0,False,,,,,,,,True,2587,non-rollup institutions
FY2025,IPF10054685,"KEYWISE, INC.",Keywise,UNITED STATES,False,399999.0,1,1,324663.0,75336.0,0,0.0,0,0,0.0,0,0,0.0,0,399999.0,1,0.0,0,0.0,0,0.0,0,0.0,0,0.0,0,0.0,0,0.0,0,0.0,0,399999.0,1,2,1,200000.0,399999.0,399999.0,0.0,0.5,0.0,1864.0,1009.0,958.0,669.0,669.0,1.0,False,,,,,,,,True,2587,non-rollup institutions
FY2025,IPF10074871,"DARWIN BIOSCIENCES, INC.",Darwin Biosciences,UNITED STATES,False,399998.0,1,1,287164.0,86666.0,0,0.0,0,0,0.0,0,0,0.0,0,399998.0,1,0.0,0,0.0,0,0.0,0,0.0,0,0.0,0,0.0,0,0.0,0,0.0,0,399998.0,1,1,1,399998.0,399998.0,399998.0,0.0,1.0,0.0,1866.0,1009.0,958.0,669.0,669.0,1.0,False,,,,,,,,True,2587,non-rollup institutions
FY2025,IPF10001518,"ARUNA BIOMEDICAL, INC.",Aruna Biomedical,UNITED STATES,False,399997.0,1,1,295978.0,77851.0,0,0.0,0,0,0.0,0,0,0.0,0,399997.0,1,0.0,0,0.0,0,0.0,0,0.0,0,0.0,0,0.0,0,0.0,0,0.0,0,399997.0,1,1,1,399997.0,399997.0,399997.0,0.0,1.0,0.0,1867.0,1009.0,958.0,669.0,669.0,1.0,False,,,,,,,,True,2587,non-rollup institutions
FY2025,IPF10044958,"OMNECOIL INSTRUMENTS, INC.",Omnecoil Instruments,UNITED STATES,False,399995.0,1,1,327342.0,46485.0,0,0.0,0,0,0.0,0,0,0.0,0,399995.0,1,0.0,0,0.0,0,0.0,0,0.0,0,0.0,0,0.0,0,0.0,0,0.0,0,399995.0,1,2,1,199998.0,399995.0,399995.0,0.0,0.5,0.0,1868.0,1009.0,958.0,669.0,669.0,1.0,False,,,,,,,,True,2587,non-rollup institutions
FY2025,IPF10047392,"VERAMORPH, LLC",Veramorph,UNITED STATES,False,399985.0,1,1,317585.0,56233.0,0,0.0,0,0,0.0,0,0,0.0,0,399985.0,1,0.0,0,0.0,0,0.0,0,0.0,0,0.0,0,0.0,0,0.0,0,0.0,0,399985.0,1,1,1,399985.0,399985.0,399985.0,0.0,1.0,0.0,1869.0,1009.0,958.0,669.0,669.0,1.0,False,,,,,,,,True,2587,non-rollup institutions
FY2025,IPF10053494,"SEAK THERAPEUTICS, LLC",Seak Therapeutics,UNITED STATES,False,399981.0,1,1,299051.0,74763.0,0,0.0,0,0,0.0,0,0,0.0,0,399981.0,1,0.0,0,0.0,0,0.0,0,0.0,0,0.0,0,0.0,0,0.0,0,0.0,0,399981.0,1,1,1,399981.0,399981.0,399981.0,0.0,1.0,0.0,1870.0,1009.0,958.0,669.0,669.0,1.0,False,,,,,,,,True,2587,non-rollup institutions
FY2025,IPF10058093,"DEEP CREEK PHARMA, LLC",Deep Creek Pharma,UNITED STATES,False,399968.0,1,1,367968.0,25000.0,0,0.0,0,0,0.0,0,0,0.0,0,399968.0,1,0.0,0,0.0,0,0.0,0,0.0,0,0.0,0,0.0,0,0.0,0,0.0,0,399968.0,1,1,1,399968.0,399968.0,399968.0,0.0,1.0,0.0,1871.0,1009.0,958.0,669.0,669.0,1.0,False,,,,,,,,True,2587,non-rollup institutions
FY2025,IPF10075424,"CLOVERLEAF BIO, INC.",Cloverleaf Bio,UNITED STATES,False,399966.0,1,1,310476.0,76190.0,0,0.0,0,0,0.0,0,0,0.0,0,399966.0,1,0.0,0,0.0,0,0.0,0,0.0,0,0.0,0,0.0,0,0.0,0,0.0,0,399966.0,1,1,1,399966.0,399966.0,399966.0,0.0,1.0,0.0,1872.0,1009.0,958.0,669.0,669.0,1.0,False,,,,,,,,True,2587,non-rollup institutions
FY2025,IPF10067141,METASTX LLC,Metastx,UNITED STATES,False,399954.0,1,1,320519.0,53270.0,0,0.0,0,0,0.0,0,0,0.0,0,399954.0,1,0.0,0,0.0,0,0.0,0,0.0,0,0.0,0,0.0,0,0.0,0,0.0,0,399954.0,1,1,1,399954.0,399954.0,399954.0,0.0,1.0,0.0,1873.0,1009.0,958.0,669.0,669.0,1.0,False,,,,,,,,True,2587,non-rollup institutions
FY2025,IPF10073239,"SENSEWHY, INC.",Sensewhy,UNITED STATES,False,399891.0,1,1,370755.0,9833.0,0,0.0,0,0,0.0,0,0,0.0,0,399891.0,1,0.0,0,0.0,0,0.0,0,0.0,0,0.0,0,0.0,0,0.0,0,0.0,0,399891.0,1,2,1,199946.0,399891.0,399891.0,0.0,0.5,0.0,1874.0,1009.0,958.0,669.0,669.0,1.0,False,,,,,,,,True,2587,non-rollup institutions
FY2025,IPF10079814,"KURIA THERAPEUTICS, INC",Kuria Therapeutics,UNITED STATES,False,399865.0,1,1,350912.0,22794.0,0,0.0,0,0,0.0,0,0,0.0,0,399865.0,1,0.0,0,0.0,0,0.0,0,0.0,0,0.0,0,0.0,0,0.0,0,0.0,0,399865.0,1,1,1,399865.0,399865.0,399865.0,0.0,1.0,0.0,1875.0,1009.0,958.0,669.0,669.0,1.0,False,,,,,,,,True,2587,non-rollup institutions
FY2025,IPF10058447,"ATTUNE NEUROSCIENCES, INC.",Attune Neurosciences,UNITED STATES,False,399739.0,1,1,309418.0,64170.0,0,0.0,0,0,0.0,0,0,0.0,0,399739.0,1,0.0,0,0.0,0,0.0,0,0.0,0,0.0,0,0.0,0,0.0,0,0.0,0,399739.0,1,1,1,399739.0,399739.0,399739.0,0.0,1.0,0.0,1876.0,1009.0,958.0,669.0,669.0,1.0,False,,,,,,,,True,2587,non-rollup institutions
FY2025,IPF10024260,CHEMREGEN INC,Chemregen,UNITED STATES,False,399536.0,1,1,305652.0,89413.0,0,0.0,0,0,0.0,0,0,0.0,0,399536.0,1,0.0,0,0.0,0,0.0,0,0.0,0,0.0,0,0.0,0,0.0,0,0.0,0,399536.0,1,2,1,199768.0,399536.0,399536.0,0.0,0.5,0.0,1877.0,1009.0,958.0,669.0,669.0,1.0,False,,,,,,,,True,2587,non-rollup institutions
FY2025,IPF10039748,"CANCURE, LLC",Cancure,UNITED STATES,False,399444.0,1,1,291650.0,81662.0,0,0.0,0,0,0.0,0,0,0.0,0,399444.0,1,0.0,0,0.0,0,0.0,0,0.0,0,0.0,0,0.0,0,0.0,0,0.0,0,399444.0,1,2,1,199722.0,399444.0,399444.0,0.0,0.5,0.0,1878.0,1009.0,958.0,669.0,669.0,1.0,False,,,,,,,,True,2587,non-rollup institutions
FY2025,IPF10071559,"DARK MATTER THERAPEUTICS, INC.",Dark Matter Therapeutics,UNITED STATES,False,399414.0,1,1,300319.0,90095.0,0,0.0,0,0,0.0,0,0,0.0,0,399414.0,1,0.0,0,0.0,0,0.0,0,0.0,0,0.0,0,0.0,0,0.0,0,0.0,0,399414.0,1,1,1,399414.0,399414.0,399414.0,0.0,1.0,0.0,1879.0,1009.0,958.0,669.0,669.0,1.0,False,,,,,,,,True,2587,non-rollup institutions
FY2025,IPF10053320,REGENOSINE INC,Regenosine,UNITED STATES,False,399378.0,1,1,349750.0,23500.0,0,0.0,0,0,0.0,0,0,0.0,0,0.0,0,0.0,0,0.0,0,0.0,0,0.0,0,0.0,0,0.0,0,399378.0,1,0.0,0,399378.0,1,1,1,399378.0,399378.0,399378.0,0.0,1.0,0.0,1880.0,1009.0,958.0,669.0,669.0,1.0,False,,,,,,,,True,2587,non-rollup institutions
FY2025,IPF10067390,ALELOPHARMA INC.,Alelopharma,UNITED STATES,False,399153.0,1,1,297100.0,75940.0,0,0.0,0,0,0.0,0,0,0.0,0,399153.0,1,0.0,0,0.0,0,0.0,0,0.0,0,0.0,0,0.0,0,0.0,0,0.0,0,399153.0,1,2,1,199576.0,399153.0,399153.0,0.0,0.5,0.0,1881.0,1009.0,958.0,669.0,669.0,1.0,False,,,,,,,,True,2587,non-rollup institutions
FY2025,IPF10060381,IMVARIA INC.,Imvaria,UNITED STATES,False,399112.0,1,1,266430.0,106572.0,0,0.0,0,0,0.0,0,0,0.0,0,399112.0,1,0.0,0,0.0,0,0.0,0,0.0,0,0.0,0,0.0,0,0.0,0,0.0,0,399112.0,1,1,1,399112.0,399112.0,399112.0,0.0,1.0,0.0,1882.0,1009.0,958.0,669.0,669.0,1.0,False,,,,,,,,True,2587,non-rollup institutions
FY2025,IPF10070893,"REGENDODENT, INC.",Regendodent,UNITED STATES,False,398785.0,1,1,319931.0,52800.0,0,0.0,0,0,0.0,0,0,0.0,0,398785.0,1,0.0,0,0.0,0,0.0,0,0.0,0,0.0,0,0.0,0,0.0,0,0.0,0,398785.0,1,3,1,132928.0,398785.0,398785.0,0.0,0.33,0.0,1883.0,1009.0,958.0,669.0,669.0,1.0,False,,,,,,,,True,2587,non-rollup institutions
FY2025,IPF10084150,BOSTON INTERACTOME LLC,Boston Interactome,UNITED STATES,False,398137.0,1,1,313460.0,58631.0,0,0.0,0,0,0.0,0,0,0.0,0,398137.0,1,0.0,0,0.0,0,0.0,0,0.0,0,0.0,0,0.0,0,0.0,0,0.0,0,398137.0,1,1,1,398137.0,398137.0,398137.0,0.0,1.0,0.0,1884.0,1009.0,958.0,669.0,669.0,1.0,False,,,,,,,,True,2587,non-rollup institutions
FY2025,IPF10079777,"INTRA THERAPEUTICS, LLC",Intra Therapeutics,UNITED STATES,False,398039.0,1,1,300856.0,71143.0,0,0.0,0,0,0.0,0,0,0.0,0,398039.0,1,0.0,0,0.0,0,0.0,0,0.0,0,0.0,0,0.0,0,0.0,0,0.0,0,398039.0,1,1,1,398039.0,398039.0,398039.0,0.0,1.0,0.0,1885.0,1009.0,958.0,669.0,669.0,1.0,False,,,,,,,,True,2587,non-rollup institutions
FY2025,IPF10076566,CALLENTIS CONSULTING GROUP LLC,Callentis Consulting Group,UNITED STATES,False,397829.0,1,1,343530.0,38998.0,0,0.0,0,0,0.0,0,0,0.0,0,397829.0,1,0.0,0,0.0,0,0.0,0,0.0,0,0.0,0,0.0,0,0.0,0,0.0,0,397829.0,1,1,1,397829.0,397829.0,397829.0,0.0,1.0,0.0,1886.0,1009.0,958.0,669.0,669.0,1.0,False,,,,,,,,True,2587,non-rollup institutions
FY2025,IPF10016212,NATIONAL RESEARCH COUNCIL OF ARGENTINA,National Research Council of Argentina,ARGENTINA,False,397740.0,3,3,373946.0,23794.0,0,397740.0,3,3,0.0,0,0,397740.0,3,0.0,0,0.0,0,0.0,0,0.0,0,0.0,0,0.0,0,0.0,0,0.0,0,0.0,0,0.0,0,3,3,132580.0,132580.0,132580.0,132580.0,1.0,100.0,1887.0,578.0,550.0,586.0,369.0,1.0,False,,,,,,,,True,2587,non-rollup institutions
FY2025,IPF10083893,POPCOM HEALTH INC,Popcom Health,UNITED STATES,False,396605.0,1,1,324169.0,46490.0,0,0.0,0,0,0.0,0,0,0.0,0,396605.0,1,0.0,0,0.0,0,0.0,0,0.0,0,0.0,0,0.0,0,0.0,0,0.0,0,396605.0,1,2,1,198302.0,396605.0,396605.0,0.0,0.5,0.0,1888.0,1009.0,958.0,669.0,669.0,1.0,False,,,,,,,,True,2587,non-rollup institutions
FY2025,IPF10056727,"VIC FOUNDRY, INC.",Vic Foundry,UNITED STATES,False,396415.0,1,1,302560.0,67921.0,0,0.0,0,0,0.0,0,0,0.0,0,396415.0,1,0.0,0,0.0,0,0.0,0,0.0,0,0.0,0,0.0,0,0.0,0,0.0,0,396415.0,1,1,1,396415.0,396415.0,396415.0,0.0,1.0,0.0,1889.0,1009.0,958.0,669.0,669.0,1.0,False,,,,,,,,True,2587,non-rollup institutions
FY2025,IPF10041621,"SYNTAXISBIO, INC.",Syntaxisbio,UNITED STATES,False,396170.0,1,1,330582.0,39670.0,0,0.0,0,0,0.0,0,0,0.0,0,396170.0,1,0.0,0,0.0,0,0.0,0,0.0,0,0.0,0,0.0,0,0.0,0,0.0,0,396170.0,1,1,1,396170.0,396170.0,396170.0,0.0,1.0,0.0,1890.0,1009.0,958.0,669.0,669.0,1.0,False,,,,,,,,True,2587,non-rollup institutions
FY2025,IPF10089441,HELICAL BIOSCIENCES LLC,Helical Biosciences,UNITED STATES,False,395951.0,1,1,264344.0,105738.0,0,0.0,0,0,0.0,0,0,0.0,0,395951.0,1,0.0,0,0.0,0,0.0,0,0.0,0,0.0,0,0.0,0,0.0,0,0.0,0,395951.0,1,1,1,395951.0,395951.0,395951.0,0.0,1.0,0.0,1891.0,1009.0,958.0,669.0,669.0,1.0,False,,,,,,,,True,2587,non-rollup institutions
FY2025,IPF10035456,"PPI PHARMACEUTICALS, LLC",Ppi Pharmaceuticals,UNITED STATES,False,395724.0,1,1,392916.0,2808.0,0,0.0,0,0,0.0,0,0,0.0,0,395724.0,1,0.0,0,0.0,0,0.0,0,0.0,0,0.0,0,0.0,0,0.0,0,0.0,0,395724.0,1,1,1,395724.0,395724.0,395724.0,0.0,1.0,0.0,1892.0,1009.0,958.0,669.0,669.0,1.0,False,,,,,,,,True,2587,non-rollup institutions
FY2025,IPF10073479,"RTUTOR, LLC",Rtutor,UNITED STATES,False,395316.0,1,1,306719.0,62735.0,0,0.0,0,0,0.0,0,0,0.0,0,395316.0,1,0.0,0,0.0,0,0.0,0,0.0,0,0.0,0,0.0,0,0.0,0,0.0,0,395316.0,1,1,1,395316.0,395316.0,395316.0,0.0,1.0,0.0,1893.0,1009.0,958.0,669.0,669.0,1.0,False,,,,,,,,True,2587,non-rollup institutions
FY2025,IPF10073671,CUTCATH LLC,Cutcath,UNITED STATES,False,395306.0,1,1,263889.0,105556.0,0,0.0,0,0,0.0,0,0,0.0,0,395306.0,1,0.0,0,0.0,0,0.0,0,0.0,0,0.0,0,0.0,0,0.0,0,0.0,0,395306.0,1,2,1,197653.0,395306.0,395306.0,0.0,0.5,0.0,1894.0,1009.0,958.0,669.0,669.0,1.0,False,,,,,,,,True,2587,non-rollup institutions
FY2025,IPF10088246,"CAROLINA INSTRUMENTS, INC.",Carolina Instruments,UNITED STATES,False,394708.0,1,1,295886.0,73000.0,0,0.0,0,0,0.0,0,0,0.0,0,394708.0,1,0.0,0,0.0,0,0.0,0,0.0,0,0.0,0,0.0,0,0.0,0,0.0,0,394708.0,1,3,1,131569.0,394708.0,394708.0,0.0,0.33,0.0,1895.0,1009.0,958.0,669.0,669.0,1.0,False,,,,,,,,True,2587,non-rollup institutions
FY2025,IPF10074132,"ENDURE BIOTHERAPEUTICS, INC.",Endure Biotherapeutics,UNITED STATES,False,392827.0,1,1,302592.0,64536.0,0,0.0,0,0,0.0,0,0,0.0,0,392827.0,1,0.0,0,0.0,0,0.0,0,0.0,0,0.0,0,0.0,0,0.0,0,0.0,0,392827.0,1,1,1,392827.0,392827.0,392827.0,0.0,1.0,0.0,1896.0,1009.0,958.0,669.0,669.0,1.0,False,,,,,,,,True,2587,non-rollup institutions
FY2025,IPF10076601,PEARL SCIENTIFIC LLC,Pearl Scientific,UNITED STATES,False,392695.0,1,1,288847.0,78158.0,0,0.0,0,0,0.0,0,0,0.0,0,392695.0,1,0.0,0,0.0,0,0.0,0,0.0,0,0.0,0,0.0,0,0.0,0,0.0,0,392695.0,1,1,1,392695.0,392695.0,392695.0,0.0,1.0,0.0,1897.0,1009.0,958.0,669.0,669.0,1.0,False,,,,,,,,True,2587,non-rollup institutions
FY2025,IPF10001874,DOMINICAN UNIVERSITY,Dominican University,UNITED STATES,False,392062.0,1,1,299995.0,92067.0,0,0.0,0,0,0.0,0,0,0.0,0,392062.0,1,0.0,0,0.0,0,0.0,0,0.0,0,0.0,0,0.0,0,0.0,0,0.0,0,392062.0,1,2,1,196031.0,392062.0,392062.0,0.0,0.5,0.0,1898.0,1009.0,958.0,669.0,669.0,1.0,False,,,,,,,,True,2587,non-rollup institutions
FY2025,IPF10076223,THIRD ELEMENT BIO INC.,Third Element Bio,UNITED STATES,False,391850.0,1,1,305179.0,61036.0,0,0.0,0,0,0.0,0,0,0.0,0,391850.0,1,0.0,0,0.0,0,0.0,0,0.0,0,0.0,0,0.0,0,0.0,0,0.0,0,391850.0,1,1,1,391850.0,391850.0,391850.0,0.0,1.0,0.0,1899.0,1009.0,958.0,669.0,669.0,1.0,False,,,,,,,,True,2587,non-rollup institutions
FY2025,IPF10064456,"UBIQUITX, INC.",Ubiquitx,UNITED STATES,False,391495.0,1,1,267807.0,98076.0,0,0.0,0,0,0.0,0,0,0.0,0,391495.0,1,0.0,0,0.0,0,0.0,0,0.0,0,0.0,0,0.0,0,0.0,0,0.0,0,391495.0,1,1,1,391495.0,391495.0,391495.0,0.0,1.0,0.0,1900.0,1009.0,958.0,669.0,669.0,1.0,False,,,,,,,,True,2587,non-rollup institutions
FY2025,IPF10037784,BIOTECHNOLOGY RESEARCH INSTITUTE-KALRO,Biotechnology Research Institute-Kalro,KENYA,False,391354.0,2,2,371258.0,20096.0,0,142997.0,1,1,0.0,0,0,142997.0,1,0.0,0,0.0,0,0.0,0,0.0,0,0.0,0,0.0,0,0.0,0,248357.0,1,0.0,0,248357.0,1,2,1,195677.0,195677.0,195677.0,71498.0,1.0,36.5,1901.0,698.0,671.0,644.0,484.0,1.0,False,,,,,,,,True,2587,non-rollup institutions
FY2025,IPF10089426,ENVISBIO LLC,Envisbio,UNITED STATES,False,390454.0,1,1,291536.0,73800.0,0,0.0,0,0,0.0,0,0,0.0,0,390454.0,1,0.0,0,0.0,0,0.0,0,0.0,0,0.0,0,0.0,0,0.0,0,0.0,0,390454.0,1,1,1,390454.0,390454.0,390454.0,0.0,1.0,0.0,1902.0,1009.0,958.0,669.0,669.0,1.0,False,,,,,,,,True,2587,non-rollup institutions
FY2025,IPF10011159,FUNDACAO FACULDADE DE MEDICINA,Fundacao Faculdade de Medicina,BRAZIL,False,388653.0,1,1,359864.0,28789.0,0,0.0,0,0,0.0,0,0,0.0,0,0.0,0,388653.0,1,0.0,0,0.0,0,0.0,0,0.0,0,0.0,0,0.0,0,0.0,0,388653.0,1,1,1,388653.0,388653.0,388653.0,0.0,1.0,0.0,1903.0,1009.0,958.0,669.0,669.0,1.0,False,,,,,,,,True,2587,non-rollup institutions
FY2025,IPF34201,ADELPHI UNIVERSITY,Adelphi University,UNITED STATES,False,388026.0,1,1,300000.0,88026.0,0,0.0,0,0,0.0,0,0,0.0,0,388026.0,1,0.0,0,0.0,0,0.0,0,0.0,0,0.0,0,0.0,0,0.0,0,0.0,0,388026.0,1,1,1,388026.0,388026.0,388026.0,0.0,1.0,0.0,1904.0,1009.0,958.0,669.0,669.0,1.0,False,,,,,,,,True,2587,non-rollup institutions
FY2025,IPF10001462,VIRGINIA COLLEGE OF OSTEOPATHIC MEDICINE,Virginia College of Osteopathic Medicine,UNITED STATES,False,387729.0,1,1,363503.0,24226.0,0,387729.0,1,1,0.0,0,0,387729.0,1,0.0,0,0.0,0,0.0,0,0.0,0,0.0,0,0.0,0,0.0,0,0.0,0,0.0,0,0.0,0,1,1,387729.0,387729.0,387729.0,387729.0,1.0,100.0,1905.0,1009.0,958.0,590.0,484.0,1.0,False,,,,,,,,True,2587,non-rollup institutions
FY2025,IPF4940001,CHILDREN'S HOSPITALS AND CLINICS,Children's Hospitals and Clinics,UNITED STATES,False,386196.0,1,1,314273.0,71923.0,0,386196.0,1,1,0.0,0,0,386196.0,1,0.0,0,0.0,0,0.0,0,0.0,0,0.0,0,0.0,0,0.0,0,0.0,0,0.0,0,0.0,0,1,1,386196.0,386196.0,386196.0,386196.0,1.0,100.0,1906.0,1009.0,958.0,592.0,484.0,1.0,False,,,,,,,,True,2587,non-rollup institutions
FY2025,IPF656601,NORTHERN KENTUCKY UNIVERSITY,Northern Kentucky University,UNITED STATES,False,386000.0,2,2,281752.0,104248.0,0,0.0,0,0,0.0,0,0,0.0,0,386000.0,2,0.0,0,0.0,0,0.0,0,0.0,0,0.0,0,0.0,0,0.0,0,0.0,0,386000.0,2,2,2,193000.0,193000.0,193000.0,0.0,1.0,0.0,1907.0,698.0,671.0,669.0,669.0,1.0,False,,,,,,,,True,2587,non-rollup institutions
FY2025,IPF692301,OAKWOOD COLLEGE,Oakwood College,UNITED STATES,False,385033.0,1,1,299861.0,85172.0,0,0.0,0,0,0.0,0,0,0.0,0,385033.0,1,0.0,0,0.0,0,0.0,0,0.0,0,0.0,0,0.0,0,0.0,0,0.0,0,385033.0,1,2,1,192516.0,385033.0,385033.0,0.0,0.5,0.0,1908.0,1009.0,958.0,669.0,669.0,1.0,False,,,,,,,,True,2587,non-rollup institutions
FY2025,IPF10033823,"GOOD NUTRITION IDEAS, LLC",Good Nutrition Ideas,UNITED STATES,False,385000.0,1,1,296750.0,74187.0,0,0.0,0,0,0.0,0,0,0.0,0,385000.0,1,0.0,0,0.0,0,0.0,0,0.0,0,0.0,0,0.0,0,0.0,0,0.0,0,385000.0,1,2,1,192500.0,385000.0,385000.0,0.0,0.5,0.0,1909.0,1009.0,958.0,669.0,669.0,1.0,False,,,,,,,,True,2587,non-rollup institutions
FY2025,IPF10081009,HEALTH TEQUITY LLC,Health Tequity,UNITED STATES,False,384883.0,1,1,256932.0,102773.0,0,0.0,0,0,0.0,0,0,0.0,0,384883.0,1,0.0,0,0.0,0,0.0,0,0.0,0,0.0,0,0.0,0,0.0,0,0.0,0,384883.0,1,1,1,384883.0,384883.0,384883.0,0.0,1.0,0.0,1910.0,1009.0,958.0,669.0,669.0,1.0,False,,,,,,,,True,2587,non-rollup institutions
FY2025,IPF10000472,SOUTHERN CALIFORNIA INST FOR RES/EDUC,Southern California Institute for Research/Educ,UNITED STATES,False,384870.0,1,1,288508.0,96362.0,0,384870.0,1,1,0.0,0,0,384870.0,1,0.0,0,0.0,0,0.0,0,0.0,0,0.0,0,0.0,0,0.0,0,0.0,0,0.0,0,0.0,0,1,1,384870.0,384870.0,384870.0,384870.0,1.0,100.0,1911.0,1009.0,958.0,593.0,484.0,1.0,False,,,,,,,,True,2587,non-rollup institutions
FY2025,IPF4180001,KALAMAZOO COLLEGE,Kalamazoo College,UNITED STATES,False,384609.0,1,1,300000.0,84609.0,0,0.0,0,0,0.0,0,0,0.0,0,384609.0,1,0.0,0,0.0,0,0.0,0,0.0,0,0.0,0,0.0,0,0.0,0,0.0,0,384609.0,1,1,1,384609.0,384609.0,384609.0,0.0,1.0,0.0,1912.0,1009.0,958.0,669.0,669.0,1.0,False,,,,,,,,True,2587,non-rollup institutions
FY2025,IPF10053926,JUMPCODE GENOMICS,Jumpcode Genomics,UNITED STATES,False,383748.0,1,1,358643.0,0.0,0,0.0,0,0,0.0,0,0,0.0,0,383748.0,1,0.0,0,0.0,0,0.0,0,0.0,0,0.0,0,0.0,0,0.0,0,0.0,0,383748.0,1,1,1,383748.0,383748.0,383748.0,0.0,1.0,0.0,1913.0,1009.0,958.0,669.0,669.0,1.0,False,,,,,,,,True,2587,non-rollup institutions
FY2025,IPF10035042,CENTER FOR OPEN SCIENCE,Center for Open Science,UNITED STATES,False,383621.0,1,1,299470.0,84151.0,0,0.0,0,0,0.0,0,0,0.0,0,0.0,0,0.0,0,0.0,0,0.0,0,0.0,0,0.0,0,0.0,0,383621.0,1,0.0,0,383621.0,1,1,1,383621.0,383621.0,383621.0,0.0,1.0,0.0,1914.0,1009.0,958.0,669.0,669.0,1.0,False,,,,,,,,True,2587,non-rollup institutions
FY2025,IPF10067759,"TOIVOA, INC",Toivoa,UNITED STATES,False,383159.0,1,1,255781.0,102312.0,0,0.0,0,0,0.0,0,0,0.0,0,383159.0,1,0.0,0,0.0,0,0.0,0,0.0,0,0.0,0,0.0,0,0.0,0,0.0,0,383159.0,1,1,1,383159.0,383159.0,383159.0,0.0,1.0,0.0,1915.0,1009.0,958.0,669.0,669.0,1.0,False,,,,,,,,True,2587,non-rollup institutions
FY2025,IPF10076483,CERETYPE NEUROMEDICINE IN,Ceretype Neuromedicine in,UNITED STATES,False,380375.0,1,1,338375.0,30000.0,0,0.0,0,0,0.0,0,0,0.0,0,380375.0,1,0.0,0,0.0,0,0.0,0,0.0,0,0.0,0,0.0,0,0.0,0,0.0,0,380375.0,1,2,1,190188.0,380375.0,380375.0,0.0,0.5,0.0,1916.0,1009.0,958.0,669.0,669.0,1.0,False,,,,,,,,True,2587,non-rollup institutions
FY2025,IPF32301,UNIVERSITY OF ADELAIDE,University of Adelaide,AUSTRALIA,False,380095.0,2,1,351870.0,28225.0,0,380095.0,2,1,0.0,0,0,380095.0,2,0.0,0,0.0,0,0.0,0,0.0,0,0.0,0,0.0,0,0.0,0,0.0,0,0.0,0,0.0,0,1,1,380095.0,380095.0,190048.0,380095.0,1.0,100.0,1917.0,698.0,958.0,594.0,414.0,1.0,False,,,,,,,,True,2587,non-rollup institutions
FY2025,IPF10061725,CILA THERAPEUTIC INC.,Cila Therapeutic,UNITED STATES,False,379948.0,1,1,255494.0,99598.0,0,0.0,0,0,0.0,0,0,0.0,0,379948.0,1,0.0,0,0.0,0,0.0,0,0.0,0,0.0,0,0.0,0,0.0,0,0.0,0,379948.0,1,1,1,379948.0,379948.0,379948.0,0.0,1.0,0.0,1918.0,1009.0,958.0,669.0,669.0,1.0,False,,,,,,,,True,2587,non-rollup institutions
FY2025,IPF830103,KEENE STATE COLLEGE,Keene State College,UNITED STATES,False,379504.0,1,1,250000.0,129504.0,0,0.0,0,0,0.0,0,0,0.0,0,379504.0,1,0.0,0,0.0,0,0.0,0,0.0,0,0.0,0,0.0,0,0.0,0,0.0,0,379504.0,1,1,1,379504.0,379504.0,379504.0,0.0,1.0,0.0,1919.0,1009.0,958.0,669.0,669.0,1.0,False,,,,,,,,True,2587,non-rollup institutions
FY2025,IPF10067726,"SOCIAL CASCADE, LLC",Social Cascade,UNITED STATES,False,378893.0,1,1,252933.0,101173.0,0,0.0,0,0,0.0,0,0,0.0,0,378893.0,1,0.0,0,0.0,0,0.0,0,0.0,0,0.0,0,0.0,0,0.0,0,0.0,0,378893.0,1,1,1,378893.0,378893.0,378893.0,0.0,1.0,0.0,1920.0,1009.0,958.0,669.0,669.0,1.0,False,,,,,,,,True,2587,non-rollup institutions
FY2025,IPF10048445,"CONSEGNA PHARMA, INC.",Consegna Pharma,UNITED STATES,False,377843.0,1,1,310712.0,43068.0,0,0.0,0,0,0.0,0,0,0.0,0,377843.0,1,0.0,0,0.0,0,0.0,0,0.0,0,0.0,0,0.0,0,0.0,0,0.0,0,377843.0,1,1,1,377843.0,377843.0,377843.0,0.0,1.0,0.0,1921.0,1009.0,958.0,669.0,669.0,1.0,False,,,,,,,,True,2587,non-rollup institutions
FY2025,IPF4565801,"PORTLAND VA RESEARCH FOUNDATION, INC.",Portland VA Research Foundation,UNITED STATES,False,377568.0,3,3,320197.0,64683.0,0,312000.0,1,1,0.0,0,0,312000.0,1,36659.0,1,0.0,0,0.0,0,0.0,0,28909.0,1,0.0,0,0.0,0,0.0,0,0.0,0,65568.0,2,2,2,188784.0,125856.0,125856.0,156000.0,1.5,82.6,1922.0,578.0,550.0,617.0,484.0,1.0,False,,,,,,,,True,2587,non-rollup institutions
FY2025,IPF4459901,UNIVERSITY OF LEICESTER,University of Leicester,UNITED KINGDOM,False,376313.0,3,1,363667.0,12646.0,0,0.0,0,0,0.0,0,0,0.0,0,0.0,0,376313.0,3,0.0,0,0.0,0,0.0,0,0.0,0,0.0,0,0.0,0,0.0,0,376313.0,3,1,1,376313.0,376313.0,125438.0,0.0,1.0,0.0,1923.0,578.0,958.0,669.0,669.0,1.0,False,,,,,,,,True,2587,non-rollup institutions
FY2025,IPF10033421,"NEUROFIELDZ, INC.",Neurofieldz,UNITED STATES,False,375940.0,1,1,251854.0,99600.0,0,0.0,0,0,0.0,0,0,0.0,0,375940.0,1,0.0,0,0.0,0,0.0,0,0.0,0,0.0,0,0.0,0,0.0,0,0.0,0,375940.0,1,1,1,375940.0,375940.0,375940.0,0.0,1.0,0.0,1924.0,1009.0,958.0,669.0,669.0,1.0,False,,,,,,,,True,2587,non-rollup institutions
FY2025,IPF10065432,"VIVLI, INC.",Vivli,UNITED STATES,False,373767.0,1,1,325014.0,48753.0,0,0.0,0,0,0.0,0,0,0.0,0,0.0,0,0.0,0,0.0,0,0.0,0,0.0,0,0.0,0,0.0,0,373767.0,1,0.0,0,373767.0,1,1,1,373767.0,373767.0,373767.0,0.0,1.0,0.0,1925.0,1009.0,958.0,669.0,669.0,1.0,False,,,,,,,,True,2587,non-rollup institutions
FY2025,IPF5763501,NATIONAL TAIWAN UNIVERSITY,National Taiwan University,TAIWAN,False,372632.0,1,1,345030.0,27602.0,0,0.0,0,0,0.0,0,0,0.0,0,372632.0,1,0.0,0,0.0,0,0.0,0,0.0,0,0.0,0,0.0,0,0.0,0,0.0,0,372632.0,1,1,1,372632.0,372632.0,372632.0,0.0,1.0,0.0,1926.0,1009.0,958.0,669.0,669.0,1.0,False,,,,,,,,True,2587,non-rollup institutions
FY2025,IPF10050104,"MAKANI SCIENCE, INC.",Makani Science,UNITED STATES,False,371021.0,1,1,299221.0,71800.0,0,0.0,0,0,0.0,0,0,0.0,0,371021.0,1,0.0,0,0.0,0,0.0,0,0.0,0,0.0,0,0.0,0,0.0,0,0.0,0,371021.0,1,1,1,371021.0,371021.0,371021.0,0.0,1.0,0.0,1927.0,1009.0,958.0,669.0,669.0,1.0,False,,,,,,,,True,2587,non-rollup institutions
FY2025,IPF4742401,JAMES MADISON UNIVERSITY,James Madison University,UNITED STATES,False,370943.0,1,1,247295.0,123648.0,0,370943.0,1,1,0.0,0,0,370943.0,1,0.0,0,0.0,0,0.0,0,0.0,0,0.0,0,0.0,0,0.0,0,0.0,0,0.0,0,0.0,0,1,1,370943.0,370943.0,370943.0,370943.0,1.0,100.0,1928.0,1009.0,958.0,597.0,484.0,1.0,False,,,,,,,,True,2587,non-rollup institutions
FY2025,IPF10079565,MATERIALS NOVA LIMITED LIABILITY COMPANY,Materials Nova Limited Liability Company,UNITED STATES,False,369745.0,2,2,330005.0,39740.0,0,0.0,0,0,0.0,0,0,0.0,0,369745.0,2,0.0,0,0.0,0,0.0,0,0.0,0,0.0,0,0.0,0,0.0,0,0.0,0,369745.0,2,2,2,184872.0,184872.0,184872.0,0.0,1.0,0.0,1929.0,698.0,671.0,669.0,669.0,1.0,False,,,,,,,,True,2587,non-rollup institutions
FY2025,IPF2299001,EASTERN WASHINGTON UNIVERSITY,Eastern Washington University,UNITED STATES,False,368784.0,2,2,348580.0,20204.0,0,0.0,0,0,0.0,0,0,0.0,0,120204.0,1,0.0,0,0.0,0,0.0,0,0.0,0,0.0,0,0.0,0,248580.0,1,0.0,0,368784.0,2,1,1,368784.0,184392.0,184392.0,0.0,2.0,0.0,1930.0,698.0,671.0,669.0,669.0,1.0,False,,,,,,,,True,2587,non-rollup institutions
FY2025,IPF10080213,REVERSAL THERAPEUTICS INC,Reversal Therapeutics,UNITED STATES,False,368367.0,1,1,275599.0,78362.0,0,0.0,0,0,0.0,0,0,0.0,0,368367.0,1,0.0,0,0.0,0,0.0,0,0.0,0,0.0,0,0.0,0,0.0,0,0.0,0,368367.0,1,2,1,184184.0,368367.0,368367.0,0.0,0.5,0.0,1931.0,1009.0,958.0,669.0,669.0,1.0,False,,,,,,,,True,2587,non-rollup institutions
FY2025,IPF4764501,UNIVERSITY OF MALAYA,University of Malaya,MALAYSIA,False,367500.0,2,2,351752.0,15748.0,0,124924.0,1,1,0.0,0,0,124924.0,1,242576.0,1,0.0,0,0.0,0,0.0,0,0.0,0,0.0,0,0.0,0,0.0,0,0.0,0,242576.0,1,4,2,91875.0,183750.0,183750.0,31231.0,0.5,34.0,1932.0,698.0,671.0,659.0,484.0,1.0,False,,,,,,,,True,2587,non-rollup institutions
FY2025,IPF2905101,GETTYSBURG COLLEGE,Gettysburg College,UNITED STATES,False,365616.0,1,1,302818.0,62798.0,0,0.0,0,0,0.0,0,0,0.0,0,365616.0,1,0.0,0,0.0,0,0.0,0,0.0,0,0.0,0,0.0,0,0.0,0,0.0,0,365616.0,1,1,1,365616.0,365616.0,365616.0,0.0,1.0,0.0,1933.0,1009.0,958.0,669.0,669.0,1.0,False,,,,,,,,True,2587,non-rollup institutions
FY2025,IPF10087978,"REBOUND HEALTH, INC.",Rebound Health,UNITED STATES,False,365506.0,1,1,243996.0,97598.0,0,0.0,0,0,0.0,0,0,0.0,0,365506.0,1,0.0,0,0.0,0,0.0,0,0.0,0,0.0,0,0.0,0,0.0,0,0.0,0,365506.0,1,1,1,365506.0,365506.0,365506.0,0.0,1.0,0.0,1934.0,1009.0,958.0,669.0,669.0,1.0,False,,,,,,,,True,2587,non-rollup institutions
FY2025,IPF10051935,"MICROSTRUCTURE IMAGING, INC.",Microstructure Imaging,UNITED STATES,False,364885.0,1,1,243480.0,97534.0,0,0.0,0,0,0.0,0,0,0.0,0,364885.0,1,0.0,0,0.0,0,0.0,0,0.0,0,0.0,0,0.0,0,0.0,0,0.0,0,364885.0,1,1,1,364885.0,364885.0,364885.0,0.0,1.0,0.0,1935.0,1009.0,958.0,669.0,669.0,1.0,False,,,,,,,,True,2587,non-rollup institutions
FY2025,IPF10028824,"IMCARE BIOTECH, INC.",Imcare Biotech,UNITED STATES,False,364763.0,1,1,243500.0,97400.0,0,0.0,0,0,0.0,0,0,0.0,0,364763.0,1,0.0,0,0.0,0,0.0,0,0.0,0,0.0,0,0.0,0,0.0,0,0.0,0,364763.0,1,1,1,364763.0,364763.0,364763.0,0.0,1.0,0.0,1936.0,1009.0,958.0,669.0,669.0,1.0,False,,,,,,,,True,2587,non-rollup institutions
FY2025,IPF10003886,"MONTANA MOLECULAR, LLC",Montana Molecular,UNITED STATES,False,364367.0,1,1,260262.0,104105.0,0,0.0,0,0,0.0,0,0,0.0,0,364367.0,1,0.0,0,0.0,0,0.0,0,0.0,0,0.0,0,0.0,0,0.0,0,0.0,0,364367.0,1,2,1,182184.0,364367.0,364367.0,0.0,0.5,0.0,1937.0,1009.0,958.0,669.0,669.0,1.0,False,,,,,,,,True,2587,non-rollup institutions
FY2025,IPF820105,UNIVERSITY OF MARYLAND EASTERN SHORE,University of Maryland Eastern Shore,UNITED STATES,False,363969.0,1,1,250000.0,113969.0,0,363969.0,1,1,0.0,0,0,363969.0,1,0.0,0,0.0,0,0.0,0,0.0,0,0.0,0,0.0,0,0.0,0,0.0,0,0.0,0,0.0,0,1,1,363969.0,363969.0,363969.0,363969.0,1.0,100.0,1938.0,1009.0,958.0,600.0,484.0,1.0,False,,,,,,,,True,2587,non-rollup institutions
FY2025,IPF10057323,ZVITAMBO INSTITUTE FOR MATERNAL AND CHILD HEALTH RESEARCH,Zvitambo Institute for Maternal and Child Health Research,ZIMBABWE,False,363190.0,1,1,336287.0,26903.0,0,0.0,0,0,0.0,0,0,0.0,0,363190.0,1,0.0,0,0.0,0,0.0,0,0.0,0,0.0,0,0.0,0,0.0,0,0.0,0,363190.0,1,1,1,363190.0,363190.0,363190.0,0.0,1.0,0.0,1939.0,1009.0,958.0,669.0,669.0,1.0,False,,,,,,,,True,2587,non-rollup institutions
FY2025,IPF10083269,"NIGHTSTAR BIOTECHNOLOGIES, INC",Nightstar Biotechnologies,UNITED STATES,False,360442.0,1,1,287056.0,49806.0,0,0.0,0,0,0.0,0,0,0.0,0,360442.0,1,0.0,0,0.0,0,0.0,0,0.0,0,0.0,0,0.0,0,0.0,0,0.0,0,360442.0,1,1,1,360442.0,360442.0,360442.0,0.0,1.0,0.0,1940.0,1009.0,958.0,669.0,669.0,1.0,False,,,,,,,,True,2587,non-rollup institutions
FY2025,IPF10057288,"ST. JUDE CHILDREN'S RESEARCH HOSPITAL GRADUATE SCHOOL OF BIOMEDICAL SCIENCES, LLC",St. Jude Children's Research Hospital Graduate School of Biomedical Sciences,UNITED STATES,False,359196.0,8,8,359196.0,0.0,0,0.0,0,0,0.0,0,0,0.0,0,0.0,0,0.0,0,0.0,0,0.0,0,0.0,0,359196.0,8,0.0,0,0.0,0,0.0,0,359196.0,8,8,8,44900.0,44900.0,44900.0,0.0,1.0,0.0,1941.0,393.0,388.0,669.0,669.0,1.0,True,538.0,,,,,,,True,2587,non-rollup institutions
FY2025,IPF9281501,COLLEGE OF WILLIAM AND MARY,College of William and Mary,UNITED STATES,False,358279.0,1,1,250000.0,108279.0,0,0.0,0,0,0.0,0,0,0.0,0,358279.0,1,0.0,0,0.0,0,0.0,0,0.0,0,0.0,0,0.0,0,0.0,0,0.0,0,358279.0,1,1,1,358279.0,358279.0,358279.0,0.0,1.0,0.0,1942.0,1009.0,958.0,669.0,669.0,1.0,False,,,,,,,,True,2587,non-rollup institutions
FY2025,IPF10007970,"ARNOLD CONSULTANCY AND TECHNOLOGY, LLC",Arnold Consultancy and Technology,UNITED STATES,False,357371.0,1,1,289758.0,50595.0,0,0.0,0,0,0.0,0,0,0.0,0,357371.0,1,0.0,0,0.0,0,0.0,0,0.0,0,0.0,0,0.0,0,0.0,0,0.0,0,357371.0,1,1,1,357371.0,357371.0,357371.0,0.0,1.0,0.0,1943.0,1009.0,958.0,669.0,669.0,1.0,False,,,,,,,,True,2587,non-rollup institutions
FY2025,IPF10089864,"ELECTRIC INDIGO, LLC",Electric Indigo,UNITED STATES,False,356807.0,1,1,298795.0,35115.0,0,0.0,0,0,0.0,0,0,0.0,0,356807.0,1,0.0,0,0.0,0,0.0,0,0.0,0,0.0,0,0.0,0,0.0,0,0.0,0,356807.0,1,2,1,178404.0,356807.0,356807.0,0.0,0.5,0.0,1944.0,1009.0,958.0,669.0,669.0,1.0,False,,,,,,,,True,2587,non-rollup institutions
FY2025,IPF10056159,"PS-FERTILITY, INC.",Ps-Fertility,UNITED STATES,False,356502.0,1,1,274232.0,82270.0,0,0.0,0,0,0.0,0,0,0.0,0,356502.0,1,0.0,0,0.0,0,0.0,0,0.0,0,0.0,0,0.0,0,0.0,0,0.0,0,356502.0,1,1,1,356502.0,356502.0,356502.0,0.0,1.0,0.0,1945.0,1009.0,958.0,669.0,669.0,1.0,False,,,,,,,,True,2587,non-rollup institutions
FY2025,IPF10068139,APTUS BIOSCIENCES LLC,Aptus Biosciences,UNITED STATES,False,356500.0,1,1,251693.0,81910.0,0,0.0,0,0,0.0,0,0,0.0,0,356500.0,1,0.0,0,0.0,0,0.0,0,0.0,0,0.0,0,0.0,0,0.0,0,0.0,0,356500.0,1,1,1,356500.0,356500.0,356500.0,0.0,1.0,0.0,1946.0,1009.0,958.0,669.0,669.0,1.0,False,,,,,,,,True,2587,non-rollup institutions
FY2025,IPF10054753,KILLER SNAILS LLC,Killer Snails,UNITED STATES,False,356500.0,1,1,256913.0,76690.0,0,0.0,0,0,0.0,0,0,0.0,0,356500.0,1,0.0,0,0.0,0,0.0,0,0.0,0,0.0,0,0.0,0,0.0,0,0.0,0,356500.0,1,1,1,356500.0,356500.0,356500.0,0.0,1.0,0.0,1946.0,1009.0,958.0,669.0,669.0,1.0,False,,,,,,,,True,2587,non-rollup institutions
FY2025,IPF10036440,"STELLULAR BIO, INC.",Stellular Bio,UNITED STATES,False,356485.0,1,1,240135.0,93454.0,0,0.0,0,0,0.0,0,0,0.0,0,356485.0,1,0.0,0,0.0,0,0.0,0,0.0,0,0.0,0,0.0,0,0.0,0,0.0,0,356485.0,1,1,1,356485.0,356485.0,356485.0,0.0,1.0,0.0,1948.0,1009.0,958.0,669.0,669.0,1.0,False,,,,,,,,True,2587,non-rollup institutions
FY2025,IPF9125701,WELLESLEY COLLEGE,Wellesley College,UNITED STATES,False,355707.0,1,1,241000.0,114707.0,0,355707.0,1,1,0.0,0,0,355707.0,1,0.0,0,0.0,0,0.0,0,0.0,0,0.0,0,0.0,0,0.0,0,0.0,0,0.0,0,0.0,0,1,1,355707.0,355707.0,355707.0,355707.0,1.0,100.0,1949.0,1009.0,958.0,602.0,484.0,1.0,False,,,,,,,,True,2587,non-rollup institutions
FY2025,IPF4120001,KHON KAEN UNIVERSITY,Khon Kaen University,THAILAND,False,355644.0,2,2,333594.0,22050.0,0,0.0,0,0,0.0,0,0,0.0,0,0.0,0,0.0,0,0.0,0,113320.0,1,0.0,0,0.0,0,0.0,0,242324.0,1,0.0,0,355644.0,2,2,2,177822.0,177822.0,177822.0,0.0,1.0,0.0,1950.0,698.0,671.0,669.0,669.0,1.0,False,,,,,,,,True,2587,non-rollup institutions
FY2025,IPF10022106,"GRAMERCY RESEARCH GROUP, LLC",Gramercy Research Group,UNITED STATES,False,354984.0,1,1,257634.0,97350.0,0,0.0,0,0,0.0,0,0,0.0,0,354984.0,1,0.0,0,0.0,0,0.0,0,0.0,0,0.0,0,0.0,0,0.0,0,0.0,0,354984.0,1,2,1,177492.0,354984.0,354984.0,0.0,0.5,0.0,1951.0,1009.0,958.0,669.0,669.0,1.0,False,,,,,,,,True,2587,non-rollup institutions
FY2025,IPF2736201,"PANORAMA RESEARCH, INC.",Panorama Research,UNITED STATES,False,354000.0,1,1,276109.0,61332.0,0,0.0,0,0,0.0,0,0,0.0,0,354000.0,1,0.0,0,0.0,0,0.0,0,0.0,0,0.0,0,0.0,0,0.0,0,0.0,0,354000.0,1,2,1,177000.0,354000.0,354000.0,0.0,0.5,0.0,1952.0,1009.0,958.0,669.0,669.0,1.0,False,,,,,,,,True,2587,non-rollup institutions
FY2025,IPF10071419,PUMPKINSEED TECHNOLOGIES INC,Pumpkinseed Technologies,UNITED STATES,False,353204.0,1,1,235784.0,94314.0,0,0.0,0,0,0.0,0,0,0.0,0,353204.0,1,0.0,0,0.0,0,0.0,0,0.0,0,0.0,0,0.0,0,0.0,0,0.0,0,353204.0,1,1,1,353204.0,353204.0,353204.0,0.0,1.0,0.0,1953.0,1009.0,958.0,669.0,669.0,1.0,False,,,,,,,,True,2587,non-rollup institutions
FY2025,IPF10061453,"PARAMITA THERAPEUTICS, INC.",Paramita Therapeutics,UNITED STATES,False,353009.0,1,1,318044.0,17465.0,0,0.0,0,0,0.0,0,0,0.0,0,353009.0,1,0.0,0,0.0,0,0.0,0,0.0,0,0.0,0,0.0,0,0.0,0,0.0,0,353009.0,1,1,1,353009.0,353009.0,353009.0,0.0,1.0,0.0,1954.0,1009.0,958.0,669.0,669.0,1.0,False,,,,,,,,True,2587,non-rollup institutions
FY2025,IPF3527410,KING'S COLLEGE LONDON,King's College London,UNITED KINGDOM,False,352847.0,1,1,339531.0,13316.0,0,352847.0,1,1,0.0,0,0,352847.0,1,0.0,0,0.0,0,0.0,0,0.0,0,0.0,0,0.0,0,0.0,0,0.0,0,0.0,0,0.0,0,2,1,176424.0,352847.0,352847.0,176424.0,0.5,100.0,1955.0,1009.0,958.0,603.0,484.0,1.0,False,,,,,,,,True,2587,non-rollup institutions
FY2025,IPF1204101,UNIVERSIDAD CENTRAL DEL CARIBE,Universidad Central Del Caribe,UNITED STATES,False,352654.0,3,3,286919.0,65735.0,0,0.0,0,0,0.0,0,0,0.0,0,247898.0,2,0.0,0,0.0,0,0.0,0,0.0,0,0.0,0,0.0,0,104756.0,1,0.0,0,352654.0,3,3,3,117551.0,117551.0,117551.0,0.0,1.0,0.0,1956.0,578.0,550.0,669.0,669.0,1.0,False,,,,,,,,True,2587,non-rollup institutions
FY2025,IPF10069275,"NANOMUSE, LLC",Nanomuse,UNITED STATES,False,351461.0,1,1,273723.0,54745.0,0,0.0,0,0,0.0,0,0,0.0,0,351461.0,1,0.0,0,0.0,0,0.0,0,0.0,0,0.0,0,0.0,0,0.0,0,0.0,0,351461.0,1,1,1,351461.0,351461.0,351461.0,0.0,1.0,0.0,1957.0,1009.0,958.0,669.0,669.0,1.0,False,,,,,,,,True,2587,non-rollup institutions
FY2025,IPF10065642,"ELLISON INSTITUTE, LLC",Ellison Institute,UNITED STATES,False,351056.0,1,1,325354.0,25702.0,0,351056.0,1,1,0.0,0,0,351056.0,1,0.0,0,0.0,0,0.0,0,0.0,0,0.0,0,0.0,0,0.0,0,0.0,0,0.0,0,0.0,0,1,1,351056.0,351056.0,351056.0,351056.0,1.0,100.0,1958.0,1009.0,958.0,604.0,484.0,1.0,False,,,,,,,,True,2587,non-rollup institutions
FY2025,IPF10074038,DRAGONASE LLC,Dragonase,UNITED STATES,False,350000.0,1,1,297366.0,29737.0,0,0.0,0,0,0.0,0,0,0.0,0,350000.0,1,0.0,0,0.0,0,0.0,0,0.0,0,0.0,0,0.0,0,0.0,0,0.0,0,350000.0,1,1,1,350000.0,350000.0,350000.0,0.0,1.0,0.0,1959.0,1009.0,958.0,669.0,669.0,1.0,False,,,,,,,,True,2587,non-rollup institutions
FY2025,IPF10081236,"NEUCORE BIO, INC.",Neucore Bio,UNITED STATES,False,350000.0,1,1,295389.0,31714.0,0,0.0,0,0,0.0,0,0,0.0,0,350000.0,1,0.0,0,0.0,0,0.0,0,0.0,0,0.0,0,0.0,0,0.0,0,0.0,0,350000.0,1,2,1,175000.0,350000.0,350000.0,0.0,0.5,0.0,1959.0,1009.0,958.0,669.0,669.0,1.0,False,,,,,,,,True,2587,non-rollup institutions
FY2025,IPF10075833,"MICROVASCULAR TISSUES, INC.",Microvascular Tissues,UNITED STATES,False,350000.0,1,1,328662.0,14265.0,0,0.0,0,0,0.0,0,0,0.0,0,350000.0,1,0.0,0,0.0,0,0.0,0,0.0,0,0.0,0,0.0,0,0.0,0,0.0,0,350000.0,1,1,1,350000.0,350000.0,350000.0,0.0,1.0,0.0,1959.0,1009.0,958.0,669.0,669.0,1.0,False,,,,,,,,True,2587,non-rollup institutions
FY2025,IPF10075498,PANACEA INTERACTIVE LLC,Panacea Interactive,UNITED STATES,False,350000.0,1,1,283103.0,44000.0,0,0.0,0,0,0.0,0,0,0.0,0,350000.0,1,0.0,0,0.0,0,0.0,0,0.0,0,0.0,0,0.0,0,0.0,0,0.0,0,350000.0,1,1,1,350000.0,350000.0,350000.0,0.0,1.0,0.0,1959.0,1009.0,958.0,669.0,669.0,1.0,False,,,,,,,,True,2587,non-rollup institutions
FY2025,IPF10081934,"SNC THERAPEUTICS, INC.",Snc Therapeutics,UNITED STATES,False,350000.0,1,1,233645.0,93458.0,0,0.0,0,0,0.0,0,0,0.0,0,350000.0,1,0.0,0,0.0,0,0.0,0,0.0,0,0.0,0,0.0,0,0.0,0,0.0,0,350000.0,1,1,1,350000.0,350000.0,350000.0,0.0,1.0,0.0,1959.0,1009.0,958.0,669.0,669.0,1.0,False,,,,,,,,True,2587,non-rollup institutions
FY2025,IPF10081984,UNCO THERAPEUTICS LLC,Unco Therapeutics,UNITED STATES,False,350000.0,1,1,250000.0,100000.0,0,0.0,0,0,0.0,0,0,0.0,0,350000.0,1,0.0,0,0.0,0,0.0,0,0.0,0,0.0,0,0.0,0,0.0,0,0.0,0,350000.0,1,1,1,350000.0,350000.0,350000.0,0.0,1.0,0.0,1959.0,1009.0,958.0,669.0,669.0,1.0,False,,,,,,,,True,2587,non-rollup institutions
FY2025,IPF10080047,DEEP REASONING AI INC,Deep Reasoning Ai,UNITED STATES,False,350000.0,1,1,259431.0,67672.0,0,0.0,0,0,0.0,0,0,0.0,0,350000.0,1,0.0,0,0.0,0,0.0,0,0.0,0,0.0,0,0.0,0,0.0,0,0.0,0,350000.0,1,2,1,175000.0,350000.0,350000.0,0.0,0.5,0.0,1959.0,1009.0,958.0,669.0,669.0,1.0,False,,,,,,,,True,2587,non-rollup institutions
FY2025,IPF10082111,EPITUNE LLC,Epitune,UNITED STATES,False,350000.0,1,1,282895.0,44780.0,0,0.0,0,0,0.0,0,0,0.0,0,350000.0,1,0.0,0,0.0,0,0.0,0,0.0,0,0.0,0,0.0,0,0.0,0,0.0,0,350000.0,1,1,1,350000.0,350000.0,350000.0,0.0,1.0,0.0,1959.0,1009.0,958.0,669.0,669.0,1.0,False,,,,,,,,True,2587,non-rollup institutions
FY2025,IPF10024268,"KATHAROS, INC.",Katharos,UNITED STATES,False,350000.0,1,1,272586.0,54517.0,0,0.0,0,0,0.0,0,0,0.0,0,350000.0,1,0.0,0,0.0,0,0.0,0,0.0,0,0.0,0,0.0,0,0.0,0,0.0,0,350000.0,1,1,1,350000.0,350000.0,350000.0,0.0,1.0,0.0,1959.0,1009.0,958.0,669.0,669.0,1.0,False,,,,,,,,True,2587,non-rollup institutions
FY2025,IPF10044954,"AAVOGEN, INC.",Aavogen,UNITED STATES,False,350000.0,1,1,280000.0,70000.0,0,0.0,0,0,0.0,0,0,0.0,0,350000.0,1,0.0,0,0.0,0,0.0,0,0.0,0,0.0,0,0.0,0,0.0,0,0.0,0,350000.0,1,1,1,350000.0,350000.0,350000.0,0.0,1.0,0.0,1959.0,1009.0,958.0,669.0,669.0,1.0,False,,,,,,,,True,2587,non-rollup institutions
FY2025,IPF10027024,"EPIGEN BIOSCIENCES, INC.",Epigen Biosciences,UNITED STATES,False,349999.0,1,1,266560.0,60542.0,0,0.0,0,0,0.0,0,0,0.0,0,349999.0,1,0.0,0,0.0,0,0.0,0,0.0,0,0.0,0,0.0,0,0.0,0,0.0,0,349999.0,1,2,1,175000.0,349999.0,349999.0,0.0,0.5,0.0,1969.0,1009.0,958.0,669.0,669.0,1.0,False,,,,,,,,True,2587,non-rollup institutions
FY2025,IPF10081543,INTERO BIOSYSTEMS INC.,Intero Biosystems,UNITED STATES,False,349952.0,1,1,233613.0,93445.0,0,0.0,0,0,0.0,0,0,0.0,0,349952.0,1,0.0,0,0.0,0,0.0,0,0.0,0,0.0,0,0.0,0,0.0,0,0.0,0,349952.0,1,2,1,174976.0,349952.0,349952.0,0.0,0.5,0.0,1970.0,1009.0,958.0,669.0,669.0,1.0,False,,,,,,,,True,2587,non-rollup institutions
FY2025,IPF10087988,KANO THERAPEUTICS INC,Kano Therapeutics,UNITED STATES,False,349952.0,1,1,233613.0,93445.0,0,0.0,0,0,0.0,0,0,0.0,0,349952.0,1,0.0,0,0.0,0,0.0,0,0.0,0,0.0,0,0.0,0,0.0,0,0.0,0,349952.0,1,1,1,349952.0,349952.0,349952.0,0.0,1.0,0.0,1970.0,1009.0,958.0,669.0,669.0,1.0,False,,,,,,,,True,2587,non-rollup institutions
FY2025,IPF10037293,"RFPI, LLC",Rfpi,UNITED STATES,False,349910.0,1,1,298266.0,28753.0,0,0.0,0,0,0.0,0,0,0.0,0,349910.0,1,0.0,0,0.0,0,0.0,0,0.0,0,0.0,0,0.0,0,0.0,0,0.0,0,349910.0,1,1,1,349910.0,349910.0,349910.0,0.0,1.0,0.0,1972.0,1009.0,958.0,669.0,669.0,1.0,False,,,,,,,,True,2587,non-rollup institutions
FY2025,IPF10077830,"EVANESC THERAPEUTICS, INC.",Evanesc Therapeutics,UNITED STATES,False,349908.0,1,1,301893.0,25124.0,0,0.0,0,0,0.0,0,0,0.0,0,349908.0,1,0.0,0,0.0,0,0.0,0,0.0,0,0.0,0,0.0,0,0.0,0,0.0,0,349908.0,1,2,1,174954.0,349908.0,349908.0,0.0,0.5,0.0,1973.0,1009.0,958.0,669.0,669.0,1.0,False,,,,,,,,True,2587,non-rollup institutions
FY2025,IPF10047893,"FESARIUSTHERAPEUTICS, INC.",Fesariustherapeutics,UNITED STATES,False,349892.0,1,1,274802.0,52200.0,0,0.0,0,0,0.0,0,0,0.0,0,349892.0,1,0.0,0,0.0,0,0.0,0,0.0,0,0.0,0,0.0,0,0.0,0,0.0,0,349892.0,1,1,1,349892.0,349892.0,349892.0,0.0,1.0,0.0,1974.0,1009.0,958.0,669.0,669.0,1.0,False,,,,,,,,True,2587,non-rollup institutions
FY2025,IPF10081721,OSEM FLUIDICS INC,Osem Fluidics,UNITED STATES,False,349873.0,2,1,299816.0,29982.0,0,0.0,0,0,0.0,0,0,0.0,0,349873.0,2,0.0,0,0.0,0,0.0,0,0.0,0,0.0,0,0.0,0,0.0,0,0.0,0,349873.0,2,1,1,349873.0,349873.0,174936.0,0.0,1.0,0.0,1975.0,698.0,958.0,669.0,669.0,1.0,False,,,,,,,,True,2587,non-rollup institutions
FY2025,IPF10070801,SOJOURN MEDTECH LLC,Sojourn Medtech,UNITED STATES,False,349859.0,1,1,255043.0,72449.0,0,0.0,0,0,0.0,0,0,0.0,0,349859.0,1,0.0,0,0.0,0,0.0,0,0.0,0,0.0,0,0.0,0,0.0,0,0.0,0,349859.0,1,3,1,116620.0,349859.0,349859.0,0.0,0.33,0.0,1976.0,1009.0,958.0,669.0,669.0,1.0,False,,,,,,,,True,2587,non-rollup institutions
FY2025,IPF10071127,"DNA NANOBOTS, INC.",DNA Nanobots,UNITED STATES,False,349801.0,1,1,233512.0,93405.0,0,0.0,0,0,0.0,0,0,0.0,0,349801.0,1,0.0,0,0.0,0,0.0,0,0.0,0,0.0,0,0.0,0,0.0,0,0.0,0,349801.0,1,1,1,349801.0,349801.0,349801.0,0.0,1.0,0.0,1977.0,1009.0,958.0,669.0,669.0,1.0,False,,,,,,,,True,2587,non-rollup institutions
FY2025,IPF8684901,URSINUS COLLEGE,Ursinus College,UNITED STATES,False,349728.0,1,1,300000.0,49728.0,0,0.0,0,0,0.0,0,0,0.0,0,349728.0,1,0.0,0,0.0,0,0.0,0,0.0,0,0.0,0,0.0,0,0.0,0,0.0,0,349728.0,1,1,1,349728.0,349728.0,349728.0,0.0,1.0,0.0,1978.0,1009.0,958.0,669.0,669.0,1.0,False,,,,,,,,True,2587,non-rollup institutions
FY2025,IPF10019525,"FLUGEN, INC.",Flugen,UNITED STATES,False,349605.0,1,1,305896.0,20838.0,0,0.0,0,0,0.0,0,0,0.0,0,0.0,0,0.0,0,0.0,0,0.0,0,0.0,0,0.0,0,0.0,0,349605.0,1,0.0,0,349605.0,1,1,1,349605.0,349605.0,349605.0,0.0,1.0,0.0,1979.0,1009.0,958.0,669.0,669.0,1.0,False,,,,,,,,True,2587,non-rollup institutions
FY2025,IPF10064479,"REGENNOVA, INC.",Regennova,UNITED STATES,False,349325.0,1,1,247480.0,78992.0,0,0.0,0,0,0.0,0,0,0.0,0,349325.0,1,0.0,0,0.0,0,0.0,0,0.0,0,0.0,0,0.0,0,0.0,0,0.0,0,349325.0,1,1,1,349325.0,349325.0,349325.0,0.0,1.0,0.0,1980.0,1009.0,958.0,669.0,669.0,1.0,False,,,,,,,,True,2587,non-rollup institutions
FY2025,IPF10070834,IMAGEN BIOWORKS INC.,Imagen Bioworks,UNITED STATES,False,349243.0,1,1,276145.0,50250.0,0,0.0,0,0,0.0,0,0,0.0,0,349243.0,1,0.0,0,0.0,0,0.0,0,0.0,0,0.0,0,0.0,0,0.0,0,0.0,0,349243.0,1,2,1,174622.0,349243.0,349243.0,0.0,0.5,0.0,1981.0,1009.0,958.0,669.0,669.0,1.0,False,,,,,,,,True,2587,non-rollup institutions
FY2025,IPF10089289,"ONCA BIO, INC.",Onca Bio,UNITED STATES,False,348848.0,1,1,239725.0,86301.0,0,0.0,0,0,0.0,0,0,0.0,0,348848.0,1,0.0,0,0.0,0,0.0,0,0.0,0,0.0,0,0.0,0,0.0,0,0.0,0,348848.0,1,1,1,348848.0,348848.0,348848.0,0.0,1.0,0.0,1982.0,1009.0,958.0,669.0,669.0,1.0,False,,,,,,,,True,2587,non-rollup institutions
FY2025,IPF10066487,N'WAII INC.,N'waii,UNITED STATES,False,348800.0,1,1,324050.0,24750.0,0,0.0,0,0,0.0,0,0,0.0,0,348800.0,1,0.0,0,0.0,0,0.0,0,0.0,0,0.0,0,0.0,0,0.0,0,0.0,0,348800.0,1,1,1,348800.0,348800.0,348800.0,0.0,1.0,0.0,1983.0,1009.0,958.0,669.0,669.0,1.0,False,,,,,,,,True,2587,non-rollup institutions
FY2025,IPF6682301,PROVIDENCE COLLEGE,Providence College,UNITED STATES,False,348584.0,1,1,348584.0,0.0,0,0.0,0,0,0.0,0,0,0.0,0,0.0,0,0.0,0,0.0,0,0.0,0,0.0,0,0.0,0,0.0,0,348584.0,1,0.0,0,348584.0,1,1,1,348584.0,348584.0,348584.0,0.0,1.0,0.0,1984.0,1009.0,958.0,669.0,669.0,1.0,False,,,,,,,,True,2587,non-rollup institutions
FY2025,IPF10062547,"SEAL ROCK THERAPEUTICS, INC.",Seal Rock Therapeutics,UNITED STATES,False,346910.0,1,1,319896.0,21624.0,0,0.0,0,0,0.0,0,0,0.0,0,346910.0,1,0.0,0,0.0,0,0.0,0,0.0,0,0.0,0,0.0,0,0.0,0,0.0,0,346910.0,1,2,1,173455.0,346910.0,346910.0,0.0,0.5,0.0,1985.0,1009.0,958.0,669.0,669.0,1.0,False,,,,,,,,True,2587,non-rollup institutions
FY2025,IPF1548201,CHRISTIAN MEDICAL COLLEGE,Christian Medical College,INDIA,False,346893.0,1,1,333616.0,13277.0,0,0.0,0,0,0.0,0,0,0.0,0,0.0,0,346893.0,1,0.0,0,0.0,0,0.0,0,0.0,0,0.0,0,0.0,0,0.0,0,346893.0,1,2,1,173446.0,346893.0,346893.0,0.0,0.5,0.0,1986.0,1009.0,958.0,669.0,669.0,1.0,False,,,,,,,,True,2587,non-rollup institutions
FY2025,IPF4474801,"INFOTECH SOFT, INC.",Infotech Soft,UNITED STATES,False,346252.0,1,1,281470.0,48294.0,0,0.0,0,0,0.0,0,0,0.0,0,346252.0,1,0.0,0,0.0,0,0.0,0,0.0,0,0.0,0,0.0,0,0.0,0,0.0,0,346252.0,1,1,1,346252.0,346252.0,346252.0,0.0,1.0,0.0,1987.0,1009.0,958.0,669.0,669.0,1.0,False,,,,,,,,True,2587,non-rollup institutions
FY2025,IPF10056675,"KASA BIO, L.L.C.",Kasa Bio,UNITED STATES,False,345285.0,1,1,297660.0,26789.0,0,0.0,0,0,0.0,0,0,0.0,0,345285.0,1,0.0,0,0.0,0,0.0,0,0.0,0,0.0,0,0.0,0,0.0,0,0.0,0,345285.0,1,1,1,345285.0,345285.0,345285.0,0.0,1.0,0.0,1988.0,1009.0,958.0,669.0,669.0,1.0,False,,,,,,,,True,2587,non-rollup institutions
FY2025,IPF10075286,"REZIGENE, LLC",Rezigene,UNITED STATES,False,344464.0,1,1,229949.0,91980.0,0,0.0,0,0,0.0,0,0,0.0,0,344464.0,1,0.0,0,0.0,0,0.0,0,0.0,0,0.0,0,0.0,0,0.0,0,0.0,0,344464.0,1,1,1,344464.0,344464.0,344464.0,0.0,1.0,0.0,1989.0,1009.0,958.0,669.0,669.0,1.0,False,,,,,,,,True,2587,non-rollup institutions
FY2025,IPF244301,METROPOLITAN STATE UNIVERSITY OF DENVER,Metropolitan State University of Denver,UNITED STATES,False,343327.0,1,1,339224.0,4103.0,0,0.0,0,0,0.0,0,0,0.0,0,343327.0,1,0.0,0,0.0,0,0.0,0,0.0,0,0.0,0,0.0,0,0.0,0,0.0,0,343327.0,1,3,1,114442.0,343327.0,343327.0,0.0,0.33,0.0,1990.0,1009.0,958.0,669.0,669.0,1.0,False,,,,,,,,True,2587,non-rollup institutions
FY2025,IPF1179901,CARROLL UNIVERSITY,Carroll University,UNITED STATES,False,343320.0,1,1,299500.0,43820.0,0,0.0,0,0,0.0,0,0,0.0,0,343320.0,1,0.0,0,0.0,0,0.0,0,0.0,0,0.0,0,0.0,0,0.0,0,0.0,0,343320.0,1,1,1,343320.0,343320.0,343320.0,0.0,1.0,0.0,1991.0,1009.0,958.0,669.0,669.0,1.0,False,,,,,,,,True,2587,non-rollup institutions
FY2025,IPF10089181,ORALMR LLC,Oralmr,UNITED STATES,False,341970.0,1,1,299633.0,19965.0,0,0.0,0,0,0.0,0,0,0.0,0,341970.0,1,0.0,0,0.0,0,0.0,0,0.0,0,0.0,0,0.0,0,0.0,0,0.0,0,341970.0,1,2,1,170985.0,341970.0,341970.0,0.0,0.5,0.0,1992.0,1009.0,958.0,669.0,669.0,1.0,False,,,,,,,,True,2587,non-rollup institutions
FY2025,IPF10052245,EASTERN SHOSHONE TRIBE,Eastern Shoshone Tribe,UNITED STATES,False,341034.0,1,1,315579.0,25455.0,0,0.0,0,0,0.0,0,0,0.0,0,0.0,0,0.0,0,0.0,0,0.0,0,0.0,0,0.0,0,0.0,0,341034.0,1,0.0,0,341034.0,1,2,1,170517.0,341034.0,341034.0,0.0,0.5,0.0,1993.0,1009.0,958.0,669.0,669.0,1.0,False,,,,,,,,True,2587,non-rollup institutions
FY2025,IPF2653603,SHARP MEMORIAL HOSPITAL,Sharp Memorial Hospital,UNITED STATES,False,339460.0,1,1,220000.0,119460.0,0,0.0,0,0,0.0,0,0,0.0,0,0.0,0,339460.0,1,0.0,0,0.0,0,0.0,0,0.0,0,0.0,0,0.0,0,0.0,0,339460.0,1,1,1,339460.0,339460.0,339460.0,0.0,1.0,0.0,1994.0,1009.0,958.0,669.0,669.0,1.0,False,,,,,,,,True,2587,non-rollup institutions
FY2025,IPF5622101,UNIVERSITY OF KWAZULU-NATAL,University of Kwazulu-Natal,SOUTH AFRICA,False,339118.0,3,3,315489.0,23629.0,0,0.0,0,0,0.0,0,0,0.0,0,245195.0,1,0.0,0,0.0,0,43925.0,1,0.0,0,0.0,0,0.0,0,49998.0,1,0.0,0,339118.0,3,5,3,67824.0,113039.0,113039.0,0.0,0.6,0.0,1995.0,578.0,550.0,669.0,669.0,1.0,True,536.0,,,,,,,True,2587,non-rollup institutions
FY2025,IPF1078604,UNIVERSITY OF ALASKA ANCHORAGE,University of Alaska Anchorage,UNITED STATES,False,339085.0,2,2,324153.0,25932.0,0,0.0,0,0,0.0,0,0,0.0,0,0.0,0,0.0,0,0.0,0,339085.0,2,0.0,0,0.0,0,0.0,0,0.0,0,0.0,0,339085.0,2,2,2,169542.0,169542.0,169542.0,0.0,1.0,0.0,1996.0,698.0,671.0,669.0,669.0,1.0,False,,,,,,,,True,2587,non-rollup institutions
FY2025,IPF10001605,ERASMUS MEDICAL CENTER,Erasmus Medical Center,NETHERLANDS,False,337828.0,1,1,312804.0,25024.0,0,337828.0,1,1,0.0,0,0,337828.0,1,0.0,0,0.0,0,0.0,0,0.0,0,0.0,0,0.0,0,0.0,0,0.0,0,0.0,0,0.0,0,1,1,337828.0,337828.0,337828.0,337828.0,1.0,100.0,1997.0,1009.0,958.0,605.0,484.0,1.0,False,,,,,,,,True,2587,non-rollup institutions
FY2025,IPF10073214,PONS INCORPORATED,Pons Incorporated,UNITED STATES,False,337355.0,1,1,233775.0,81510.0,0,0.0,0,0,0.0,0,0,0.0,0,337355.0,1,0.0,0,0.0,0,0.0,0,0.0,0,0.0,0,0.0,0,0.0,0,0.0,0,337355.0,1,1,1,337355.0,337355.0,337355.0,0.0,1.0,0.0,1998.0,1009.0,958.0,669.0,669.0,1.0,False,,,,,,,,True,2587,non-rollup institutions
FY2025,IPF10035689,"COLLEGE OF HEALTH SCIENCES, UNIVERSITY OF GHANA","College of Health Sciences, University of Ghana",GHANA,False,337046.0,3,3,312821.0,24225.0,0,0.0,0,0,0.0,0,0,0.0,0,54000.0,1,197736.0,1,0.0,0,85310.0,1,0.0,0,0.0,0,0.0,0,0.0,0,0.0,0,337046.0,3,3,3,112349.0,112349.0,112349.0,0.0,1.0,0.0,1999.0,578.0,550.0,669.0,669.0,1.0,False,,,,,,,,True,2587,non-rollup institutions
FY2025,IPF4391401,DAYTON CLINICAL ONCOLOGY PROGRAM,Dayton Clinical Oncology Program,UNITED STATES,False,336900.0,1,1,336900.0,0.0,0,0.0,0,0,0.0,0,0,0.0,0,0.0,0,336900.0,1,0.0,0,0.0,0,0.0,0,0.0,0,0.0,0,0.0,0,0.0,0,336900.0,1,1,1,336900.0,336900.0,336900.0,0.0,1.0,0.0,2000.0,1009.0,958.0,669.0,669.0,1.0,False,,,,,,,,True,2587,non-rollup institutions
FY2025,IPF10054848,MYCOBACTERIA THERAPEUTICS CORPORATION,Mycobacteria Therapeutics Corporation,UNITED STATES,False,335257.0,1,1,282210.0,31114.0,0,0.0,0,0,0.0,0,0,0.0,0,335257.0,1,0.0,0,0.0,0,0.0,0,0.0,0,0.0,0,0.0,0,0.0,0,0.0,0,335257.0,1,2,1,167628.0,335257.0,335257.0,0.0,0.5,0.0,2001.0,1009.0,958.0,669.0,669.0,1.0,False,,,,,,,,True,2587,non-rollup institutions
FY2025,IPF10054255,SYNCANICA BIO,Syncanica Bio,UNITED STATES,False,334343.0,1,1,279850.0,32620.0,0,0.0,0,0,0.0,0,0,0.0,0,334343.0,1,0.0,0,0.0,0,0.0,0,0.0,0,0.0,0,0.0,0,0.0,0,0.0,0,334343.0,1,1,1,334343.0,334343.0,334343.0,0.0,1.0,0.0,2002.0,1009.0,958.0,669.0,669.0,1.0,False,,,,,,,,True,2587,non-rollup institutions
FY2025,IPF815101,UNIVERSITY OF BIRMINGHAM,University of Birmingham,UNITED KINGDOM,False,334259.0,1,1,311699.0,22560.0,0,334259.0,1,1,0.0,0,0,334259.0,1,0.0,0,0.0,0,0.0,0,0.0,0,0.0,0,0.0,0,0.0,0,0.0,0,0.0,0,0.0,0,1,1,334259.0,334259.0,334259.0,334259.0,1.0,100.0,2003.0,1009.0,958.0,607.0,484.0,1.0,False,,,,,,,,True,2587,non-rollup institutions
FY2025,IPF10070587,CALIS BOOKS INC,Calis Books,UNITED STATES,False,333846.0,1,1,281773.0,30233.0,0,0.0,0,0,0.0,0,0,0.0,0,333846.0,1,0.0,0,0.0,0,0.0,0,0.0,0,0.0,0,0.0,0,0.0,0,0.0,0,333846.0,1,1,1,333846.0,333846.0,333846.0,0.0,1.0,0.0,2004.0,1009.0,958.0,669.0,669.0,1.0,False,,,,,,,,True,2587,non-rollup institutions
FY2025,IPF10035779,COVENANT UNIVERSITY,Covenant University,NIGERIA,False,333516.0,2,2,323280.0,10236.0,0,0.0,0,0,0.0,0,0,0.0,0,0.0,0,247234.0,1,0.0,0,86282.0,1,0.0,0,0.0,0,0.0,0,0.0,0,0.0,0,333516.0,2,4,2,83379.0,166758.0,166758.0,0.0,0.5,0.0,2005.0,698.0,671.0,669.0,669.0,1.0,False,,,,,,,,True,2587,non-rollup institutions
FY2025,IPF2900001,VETERANS EDUCATION/RES/ASSN/NORTH/NE,Veterans Education/Research/Assn/North/Ne,UNITED STATES,False,332897.0,1,1,298321.0,34576.0,0,332897.0,1,1,0.0,0,0,332897.0,1,0.0,0,0.0,0,0.0,0,0.0,0,0.0,0,0.0,0,0.0,0,0.0,0,0.0,0,0.0,0,1,1,332897.0,332897.0,332897.0,332897.0,1.0,100.0,2006.0,1009.0,958.0,608.0,484.0,1.0,False,,,,,,,,True,2587,non-rollup institutions
FY2025,IPF409901,AMERICAN SOCIETY FOR MICROBIOLOGY,American Society for Microbiology,UNITED STATES,False,331812.0,2,2,312456.0,19356.0,0,0.0,0,0,0.0,0,0,0.0,0,70500.0,1,261312.0,1,0.0,0,0.0,0,0.0,0,0.0,0,0.0,0,0.0,0,0.0,0,331812.0,2,2,1,165906.0,165906.0,165906.0,0.0,1.0,0.0,2007.0,698.0,671.0,669.0,669.0,1.0,False,,,,,,,,True,2587,non-rollup institutions
FY2025,IPF10082031,"ESK THERAPEUTICS, INC",Esk Therapeutics,UNITED STATES,False,330169.0,1,1,258485.0,50509.0,0,0.0,0,0,0.0,0,0,0.0,0,330169.0,1,0.0,0,0.0,0,0.0,0,0.0,0,0.0,0,0.0,0,0.0,0,0.0,0,330169.0,1,1,1,330169.0,330169.0,330169.0,0.0,1.0,0.0,2008.0,1009.0,958.0,669.0,669.0,1.0,False,,,,,,,,True,2587,non-rollup institutions
FY2025,IPF10068794,TRESTLE OPTICS LLC,Trestle Optics,UNITED STATES,False,330076.0,1,1,266300.0,42182.0,0,0.0,0,0,0.0,0,0,0.0,0,330076.0,1,0.0,0,0.0,0,0.0,0,0.0,0,0.0,0,0.0,0,0.0,0,0.0,0,330076.0,1,1,1,330076.0,330076.0,330076.0,0.0,1.0,0.0,2009.0,1009.0,958.0,669.0,669.0,1.0,False,,,,,,,,True,2587,non-rollup institutions
FY2025,IPF10049147,"CAPIENDA BIOTECH, LLC",Capienda Biotech,UNITED STATES,False,329272.0,1,1,219808.0,87923.0,0,0.0,0,0,0.0,0,0,0.0,0,329272.0,1,0.0,0,0.0,0,0.0,0,0.0,0,0.0,0,0.0,0,0.0,0,0.0,0,329272.0,1,1,1,329272.0,329272.0,329272.0,0.0,1.0,0.0,2010.0,1009.0,958.0,669.0,669.0,1.0,False,,,,,,,,True,2587,non-rollup institutions
FY2025,IPF10080247,PELVA HEALTH CORPORATION,Pelva Health Corporation,UNITED STATES,False,328496.0,1,1,219290.0,87716.0,0,0.0,0,0,0.0,0,0,0.0,0,328496.0,1,0.0,0,0.0,0,0.0,0,0.0,0,0.0,0,0.0,0,0.0,0,0.0,0,328496.0,1,1,1,328496.0,328496.0,328496.0,0.0,1.0,0.0,2011.0,1009.0,958.0,669.0,669.0,1.0,False,,,,,,,,True,2587,non-rollup institutions
FY2025,IPF10008843,HAMILTON HEALTH SCIENCES CORPORATION,Hamilton Health Sciences Corporation,CANADA,False,327984.0,1,1,303689.0,24295.0,0,327984.0,1,1,0.0,0,0,327984.0,1,0.0,0,0.0,0,0.0,0,0.0,0,0.0,0,0.0,0,0.0,0,0.0,0,0.0,0,0.0,0,1,1,327984.0,327984.0,327984.0,327984.0,1.0,100.0,2012.0,1009.0,958.0,611.0,484.0,1.0,False,,,,,,,,True,2587,non-rollup institutions
FY2025,IPF5802601,NETHERLANDS CANCER INSTITUTE,Netherlands Cancer Institute,NETHERLANDS,False,327293.0,2,1,319897.0,7396.0,0,327293.0,2,1,0.0,0,0,327293.0,2,0.0,0,0.0,0,0.0,0,0.0,0,0.0,0,0.0,0,0.0,0,0.0,0,0.0,0,0.0,0,1,1,327293.0,327293.0,163646.0,327293.0,1.0,100.0,2013.0,698.0,958.0,612.0,414.0,1.0,False,,,,,,,,True,2587,non-rollup institutions
FY2025,IPF10079174,BOSTON AI LLC,Boston Ai,UNITED STATES,False,326813.0,1,1,287320.0,18113.0,0,0.0,0,0,0.0,0,0,0.0,0,326813.0,1,0.0,0,0.0,0,0.0,0,0.0,0,0.0,0,0.0,0,0.0,0,0.0,0,326813.0,1,1,1,326813.0,326813.0,326813.0,0.0,1.0,0.0,2014.0,1009.0,958.0,669.0,669.0,1.0,False,,,,,,,,True,2587,non-rollup institutions
FY2025,IPF10066081,BERKSHIRE BIOMEDICAL CORPORATION,Berkshire Biomedical Corporation,UNITED STATES,False,326410.0,1,1,218200.0,87280.0,0,0.0,0,0,0.0,0,0,0.0,0,326410.0,1,0.0,0,0.0,0,0.0,0,0.0,0,0.0,0,0.0,0,0.0,0,0.0,0,326410.0,1,1,1,326410.0,326410.0,326410.0,0.0,1.0,0.0,2015.0,1009.0,958.0,669.0,669.0,1.0,False,,,,,,,,True,2587,non-rollup institutions
FY2025,IPF10077449,SEEINME INC,Seeinme,UNITED STATES,False,326382.0,1,1,233529.0,71501.0,0,0.0,0,0,0.0,0,0,0.0,0,326382.0,1,0.0,0,0.0,0,0.0,0,0.0,0,0.0,0,0.0,0,0.0,0,0.0,0,326382.0,1,2,1,163191.0,326382.0,326382.0,0.0,0.5,0.0,2016.0,1009.0,958.0,669.0,669.0,1.0,False,,,,,,,,True,2587,non-rollup institutions
FY2025,IPF3493801,"ADVANCED BRAIN MONITORING, INC.",Advanced Brain Monitoring,UNITED STATES,False,325672.0,1,1,242159.0,62207.0,0,0.0,0,0,0.0,0,0,0.0,0,325672.0,1,0.0,0,0.0,0,0.0,0,0.0,0,0.0,0,0.0,0,0.0,0,0.0,0,325672.0,1,2,1,162836.0,325672.0,325672.0,0.0,0.5,0.0,2017.0,1009.0,958.0,669.0,669.0,1.0,False,,,,,,,,True,2587,non-rollup institutions
FY2025,IPF10083967,"INTAILOR BARIATRICS, LLC",Intailor Bariatrics,UNITED STATES,False,325408.0,1,1,279048.0,25072.0,0,0.0,0,0,0.0,0,0,0.0,0,325408.0,1,0.0,0,0.0,0,0.0,0,0.0,0,0.0,0,0.0,0,0.0,0,0.0,0,325408.0,1,2,1,162704.0,325408.0,325408.0,0.0,0.5,0.0,2018.0,1009.0,958.0,669.0,669.0,1.0,False,,,,,,,,True,2587,non-rollup institutions
FY2025,IPF10034006,"ELSEVIER, INC.",Elsevier,UNITED STATES,False,325173.0,2,1,288683.0,36490.0,0,0.0,0,0,0.0,0,0,0.0,0,0.0,0,0.0,0,0.0,0,0.0,0,0.0,0,0.0,0,0.0,0,325173.0,2,0.0,0,325173.0,2,1,1,325173.0,325173.0,162586.0,0.0,1.0,0.0,2019.0,698.0,958.0,669.0,669.0,1.0,False,,,,,,,,True,2587,non-rollup institutions
FY2025,IPF1194503,SOUTHERN ILLINOIS UNIV AT EDWARDSVILLE,Southern Illinois University at Edwardsville,UNITED STATES,False,325125.0,2,2,225000.0,100125.0,0,0.0,0,0,0.0,0,0,0.0,0,325125.0,2,0.0,0,0.0,0,0.0,0,0.0,0,0.0,0,0.0,0,0.0,0,0.0,0,325125.0,2,2,2,162562.0,162562.0,162562.0,0.0,1.0,0.0,2020.0,698.0,671.0,669.0,669.0,1.0,False,,,,,,,,True,2587,non-rollup institutions
FY2025,IPF10059468,VIVIFI MEDICAL LLC,Vivifi Medical,UNITED STATES,False,325000.0,1,1,253127.0,50625.0,0,0.0,0,0,0.0,0,0,0.0,0,325000.0,1,0.0,0,0.0,0,0.0,0,0.0,0,0.0,0,0.0,0,0.0,0,0.0,0,325000.0,1,1,1,325000.0,325000.0,325000.0,0.0,1.0,0.0,2021.0,1009.0,958.0,669.0,669.0,1.0,False,,,,,,,,True,2587,non-rollup institutions
FY2025,IPF10079872,NUCB1 HOLDINGS LLC,Nucb1 Holdings,UNITED STATES,False,324793.0,1,1,216838.0,86735.0,0,0.0,0,0,0.0,0,0,0.0,0,324793.0,1,0.0,0,0.0,0,0.0,0,0.0,0,0.0,0,0.0,0,0.0,0,0.0,0,324793.0,1,1,1,324793.0,324793.0,324793.0,0.0,1.0,0.0,2022.0,1009.0,958.0,669.0,669.0,1.0,False,,,,,,,,True,2587,non-rollup institutions
FY2025,IPF10057884,"WATERSHED MEDICAL, INC",Watershed Medical,UNITED STATES,False,323850.0,1,1,246540.0,56124.0,0,0.0,0,0,0.0,0,0,0.0,0,323850.0,1,0.0,0,0.0,0,0.0,0,0.0,0,0.0,0,0.0,0,0.0,0,0.0,0,323850.0,1,1,1,323850.0,323850.0,323850.0,0.0,1.0,0.0,2023.0,1009.0,958.0,669.0,669.0,1.0,False,,,,,,,,True,2587,non-rollup institutions
FY2025,IPF10075380,"SIRONA MEDICAL TECHNOLOGIES, INC.",Sirona Medical Technologies,UNITED STATES,False,323230.0,1,1,248985.0,74245.0,0,0.0,0,0,0.0,0,0,0.0,0,323230.0,1,0.0,0,0.0,0,0.0,0,0.0,0,0.0,0,0.0,0,0.0,0,0.0,0,323230.0,1,1,1,323230.0,323230.0,323230.0,0.0,1.0,0.0,2024.0,1009.0,958.0,669.0,669.0,1.0,False,,,,,,,,True,2587,non-rollup institutions
FY2025,IPF10080011,"SPECTRAL THERAPEUTICS, INC.",Spectral Therapeutics,UNITED STATES,False,322388.0,1,1,222500.0,84888.0,0,0.0,0,0,0.0,0,0,0.0,0,322388.0,1,0.0,0,0.0,0,0.0,0,0.0,0,0.0,0,0.0,0,0.0,0,0.0,0,322388.0,1,1,1,322388.0,322388.0,322388.0,0.0,1.0,0.0,2025.0,1009.0,958.0,669.0,669.0,1.0,False,,,,,,,,True,2587,non-rollup institutions
FY2025,IPF10066101,LINSHOM MEDICAL INC,Linshom Medical,UNITED STATES,False,322277.0,1,1,263694.0,37500.0,0,0.0,0,0,0.0,0,0,0.0,0,0.0,0,0.0,0,0.0,0,0.0,0,0.0,0,0.0,0,0.0,0,322277.0,1,0.0,0,322277.0,1,2,1,161138.0,322277.0,322277.0,0.0,0.5,0.0,2026.0,1009.0,958.0,669.0,669.0,1.0,False,,,,,,,,True,2587,non-rollup institutions
FY2025,IPF10037839,"PROTERIS BIOTECH, INC.",Proteris Biotech,UNITED STATES,False,321904.0,1,1,214889.0,85956.0,0,0.0,0,0,0.0,0,0,0.0,0,321904.0,1,0.0,0,0.0,0,0.0,0,0.0,0,0.0,0,0.0,0,0.0,0,0.0,0,321904.0,1,2,1,160952.0,321904.0,321904.0,0.0,0.5,0.0,2027.0,1009.0,958.0,669.0,669.0,1.0,False,,,,,,,,True,2587,non-rollup institutions
FY2025,IPF10036994,"APTUS, LLC",Aptus,UNITED STATES,False,321679.0,1,1,295604.0,26075.0,0,0.0,0,0,0.0,0,0,0.0,0,321679.0,1,0.0,0,0.0,0,0.0,0,0.0,0,0.0,0,0.0,0,0.0,0,0.0,0,321679.0,1,1,1,321679.0,321679.0,321679.0,0.0,1.0,0.0,2028.0,1009.0,958.0,669.0,669.0,1.0,False,,,,,,,,True,2587,non-rollup institutions
FY2025,IPF10029845,STARSHIP HEALTH TECHNOLOGIES,Starship Health Technologies,UNITED STATES,False,321341.0,1,1,250932.0,49387.0,0,0.0,0,0,0.0,0,0,0.0,0,321341.0,1,0.0,0,0.0,0,0.0,0,0.0,0,0.0,0,0.0,0,0.0,0,0.0,0,321341.0,1,2,1,160670.0,321341.0,321341.0,0.0,0.5,0.0,2029.0,1009.0,958.0,669.0,669.0,1.0,False,,,,,,,,True,2587,non-rollup institutions
FY2025,IPF10024423,"JERICHO SCIENCES, LLC",Jericho Sciences,UNITED STATES,False,320863.0,1,1,263810.0,36487.0,0,0.0,0,0,0.0,0,0,0.0,0,320863.0,1,0.0,0,0.0,0,0.0,0,0.0,0,0.0,0,0.0,0,0.0,0,0.0,0,320863.0,1,2,1,160432.0,320863.0,320863.0,0.0,0.5,0.0,2030.0,1009.0,958.0,669.0,669.0,1.0,False,,,,,,,,True,2587,non-rollup institutions
FY2025,IPF10068641,AAIIT LLC,Aaiit,UNITED STATES,False,320863.0,1,1,250120.0,51160.0,0,0.0,0,0,0.0,0,0,0.0,0,320863.0,1,0.0,0,0.0,0,0.0,0,0.0,0,0.0,0,0.0,0,0.0,0,0.0,0,320863.0,1,1,1,320863.0,320863.0,320863.0,0.0,1.0,0.0,2030.0,1009.0,958.0,669.0,669.0,1.0,False,,,,,,,,True,2587,non-rollup institutions
FY2025,IPF10019307,"PERFUSION SOLUTIONS, INC.",Perfusion Solutions,UNITED STATES,False,320838.0,1,1,244290.0,59448.0,0,0.0,0,0,0.0,0,0,0.0,0,320838.0,1,0.0,0,0.0,0,0.0,0,0.0,0,0.0,0,0.0,0,0.0,0,0.0,0,320838.0,1,1,1,320838.0,320838.0,320838.0,0.0,1.0,0.0,2032.0,1009.0,958.0,669.0,669.0,1.0,False,,,,,,,,True,2587,non-rollup institutions
FY2025,IPF10066423,"TRU DIAGNOSTICS, INC.",Tru Diagnostics,UNITED STATES,False,320511.0,1,1,216120.0,83848.0,0,0.0,0,0,0.0,0,0,0.0,0,320511.0,1,0.0,0,0.0,0,0.0,0,0.0,0,0.0,0,0.0,0,0.0,0,0.0,0,320511.0,1,1,1,320511.0,320511.0,320511.0,0.0,1.0,0.0,2033.0,1009.0,958.0,669.0,669.0,1.0,False,,,,,,,,True,2587,non-rollup institutions
FY2025,IPF10060521,"TERP LIFE, LLC",Terp Life,UNITED STATES,False,320263.0,1,1,255861.0,64402.0,0,0.0,0,0,0.0,0,0,0.0,0,320263.0,1,0.0,0,0.0,0,0.0,0,0.0,0,0.0,0,0.0,0,0.0,0,0.0,0,320263.0,1,3,1,106754.0,320263.0,320263.0,0.0,0.33,0.0,2034.0,1009.0,958.0,669.0,669.0,1.0,False,,,,,,,,True,2587,non-rollup institutions
FY2025,IPF10018015,"CALIFORNIA STATE UNIV,  MONTEREY BAY","California State University, Monterey Bay",UNITED STATES,False,318248.0,2,2,296236.0,22012.0,0,0.0,0,0,0.0,0,0,0.0,0,318248.0,2,0.0,0,0.0,0,0.0,0,0.0,0,0.0,0,0.0,0,0.0,0,0.0,0,318248.0,2,3,2,106083.0,159124.0,159124.0,0.0,0.67,0.0,2035.0,698.0,671.0,669.0,669.0,1.0,False,,,,,,,,True,2587,non-rollup institutions
FY2025,IPF10054178,CALLA HEALTH FOUNDATION,Calla Health Foundation,UNITED STATES,False,317420.0,1,1,219610.0,77044.0,0,0.0,0,0,0.0,0,0,0.0,0,317420.0,1,0.0,0,0.0,0,0.0,0,0.0,0,0.0,0,0.0,0,0.0,0,0.0,0,317420.0,1,2,1,158710.0,317420.0,317420.0,0.0,0.5,0.0,2036.0,1009.0,958.0,669.0,669.0,1.0,False,,,,,,,,True,2587,non-rollup institutions
FY2025,IPF10047322,"MASSMATRIX, INC.",Massmatrix,UNITED STATES,False,316825.0,1,1,240454.0,56300.0,0,0.0,0,0,0.0,0,0,0.0,0,316825.0,1,0.0,0,0.0,0,0.0,0,0.0,0,0.0,0,0.0,0,0.0,0,0.0,0,316825.0,1,1,1,316825.0,316825.0,316825.0,0.0,1.0,0.0,2037.0,1009.0,958.0,669.0,669.0,1.0,False,,,,,,,,True,2587,non-rollup institutions
FY2025,IPF10062346,"BIOCHIP LABS, INC.",Biochip Labs,UNITED STATES,False,316800.0,1,1,245428.0,71372.0,0,0.0,0,0,0.0,0,0,0.0,0,316800.0,1,0.0,0,0.0,0,0.0,0,0.0,0,0.0,0,0.0,0,0.0,0,0.0,0,316800.0,1,2,1,158400.0,316800.0,316800.0,0.0,0.5,0.0,2038.0,1009.0,958.0,669.0,669.0,1.0,False,,,,,,,,True,2587,non-rollup institutions
FY2025,IPF9367001,COLLEGE OF WOOSTER,College of Wooster,UNITED STATES,False,316797.0,1,1,250000.0,66797.0,0,0.0,0,0,0.0,0,0,0.0,0,316797.0,1,0.0,0,0.0,0,0.0,0,0.0,0,0.0,0,0.0,0,0.0,0,0.0,0,316797.0,1,1,1,316797.0,316797.0,316797.0,0.0,1.0,0.0,2039.0,1009.0,958.0,669.0,669.0,1.0,False,,,,,,,,True,2587,non-rollup institutions
FY2025,IPF10059360,REMASTERED SLEEP LLC,Remastered Sleep,UNITED STATES,False,316609.0,1,1,211354.0,84542.0,0,0.0,0,0,0.0,0,0,0.0,0,316609.0,1,0.0,0,0.0,0,0.0,0,0.0,0,0.0,0,0.0,0,0.0,0,0.0,0,316609.0,1,1,1,316609.0,316609.0,316609.0,0.0,1.0,0.0,2040.0,1009.0,958.0,669.0,669.0,1.0,False,,,,,,,,True,2587,non-rollup institutions
FY2025,IPF10088468,MOLARITI INC,Molariti,UNITED STATES,False,316250.0,1,1,275000.0,41250.0,0,0.0,0,0,0.0,0,0,0.0,0,316250.0,1,0.0,0,0.0,0,0.0,0,0.0,0,0.0,0,0.0,0,0.0,0,0.0,0,316250.0,1,1,1,316250.0,316250.0,316250.0,0.0,1.0,0.0,2041.0,1009.0,958.0,669.0,669.0,1.0,False,,,,,,,,True,2587,non-rollup institutions
FY2025,IPF3591001,UNIVERSITY OF THE INCARNATE WORD,University of the Incarnate Word,UNITED STATES,False,316020.0,3,3,253469.0,62551.0,0,0.0,0,0,0.0,0,0,0.0,0,286209.0,2,0.0,0,0.0,0,0.0,0,29811.0,1,0.0,0,0.0,0,0.0,0,0.0,0,316020.0,3,3,3,105340.0,105340.0,105340.0,0.0,1.0,0.0,2042.0,578.0,550.0,669.0,669.0,1.0,False,,,,,,,,True,2587,non-rollup institutions
FY2025,IPF10082636,EYE C BETTER CORP,Eye C Better Corp,UNITED STATES,False,315825.0,1,1,268331.0,26833.0,0,0.0,0,0,0.0,0,0,0.0,0,315825.0,1,0.0,0,0.0,0,0.0,0,0.0,0,0.0,0,0.0,0,0.0,0,0.0,0,315825.0,1,1,1,315825.0,315825.0,315825.0,0.0,1.0,0.0,2043.0,1009.0,958.0,669.0,669.0,1.0,False,,,,,,,,True,2587,non-rollup institutions
FY2025,IPF10057653,"DRIVE MEDICAL, INC",Drive Medical,UNITED STATES,False,315747.0,1,1,220194.0,75477.0,0,0.0,0,0,0.0,0,0,0.0,0,315747.0,1,0.0,0,0.0,0,0.0,0,0.0,0,0.0,0,0.0,0,0.0,0,0.0,0,315747.0,1,1,1,315747.0,315747.0,315747.0,0.0,1.0,0.0,2044.0,1009.0,958.0,669.0,669.0,1.0,False,,,,,,,,True,2587,non-rollup institutions
FY2025,IPF10056786,"INTEGRATED MICRO-CHROMATOGRAPHY SYSTEMS, INC.",Integrated Micro-Chromatography Systems,UNITED STATES,False,315000.0,1,1,277353.0,35341.0,0,0.0,0,0,0.0,0,0,0.0,0,315000.0,1,0.0,0,0.0,0,0.0,0,0.0,0,0.0,0,0.0,0,0.0,0,0.0,0,315000.0,1,1,1,315000.0,315000.0,315000.0,0.0,1.0,0.0,2045.0,1009.0,958.0,669.0,669.0,1.0,False,,,,,,,,True,2587,non-rollup institutions
FY2025,IPF10081488,"PERSISTENCE THERAPEUTICS, INC.",Persistence Therapeutics,UNITED STATES,False,314685.0,1,1,235278.0,58820.0,0,0.0,0,0,0.0,0,0,0.0,0,314685.0,1,0.0,0,0.0,0,0.0,0,0.0,0,0.0,0,0.0,0,0.0,0,0.0,0,314685.0,1,2,1,157342.0,314685.0,314685.0,0.0,0.5,0.0,2046.0,1009.0,958.0,669.0,669.0,1.0,False,,,,,,,,True,2587,non-rollup institutions
FY2025,IPF10087787,EMPRIME THERAPEUTICS INC,Emprime Therapeutics,UNITED STATES,False,314363.0,1,1,277240.0,28871.0,0,0.0,0,0,0.0,0,0,0.0,0,314363.0,1,0.0,0,0.0,0,0.0,0,0.0,0,0.0,0,0.0,0,0.0,0,0.0,0,314363.0,1,1,1,314363.0,314363.0,314363.0,0.0,1.0,0.0,2047.0,1009.0,958.0,669.0,669.0,1.0,False,,,,,,,,True,2587,non-rollup institutions
FY2025,IPF10087652,"PRODIGY BIOTECH, INC.",Prodigy Biotech,UNITED STATES,False,314363.0,1,1,293797.0,0.0,0,0.0,0,0,0.0,0,0,0.0,0,314363.0,1,0.0,0,0.0,0,0.0,0,0.0,0,0.0,0,0.0,0,0.0,0,0.0,0,314363.0,1,1,1,314363.0,314363.0,314363.0,0.0,1.0,0.0,2047.0,1009.0,958.0,669.0,669.0,1.0,False,,,,,,,,True,2587,non-rollup institutions
FY2025,IPF10045622,"TANGO BIOSCIENCES, INC.",Tango Biosciences,UNITED STATES,False,314363.0,1,1,262495.0,31302.0,0,0.0,0,0,0.0,0,0,0.0,0,314363.0,1,0.0,0,0.0,0,0.0,0,0.0,0,0.0,0,0.0,0,0.0,0,0.0,0,314363.0,1,1,1,314363.0,314363.0,314363.0,0.0,1.0,0.0,2047.0,1009.0,958.0,669.0,669.0,1.0,False,,,,,,,,True,2587,non-rollup institutions
FY2025,IPF10083351,"GAVIA BIO, LLC",Gavia Bio,UNITED STATES,False,314363.0,1,1,229743.0,64054.0,0,0.0,0,0,0.0,0,0,0.0,0,314363.0,1,0.0,0,0.0,0,0.0,0,0.0,0,0.0,0,0.0,0,0.0,0,0.0,0,314363.0,1,1,1,314363.0,314363.0,314363.0,0.0,1.0,0.0,2047.0,1009.0,958.0,669.0,669.0,1.0,False,,,,,,,,True,2587,non-rollup institutions
FY2025,IPF10030622,"ARSENAL MEDICAL, INC.",Arsenal Medical,UNITED STATES,False,314363.0,1,1,217700.0,87080.0,0,0.0,0,0,0.0,0,0,0.0,0,314363.0,1,0.0,0,0.0,0,0.0,0,0.0,0,0.0,0,0.0,0,0.0,0,0.0,0,314363.0,1,2,1,157182.0,314363.0,314363.0,0.0,0.5,0.0,2047.0,1009.0,958.0,669.0,669.0,1.0,False,,,,,,,,True,2587,non-rollup institutions
FY2025,IPF10081405,DELINEATE INC,Delineate,UNITED STATES,False,314363.0,1,1,290389.0,23974.0,0,0.0,0,0,0.0,0,0,0.0,0,314363.0,1,0.0,0,0.0,0,0.0,0,0.0,0,0.0,0,0.0,0,0.0,0,0.0,0,314363.0,1,1,1,314363.0,314363.0,314363.0,0.0,1.0,0.0,2047.0,1009.0,958.0,669.0,669.0,1.0,False,,,,,,,,True,2587,non-rollup institutions
FY2025,IPF10048197,"WNT SCIENTIFIC, LLC",Wnt Scientific,UNITED STATES,False,314363.0,1,1,221000.0,88400.0,0,0.0,0,0,0.0,0,0,0.0,0,314363.0,1,0.0,0,0.0,0,0.0,0,0.0,0,0.0,0,0.0,0,0.0,0,0.0,0,314363.0,1,1,1,314363.0,314363.0,314363.0,0.0,1.0,0.0,2047.0,1009.0,958.0,669.0,669.0,1.0,False,,,,,,,,True,2587,non-rollup institutions
FY2025,IPF10079995,PRIOGEN CORP,Priogen Corp,UNITED STATES,False,314363.0,1,1,245687.0,54220.0,0,0.0,0,0,0.0,0,0,0.0,0,314363.0,1,0.0,0,0.0,0,0.0,0,0.0,0,0.0,0,0.0,0,0.0,0,0.0,0,314363.0,1,1,1,314363.0,314363.0,314363.0,0.0,1.0,0.0,2047.0,1009.0,958.0,669.0,669.0,1.0,False,,,,,,,,True,2587,non-rollup institutions
FY2025,IPF10073774,RESELUTE,Reselute,UNITED STATES,False,314362.0,1,1,209855.0,83942.0,0,0.0,0,0,0.0,0,0,0.0,0,314362.0,1,0.0,0,0.0,0,0.0,0,0.0,0,0.0,0,0.0,0,0.0,0,0.0,0,314362.0,1,1,1,314362.0,314362.0,314362.0,0.0,1.0,0.0,2055.0,1009.0,958.0,669.0,669.0,1.0,False,,,,,,,,True,2587,non-rollup institutions
FY2025,IPF10002418,"NOVOMEDIX, INC.",Novomedix,UNITED STATES,False,314362.0,1,1,239494.0,54302.0,0,0.0,0,0,0.0,0,0,0.0,0,314362.0,1,0.0,0,0.0,0,0.0,0,0.0,0,0.0,0,0.0,0,0.0,0,0.0,0,314362.0,1,2,1,157181.0,314362.0,314362.0,0.0,0.5,0.0,2055.0,1009.0,958.0,669.0,669.0,1.0,False,,,,,,,,True,2587,non-rollup institutions
FY2025,IPF10070728,NIMBLE SURGICAL INCORPORATED,Nimble Surgical Incorporated,UNITED STATES,False,314362.0,1,1,219270.0,74526.0,0,0.0,0,0,0.0,0,0,0.0,0,314362.0,1,0.0,0,0.0,0,0.0,0,0.0,0,0.0,0,0.0,0,0.0,0,0.0,0,314362.0,1,1,1,314362.0,314362.0,314362.0,0.0,1.0,0.0,2055.0,1009.0,958.0,669.0,669.0,1.0,False,,,,,,,,True,2587,non-rollup institutions
FY2025,IPF1925101,"PHYSICAL SCIENCES, INC",Physical Sciences,UNITED STATES,False,314113.0,1,1,164082.0,129956.0,0,0.0,0,0,0.0,0,0,0.0,0,314113.0,1,0.0,0,0.0,0,0.0,0,0.0,0,0.0,0,0.0,0,0.0,0,0.0,0,314113.0,1,1,1,314113.0,314113.0,314113.0,0.0,1.0,0.0,2058.0,1009.0,958.0,669.0,669.0,1.0,False,,,,,,,,True,2587,non-rollup institutions
FY2025,IPF10048774,CELLFE INC.,Cellfe,UNITED STATES,False,314000.0,1,1,314000.0,0.0,0,0.0,0,0,0.0,0,0,0.0,0,314000.0,1,0.0,0,0.0,0,0.0,0,0.0,0,0.0,0,0.0,0,0.0,0,0.0,0,314000.0,1,1,1,314000.0,314000.0,314000.0,0.0,1.0,0.0,2059.0,1009.0,958.0,669.0,669.0,1.0,False,,,,,,,,True,2587,non-rollup institutions
FY2025,IPF10080188,"MALAMA HEALTH, INC.",Malama Health,UNITED STATES,False,313955.0,1,1,209583.0,83833.0,0,0.0,0,0,0.0,0,0,0.0,0,313955.0,1,0.0,0,0.0,0,0.0,0,0.0,0,0.0,0,0.0,0,0.0,0,0.0,0,313955.0,1,1,1,313955.0,313955.0,313955.0,0.0,1.0,0.0,2060.0,1009.0,958.0,669.0,669.0,1.0,False,,,,,,,,True,2587,non-rollup institutions
FY2025,IPF10072991,"GUIDED CLINICAL SOLUTIONS, INC.",Guided Clinical Solutions,UNITED STATES,False,313819.0,1,1,218936.0,74353.0,0,0.0,0,0,0.0,0,0,0.0,0,313819.0,1,0.0,0,0.0,0,0.0,0,0.0,0,0.0,0,0.0,0,0.0,0,0.0,0,313819.0,1,1,1,313819.0,313819.0,313819.0,0.0,1.0,0.0,2061.0,1009.0,958.0,669.0,669.0,1.0,False,,,,,,,,True,2587,non-rollup institutions
FY2025,IPF10059447,"MIRESOURCE, INC.",Miresource,UNITED STATES,False,313800.0,1,1,228941.0,64330.0,0,0.0,0,0,0.0,0,0,0.0,0,313800.0,1,0.0,0,0.0,0,0.0,0,0.0,0,0.0,0,0.0,0,0.0,0,0.0,0,313800.0,1,2,1,156900.0,313800.0,313800.0,0.0,0.5,0.0,2062.0,1009.0,958.0,669.0,669.0,1.0,False,,,,,,,,True,2587,non-rollup institutions
FY2025,IPF10075313,"CIAN, INC.",Cian,UNITED STATES,False,313738.0,1,1,209438.0,83775.0,0,0.0,0,0,0.0,0,0,0.0,0,313738.0,1,0.0,0,0.0,0,0.0,0,0.0,0,0.0,0,0.0,0,0.0,0,0.0,0,313738.0,1,1,1,313738.0,313738.0,313738.0,0.0,1.0,0.0,2063.0,1009.0,958.0,669.0,669.0,1.0,False,,,,,,,,True,2587,non-rollup institutions
FY2025,IPF10061306,GREATER LOS ANGELES VETERANS RESEARCH AND EDUCATION FOUNDATION,Greater Los Angeles Veterans Research and Education Foundation,UNITED STATES,False,313616.0,1,1,228750.0,84866.0,0,313616.0,1,1,0.0,0,0,313616.0,1,0.0,0,0.0,0,0.0,0,0.0,0,0.0,0,0.0,0,0.0,0,0.0,0,0.0,0,0.0,0,1,1,313616.0,313616.0,313616.0,313616.0,1.0,100.0,2064.0,1009.0,958.0,615.0,484.0,1.0,False,,,,,,,,True,2587,non-rollup institutions
FY2025,IPF10075239,ITA INTERNATIONAL LLC,Ita International,UNITED STATES,False,313372.0,1,1,211364.0,81946.0,0,0.0,0,0,0.0,0,0,0.0,0,313372.0,1,0.0,0,0.0,0,0.0,0,0.0,0,0.0,0,0.0,0,0.0,0,0.0,0,313372.0,1,1,1,313372.0,313372.0,313372.0,0.0,1.0,0.0,2065.0,1009.0,958.0,669.0,669.0,1.0,False,,,,,,,,True,2587,non-rollup institutions
FY2025,IPF10081088,NEURAL EAR INC,Neural Ear,UNITED STATES,False,313372.0,1,1,225321.0,67550.0,0,0.0,0,0,0.0,0,0,0.0,0,313372.0,1,0.0,0,0.0,0,0.0,0,0.0,0,0.0,0,0.0,0,0.0,0,0.0,0,313372.0,1,2,1,156686.0,313372.0,313372.0,0.0,0.5,0.0,2065.0,1009.0,958.0,669.0,669.0,1.0,False,,,,,,,,True,2587,non-rollup institutions
FY2025,IPF10080638,"D4Z4 MEDICINE, INC.",D4z4 Medicine,UNITED STATES,False,313372.0,1,1,211354.0,81942.0,0,0.0,0,0,0.0,0,0,0.0,0,313372.0,1,0.0,0,0.0,0,0.0,0,0.0,0,0.0,0,0.0,0,0.0,0,0.0,0,313372.0,1,1,1,313372.0,313372.0,313372.0,0.0,1.0,0.0,2065.0,1009.0,958.0,669.0,669.0,1.0,False,,,,,,,,True,2587,non-rollup institutions
FY2025,IPF10036035,"PEARLHILL TECHNOLOGIES, LLC",Pearlhill Technologies,UNITED STATES,False,313372.0,1,1,237559.0,58364.0,0,0.0,0,0,0.0,0,0,0.0,0,313372.0,1,0.0,0,0.0,0,0.0,0,0.0,0,0.0,0,0.0,0,0.0,0,0.0,0,313372.0,1,1,1,313372.0,313372.0,313372.0,0.0,1.0,0.0,2065.0,1009.0,958.0,669.0,669.0,1.0,False,,,,,,,,True,2587,non-rollup institutions
FY2025,IPF10075316,SMARTAIRWAY LLC,Smartairway,UNITED STATES,False,313365.0,1,1,211350.0,81940.0,0,0.0,0,0,0.0,0,0,0.0,0,313365.0,1,0.0,0,0.0,0,0.0,0,0.0,0,0.0,0,0.0,0,0.0,0,0.0,0,313365.0,1,1,1,313365.0,313365.0,313365.0,0.0,1.0,0.0,2069.0,1009.0,958.0,669.0,669.0,1.0,False,,,,,,,,True,2587,non-rollup institutions
FY2025,IPF10043220,"CADENZAMED, LLC",Cadenzamed,UNITED STATES,False,313358.0,1,1,219359.0,73499.0,0,0.0,0,0,0.0,0,0,0.0,0,313358.0,1,0.0,0,0.0,0,0.0,0,0.0,0,0.0,0,0.0,0,0.0,0,0.0,0,313358.0,1,1,1,313358.0,313358.0,313358.0,0.0,1.0,0.0,2070.0,1009.0,958.0,669.0,669.0,1.0,False,,,,,,,,True,2587,non-rollup institutions
FY2025,IPF10030577,"AUST DEVELOPMENT, LLC",Aust Development,UNITED STATES,False,313302.0,1,1,223431.0,69800.0,0,0.0,0,0,0.0,0,0,0.0,0,313302.0,1,0.0,0,0.0,0,0.0,0,0.0,0,0.0,0,0.0,0,0.0,0,0.0,0,313302.0,1,2,1,156651.0,313302.0,313302.0,0.0,0.5,0.0,2071.0,1009.0,958.0,669.0,669.0,1.0,False,,,,,,,,True,2587,non-rollup institutions
FY2025,IPF10081612,AMAHEALTH LLC,Amahealth,UNITED STATES,False,313180.0,1,1,247885.0,50691.0,0,0.0,0,0,0.0,0,0,0.0,0,313180.0,1,0.0,0,0.0,0,0.0,0,0.0,0,0.0,0,0.0,0,0.0,0,0.0,0,313180.0,1,2,1,156590.0,313180.0,313180.0,0.0,0.5,0.0,2072.0,1009.0,958.0,669.0,669.0,1.0,False,,,,,,,,True,2587,non-rollup institutions
FY2025,IPF10076692,"RAREFIED BIOSCIENCES, INC.",Rarefied Biosciences,UNITED STATES,False,313176.0,1,1,234150.0,70245.0,0,0.0,0,0,0.0,0,0,0.0,0,313176.0,1,0.0,0,0.0,0,0.0,0,0.0,0,0.0,0,0.0,0,0.0,0,0.0,0,313176.0,1,1,1,313176.0,313176.0,313176.0,0.0,1.0,0.0,2073.0,1009.0,958.0,669.0,669.0,1.0,False,,,,,,,,True,2587,non-rollup institutions
FY2025,IPF10025995,"LUCERNA, INC.",Lucerna,UNITED STATES,False,313148.0,1,1,211205.0,81882.0,0,0.0,0,0,0.0,0,0,0.0,0,313148.0,1,0.0,0,0.0,0,0.0,0,0.0,0,0.0,0,0.0,0,0.0,0,0.0,0,313148.0,1,1,1,313148.0,313148.0,313148.0,0.0,1.0,0.0,2074.0,1009.0,958.0,669.0,669.0,1.0,False,,,,,,,,True,2587,non-rollup institutions
FY2025,IPF10061081,"ADDINEX TECHNOLOGIES, INC.",Addinex Technologies,UNITED STATES,False,313028.0,2,2,237250.0,55725.0,0,0.0,0,0,0.0,0,0,0.0,0,313028.0,2,0.0,0,0.0,0,0.0,0,0.0,0,0.0,0,0.0,0,0.0,0,0.0,0,313028.0,2,1,1,313028.0,156514.0,156514.0,0.0,2.0,0.0,2075.0,698.0,671.0,669.0,669.0,1.0,False,,,,,,,,True,2587,non-rollup institutions
FY2025,IPF10089592,ALLEVIATE SOLUTIONS INC,Alleviate Solutions,UNITED STATES,False,313012.0,1,1,262551.0,29984.0,0,0.0,0,0,0.0,0,0,0.0,0,313012.0,1,0.0,0,0.0,0,0.0,0,0.0,0,0.0,0,0.0,0,0.0,0,0.0,0,313012.0,1,1,1,313012.0,313012.0,313012.0,0.0,1.0,0.0,2076.0,1009.0,958.0,669.0,669.0,1.0,False,,,,,,,,True,2587,non-rollup institutions
FY2025,IPF2901301,GERONTOLOGICAL SOCIETY OF AMERICA,Gerontological Society of America,UNITED STATES,False,312808.0,2,2,299334.0,13474.0,0,0.0,0,0,0.0,0,0,0.0,0,312808.0,2,0.0,0,0.0,0,0.0,0,0.0,0,0.0,0,0.0,0,0.0,0,0.0,0,312808.0,2,4,1,78202.0,156404.0,156404.0,0.0,0.5,0.0,2077.0,698.0,671.0,669.0,669.0,1.0,False,,,,,,,,True,2587,non-rollup institutions
FY2025,IPF10044667,BABSON COLLEGE,Babson College,UNITED STATES,False,312731.0,1,1,305759.0,24460.0,0,0.0,0,0,0.0,0,0,0.0,0,0.0,0,312731.0,1,0.0,0,0.0,0,0.0,0,0.0,0,0.0,0,0.0,0,0.0,0,312731.0,1,3,1,104244.0,312731.0,312731.0,0.0,0.33,0.0,2078.0,1009.0,958.0,669.0,669.0,1.0,False,,,,,,,,True,2587,non-rollup institutions
FY2025,IPF4346501,LOMA LINDA VETERANS ASSN RESEARCH & EDUC,Loma Linda Veterans Assn Research & Educ,UNITED STATES,False,312631.0,1,1,213400.0,99231.0,0,312631.0,1,1,0.0,0,0,312631.0,1,0.0,0,0.0,0,0.0,0,0.0,0,0.0,0,0.0,0,0.0,0,0.0,0,0.0,0,0.0,0,1,1,312631.0,312631.0,312631.0,312631.0,1.0,100.0,2079.0,1009.0,958.0,616.0,484.0,1.0,False,,,,,,,,True,2587,non-rollup institutions
FY2025,IPF10067982,"KNOUBIS BIO, INC.",Knoubis Bio,UNITED STATES,False,312323.0,1,1,265946.0,25945.0,0,0.0,0,0,0.0,0,0,0.0,0,312323.0,1,0.0,0,0.0,0,0.0,0,0.0,0,0.0,0,0.0,0,0.0,0,0.0,0,312323.0,1,1,1,312323.0,312323.0,312323.0,0.0,1.0,0.0,2080.0,1009.0,958.0,669.0,669.0,1.0,False,,,,,,,,True,2587,non-rollup institutions
FY2025,IPF10045630,"SHIFT PHARMACEUTICALS HOLDINGS, INC.",Shift Pharmaceuticals Holdings,UNITED STATES,False,312239.0,1,1,233014.0,79225.0,0,0.0,0,0,0.0,0,0,0.0,0,312239.0,1,0.0,0,0.0,0,0.0,0,0.0,0,0.0,0,0.0,0,0.0,0,0.0,0,312239.0,1,1,1,312239.0,312239.0,312239.0,0.0,1.0,0.0,2081.0,1009.0,958.0,669.0,669.0,1.0,False,,,,,,,,True,2587,non-rollup institutions
FY2025,IPF10080531,"ISLEX THERAPEUTICS, LLC",Islex Therapeutics,UNITED STATES,False,310897.0,1,1,264486.0,26072.0,0,0.0,0,0,0.0,0,0,0.0,0,310897.0,1,0.0,0,0.0,0,0.0,0,0.0,0,0.0,0,0.0,0,0.0,0,0.0,0,310897.0,1,1,1,310897.0,310897.0,310897.0,0.0,1.0,0.0,2082.0,1009.0,958.0,669.0,669.0,1.0,False,,,,,,,,True,2587,non-rollup institutions
FY2025,IPF10080393,"HTIC, INC.",Htic,UNITED STATES,False,310438.0,1,1,240100.0,50029.0,0,0.0,0,0,0.0,0,0,0.0,0,310438.0,1,0.0,0,0.0,0,0.0,0,0.0,0,0.0,0,0.0,0,0.0,0,0.0,0,310438.0,1,1,1,310438.0,310438.0,310438.0,0.0,1.0,0.0,2083.0,1009.0,958.0,669.0,669.0,1.0,False,,,,,,,,True,2587,non-rollup institutions
FY2025,IPF10089619,"NANO-BEADS PROTEIN INNOVATIONS, INC.",Nano-Beads Protein Innovations,UNITED STATES,False,310087.0,1,1,230232.0,59569.0,0,0.0,0,0,0.0,0,0,0.0,0,310087.0,1,0.0,0,0.0,0,0.0,0,0.0,0,0.0,0,0.0,0,0.0,0,0.0,0,310087.0,1,2,1,155044.0,310087.0,310087.0,0.0,0.5,0.0,2084.0,1009.0,958.0,669.0,669.0,1.0,False,,,,,,,,True,2587,non-rollup institutions
FY2025,IPF10053844,STEADMAN PHILIPPON RESEARCH INSTITUTE,Steadman Philippon Research Institute,UNITED STATES,False,309870.0,1,1,198000.0,111870.0,0,309870.0,1,1,0.0,0,0,309870.0,1,0.0,0,0.0,0,0.0,0,0.0,0,0.0,0,0.0,0,0.0,0,0.0,0,0.0,0,0.0,0,1,1,309870.0,309870.0,309870.0,309870.0,1.0,100.0,2085.0,1009.0,958.0,618.0,484.0,1.0,False,,,,,,,,True,2587,non-rollup institutions
FY2025,IPF10090942,"REAL RECOVERY VR, INC.",Real Recovery Vr,UNITED STATES,False,309452.0,1,1,268850.0,20358.0,0,0.0,0,0,0.0,0,0,0.0,0,309452.0,1,0.0,0,0.0,0,0.0,0,0.0,0,0.0,0,0.0,0,0.0,0,0.0,0,309452.0,1,2,1,154726.0,309452.0,309452.0,0.0,0.5,0.0,2086.0,1009.0,958.0,669.0,669.0,1.0,False,,,,,,,,True,2587,non-rollup institutions
FY2025,IPF10049762,"OLEOLIVE, INC.",Oleolive,UNITED STATES,False,309418.0,1,1,279537.0,9639.0,0,0.0,0,0,0.0,0,0,0.0,0,309418.0,1,0.0,0,0.0,0,0.0,0,0.0,0,0.0,0,0.0,0,0.0,0,0.0,0,309418.0,1,2,1,154709.0,309418.0,309418.0,0.0,0.5,0.0,2087.0,1009.0,958.0,669.0,669.0,1.0,False,,,,,,,,True,2587,non-rollup institutions
FY2025,IPF10054945,"FOUNDATION INSTRUMENTS, INC.",Foundation Instruments,UNITED STATES,False,309285.0,1,1,263037.0,26304.0,0,0.0,0,0,0.0,0,0,0.0,0,309285.0,1,0.0,0,0.0,0,0.0,0,0.0,0,0.0,0,0.0,0,0.0,0,0.0,0,309285.0,1,1,1,309285.0,309285.0,309285.0,0.0,1.0,0.0,2088.0,1009.0,958.0,669.0,669.0,1.0,False,,,,,,,,True,2587,non-rollup institutions
FY2025,IPF3507203,KAPIOLANI MEDICAL CENTER WOMEN/CHILDREN,Kapiolani Medical Center Women/Children,UNITED STATES,False,309121.0,1,1,224979.0,84142.0,0,0.0,0,0,0.0,0,0,0.0,0,0.0,0,309121.0,1,0.0,0,0.0,0,0.0,0,0.0,0,0.0,0,0.0,0,0.0,0,309121.0,1,3,1,103040.0,309121.0,309121.0,0.0,0.33,0.0,2089.0,1009.0,958.0,669.0,669.0,1.0,False,,,,,,,,True,2587,non-rollup institutions
FY2025,IPF10079943,TENSENSE LLC,Tensense,UNITED STATES,False,308927.0,1,1,214706.0,85882.0,0,0.0,0,0,0.0,0,0,0.0,0,308927.0,1,0.0,0,0.0,0,0.0,0,0.0,0,0.0,0,0.0,0,0.0,0,0.0,0,308927.0,1,1,1,308927.0,308927.0,308927.0,0.0,1.0,0.0,2090.0,1009.0,958.0,669.0,669.0,1.0,False,,,,,,,,True,2587,non-rollup institutions
FY2025,IPF1089401,GREENWOOD GENETIC CENTER,Greenwood Genetic Center,UNITED STATES,False,308913.0,1,1,250000.0,58913.0,0,308913.0,1,1,0.0,0,0,308913.0,1,0.0,0,0.0,0,0.0,0,0.0,0,0.0,0,0.0,0,0.0,0,0.0,0,0.0,0,0.0,0,1,1,308913.0,308913.0,308913.0,308913.0,1.0,100.0,2091.0,1009.0,958.0,619.0,484.0,1.0,False,,,,,,,,True,2587,non-rollup institutions
FY2025,IPF2453901,INTELLIGENT HEARING SYSTEMS,Intelligent Hearing Systems,UNITED STATES,False,308712.0,1,1,290933.0,17779.0,0,0.0,0,0,0.0,0,0,0.0,0,308712.0,1,0.0,0,0.0,0,0.0,0,0.0,0,0.0,0,0.0,0,0.0,0,0.0,0,308712.0,1,1,1,308712.0,308712.0,308712.0,0.0,1.0,0.0,2092.0,1009.0,958.0,669.0,669.0,1.0,False,,,,,,,,True,2587,non-rollup institutions
FY2025,IPF10065947,"VISHENARY, LLC",Vishenary,UNITED STATES,False,308669.0,1,1,242176.0,46300.0,0,0.0,0,0,0.0,0,0,0.0,0,308669.0,1,0.0,0,0.0,0,0.0,0,0.0,0,0.0,0,0.0,0,0.0,0,0.0,0,308669.0,1,1,1,308669.0,308669.0,308669.0,0.0,1.0,0.0,2093.0,1009.0,958.0,669.0,669.0,1.0,False,,,,,,,,True,2587,non-rollup institutions
FY2025,IPF10074518,UNITED BIOTHERAPEUTICS LLC,United Biotherapeutics,UNITED STATES,False,307508.0,1,1,287391.0,0.0,0,0.0,0,0,0.0,0,0,0.0,0,307508.0,1,0.0,0,0.0,0,0.0,0,0.0,0,0.0,0,0.0,0,0.0,0,0.0,0,307508.0,1,1,1,307508.0,307508.0,307508.0,0.0,1.0,0.0,2094.0,1009.0,958.0,669.0,669.0,1.0,False,,,,,,,,True,2587,non-rollup institutions
FY2025,IPF10047874,"SXRNA TECHNOLOGIES, INC.",Sxrna Technologies,UNITED STATES,False,307257.0,1,1,231712.0,55527.0,0,0.0,0,0,0.0,0,0,0.0,0,307257.0,1,0.0,0,0.0,0,0.0,0,0.0,0,0.0,0,0.0,0,0.0,0,0.0,0,307257.0,1,1,1,307257.0,307257.0,307257.0,0.0,1.0,0.0,2095.0,1009.0,958.0,669.0,669.0,1.0,False,,,,,,,,True,2587,non-rollup institutions
FY2025,IPF10082304,"SIDETRACK VENTURES, LLC",Sidetrack Ventures,UNITED STATES,False,306872.0,1,1,204854.0,81942.0,0,0.0,0,0,0.0,0,0,0.0,0,306872.0,1,0.0,0,0.0,0,0.0,0,0.0,0,0.0,0,0.0,0,0.0,0,0.0,0,306872.0,1,1,1,306872.0,306872.0,306872.0,0.0,1.0,0.0,2096.0,1009.0,958.0,669.0,669.0,1.0,False,,,,,,,,True,2587,non-rollup institutions
FY2025,IPF10040814,"MILLENNIAL MATERIALS AND DEVICES, INC.",Millennial Materials and Devices,UNITED STATES,False,306872.0,1,1,220612.0,66184.0,0,0.0,0,0,0.0,0,0,0.0,0,306872.0,1,0.0,0,0.0,0,0.0,0,0.0,0,0.0,0,0.0,0,0.0,0,0.0,0,306872.0,1,1,1,306872.0,306872.0,306872.0,0.0,1.0,0.0,2096.0,1009.0,958.0,669.0,669.0,1.0,False,,,,,,,,True,2587,non-rollup institutions
FY2025,IPF10056927,"VENA VITALS, INC.",Vena Vitals,UNITED STATES,False,306872.0,1,1,209884.0,76914.0,0,0.0,0,0,0.0,0,0,0.0,0,306872.0,1,0.0,0,0.0,0,0.0,0,0.0,0,0.0,0,0.0,0,0.0,0,0.0,0,306872.0,1,1,1,306872.0,306872.0,306872.0,0.0,1.0,0.0,2096.0,1009.0,958.0,669.0,669.0,1.0,False,,,,,,,,True,2587,non-rollup institutions
FY2025,IPF10047493,"FLEXBIOTECH, INC.",Flexbiotech,UNITED STATES,False,306872.0,1,1,272277.0,14546.0,0,0.0,0,0,0.0,0,0,0.0,0,306872.0,1,0.0,0,0.0,0,0.0,0,0.0,0,0.0,0,0.0,0,0.0,0,0.0,0,306872.0,1,1,1,306872.0,306872.0,306872.0,0.0,1.0,0.0,2096.0,1009.0,958.0,669.0,669.0,1.0,False,,,,,,,,True,2587,non-rollup institutions
FY2025,IPF10087520,EVOQUANT LLC,Evoquant,UNITED STATES,False,306872.0,1,1,260224.0,28268.0,0,0.0,0,0,0.0,0,0,0.0,0,306872.0,1,0.0,0,0.0,0,0.0,0,0.0,0,0.0,0,0.0,0,0.0,0,0.0,0,306872.0,1,1,1,306872.0,306872.0,306872.0,0.0,1.0,0.0,2096.0,1009.0,958.0,669.0,669.0,1.0,False,,,,,,,,True,2587,non-rollup institutions
FY2025,IPF10048268,"BIOPRINTING LABORATORIES, INC.",Bioprinting Laboratories,UNITED STATES,False,306872.0,1,1,256050.0,36210.0,0,0.0,0,0,0.0,0,0,0.0,0,306872.0,1,0.0,0,0.0,0,0.0,0,0.0,0,0.0,0,0.0,0,0.0,0,0.0,0,306872.0,1,2,1,153436.0,306872.0,306872.0,0.0,0.5,0.0,2096.0,1009.0,958.0,669.0,669.0,1.0,False,,,,,,,,True,2587,non-rollup institutions
FY2025,IPF10087886,"RIPPLE BIOSCIENCES, LLC",Ripple Biosciences,UNITED STATES,False,306872.0,1,1,289904.0,6968.0,0,0.0,0,0,0.0,0,0,0.0,0,306872.0,1,0.0,0,0.0,0,0.0,0,0.0,0,0.0,0,0.0,0,0.0,0,0.0,0,306872.0,1,1,1,306872.0,306872.0,306872.0,0.0,1.0,0.0,2096.0,1009.0,958.0,669.0,669.0,1.0,False,,,,,,,,True,2587,non-rollup institutions
FY2025,IPF10082368,"AIRALUX MEDICAL, INC.",Airalux Medical,UNITED STATES,False,306872.0,1,1,204874.0,81949.0,0,0.0,0,0,0.0,0,0,0.0,0,306872.0,1,0.0,0,0.0,0,0.0,0,0.0,0,0.0,0,0.0,0,0.0,0,0.0,0,306872.0,1,1,1,306872.0,306872.0,306872.0,0.0,1.0,0.0,2096.0,1009.0,958.0,669.0,669.0,1.0,False,,,,,,,,True,2587,non-rollup institutions
FY2025,IPF10060800,"OBJECTIVE ED, INC.",Objective Ed,UNITED STATES,False,306872.0,1,1,231168.0,55827.0,0,0.0,0,0,0.0,0,0,0.0,0,306872.0,1,0.0,0,0.0,0,0.0,0,0.0,0,0.0,0,0.0,0,0.0,0,0.0,0,306872.0,1,1,1,306872.0,306872.0,306872.0,0.0,1.0,0.0,2096.0,1009.0,958.0,669.0,669.0,1.0,False,,,,,,,,True,2587,non-rollup institutions
FY2025,IPF10087694,"PICO PORTAL, INC.",Pico Portal,UNITED STATES,False,306872.0,1,1,204898.0,81898.0,0,0.0,0,0,0.0,0,0,0.0,0,306872.0,1,0.0,0,0.0,0,0.0,0,0.0,0,0.0,0,0.0,0,0.0,0,0.0,0,306872.0,1,1,1,306872.0,306872.0,306872.0,0.0,1.0,0.0,2096.0,1009.0,958.0,669.0,669.0,1.0,False,,,,,,,,True,2587,non-rollup institutions
FY2025,IPF10089702,"BOOKLILLICARES, LLC",Booklillicares,UNITED STATES,False,306872.0,1,1,266845.0,40027.0,0,0.0,0,0,0.0,0,0,0.0,0,306872.0,1,0.0,0,0.0,0,0.0,0,0.0,0,0.0,0,0.0,0,0.0,0,0.0,0,306872.0,1,1,1,306872.0,306872.0,306872.0,0.0,1.0,0.0,2096.0,1009.0,958.0,669.0,669.0,1.0,False,,,,,,,,True,2587,non-rollup institutions
FY2025,IPF2605401,"NANOPROBES, INC.",Nanoprobes,UNITED STATES,False,306872.0,1,1,205115.0,82046.0,0,0.0,0,0,0.0,0,0,0.0,0,306872.0,1,0.0,0,0.0,0,0.0,0,0.0,0,0.0,0,0.0,0,0.0,0,0.0,0,306872.0,1,1,1,306872.0,306872.0,306872.0,0.0,1.0,0.0,2096.0,1009.0,958.0,669.0,669.0,1.0,False,,,,,,,,True,2587,non-rollup institutions
FY2025,IPF10064498,CHESAPEAKE GENOMIC SYSTEMS LLC,Chesapeake Genomic Systems,UNITED STATES,False,306872.0,1,1,269997.0,17175.0,0,0.0,0,0,0.0,0,0,0.0,0,306872.0,1,0.0,0,0.0,0,0.0,0,0.0,0,0.0,0,0.0,0,0.0,0,0.0,0,306872.0,1,1,1,306872.0,306872.0,306872.0,0.0,1.0,0.0,2096.0,1009.0,958.0,669.0,669.0,1.0,False,,,,,,,,True,2587,non-rollup institutions
FY2025,IPF10052748,"BIOMOTIVATE, LLC",Biomotivate,UNITED STATES,False,306872.0,1,1,204865.0,81934.0,0,0.0,0,0,0.0,0,0,0.0,0,306872.0,1,0.0,0,0.0,0,0.0,0,0.0,0,0.0,0,0.0,0,0.0,0,0.0,0,306872.0,1,1,1,306872.0,306872.0,306872.0,0.0,1.0,0.0,2096.0,1009.0,958.0,669.0,669.0,1.0,False,,,,,,,,True,2587,non-rollup institutions
FY2025,IPF10052303,MSTATT LLC,Mstatt,UNITED STATES,False,306872.0,1,1,226637.0,60159.0,0,0.0,0,0,0.0,0,0,0.0,0,306872.0,1,0.0,0,0.0,0,0.0,0,0.0,0,0.0,0,0.0,0,0.0,0,0.0,0,306872.0,1,1,1,306872.0,306872.0,306872.0,0.0,1.0,0.0,2096.0,1009.0,958.0,669.0,669.0,1.0,False,,,,,,,,True,2587,non-rollup institutions
FY2025,IPF10044743,"GEMINII, INC.",Geminii,UNITED STATES,False,306872.0,1,1,223921.0,62894.0,0,0.0,0,0,0.0,0,0,0.0,0,306872.0,1,0.0,0,0.0,0,0.0,0,0.0,0,0.0,0,0.0,0,0.0,0,0.0,0,306872.0,1,1,1,306872.0,306872.0,306872.0,0.0,1.0,0.0,2096.0,1009.0,958.0,669.0,669.0,1.0,False,,,,,,,,True,2587,non-rollup institutions
FY2025,IPF10089398,"PEPTIFORGE, INC",Peptiforge,UNITED STATES,False,306872.0,1,1,210425.0,76371.0,0,0.0,0,0,0.0,0,0,0.0,0,306872.0,1,0.0,0,0.0,0,0.0,0,0.0,0,0.0,0,0.0,0,0.0,0,0.0,0,306872.0,1,1,1,306872.0,306872.0,306872.0,0.0,1.0,0.0,2096.0,1009.0,958.0,669.0,669.0,1.0,False,,,,,,,,True,2587,non-rollup institutions
FY2025,IPF10035077,"XCELLASSAY, INC.",Xcellassay,UNITED STATES,False,306872.0,1,1,228155.0,67678.0,0,0.0,0,0,0.0,0,0,0.0,0,306872.0,1,0.0,0,0.0,0,0.0,0,0.0,0,0.0,0,0.0,0,0.0,0,0.0,0,306872.0,1,1,1,306872.0,306872.0,306872.0,0.0,1.0,0.0,2096.0,1009.0,958.0,669.0,669.0,1.0,False,,,,,,,,True,2587,non-rollup institutions
FY2025,IPF10082396,SINDRI MATERIALS CORP,Sindri Materials Corp,UNITED STATES,False,306872.0,1,1,204854.0,81942.0,0,0.0,0,0,0.0,0,0,0.0,0,306872.0,1,0.0,0,0.0,0,0.0,0,0.0,0,0.0,0,0.0,0,0.0,0,0.0,0,306872.0,1,1,1,306872.0,306872.0,306872.0,0.0,1.0,0.0,2096.0,1009.0,958.0,669.0,669.0,1.0,False,,,,,,,,True,2587,non-rollup institutions
FY2025,IPF10042771,"INDEPENDENT FEEDING DEVICE, LLC",Independent Feeding Device,UNITED STATES,False,306872.0,1,1,229437.0,57359.0,0,0.0,0,0,0.0,0,0,0.0,0,306872.0,1,0.0,0,0.0,0,0.0,0,0.0,0,0.0,0,0.0,0,0.0,0,0.0,0,306872.0,1,2,1,153436.0,306872.0,306872.0,0.0,0.5,0.0,2096.0,1009.0,958.0,669.0,669.0,1.0,False,,,,,,,,True,2587,non-rollup institutions
FY2025,IPF10070727,"VIVERE ONCOTHERAPIES, INC.",Vivere Oncotherapies,UNITED STATES,False,306871.0,1,1,306871.0,0.0,0,0.0,0,0,0.0,0,0,0.0,0,306871.0,1,0.0,0,0.0,0,0.0,0,0.0,0,0.0,0,0.0,0,0.0,0,0.0,0,306871.0,1,1,1,306871.0,306871.0,306871.0,0.0,1.0,0.0,2116.0,1009.0,958.0,669.0,669.0,1.0,False,,,,,,,,True,2587,non-rollup institutions
FY2025,IPF10075931,"FLEX ORTHOPAEDICS, INC.",Flex Orthopaedics,UNITED STATES,False,306871.0,1,1,204854.0,81942.0,0,0.0,0,0,0.0,0,0,0.0,0,306871.0,1,0.0,0,0.0,0,0.0,0,0.0,0,0.0,0,0.0,0,0.0,0,0.0,0,306871.0,1,1,1,306871.0,306871.0,306871.0,0.0,1.0,0.0,2116.0,1009.0,958.0,669.0,669.0,1.0,False,,,,,,,,True,2587,non-rollup institutions
FY2025,IPF10065859,KATE ALLYN PROSTHETIC RESEARCH,Kate Allyn Prosthetic Research,UNITED STATES,False,306869.0,1,1,204853.0,81941.0,0,0.0,0,0,0.0,0,0,0.0,0,306869.0,1,0.0,0,0.0,0,0.0,0,0.0,0,0.0,0,0.0,0,0.0,0,0.0,0,306869.0,1,3,1,102290.0,306869.0,306869.0,0.0,0.33,0.0,2118.0,1009.0,958.0,669.0,669.0,1.0,False,,,,,,,,True,2587,non-rollup institutions
FY2025,IPF3857701,"CAYMAN CHEMICAL COMPANY, INC.",Cayman Chemical Company,UNITED STATES,False,306868.0,1,1,255893.0,30925.0,0,0.0,0,0,0.0,0,0,0.0,0,306868.0,1,0.0,0,0.0,0,0.0,0,0.0,0,0.0,0,0.0,0,0.0,0,0.0,0,306868.0,1,1,1,306868.0,306868.0,306868.0,0.0,1.0,0.0,2119.0,1009.0,958.0,669.0,669.0,1.0,False,,,,,,,,True,2587,non-rollup institutions
FY2025,IPF10035674,"ENTOX SCIENCES, LLC",Entox Sciences,UNITED STATES,False,306867.0,1,1,248290.0,39848.0,0,0.0,0,0,0.0,0,0,0.0,0,306867.0,1,0.0,0,0.0,0,0.0,0,0.0,0,0.0,0,0.0,0,0.0,0,0.0,0,306867.0,1,1,1,306867.0,306867.0,306867.0,0.0,1.0,0.0,2120.0,1009.0,958.0,669.0,669.0,1.0,False,,,,,,,,True,2587,non-rollup institutions
FY2025,IPF10038531,"DUPAGE MEDICAL TECHNOLOGY, INC.",Dupage Medical Technology,UNITED STATES,False,306867.0,1,1,245784.0,41010.0,0,0.0,0,0,0.0,0,0,0.0,0,306867.0,1,0.0,0,0.0,0,0.0,0,0.0,0,0.0,0,0.0,0,0.0,0,0.0,0,306867.0,1,1,1,306867.0,306867.0,306867.0,0.0,1.0,0.0,2120.0,1009.0,958.0,669.0,669.0,1.0,False,,,,,,,,True,2587,non-rollup institutions
FY2025,IPF10026043,"INDUSTRIAL SONOMECHANICS, LLC",Industrial Sonomechanics,UNITED STATES,False,306865.0,1,1,204850.0,81940.0,0,0.0,0,0,0.0,0,0,0.0,0,306865.0,1,0.0,0,0.0,0,0.0,0,0.0,0,0.0,0,0.0,0,0.0,0,0.0,0,306865.0,1,1,1,306865.0,306865.0,306865.0,0.0,1.0,0.0,2122.0,1009.0,958.0,669.0,669.0,1.0,False,,,,,,,,True,2587,non-rollup institutions
FY2025,IPF10083902,ANCHORCHEM LLC,Anchorchem,UNITED STATES,False,306842.0,1,1,246816.0,39980.0,0,0.0,0,0,0.0,0,0,0.0,0,306842.0,1,0.0,0,0.0,0,0.0,0,0.0,0,0.0,0,0.0,0,0.0,0,0.0,0,306842.0,1,2,1,153421.0,306842.0,306842.0,0.0,0.5,0.0,2123.0,1009.0,958.0,669.0,669.0,1.0,False,,,,,,,,True,2587,non-rollup institutions
FY2025,IPF10080130,"RHEUMAGEN, INC.",Rheumagen,UNITED STATES,False,306827.0,1,1,258954.0,27800.0,0,0.0,0,0,0.0,0,0,0.0,0,306827.0,1,0.0,0,0.0,0,0.0,0,0.0,0,0.0,0,0.0,0,0.0,0,0.0,0,306827.0,1,2,1,153414.0,306827.0,306827.0,0.0,0.5,0.0,2124.0,1009.0,958.0,669.0,669.0,1.0,False,,,,,,,,True,2587,non-rollup institutions
FY2025,IPF10089370,CARE4QOL LLC,Care4qol,UNITED STATES,False,306817.0,1,1,269512.0,17233.0,0,0.0,0,0,0.0,0,0,0.0,0,306817.0,1,0.0,0,0.0,0,0.0,0,0.0,0,0.0,0,0.0,0,0.0,0,0.0,0,306817.0,1,1,1,306817.0,306817.0,306817.0,0.0,1.0,0.0,2125.0,1009.0,958.0,669.0,669.0,1.0,False,,,,,,,,True,2587,non-rollup institutions
FY2025,IPF10083905,"PIXIMUNE, INC.",Piximune,UNITED STATES,False,306814.0,1,1,211306.0,75436.0,0,0.0,0,0,0.0,0,0,0.0,0,306814.0,1,0.0,0,0.0,0,0.0,0,0.0,0,0.0,0,0.0,0,0.0,0,0.0,0,306814.0,1,1,1,306814.0,306814.0,306814.0,0.0,1.0,0.0,2126.0,1009.0,958.0,669.0,669.0,1.0,False,,,,,,,,True,2587,non-rollup institutions
FY2025,IPF10070972,"ARKAYLI BIOPHARMA, INC.",Arkayli Biopharma,UNITED STATES,False,306804.0,1,1,225325.0,61408.0,0,0.0,0,0,0.0,0,0,0.0,0,306804.0,1,0.0,0,0.0,0,0.0,0,0.0,0,0.0,0,0.0,0,0.0,0,0.0,0,306804.0,1,1,1,306804.0,306804.0,306804.0,0.0,1.0,0.0,2127.0,1009.0,958.0,669.0,669.0,1.0,False,,,,,,,,True,2587,non-rollup institutions
FY2025,IPF10089217,DAIGNOSTX L.L.C.,Daignostx,UNITED STATES,False,306798.0,1,1,236194.0,50533.0,0,0.0,0,0,0.0,0,0,0.0,0,306798.0,1,0.0,0,0.0,0,0.0,0,0.0,0,0.0,0,0.0,0,0.0,0,0.0,0,306798.0,1,2,1,153399.0,306798.0,306798.0,0.0,0.5,0.0,2128.0,1009.0,958.0,669.0,669.0,1.0,False,,,,,,,,True,2587,non-rollup institutions
FY2025,IPF10040788,"VIVOVERSE, LLC",Vivoverse,UNITED STATES,False,306793.0,1,1,204821.0,81928.0,0,0.0,0,0,0.0,0,0,0.0,0,306793.0,1,0.0,0,0.0,0,0.0,0,0.0,0,0.0,0,0.0,0,0.0,0,0.0,0,306793.0,1,1,1,306793.0,306793.0,306793.0,0.0,1.0,0.0,2129.0,1009.0,958.0,669.0,669.0,1.0,False,,,,,,,,True,2587,non-rollup institutions
FY2025,IPF10089297,BIOTA INC.,Biota,UNITED STATES,False,306789.0,1,1,204799.0,81920.0,0,0.0,0,0,0.0,0,0,0.0,0,306789.0,1,0.0,0,0.0,0,0.0,0,0.0,0,0.0,0,0.0,0,0.0,0,0.0,0,306789.0,1,1,1,306789.0,306789.0,306789.0,0.0,1.0,0.0,2130.0,1009.0,958.0,669.0,669.0,1.0,False,,,,,,,,True,2587,non-rollup institutions
FY2025,IPF10080350,"ORYGYN MEDICAL DEVICES, LLC",Orygyn Medical Devices,UNITED STATES,False,306778.0,1,1,240931.0,45777.0,0,0.0,0,0,0.0,0,0,0.0,0,306778.0,1,0.0,0,0.0,0,0.0,0,0.0,0,0.0,0,0.0,0,0.0,0,0.0,0,306778.0,1,1,1,306778.0,306778.0,306778.0,0.0,1.0,0.0,2131.0,1009.0,958.0,669.0,669.0,1.0,False,,,,,,,,True,2587,non-rollup institutions
FY2025,IPF10038897,"RIBOSCIENCE, LLC",Riboscience,UNITED STATES,False,306739.0,1,1,271734.0,35005.0,0,0.0,0,0,0.0,0,0,0.0,0,306739.0,1,0.0,0,0.0,0,0.0,0,0.0,0,0.0,0,0.0,0,0.0,0,0.0,0,306739.0,1,2,1,153370.0,306739.0,306739.0,0.0,0.5,0.0,2132.0,1009.0,958.0,669.0,669.0,1.0,False,,,,,,,,True,2587,non-rollup institutions
FY2025,IPF10080054,"NANOS, INC.",Nanos,UNITED STATES,False,306728.0,1,1,266720.0,40008.0,0,0.0,0,0,0.0,0,0,0.0,0,306728.0,1,0.0,0,0.0,0,0.0,0,0.0,0,0.0,0,0.0,0,0.0,0,0.0,0,306728.0,1,1,1,306728.0,306728.0,306728.0,0.0,1.0,0.0,2133.0,1009.0,958.0,669.0,669.0,1.0,False,,,,,,,,True,2587,non-rollup institutions
FY2025,IPF10075389,"RYBODYN, INC.",Rybodyn,UNITED STATES,False,306700.0,1,1,259800.0,46900.0,0,0.0,0,0,0.0,0,0,0.0,0,306700.0,1,0.0,0,0.0,0,0.0,0,0.0,0,0.0,0,0.0,0,0.0,0,0.0,0,306700.0,1,1,1,306700.0,306700.0,306700.0,0.0,1.0,0.0,2134.0,1009.0,958.0,669.0,669.0,1.0,False,,,,,,,,True,2587,non-rollup institutions
FY2025,IPF10073857,HART3S - A SOCIAL PURPOSE CORPORATION,Hart3s - A Social Purpose Corporation,UNITED STATES,False,306678.0,1,1,257926.0,29114.0,0,0.0,0,0,0.0,0,0,0.0,0,306678.0,1,0.0,0,0.0,0,0.0,0,0.0,0,0.0,0,0.0,0,0.0,0,0.0,0,306678.0,1,1,1,306678.0,306678.0,306678.0,0.0,1.0,0.0,2135.0,1009.0,958.0,669.0,669.0,1.0,False,,,,,,,,True,2587,non-rollup institutions
FY2025,IPF10082076,"ENHANCE DIAGNOSTICS, INC.",Enhance Diagnostics,UNITED STATES,False,306669.0,1,1,211054.0,75553.0,0,0.0,0,0,0.0,0,0,0.0,0,306669.0,1,0.0,0,0.0,0,0.0,0,0.0,0,0.0,0,0.0,0,0.0,0,0.0,0,306669.0,1,1,1,306669.0,306669.0,306669.0,0.0,1.0,0.0,2136.0,1009.0,958.0,669.0,669.0,1.0,False,,,,,,,,True,2587,non-rollup institutions
FY2025,IPF10054670,"GENERAL BIOLOGICS, INC.",General Biologics,UNITED STATES,False,306658.0,1,1,229798.0,76860.0,0,0.0,0,0,0.0,0,0,0.0,0,306658.0,1,0.0,0,0.0,0,0.0,0,0.0,0,0.0,0,0.0,0,0.0,0,0.0,0,306658.0,1,1,1,306658.0,306658.0,306658.0,0.0,1.0,0.0,2137.0,1009.0,958.0,669.0,669.0,1.0,False,,,,,,,,True,2587,non-rollup institutions
FY2025,IPF10081299,"BIOPARIN, LLC",Bioparin,UNITED STATES,False,306656.0,1,1,262339.0,29487.0,0,0.0,0,0,0.0,0,0,0.0,0,306656.0,1,0.0,0,0.0,0,0.0,0,0.0,0,0.0,0,0.0,0,0.0,0,0.0,0,306656.0,1,2,1,153328.0,306656.0,306656.0,0.0,0.5,0.0,2138.0,1009.0,958.0,669.0,669.0,1.0,False,,,,,,,,True,2587,non-rollup institutions
FY2025,IPF10066287,THER-AI LLC,Ther-Ai,UNITED STATES,False,306633.0,1,1,266637.0,39996.0,0,0.0,0,0,0.0,0,0,0.0,0,306633.0,1,0.0,0,0.0,0,0.0,0,0.0,0,0.0,0,0.0,0,0.0,0,0.0,0,306633.0,1,1,1,306633.0,306633.0,306633.0,0.0,1.0,0.0,2139.0,1009.0,958.0,669.0,669.0,1.0,False,,,,,,,,True,2587,non-rollup institutions
FY2025,IPF10070983,"KARIS BIO USA, INC.",Karis Bio USA,UNITED STATES,False,306607.0,1,1,289557.0,17050.0,0,0.0,0,0,0.0,0,0,0.0,0,306607.0,1,0.0,0,0.0,0,0.0,0,0.0,0,0.0,0,0.0,0,0.0,0,0.0,0,306607.0,1,1,1,306607.0,306607.0,306607.0,0.0,1.0,0.0,2140.0,1009.0,958.0,669.0,669.0,1.0,False,,,,,,,,True,2587,non-rollup institutions
FY2025,IPF10024150,"SPINHANCE, LLC",Spinhance,UNITED STATES,False,306530.0,1,1,218950.0,87580.0,0,0.0,0,0,0.0,0,0,0.0,0,306530.0,1,0.0,0,0.0,0,0.0,0,0.0,0,0.0,0,0.0,0,0.0,0,0.0,0,306530.0,1,1,1,306530.0,306530.0,306530.0,0.0,1.0,0.0,2141.0,1009.0,958.0,669.0,669.0,1.0,False,,,,,,,,True,2587,non-rollup institutions
FY2025,IPF10091152,"EIT USA, INC.",Eit USA,UNITED STATES,False,306508.0,1,1,204613.0,81845.0,0,0.0,0,0,0.0,0,0,0.0,0,306508.0,1,0.0,0,0.0,0,0.0,0,0.0,0,0.0,0,0.0,0,0.0,0,0.0,0,306508.0,1,1,1,306508.0,306508.0,306508.0,0.0,1.0,0.0,2142.0,1009.0,958.0,669.0,669.0,1.0,False,,,,,,,,True,2587,non-rollup institutions
FY2025,IPF10046926,"DATIRIUM, LLC",Datirium,UNITED STATES,False,306500.0,1,1,247621.0,38828.0,0,0.0,0,0,0.0,0,0,0.0,0,306500.0,1,0.0,0,0.0,0,0.0,0,0.0,0,0.0,0,0.0,0,0.0,0,0.0,0,306500.0,1,1,1,306500.0,306500.0,306500.0,0.0,1.0,0.0,2143.0,1009.0,958.0,669.0,669.0,1.0,False,,,,,,,,True,2587,non-rollup institutions
FY2025,IPF10082161,MINK THERAPEUTICS INC,Mink Therapeutics,UNITED STATES,False,306500.0,1,1,265558.0,20891.0,0,0.0,0,0,0.0,0,0,0.0,0,306500.0,1,0.0,0,0.0,0,0.0,0,0.0,0,0.0,0,0.0,0,0.0,0,0.0,0,306500.0,1,1,1,306500.0,306500.0,306500.0,0.0,1.0,0.0,2143.0,1009.0,958.0,669.0,669.0,1.0,False,,,,,,,,True,2587,non-rollup institutions
FY2025,IPF10082160,DOGPATCH MEDICAL LLC,Dogpatch Medical,UNITED STATES,False,306463.0,1,1,295463.0,4000.0,0,0.0,0,0,0.0,0,0,0.0,0,306463.0,1,0.0,0,0.0,0,0.0,0,0.0,0,0.0,0,0.0,0,0.0,0,0.0,0,306463.0,1,1,1,306463.0,306463.0,306463.0,0.0,1.0,0.0,2145.0,1009.0,958.0,669.0,669.0,1.0,False,,,,,,,,True,2587,non-rollup institutions
FY2025,IPF10089686,LUXBIOME INC,Luxbiome,UNITED STATES,False,306374.0,1,1,236731.0,49600.0,0,0.0,0,0,0.0,0,0,0.0,0,306374.0,1,0.0,0,0.0,0,0.0,0,0.0,0,0.0,0,0.0,0,0.0,0,0.0,0,306374.0,1,2,1,153187.0,306374.0,306374.0,0.0,0.5,0.0,2146.0,1009.0,958.0,669.0,669.0,1.0,False,,,,,,,,True,2587,non-rollup institutions
FY2025,IPF10083882,SUNFLOWER THERAPEUTICS PBC,Sunflower Therapeutics Pbc,UNITED STATES,False,306347.0,1,1,206665.0,80066.0,0,0.0,0,0,0.0,0,0,0.0,0,306347.0,1,0.0,0,0.0,0,0.0,0,0.0,0,0.0,0,0.0,0,0.0,0,0.0,0,306347.0,1,1,1,306347.0,306347.0,306347.0,0.0,1.0,0.0,2147.0,1009.0,958.0,669.0,669.0,1.0,False,,,,,,,,True,2587,non-rollup institutions
FY2025,IPF10089001,LYBRA BIO INC.,Lybra Bio,UNITED STATES,False,306321.0,1,1,229025.0,57256.0,0,0.0,0,0,0.0,0,0,0.0,0,306321.0,1,0.0,0,0.0,0,0.0,0,0.0,0,0.0,0,0.0,0,0.0,0,0.0,0,306321.0,1,1,1,306321.0,306321.0,306321.0,0.0,1.0,0.0,2148.0,1009.0,958.0,669.0,669.0,1.0,False,,,,,,,,True,2587,non-rollup institutions
FY2025,IPF10043286,"WYNNVISION, LLC",Wynnvision,UNITED STATES,False,306315.0,1,1,229021.0,57255.0,0,0.0,0,0,0.0,0,0,0.0,0,306315.0,1,0.0,0,0.0,0,0.0,0,0.0,0,0.0,0,0.0,0,0.0,0,0.0,0,306315.0,1,3,1,102105.0,306315.0,306315.0,0.0,0.33,0.0,2149.0,1009.0,958.0,669.0,669.0,1.0,False,,,,,,,,True,2587,non-rollup institutions
FY2025,IPF10082986,"AO TECHNOLOGIES, LLC",Ao Technologies,UNITED STATES,False,306311.0,1,1,266427.0,39884.0,0,0.0,0,0,0.0,0,0,0.0,0,306311.0,1,0.0,0,0.0,0,0.0,0,0.0,0,0.0,0,0.0,0,0.0,0,0.0,0,306311.0,1,1,1,306311.0,306311.0,306311.0,0.0,1.0,0.0,2150.0,1009.0,958.0,669.0,669.0,1.0,False,,,,,,,,True,2587,non-rollup institutions
FY2025,IPF10088477,"SIMPLUSDX, INC.",Simplusdx,UNITED STATES,False,306299.0,1,1,221112.0,65160.0,0,0.0,0,0,0.0,0,0,0.0,0,306299.0,1,0.0,0,0.0,0,0.0,0,0.0,0,0.0,0,0.0,0,0.0,0,0.0,0,306299.0,1,1,1,306299.0,306299.0,306299.0,0.0,1.0,0.0,2151.0,1009.0,958.0,669.0,669.0,1.0,False,,,,,,,,True,2587,non-rollup institutions
FY2025,IPF10007431,"VAXIION THERAPEUTICS, INC.",Vaxiion Therapeutics,UNITED STATES,False,306265.0,1,1,224475.0,81790.0,0,0.0,0,0,0.0,0,0,0.0,0,306265.0,1,0.0,0,0.0,0,0.0,0,0.0,0,0.0,0,0.0,0,0.0,0,0.0,0,306265.0,1,1,1,306265.0,306265.0,306265.0,0.0,1.0,0.0,2152.0,1009.0,958.0,669.0,669.0,1.0,False,,,,,,,,True,2587,non-rollup institutions
FY2025,IPF10088059,"LIQUEN TECHNOLOGIES, INC.",Liquen Technologies,UNITED STATES,False,306195.0,1,1,222725.0,83470.0,0,0.0,0,0,0.0,0,0,0.0,0,306195.0,1,0.0,0,0.0,0,0.0,0,0.0,0,0.0,0,0.0,0,0.0,0,0.0,0,306195.0,1,1,1,306195.0,306195.0,306195.0,0.0,1.0,0.0,2153.0,1009.0,958.0,669.0,669.0,1.0,False,,,,,,,,True,2587,non-rollup institutions
FY2025,IPF10084169,OVITZ CORPORATION,Ovitz Corporation,UNITED STATES,False,306171.0,1,1,260128.0,26013.0,0,0.0,0,0,0.0,0,0,0.0,0,306171.0,1,0.0,0,0.0,0,0.0,0,0.0,0,0.0,0,0.0,0,0.0,0,0.0,0,306171.0,1,1,1,306171.0,306171.0,306171.0,0.0,1.0,0.0,2154.0,1009.0,958.0,669.0,669.0,1.0,False,,,,,,,,True,2587,non-rollup institutions
FY2025,IPF10081837,"EYESCREEN, INC.",Eyescreen,UNITED STATES,False,306118.0,1,1,273618.0,18500.0,0,0.0,0,0,0.0,0,0,0.0,0,306118.0,1,0.0,0,0.0,0,0.0,0,0.0,0,0.0,0,0.0,0,0.0,0,0.0,0,306118.0,1,2,1,153059.0,306118.0,306118.0,0.0,0.5,0.0,2155.0,1009.0,958.0,669.0,669.0,1.0,False,,,,,,,,True,2587,non-rollup institutions
FY2025,IPF10036031,PECA LABS,Peca Labs,UNITED STATES,False,306102.0,1,1,260070.0,26007.0,0,0.0,0,0,0.0,0,0,0.0,0,306102.0,1,0.0,0,0.0,0,0.0,0,0.0,0,0.0,0,0.0,0,0.0,0,0.0,0,306102.0,1,1,1,306102.0,306102.0,306102.0,0.0,1.0,0.0,2156.0,1009.0,958.0,669.0,669.0,1.0,False,,,,,,,,True,2587,non-rollup institutions
FY2025,IPF10077385,"TEUCER DIAGNOSTICS, INC.",Teucer Diagnostics,UNITED STATES,False,306101.0,1,1,236044.0,50032.0,0,0.0,0,0,0.0,0,0,0.0,0,306101.0,1,0.0,0,0.0,0,0.0,0,0.0,0,0.0,0,0.0,0,0.0,0,0.0,0,306101.0,1,1,1,306101.0,306101.0,306101.0,0.0,1.0,0.0,2157.0,1009.0,958.0,669.0,669.0,1.0,False,,,,,,,,True,2587,non-rollup institutions
FY2025,IPF4117001,"ACTIVE MOTIF, INC.",Active Motif,UNITED STATES,False,306094.0,1,1,225339.0,61755.0,0,0.0,0,0,0.0,0,0,0.0,0,306094.0,1,0.0,0,0.0,0,0.0,0,0.0,0,0.0,0,0.0,0,0.0,0,0.0,0,306094.0,1,1,1,306094.0,306094.0,306094.0,0.0,1.0,0.0,2158.0,1009.0,958.0,669.0,669.0,1.0,False,,,,,,,,True,2587,non-rollup institutions
FY2025,IPF10087956,"AURICLE, INC",Auricle,UNITED STATES,False,305995.0,1,1,269790.0,16187.0,0,0.0,0,0,0.0,0,0,0.0,0,305995.0,1,0.0,0,0.0,0,0.0,0,0.0,0,0.0,0,0.0,0,0.0,0,0.0,0,305995.0,1,1,1,305995.0,305995.0,305995.0,0.0,1.0,0.0,2159.0,1009.0,958.0,669.0,669.0,1.0,False,,,,,,,,True,2587,non-rollup institutions
FY2025,IPF10089766,"BLUEBIRD PHOTONICS, INC",Bluebird Photonics,UNITED STATES,False,305853.0,1,1,232477.0,53367.0,0,0.0,0,0,0.0,0,0,0.0,0,305853.0,1,0.0,0,0.0,0,0.0,0,0.0,0,0.0,0,0.0,0,0.0,0,0.0,0,305853.0,1,1,1,305853.0,305853.0,305853.0,0.0,1.0,0.0,2160.0,1009.0,958.0,669.0,669.0,1.0,False,,,,,,,,True,2587,non-rollup institutions
FY2025,IPF10090695,"CYPRESS BIOPHARMA, INC.",Cypress Biopharma,UNITED STATES,False,305786.0,1,1,264777.0,21004.0,0,0.0,0,0,0.0,0,0,0.0,0,305786.0,1,0.0,0,0.0,0,0.0,0,0.0,0,0.0,0,0.0,0,0.0,0,0.0,0,305786.0,1,1,1,305786.0,305786.0,305786.0,0.0,1.0,0.0,2161.0,1009.0,958.0,669.0,669.0,1.0,False,,,,,,,,True,2587,non-rollup institutions
FY2025,IPF10023838,"INNOVAPREP, LLC",Innovaprep,UNITED STATES,False,305754.0,1,1,231236.0,66377.0,0,0.0,0,0,0.0,0,0,0.0,0,305754.0,1,0.0,0,0.0,0,0.0,0,0.0,0,0.0,0,0.0,0,0.0,0,0.0,0,305754.0,1,2,1,152877.0,305754.0,305754.0,0.0,0.5,0.0,2162.0,1009.0,958.0,669.0,669.0,1.0,False,,,,,,,,True,2587,non-rollup institutions
FY2025,IPF10076844,"SOLIISH, INC.",Soliish,UNITED STATES,False,305746.0,1,1,207567.0,78177.0,0,0.0,0,0,0.0,0,0,0.0,0,305746.0,1,0.0,0,0.0,0,0.0,0,0.0,0,0.0,0,0.0,0,0.0,0,0.0,0,305746.0,1,1,1,305746.0,305746.0,305746.0,0.0,1.0,0.0,2163.0,1009.0,958.0,669.0,669.0,1.0,False,,,,,,,,True,2587,non-rollup institutions
FY2025,IPF10081754,ECHOGENESIS THERAPEUTICS INC,Echogenesis Therapeutics,UNITED STATES,False,305628.0,1,1,251212.0,34422.0,0,0.0,0,0,0.0,0,0,0.0,0,305628.0,1,0.0,0,0.0,0,0.0,0,0.0,0,0.0,0,0.0,0,0.0,0,0.0,0,305628.0,1,2,1,152814.0,305628.0,305628.0,0.0,0.5,0.0,2164.0,1009.0,958.0,669.0,669.0,1.0,False,,,,,,,,True,2587,non-rollup institutions
FY2025,IPF10053131,"LO BIOSCIENCES, INC.",Lo Biosciences,UNITED STATES,False,305621.0,1,1,214287.0,71340.0,0,0.0,0,0,0.0,0,0,0.0,0,305621.0,1,0.0,0,0.0,0,0.0,0,0.0,0,0.0,0,0.0,0,0.0,0,0.0,0,305621.0,1,1,1,305621.0,305621.0,305621.0,0.0,1.0,0.0,2165.0,1009.0,958.0,669.0,669.0,1.0,False,,,,,,,,True,2587,non-rollup institutions
FY2025,IPF10054893,SPARK BIOMEDICAL INC,Spark Biomedical,UNITED STATES,False,305545.0,1,1,263927.0,21629.0,0,0.0,0,0,0.0,0,0,0.0,0,305545.0,1,0.0,0,0.0,0,0.0,0,0.0,0,0.0,0,0.0,0,0.0,0,0.0,0,305545.0,1,2,1,152772.0,305545.0,305545.0,0.0,0.5,0.0,2166.0,1009.0,958.0,669.0,669.0,1.0,False,,,,,,,,True,2587,non-rollup institutions
FY2025,IPF10087971,"TAESUN, LLC",Taesun,UNITED STATES,False,305369.0,1,1,285392.0,0.0,0,0.0,0,0,0.0,0,0,0.0,0,305369.0,1,0.0,0,0.0,0,0.0,0,0.0,0,0.0,0,0.0,0,0.0,0,0.0,0,305369.0,1,1,1,305369.0,305369.0,305369.0,0.0,1.0,0.0,2167.0,1009.0,958.0,669.0,669.0,1.0,False,,,,,,,,True,2587,non-rollup institutions
FY2025,IPF10087386,MAGURO SURGICAL INC,Maguro Surgical,UNITED STATES,False,305368.0,1,1,203851.0,81540.0,0,0.0,0,0,0.0,0,0,0.0,0,305368.0,1,0.0,0,0.0,0,0.0,0,0.0,0,0.0,0,0.0,0,0.0,0,0.0,0,305368.0,1,1,1,305368.0,305368.0,305368.0,0.0,1.0,0.0,2168.0,1009.0,958.0,669.0,669.0,1.0,False,,,,,,,,True,2587,non-rollup institutions
FY2025,IPF10084156,"NEOVASCULARX, INC",Neovascularx,UNITED STATES,False,305321.0,1,1,220190.0,65157.0,0,0.0,0,0,0.0,0,0,0.0,0,305321.0,1,0.0,0,0.0,0,0.0,0,0.0,0,0.0,0,0.0,0,0.0,0,0.0,0,305321.0,1,1,1,305321.0,305321.0,305321.0,0.0,1.0,0.0,2169.0,1009.0,958.0,669.0,669.0,1.0,False,,,,,,,,True,2587,non-rollup institutions
FY2025,IPF10073346,MOBIUS BIOTECH LLC,Mobius Biotech,UNITED STATES,False,305320.0,1,1,203821.0,81528.0,0,0.0,0,0,0.0,0,0,0.0,0,305320.0,1,0.0,0,0.0,0,0.0,0,0.0,0,0.0,0,0.0,0,0.0,0,0.0,0,305320.0,1,3,1,101773.0,305320.0,305320.0,0.0,0.33,0.0,2170.0,1009.0,958.0,669.0,669.0,1.0,False,,,,,,,,True,2587,non-rollup institutions
FY2025,IPF10058451,NOMA AI INC.,Noma Ai,UNITED STATES,False,305292.0,1,1,203800.0,81520.0,0,0.0,0,0,0.0,0,0,0.0,0,305292.0,1,0.0,0,0.0,0,0.0,0,0.0,0,0.0,0,0.0,0,0.0,0,0.0,0,305292.0,1,1,1,305292.0,305292.0,305292.0,0.0,1.0,0.0,2171.0,1009.0,958.0,669.0,669.0,1.0,False,,,,,,,,True,2587,non-rollup institutions
FY2025,IPF10051900,"FERRIC CONTRAST, INC.",Ferric Contrast,UNITED STATES,False,305253.0,1,1,255283.0,30000.0,0,0.0,0,0,0.0,0,0,0.0,0,305253.0,1,0.0,0,0.0,0,0.0,0,0.0,0,0.0,0,0.0,0,0.0,0,0.0,0,305253.0,1,1,1,305253.0,305253.0,305253.0,0.0,1.0,0.0,2172.0,1009.0,958.0,669.0,669.0,1.0,False,,,,,,,,True,2587,non-rollup institutions
FY2025,IPF10068596,"RESPAIR, INC.",Respair,UNITED STATES,False,305218.0,1,1,203750.0,81500.0,0,0.0,0,0,0.0,0,0,0.0,0,305218.0,1,0.0,0,0.0,0,0.0,0,0.0,0,0.0,0,0.0,0,0.0,0,0.0,0,305218.0,1,1,1,305218.0,305218.0,305218.0,0.0,1.0,0.0,2173.0,1009.0,958.0,669.0,669.0,1.0,False,,,,,,,,True,2587,non-rollup institutions
FY2025,IPF10081679,VDF INDUSTRIES INC,Vdf Industries,UNITED STATES,False,305197.0,1,1,262463.0,22768.0,0,0.0,0,0,0.0,0,0,0.0,0,305197.0,1,0.0,0,0.0,0,0.0,0,0.0,0,0.0,0,0.0,0,0.0,0,0.0,0,305197.0,1,1,1,305197.0,305197.0,305197.0,0.0,1.0,0.0,2174.0,1009.0,958.0,669.0,669.0,1.0,False,,,,,,,,True,2587,non-rollup institutions
FY2025,IPF10079835,"ROUND TABLE RESEARCH, INC.",Round Table Research,UNITED STATES,False,305031.0,1,1,257719.0,27357.0,0,0.0,0,0,0.0,0,0,0.0,0,305031.0,1,0.0,0,0.0,0,0.0,0,0.0,0,0.0,0,0.0,0,0.0,0,0.0,0,305031.0,1,1,1,305031.0,305031.0,305031.0,0.0,1.0,0.0,2175.0,1009.0,958.0,669.0,669.0,1.0,False,,,,,,,,True,2587,non-rollup institutions
FY2025,IPF10081032,THE AIRD,The Aird,UNITED STATES,False,305000.0,1,1,273000.0,13000.0,0,0.0,0,0,0.0,0,0,0.0,0,305000.0,1,0.0,0,0.0,0,0.0,0,0.0,0,0.0,0,0.0,0,0.0,0,0.0,0,305000.0,1,1,1,305000.0,305000.0,305000.0,0.0,1.0,0.0,2176.0,1009.0,958.0,669.0,669.0,1.0,False,,,,,,,,True,2587,non-rollup institutions
FY2025,IPF10045383,"IMMUNOWORK, LLC",Immunowork,UNITED STATES,False,304993.0,1,1,203600.0,81440.0,0,0.0,0,0,0.0,0,0,0.0,0,304993.0,1,0.0,0,0.0,0,0.0,0,0.0,0,0.0,0,0.0,0,0.0,0,0.0,0,304993.0,1,1,1,304993.0,304993.0,304993.0,0.0,1.0,0.0,2177.0,1009.0,958.0,669.0,669.0,1.0,False,,,,,,,,True,2587,non-rollup institutions
FY2025,IPF2734501,"EDVOTEK, INC.",Edvotek,UNITED STATES,False,304862.0,1,1,203513.0,81405.0,0,0.0,0,0,0.0,0,0,0.0,0,304862.0,1,0.0,0,0.0,0,0.0,0,0.0,0,0.0,0,0.0,0,0.0,0,0.0,0,304862.0,1,2,1,152431.0,304862.0,304862.0,0.0,0.5,0.0,2178.0,1009.0,958.0,669.0,669.0,1.0,False,,,,,,,,True,2587,non-rollup institutions
FY2025,IPF10076345,KOMMODO HOLDINGS CORP.,Kommodo Holdings Corp.,UNITED STATES,False,304838.0,1,1,242889.0,42006.0,0,0.0,0,0,0.0,0,0,0.0,0,304838.0,1,0.0,0,0.0,0,0.0,0,0.0,0,0.0,0,0.0,0,0.0,0,0.0,0,304838.0,1,1,1,304838.0,304838.0,304838.0,0.0,1.0,0.0,2179.0,1009.0,958.0,669.0,669.0,1.0,False,,,,,,,,True,2587,non-rollup institutions
FY2025,IPF10061109,"QUALIA OTO, INC.",Qualia Oto,UNITED STATES,False,304723.0,1,1,203420.0,81368.0,0,0.0,0,0,0.0,0,0,0.0,0,304723.0,1,0.0,0,0.0,0,0.0,0,0.0,0,0.0,0,0.0,0,0.0,0,0.0,0,304723.0,1,1,1,304723.0,304723.0,304723.0,0.0,1.0,0.0,2180.0,1009.0,958.0,669.0,669.0,1.0,False,,,,,,,,True,2587,non-rollup institutions
FY2025,IPF10007546,"WEINBERG MEDICAL PHYSICS, LLC",Weinberg Medical Physics,UNITED STATES,False,304684.0,1,1,213364.0,85346.0,0,0.0,0,0,0.0,0,0,0.0,0,304684.0,1,0.0,0,0.0,0,0.0,0,0.0,0,0.0,0,0.0,0,0.0,0,0.0,0,304684.0,1,1,1,304684.0,304684.0,304684.0,0.0,1.0,0.0,2181.0,1009.0,958.0,669.0,669.0,1.0,False,,,,,,,,True,2587,non-rollup institutions
FY2025,IPF10028879,"PROTABIT, LLC",Protabit,UNITED STATES,False,304602.0,1,1,233500.0,51175.0,0,0.0,0,0,0.0,0,0,0.0,0,304602.0,1,0.0,0,0.0,0,0.0,0,0.0,0,0.0,0,0.0,0,0.0,0,0.0,0,304602.0,1,1,1,304602.0,304602.0,304602.0,0.0,1.0,0.0,2182.0,1009.0,958.0,669.0,669.0,1.0,False,,,,,,,,True,2587,non-rollup institutions
FY2025,IPF10083004,"PULSEIMAGING.AI, LLC",Pulseimaging.ai,UNITED STATES,False,304415.0,1,1,245496.0,39004.0,0,0.0,0,0,0.0,0,0,0.0,0,304415.0,1,0.0,0,0.0,0,0.0,0,0.0,0,0.0,0,0.0,0,0.0,0,0.0,0,304415.0,1,2,1,152208.0,304415.0,304415.0,0.0,0.5,0.0,2183.0,1009.0,958.0,669.0,669.0,1.0,False,,,,,,,,True,2587,non-rollup institutions
FY2025,IPF10050207,"CARINA MEDICAL, LLC",Carina Medical,UNITED STATES,False,304215.0,1,1,215712.0,68601.0,0,0.0,0,0,0.0,0,0,0.0,0,304215.0,1,0.0,0,0.0,0,0.0,0,0.0,0,0.0,0,0.0,0,0.0,0,0.0,0,304215.0,1,1,1,304215.0,304215.0,304215.0,0.0,1.0,0.0,2184.0,1009.0,958.0,669.0,669.0,1.0,False,,,,,,,,True,2587,non-rollup institutions
FY2025,IPF10041247,"EVIDATION HEALTH, INC.",Evidation Health,UNITED STATES,False,304023.0,1,1,285475.0,18548.0,0,0.0,0,0,0.0,0,0,0.0,0,304023.0,1,0.0,0,0.0,0,0.0,0,0.0,0,0.0,0,0.0,0,0.0,0,0.0,0,304023.0,1,3,1,101341.0,304023.0,304023.0,0.0,0.33,0.0,2185.0,1009.0,958.0,669.0,669.0,1.0,False,,,,,,,,True,2587,non-rollup institutions
FY2025,IPF10036746,CHILDREN'S CANCER THERAPY DEVELOP/INST,Children's Cancer Therapy Develop/Institute,UNITED STATES,False,303780.0,1,1,228750.0,75030.0,0,303780.0,1,1,0.0,0,0,303780.0,1,0.0,0,0.0,0,0.0,0,0.0,0,0.0,0,0.0,0,0.0,0,0.0,0,0.0,0,0.0,0,1,1,303780.0,303780.0,303780.0,303780.0,1.0,100.0,2186.0,1009.0,958.0,622.0,484.0,1.0,False,,,,,,,,True,2587,non-rollup institutions
FY2025,IPF10079550,"CALADAN THERAPEUTICS, INC.",Caladan Therapeutics,UNITED STATES,False,303731.0,1,1,235724.0,48137.0,0,0.0,0,0,0.0,0,0,0.0,0,303731.0,1,0.0,0,0.0,0,0.0,0,0.0,0,0.0,0,0.0,0,0.0,0,0.0,0,303731.0,1,1,1,303731.0,303731.0,303731.0,0.0,1.0,0.0,2187.0,1009.0,958.0,669.0,669.0,1.0,False,,,,,,,,True,2587,non-rollup institutions
FY2025,IPF10074407,"PULSE BIOSCIENCES, INC.",Pulse Biosciences,UNITED STATES,False,303475.0,1,1,216768.0,86707.0,0,0.0,0,0,0.0,0,0,0.0,0,303475.0,1,0.0,0,0.0,0,0.0,0,0.0,0,0.0,0,0.0,0,0.0,0,0.0,0,303475.0,1,1,1,303475.0,303475.0,303475.0,0.0,1.0,0.0,2188.0,1009.0,958.0,669.0,669.0,1.0,False,,,,,,,,True,2587,non-rollup institutions
FY2025,IPF10079366,MAE HEALTH INC,Mae Health,UNITED STATES,False,303389.0,1,1,303389.0,0.0,0,0.0,0,0,0.0,0,0,0.0,0,303389.0,1,0.0,0,0.0,0,0.0,0,0.0,0,0.0,0,0.0,0,0.0,0,0.0,0,303389.0,1,1,1,303389.0,303389.0,303389.0,0.0,1.0,0.0,2189.0,1009.0,958.0,669.0,669.0,1.0,False,,,,,,,,True,2587,non-rollup institutions
FY2025,IPF10068655,ANTIGER THERAPEUTICS INC.,Antiger Therapeutics,UNITED STATES,False,303274.0,1,1,202468.0,80966.0,0,0.0,0,0,0.0,0,0,0.0,0,303274.0,1,0.0,0,0.0,0,0.0,0,0.0,0,0.0,0,0.0,0,0.0,0,0.0,0,303274.0,1,2,1,151637.0,303274.0,303274.0,0.0,0.5,0.0,2190.0,1009.0,958.0,669.0,669.0,1.0,False,,,,,,,,True,2587,non-rollup institutions
FY2025,IPF10049800,"AMELIA TECHNOLOGIES, LLC",Amelia Technologies,UNITED STATES,False,303165.0,1,1,202380.0,80952.0,0,0.0,0,0,0.0,0,0,0.0,0,303165.0,1,0.0,0,0.0,0,0.0,0,0.0,0,0.0,0,0.0,0,0.0,0,0.0,0,303165.0,1,1,1,303165.0,303165.0,303165.0,0.0,1.0,0.0,2191.0,1009.0,958.0,669.0,669.0,1.0,False,,,,,,,,True,2587,non-rollup institutions
FY2025,IPF10080271,BIOCOGNON LLC,Biocognon,UNITED STATES,False,303024.0,1,1,283200.0,0.0,0,0.0,0,0,0.0,0,0,0.0,0,303024.0,1,0.0,0,0.0,0,0.0,0,0.0,0,0.0,0,0.0,0,0.0,0,0.0,0,303024.0,1,1,1,303024.0,303024.0,303024.0,0.0,1.0,0.0,2192.0,1009.0,958.0,669.0,669.0,1.0,False,,,,,,,,True,2587,non-rollup institutions
FY2025,IPF10020117,CENTRE FOR CHRONIC DISEASE CONTROL,Centre for Chronic Disease Control,INDIA,False,302901.0,1,1,280464.0,22437.0,0,0.0,0,0,0.0,0,0,0.0,0,0.0,0,302901.0,1,0.0,0,0.0,0,0.0,0,0.0,0,0.0,0,0.0,0,0.0,0,302901.0,1,4,1,75725.0,302901.0,302901.0,0.0,0.25,0.0,2193.0,1009.0,958.0,669.0,669.0,1.0,False,,,,,,,,True,2587,non-rollup institutions
FY2025,IPF10069521,ANDSON BIOTECH INC.,Andson Biotech,UNITED STATES,False,302671.0,1,1,257225.0,25645.0,0,0.0,0,0,0.0,0,0,0.0,0,302671.0,1,0.0,0,0.0,0,0.0,0,0.0,0,0.0,0,0.0,0,0.0,0,0.0,0,302671.0,1,1,1,302671.0,302671.0,302671.0,0.0,1.0,0.0,2194.0,1009.0,958.0,669.0,669.0,1.0,False,,,,,,,,True,2587,non-rollup institutions
FY2025,IPF10056261,CHIMERNA THERAPEUTICS INC.,Chimerna Therapeutics,UNITED STATES,False,302605.0,1,1,202006.0,80802.0,0,0.0,0,0,0.0,0,0,0.0,0,302605.0,1,0.0,0,0.0,0,0.0,0,0.0,0,0.0,0,0.0,0,0.0,0,0.0,0,302605.0,1,1,1,302605.0,302605.0,302605.0,0.0,1.0,0.0,2195.0,1009.0,958.0,669.0,669.0,1.0,False,,,,,,,,True,2587,non-rollup institutions
FY2025,IPF10089489,"SYNVECT, INC.",Synvect,UNITED STATES,False,302537.0,1,1,275033.0,27504.0,0,0.0,0,0,0.0,0,0,0.0,0,302537.0,1,0.0,0,0.0,0,0.0,0,0.0,0,0.0,0,0.0,0,0.0,0,0.0,0,302537.0,1,1,1,302537.0,302537.0,302537.0,0.0,1.0,0.0,2196.0,1009.0,958.0,669.0,669.0,1.0,False,,,,,,,,True,2587,non-rollup institutions
FY2025,IPF10001460,"PROGENRA, INC.",Progenra,UNITED STATES,False,302421.0,1,1,222917.0,59719.0,0,0.0,0,0,0.0,0,0,0.0,0,302421.0,1,0.0,0,0.0,0,0.0,0,0.0,0,0.0,0,0.0,0,0.0,0,0.0,0,302421.0,1,1,1,302421.0,302421.0,302421.0,0.0,1.0,0.0,2197.0,1009.0,958.0,669.0,669.0,1.0,False,,,,,,,,True,2587,non-rollup institutions
FY2025,IPF10028869,"QRONO, INC",Qrono,UNITED STATES,False,302409.0,1,1,244965.0,37660.0,0,0.0,0,0,0.0,0,0,0.0,0,302409.0,1,0.0,0,0.0,0,0.0,0,0.0,0,0.0,0,0.0,0,0.0,0,0.0,0,302409.0,1,1,1,302409.0,302409.0,302409.0,0.0,1.0,0.0,2198.0,1009.0,958.0,669.0,669.0,1.0,False,,,,,,,,True,2587,non-rollup institutions
FY2025,IPF10073944,AYANA BIO LLC,Ayana Bio,UNITED STATES,False,302392.0,1,1,223604.0,60451.0,0,0.0,0,0,0.0,0,0,0.0,0,302392.0,1,0.0,0,0.0,0,0.0,0,0.0,0,0.0,0,0.0,0,0.0,0,0.0,0,302392.0,1,1,1,302392.0,302392.0,302392.0,0.0,1.0,0.0,2199.0,1009.0,958.0,669.0,669.0,1.0,False,,,,,,,,True,2587,non-rollup institutions
FY2025,IPF8082601,COLLEGE OF NEW JERSEY,College of New Jersey,UNITED STATES,False,302016.0,1,1,289203.0,12813.0,0,0.0,0,0,0.0,0,0,0.0,0,0.0,0,0.0,0,0.0,0,0.0,0,302016.0,1,0.0,0,0.0,0,0.0,0,0.0,0,302016.0,1,5,1,60403.0,302016.0,302016.0,0.0,0.2,0.0,2200.0,1009.0,958.0,669.0,669.0,1.0,True,537.0,,,,,,,True,2587,non-rollup institutions
FY2025,IPF10030936,AMINU KANO TEACHING HOSPITAL,Aminu Kano Teaching Hospital,NIGERIA,False,301882.0,1,1,293088.0,8794.0,0,0.0,0,0,0.0,0,0,0.0,0,0.0,0,0.0,0,0.0,0,0.0,0,0.0,0,0.0,0,0.0,0,301882.0,1,0.0,0,301882.0,1,3,1,100627.0,301882.0,301882.0,0.0,0.33,0.0,2201.0,1009.0,958.0,669.0,669.0,1.0,False,,,,,,,,True,2587,non-rollup institutions
FY2025,IPF10045779,"ZENVAX, LLC",Zenvax,UNITED STATES,False,301674.0,1,1,244527.0,39848.0,0,0.0,0,0,0.0,0,0,0.0,0,301674.0,1,0.0,0,0.0,0,0.0,0,0.0,0,0.0,0,0.0,0,0.0,0,0.0,0,301674.0,1,1,1,301674.0,301674.0,301674.0,0.0,1.0,0.0,2202.0,1009.0,958.0,669.0,669.0,1.0,False,,,,,,,,True,2587,non-rollup institutions
FY2025,IPF10064556,BURST DIAGNOSTICS LLC,Burst Diagnostics,UNITED STATES,False,301299.0,1,1,216763.0,64825.0,0,0.0,0,0,0.0,0,0,0.0,0,301299.0,1,0.0,0,0.0,0,0.0,0,0.0,0,0.0,0,0.0,0,0.0,0,0.0,0,301299.0,1,1,1,301299.0,301299.0,301299.0,0.0,1.0,0.0,2203.0,1009.0,958.0,669.0,669.0,1.0,False,,,,,,,,True,2587,non-rollup institutions
FY2025,IPF10082894,BASIS RESEARCH INSTITUTE,Basis Research Institute,UNITED STATES,False,301097.0,2,1,275811.0,25286.0,0,0.0,0,0,0.0,0,0,0.0,0,301097.0,2,0.0,0,0.0,0,0.0,0,0.0,0,0.0,0,0.0,0,0.0,0,0.0,0,301097.0,2,1,1,301097.0,301097.0,150548.0,0.0,1.0,0.0,2204.0,698.0,958.0,669.0,669.0,1.0,False,,,,,,,,True,2587,non-rollup institutions
FY2025,IPF10076705,"SHY THERAPEUTICS, LLC",Shy Therapeutics,UNITED STATES,False,300616.0,1,1,300616.0,0.0,0,0.0,0,0,0.0,0,0,0.0,0,300616.0,1,0.0,0,0.0,0,0.0,0,0.0,0,0.0,0,0.0,0,0.0,0,0.0,0,300616.0,1,1,1,300616.0,300616.0,300616.0,0.0,1.0,0.0,2205.0,1009.0,958.0,669.0,669.0,1.0,False,,,,,,,,True,2587,non-rollup institutions
FY2025,IPF10071975,"KINEOLABS, INC.",Kineolabs,UNITED STATES,False,300001.0,1,1,209837.0,70667.0,0,0.0,0,0,0.0,0,0,0.0,0,300001.0,1,0.0,0,0.0,0,0.0,0,0.0,0,0.0,0,0.0,0,0.0,0,0.0,0,300001.0,1,1,1,300001.0,300001.0,300001.0,0.0,1.0,0.0,2206.0,1009.0,958.0,669.0,669.0,1.0,False,,,,,,,,True,2587,non-rollup institutions
FY2025,IPF10048889,"ZYLO THERAPEUTICS, INC.",Zylo Therapeutics,UNITED STATES,False,300000.0,1,1,233424.0,46950.0,0,0.0,0,0,0.0,0,0,0.0,0,300000.0,1,0.0,0,0.0,0,0.0,0,0.0,0,0.0,0,0.0,0,0.0,0,0.0,0,300000.0,1,2,1,150000.0,300000.0,300000.0,0.0,0.5,0.0,2207.0,1009.0,958.0,669.0,669.0,1.0,False,,,,,,,,True,2587,non-rollup institutions
FY2025,IPF10070430,CELLERGY PHARMA,Cellergy Pharma,UNITED STATES,False,300000.0,1,1,242250.0,43000.0,0,0.0,0,0,0.0,0,0,0.0,0,300000.0,1,0.0,0,0.0,0,0.0,0,0.0,0,0.0,0,0.0,0,0.0,0,0.0,0,300000.0,1,1,1,300000.0,300000.0,300000.0,0.0,1.0,0.0,2207.0,1009.0,958.0,669.0,669.0,1.0,False,,,,,,,,True,2587,non-rollup institutions
FY2025,IPF10028746,"OPTIMEOS LIFE SCIENCES, INC.",Optimeos Life Sciences,UNITED STATES,False,300000.0,1,1,200267.0,80107.0,0,0.0,0,0,0.0,0,0,0.0,0,300000.0,1,0.0,0,0.0,0,0.0,0,0.0,0,0.0,0,0.0,0,0.0,0,0.0,0,300000.0,1,2,1,150000.0,300000.0,300000.0,0.0,0.5,0.0,2207.0,1009.0,958.0,669.0,669.0,1.0,False,,,,,,,,True,2587,non-rollup institutions
FY2025,IPF3250301,"LIFEPHARMS, INC.",Lifepharms,UNITED STATES,False,300000.0,1,1,274100.0,25900.0,0,0.0,0,0,0.0,0,0,0.0,0,300000.0,1,0.0,0,0.0,0,0.0,0,0.0,0,0.0,0,0.0,0,0.0,0,0.0,0,300000.0,1,1,1,300000.0,300000.0,300000.0,0.0,1.0,0.0,2207.0,1009.0,958.0,669.0,669.0,1.0,False,,,,,,,,True,2587,non-rollup institutions
FY2025,IPF10036938,"CYRUS BIOTECHNOLOGY, INC.",Cyrus Biotechnology,UNITED STATES,False,300000.0,1,1,213815.0,67862.0,0,0.0,0,0,0.0,0,0,0.0,0,300000.0,1,0.0,0,0.0,0,0.0,0,0.0,0,0.0,0,0.0,0,0.0,0,0.0,0,300000.0,1,2,1,150000.0,300000.0,300000.0,0.0,0.5,0.0,2207.0,1009.0,958.0,669.0,669.0,1.0,False,,,,,,,,True,2587,non-rollup institutions
FY2025,IPF10001554,"VIRGINIA DIODES, INC.",Virginia Diodes,UNITED STATES,False,299996.0,1,1,214283.0,85713.0,0,0.0,0,0,0.0,0,0,0.0,0,299996.0,1,0.0,0,0.0,0,0.0,0,0.0,0,0.0,0,0.0,0,0.0,0,0.0,0,299996.0,1,1,1,299996.0,299996.0,299996.0,0.0,1.0,0.0,2212.0,1009.0,958.0,669.0,669.0,1.0,False,,,,,,,,True,2587,non-rollup institutions
FY2025,IPF10071122,LYCHEE BIOSCIENCE LLC,Lychee Bioscience,UNITED STATES,False,299985.0,1,1,249720.0,30640.0,0,0.0,0,0,0.0,0,0,0.0,0,299985.0,1,0.0,0,0.0,0,0.0,0,0.0,0,0.0,0,0.0,0,0.0,0,0.0,0,299985.0,1,1,1,299985.0,299985.0,299985.0,0.0,1.0,0.0,2213.0,1009.0,958.0,669.0,669.0,1.0,False,,,,,,,,True,2587,non-rollup institutions
FY2025,IPF10081456,"VIVA VIRAL VACCINES, INC.",Viva Viral Vaccines,UNITED STATES,False,299968.0,1,1,235960.0,44384.0,0,0.0,0,0,0.0,0,0,0.0,0,299968.0,1,0.0,0,0.0,0,0.0,0,0.0,0,0.0,0,0.0,0,0.0,0,0.0,0,299968.0,1,1,1,299968.0,299968.0,299968.0,0.0,1.0,0.0,2214.0,1009.0,958.0,669.0,669.0,1.0,False,,,,,,,,True,2587,non-rollup institutions
FY2025,IPF10080002,COMETA THERAPEUTICS INC,Cometa Therapeutics,UNITED STATES,False,299648.0,1,1,299648.0,0.0,0,0.0,0,0,0.0,0,0,0.0,0,299648.0,1,0.0,0,0.0,0,0.0,0,0.0,0,0.0,0,0.0,0,0.0,0,0.0,0,299648.0,1,2,1,149824.0,299648.0,299648.0,0.0,0.5,0.0,2215.0,1009.0,958.0,669.0,669.0,1.0,False,,,,,,,,True,2587,non-rollup institutions
FY2025,IPF393301,AMERICAN SPEECH-LANGUAGE-HEARING ASSN,American Speech-Language-Hearing Assn,UNITED STATES,False,299431.0,2,2,299431.0,0.0,0,0.0,0,0,0.0,0,0,0.0,0,1.0,1,299430.0,1,0.0,0,0.0,0,0.0,0,0.0,0,0.0,0,0.0,0,0.0,0,299431.0,2,1,1,299431.0,149716.0,149716.0,0.0,2.0,0.0,2216.0,698.0,671.0,669.0,669.0,1.0,False,,,,,,,,True,2587,non-rollup institutions
FY2025,IPF10038678,"PHASE GENOMICS, INC.",Phase Genomics,UNITED STATES,False,299163.0,1,1,199709.0,79883.0,0,0.0,0,0,0.0,0,0,0.0,0,299163.0,1,0.0,0,0.0,0,0.0,0,0.0,0,0.0,0,0.0,0,0.0,0,0.0,0,299163.0,1,1,1,299163.0,299163.0,299163.0,0.0,1.0,0.0,2217.0,1009.0,958.0,669.0,669.0,1.0,False,,,,,,,,True,2587,non-rollup institutions
FY2025,IPF10007533,"HASENTECH, INC.",Hasentech,UNITED STATES,False,298956.0,1,1,264613.0,34343.0,0,0.0,0,0,0.0,0,0,0.0,0,298956.0,1,0.0,0,0.0,0,0.0,0,0.0,0,0.0,0,0.0,0,0.0,0,0.0,0,298956.0,1,2,1,149478.0,298956.0,298956.0,0.0,0.5,0.0,2218.0,1009.0,958.0,669.0,669.0,1.0,False,,,,,,,,True,2587,non-rollup institutions
FY2025,IPF10075837,DELTAMED LLC,Deltamed,UNITED STATES,False,298942.0,1,1,202453.0,76932.0,0,0.0,0,0,0.0,0,0,0.0,0,298942.0,1,0.0,0,0.0,0,0.0,0,0.0,0,0.0,0,0.0,0,0.0,0,0.0,0,298942.0,1,2,1,149471.0,298942.0,298942.0,0.0,0.5,0.0,2219.0,1009.0,958.0,669.0,669.0,1.0,False,,,,,,,,True,2587,non-rollup institutions
FY2025,IPF10052020,"TARN BIOSCIENCES, INC.",Tarn Biosciences,UNITED STATES,False,298829.0,1,1,250913.0,28366.0,0,0.0,0,0,0.0,0,0,0.0,0,298829.0,1,0.0,0,0.0,0,0.0,0,0.0,0,0.0,0,0.0,0,0.0,0,0.0,0,298829.0,1,1,1,298829.0,298829.0,298829.0,0.0,1.0,0.0,2220.0,1009.0,958.0,669.0,669.0,1.0,False,,,,,,,,True,2587,non-rollup institutions
FY2025,IPF10081810,"EPIGENTER, LLC",Epigenter,UNITED STATES,False,298530.0,1,1,268091.0,10909.0,0,0.0,0,0,0.0,0,0,0.0,0,298530.0,1,0.0,0,0.0,0,0.0,0,0.0,0,0.0,0,0.0,0,0.0,0,0.0,0,298530.0,1,1,1,298530.0,298530.0,298530.0,0.0,1.0,0.0,2221.0,1009.0,958.0,669.0,669.0,1.0,False,,,,,,,,True,2587,non-rollup institutions
FY2025,IPF10076776,"ANOVA BIOMEDICAL, INC.",Anova Biomedical,UNITED STATES,False,298371.0,1,1,265950.0,32421.0,0,0.0,0,0,0.0,0,0,0.0,0,298371.0,1,0.0,0,0.0,0,0.0,0,0.0,0,0.0,0,0.0,0,0.0,0,0.0,0,298371.0,1,1,1,298371.0,298371.0,298371.0,0.0,1.0,0.0,2222.0,1009.0,958.0,669.0,669.0,1.0,False,,,,,,,,True,2587,non-rollup institutions
FY2025,IPF10081388,LINK MEDICAL LLC,Link Medical,UNITED STATES,False,298368.0,1,1,242500.0,36375.0,0,0.0,0,0,0.0,0,0,0.0,0,298368.0,1,0.0,0,0.0,0,0.0,0,0.0,0,0.0,0,0.0,0,0.0,0,0.0,0,298368.0,1,1,1,298368.0,298368.0,298368.0,0.0,1.0,0.0,2223.0,1009.0,958.0,669.0,669.0,1.0,False,,,,,,,,True,2587,non-rollup institutions
FY2025,IPF10081293,"NONA TECHNOLOGIES, INC",Nona Technologies,UNITED STATES,False,297815.0,1,1,199276.0,79710.0,0,0.0,0,0,0.0,0,0,0.0,0,297815.0,1,0.0,0,0.0,0,0.0,0,0.0,0,0.0,0,0.0,0,0.0,0,0.0,0,297815.0,1,1,1,297815.0,297815.0,297815.0,0.0,1.0,0.0,2224.0,1009.0,958.0,669.0,669.0,1.0,False,,,,,,,,True,2587,non-rollup institutions
FY2025,IPF10073980,FILAMENTECH. INC.,Filamentech.,UNITED STATES,False,297720.0,1,1,227564.0,56350.0,0,0.0,0,0,0.0,0,0,0.0,0,297720.0,1,0.0,0,0.0,0,0.0,0,0.0,0,0.0,0,0.0,0,0.0,0,0.0,0,297720.0,1,2,1,148860.0,297720.0,297720.0,0.0,0.5,0.0,2225.0,1009.0,958.0,669.0,669.0,1.0,False,,,,,,,,True,2587,non-rollup institutions
FY2025,IPF10070829,TRAVERSE BIOTECH II INC,Traverse Biotech II,UNITED STATES,False,297717.0,1,1,198743.0,79497.0,0,0.0,0,0,0.0,0,0,0.0,0,297717.0,1,0.0,0,0.0,0,0.0,0,0.0,0,0.0,0,0.0,0,0.0,0,0.0,0,297717.0,1,1,1,297717.0,297717.0,297717.0,0.0,1.0,0.0,2226.0,1009.0,958.0,669.0,669.0,1.0,False,,,,,,,,True,2587,non-rollup institutions
FY2025,IPF10048573,"PERIOMICS CARE, LLC",Periomics Care,UNITED STATES,False,297711.0,1,1,228164.0,57266.0,0,0.0,0,0,0.0,0,0,0.0,0,297711.0,1,0.0,0,0.0,0,0.0,0,0.0,0,0.0,0,0.0,0,0.0,0,0.0,0,297711.0,1,2,1,148856.0,297711.0,297711.0,0.0,0.5,0.0,2227.0,1009.0,958.0,669.0,669.0,1.0,False,,,,,,,,True,2587,non-rollup institutions
FY2025,IPF10051782,"NAVEGA THERAPEUTICS, INC.",Navega Therapeutics,UNITED STATES,False,297327.0,1,1,237152.0,43848.0,0,0.0,0,0,0.0,0,0,0.0,0,297327.0,1,0.0,0,0.0,0,0.0,0,0.0,0,0.0,0,0.0,0,0.0,0,0.0,0,297327.0,1,1,1,297327.0,297327.0,297327.0,0.0,1.0,0.0,2228.0,1009.0,958.0,669.0,669.0,1.0,False,,,,,,,,True,2587,non-rollup institutions
FY2025,IPF10064330,"MHEALTH SYSTEMS, INC",Mhealth Systems,UNITED STATES,False,296519.0,1,1,244787.0,32451.0,0,0.0,0,0,0.0,0,0,0.0,0,296519.0,1,0.0,0,0.0,0,0.0,0,0.0,0,0.0,0,0.0,0,0.0,0,0.0,0,296519.0,1,1,1,296519.0,296519.0,296519.0,0.0,1.0,0.0,2229.0,1009.0,958.0,669.0,669.0,1.0,False,,,,,,,,True,2587,non-rollup institutions
FY2025,IPF10025945,"KJ BIOSCIENCES, LLC",Kj Biosciences,UNITED STATES,False,296436.0,1,1,220697.0,57627.0,0,0.0,0,0,0.0,0,0,0.0,0,296436.0,1,0.0,0,0.0,0,0.0,0,0.0,0,0.0,0,0.0,0,0.0,0,0.0,0,296436.0,1,1,1,296436.0,296436.0,296436.0,0.0,1.0,0.0,2230.0,1009.0,958.0,669.0,669.0,1.0,False,,,,,,,,True,2587,non-rollup institutions
FY2025,IPF10070853,ADVANCED MOLECULAR HEALIX INC.,Advanced Molecular Healix,UNITED STATES,False,296256.0,1,1,197768.0,79107.0,0,0.0,0,0,0.0,0,0,0.0,0,296256.0,1,0.0,0,0.0,0,0.0,0,0.0,0,0.0,0,0.0,0,0.0,0,0.0,0,296256.0,1,1,1,296256.0,296256.0,296256.0,0.0,1.0,0.0,2231.0,1009.0,958.0,669.0,669.0,1.0,False,,,,,,,,True,2587,non-rollup institutions
FY2025,IPF4011901,"OSEL, INC.",Osel,UNITED STATES,False,295881.0,1,1,212690.0,76691.0,0,0.0,0,0,0.0,0,0,0.0,0,295881.0,1,0.0,0,0.0,0,0.0,0,0.0,0,0.0,0,0.0,0,0.0,0,0.0,0,295881.0,1,1,1,295881.0,295881.0,295881.0,0.0,1.0,0.0,2232.0,1009.0,958.0,669.0,669.0,1.0,False,,,,,,,,True,2587,non-rollup institutions
FY2025,IPF10075679,"PICCOLO BIOSYSTEMS, INC.",Piccolo Biosystems,UNITED STATES,False,295861.0,1,1,272783.0,12721.0,0,0.0,0,0,0.0,0,0,0.0,0,295861.0,1,0.0,0,0.0,0,0.0,0,0.0,0,0.0,0,0.0,0,0.0,0,0.0,0,295861.0,1,2,1,147930.0,295861.0,295861.0,0.0,0.5,0.0,2233.0,1009.0,958.0,669.0,669.0,1.0,False,,,,,,,,True,2587,non-rollup institutions
FY2025,IPF10075869,"ALTVIVO, INC.",Altvivo,UNITED STATES,False,295038.0,1,1,242670.0,52368.0,0,0.0,0,0,0.0,0,0,0.0,0,295038.0,1,0.0,0,0.0,0,0.0,0,0.0,0,0.0,0,0.0,0,0.0,0,0.0,0,295038.0,1,1,1,295038.0,295038.0,295038.0,0.0,1.0,0.0,2234.0,1009.0,958.0,669.0,669.0,1.0,False,,,,,,,,True,2587,non-rollup institutions
FY2025,IPF10057975,THORMED INNOVATION LLC,Thormed Innovation,UNITED STATES,False,294886.0,1,1,232868.0,42726.0,0,0.0,0,0,0.0,0,0,0.0,0,294886.0,1,0.0,0,0.0,0,0.0,0,0.0,0,0.0,0,0.0,0,0.0,0,0.0,0,294886.0,1,1,1,294886.0,294886.0,294886.0,0.0,1.0,0.0,2235.0,1009.0,958.0,669.0,669.0,1.0,False,,,,,,,,True,2587,non-rollup institutions
FY2025,IPF10072167,SOCIALRX INC,Socialrx,UNITED STATES,False,293920.0,1,1,199962.0,74730.0,0,0.0,0,0,0.0,0,0,0.0,0,293920.0,1,0.0,0,0.0,0,0.0,0,0.0,0,0.0,0,0.0,0,0.0,0,0.0,0,293920.0,1,1,1,293920.0,293920.0,293920.0,0.0,1.0,0.0,2236.0,1009.0,958.0,669.0,669.0,1.0,False,,,,,,,,True,2587,non-rollup institutions
FY2025,IPF4121801,"VORTANT TECHNOLOGIES, LLC",Vortant Technologies,UNITED STATES,False,293512.0,1,1,244607.0,29703.0,0,0.0,0,0,0.0,0,0,0.0,0,293512.0,1,0.0,0,0.0,0,0.0,0,0.0,0,0.0,0,0.0,0,0.0,0,0.0,0,293512.0,1,1,1,293512.0,293512.0,293512.0,0.0,1.0,0.0,2237.0,1009.0,958.0,669.0,669.0,1.0,False,,,,,,,,True,2587,non-rollup institutions
FY2025,IPF10088164,"SILICON AUDIO RF CIRCULATOR, LLC",Silicon Audio Rf Circulator,UNITED STATES,False,292694.0,1,1,238372.0,35174.0,0,0.0,0,0,0.0,0,0,0.0,0,292694.0,1,0.0,0,0.0,0,0.0,0,0.0,0,0.0,0,0.0,0,0.0,0,0.0,0,292694.0,1,1,1,292694.0,292694.0,292694.0,0.0,1.0,0.0,2238.0,1009.0,958.0,669.0,669.0,1.0,False,,,,,,,,True,2587,non-rollup institutions
FY2025,IPF10026238,"OMNISPEECH, LLC",Omnispeech,UNITED STATES,False,292543.0,1,1,223223.0,59154.0,0,0.0,0,0,0.0,0,0,0.0,0,292543.0,1,0.0,0,0.0,0,0.0,0,0.0,0,0.0,0,0.0,0,0.0,0,0.0,0,292543.0,1,2,1,146272.0,292543.0,292543.0,0.0,0.5,0.0,2239.0,1009.0,958.0,669.0,669.0,1.0,False,,,,,,,,True,2587,non-rollup institutions
FY2025,IPF10060889,ARTIAM BIO INC.,Artiam Bio,UNITED STATES,False,292279.0,1,1,261393.0,11765.0,0,0.0,0,0,0.0,0,0,0.0,0,292279.0,1,0.0,0,0.0,0,0.0,0,0.0,0,0.0,0,0.0,0,0.0,0,0.0,0,292279.0,1,2,1,146140.0,292279.0,292279.0,0.0,0.5,0.0,2240.0,1009.0,958.0,669.0,669.0,1.0,False,,,,,,,,True,2587,non-rollup institutions
FY2025,IPF10051843,"RENOVATE BIOSCIENCES, INC.",Renovate Biosciences,UNITED STATES,False,292116.0,1,1,208654.0,83462.0,0,0.0,0,0,0.0,0,0,0.0,0,292116.0,1,0.0,0,0.0,0,0.0,0,0.0,0,0.0,0,0.0,0,0.0,0,0.0,0,292116.0,1,1,1,292116.0,292116.0,292116.0,0.0,1.0,0.0,2241.0,1009.0,958.0,669.0,669.0,1.0,False,,,,,,,,True,2587,non-rollup institutions
FY2025,IPF10020186,"BIOSETTIA, INC.",Biosettia,UNITED STATES,False,291949.0,1,1,208535.0,83414.0,0,0.0,0,0,0.0,0,0,0.0,0,291949.0,1,0.0,0,0.0,0,0.0,0,0.0,0,0.0,0,0.0,0,0.0,0,0.0,0,291949.0,1,1,1,291949.0,291949.0,291949.0,0.0,1.0,0.0,2242.0,1009.0,958.0,669.0,669.0,1.0,False,,,,,,,,True,2587,non-rollup institutions
FY2025,IPF10002183,"VIRSCIO, INC.",Virscio,UNITED STATES,False,291913.0,1,1,273364.0,18549.0,0,0.0,0,0,0.0,0,0,0.0,0,291913.0,1,0.0,0,0.0,0,0.0,0,0.0,0,0.0,0,0.0,0,0.0,0,0.0,0,291913.0,1,1,1,291913.0,291913.0,291913.0,0.0,1.0,0.0,2243.0,1009.0,958.0,669.0,669.0,1.0,False,,,,,,,,True,2587,non-rollup institutions
FY2025,IPF10081372,"BEND HEALTH, INC",Bend Health,UNITED STATES,False,291491.0,1,1,267303.0,24188.0,0,0.0,0,0,0.0,0,0,0.0,0,291491.0,1,0.0,0,0.0,0,0.0,0,0.0,0,0.0,0,0.0,0,0.0,0,0.0,0,291491.0,1,2,1,145746.0,291491.0,291491.0,0.0,0.5,0.0,2244.0,1009.0,958.0,669.0,669.0,1.0,False,,,,,,,,True,2587,non-rollup institutions
FY2025,IPF10067528,MICROPURE GENOMICS INC,Micropure Genomics,UNITED STATES,False,291232.0,1,1,225839.0,46340.0,0,0.0,0,0,0.0,0,0,0.0,0,291232.0,1,0.0,0,0.0,0,0.0,0,0.0,0,0.0,0,0.0,0,0.0,0,0.0,0,291232.0,1,1,1,291232.0,291232.0,291232.0,0.0,1.0,0.0,2245.0,1009.0,958.0,669.0,669.0,1.0,False,,,,,,,,True,2587,non-rollup institutions
FY2025,IPF10074074,SPIRIFY PHARMA INC,Spirify Pharma,UNITED STATES,False,290784.0,1,1,239737.0,32024.0,0,0.0,0,0,0.0,0,0,0.0,0,290784.0,1,0.0,0,0.0,0,0.0,0,0.0,0,0.0,0,0.0,0,0.0,0,0.0,0,290784.0,1,2,1,145392.0,290784.0,290784.0,0.0,0.5,0.0,2246.0,1009.0,958.0,669.0,669.0,1.0,False,,,,,,,,True,2587,non-rollup institutions
FY2025,IPF10089505,OWIC TECHNOLOGIES INC,Owic Technologies,UNITED STATES,False,290670.0,1,1,207257.0,64397.0,0,0.0,0,0,0.0,0,0,0.0,0,290670.0,1,0.0,0,0.0,0,0.0,0,0.0,0,0.0,0,0.0,0,0.0,0,0.0,0,290670.0,1,2,1,145335.0,290670.0,290670.0,0.0,0.5,0.0,2247.0,1009.0,958.0,669.0,669.0,1.0,False,,,,,,,,True,2587,non-rollup institutions
FY2025,IPF10016429,HEALIONICS CORPORATION,Healionics Corporation,UNITED STATES,False,290351.0,1,1,197518.0,79007.0,0,0.0,0,0,0.0,0,0,0.0,0,0.0,0,0.0,0,0.0,0,0.0,0,0.0,0,0.0,0,0.0,0,290351.0,1,0.0,0,290351.0,1,1,1,290351.0,290351.0,290351.0,0.0,1.0,0.0,2248.0,1009.0,958.0,669.0,669.0,1.0,False,,,,,,,,True,2587,non-rollup institutions
FY2025,IPF10070916,ANISE HEALTH INC,Anise Health,UNITED STATES,False,289773.0,1,1,246853.0,42920.0,0,0.0,0,0,0.0,0,0,0.0,0,289773.0,1,0.0,0,0.0,0,0.0,0,0.0,0,0.0,0,0.0,0,0.0,0,0.0,0,289773.0,1,2,1,144886.0,289773.0,289773.0,0.0,0.5,0.0,2249.0,1009.0,958.0,669.0,669.0,1.0,False,,,,,,,,True,2587,non-rollup institutions
FY2025,IPF10029963,JOS UNIVERSITY TEACHING HOSPITAL,Jos University Teaching Hospital,NIGERIA,False,289297.0,1,1,285141.0,4156.0,0,0.0,0,0,0.0,0,0,0.0,0,0.0,0,0.0,0,0.0,0,0.0,0,0.0,0,0.0,0,0.0,0,289297.0,1,0.0,0,289297.0,1,4,1,72324.0,289297.0,289297.0,0.0,0.25,0.0,2250.0,1009.0,958.0,669.0,669.0,1.0,False,,,,,,,,True,2587,non-rollup institutions
FY2025,IPF10037688,MONGOLIAN NATIONAL UNIV/MEDICAL SCIENCES,Mongolian National University/Medical Sciences,MONGOLIA,False,289052.0,1,1,271954.0,17098.0,0,0.0,0,0,0.0,0,0,0.0,0,0.0,0,289052.0,1,0.0,0,0.0,0,0.0,0,0.0,0,0.0,0,0.0,0,0.0,0,289052.0,1,3,1,96351.0,289052.0,289052.0,0.0,0.33,0.0,2251.0,1009.0,958.0,669.0,669.0,1.0,False,,,,,,,,True,2587,non-rollup institutions
FY2025,IPF400901,AMERICAN UNIVERSITY OF BEIRUT,American University of Beirut,LEBANON,False,289051.0,1,1,270614.0,18437.0,0,0.0,0,0,0.0,0,0,0.0,0,0.0,0,289051.0,1,0.0,0,0.0,0,0.0,0,0.0,0,0.0,0,0.0,0,0.0,0,289051.0,1,4,1,72263.0,289051.0,289051.0,0.0,0.25,0.0,2252.0,1009.0,958.0,669.0,669.0,1.0,False,,,,,,,,True,2587,non-rollup institutions
FY2025,IPF3422401,INTERNATIONAL CTR/DIARRHOEAL DIS RES,International Center/Diarrhoeal Dis Research,BANGLADESH,False,289000.0,1,1,267593.0,21407.0,0,0.0,0,0,0.0,0,0,0.0,0,0.0,0,289000.0,1,0.0,0,0.0,0,0.0,0,0.0,0,0.0,0,0.0,0,0.0,0,289000.0,1,2,1,144500.0,289000.0,289000.0,0.0,0.5,0.0,2253.0,1009.0,958.0,669.0,669.0,1.0,False,,,,,,,,True,2587,non-rollup institutions
FY2025,IPF4226001,JORDAN UNIVERSITY/SCIENCE & TECHNOLOGY,Jordan University/Science & Technology,JORDAN,False,288957.0,1,1,277885.0,11072.0,0,0.0,0,0,0.0,0,0,0.0,0,0.0,0,288957.0,1,0.0,0,0.0,0,0.0,0,0.0,0,0.0,0,0.0,0,0.0,0,288957.0,1,2,1,144478.0,288957.0,288957.0,0.0,0.5,0.0,2254.0,1009.0,958.0,669.0,669.0,1.0,False,,,,,,,,True,2587,non-rollup institutions
FY2025,IPF10079738,"LIBERANDUM TECHNOLOGIES, INC.",Liberandum Technologies,UNITED STATES,False,288855.0,1,1,269958.0,0.0,0,0.0,0,0,0.0,0,0,0.0,0,288855.0,1,0.0,0,0.0,0,0.0,0,0.0,0,0.0,0,0.0,0,0.0,0,0.0,0,288855.0,1,2,1,144428.0,288855.0,288855.0,0.0,0.5,0.0,2255.0,1009.0,958.0,669.0,669.0,1.0,False,,,,,,,,True,2587,non-rollup institutions
FY2025,IPF10029796,"GLYCODOTS, LLC",Glycodots,UNITED STATES,False,287829.0,1,1,241719.0,27280.0,0,0.0,0,0,0.0,0,0,0.0,0,287829.0,1,0.0,0,0.0,0,0.0,0,0.0,0,0.0,0,0.0,0,0.0,0,0.0,0,287829.0,1,2,1,143914.0,287829.0,287829.0,0.0,0.5,0.0,2256.0,1009.0,958.0,669.0,669.0,1.0,False,,,,,,,,True,2587,non-rollup institutions
FY2025,IPF10056535,"PREDICTIVE, LLC",Predictive,UNITED STATES,False,287526.0,1,1,234164.0,53362.0,0,0.0,0,0,0.0,0,0,0.0,0,287526.0,1,0.0,0,0.0,0,0.0,0,0.0,0,0.0,0,0.0,0,0.0,0,0.0,0,287526.0,1,1,1,287526.0,287526.0,287526.0,0.0,1.0,0.0,2257.0,1009.0,958.0,669.0,669.0,1.0,False,,,,,,,,True,2587,non-rollup institutions
FY2025,IPF10010136,PRINCE OF SONGKLA UNIVERSITY,Prince of Songkla University,THAILAND,False,285484.0,1,1,271702.0,13782.0,0,0.0,0,0,0.0,0,0,0.0,0,0.0,0,0.0,0,0.0,0,0.0,0,0.0,0,0.0,0,0.0,0,285484.0,1,0.0,0,285484.0,1,2,1,142742.0,285484.0,285484.0,0.0,0.5,0.0,2258.0,1009.0,958.0,669.0,669.0,1.0,False,,,,,,,,True,2587,non-rollup institutions
FY2025,IPF10076805,PRECISION QUANTOMICS INC,Precision Quantomics,UNITED STATES,False,285444.0,1,1,233070.0,33700.0,0,0.0,0,0,0.0,0,0,0.0,0,285444.0,1,0.0,0,0.0,0,0.0,0,0.0,0,0.0,0,0.0,0,0.0,0,0.0,0,285444.0,1,2,1,142722.0,285444.0,285444.0,0.0,0.5,0.0,2259.0,1009.0,958.0,669.0,669.0,1.0,False,,,,,,,,True,2587,non-rollup institutions
FY2025,IPF10049673,AQUALUNG THERAPEUTICS CORP.,Aqualung Therapeutics Corp.,UNITED STATES,False,284699.0,1,1,223731.0,42343.0,0,0.0,0,0,0.0,0,0,0.0,0,284699.0,1,0.0,0,0.0,0,0.0,0,0.0,0,0.0,0,0.0,0,0.0,0,0.0,0,284699.0,1,1,1,284699.0,284699.0,284699.0,0.0,1.0,0.0,2260.0,1009.0,958.0,669.0,669.0,1.0,False,,,,,,,,True,2587,non-rollup institutions
FY2025,IPF10038431,"INVIZYNE TECHNOLOGIES, INC.",Invizyne Technologies,UNITED STATES,False,283805.0,1,1,191378.0,73860.0,0,0.0,0,0,0.0,0,0,0.0,0,283805.0,1,0.0,0,0.0,0,0.0,0,0.0,0,0.0,0,0.0,0,0.0,0,0.0,0,283805.0,1,1,1,283805.0,283805.0,283805.0,0.0,1.0,0.0,2261.0,1009.0,958.0,669.0,669.0,1.0,False,,,,,,,,True,2587,non-rollup institutions
FY2025,IPF1987401,DALHOUSIE UNIVERSITY,Dalhousie University,CANADA,False,283694.0,1,1,262679.0,21015.0,0,0.0,0,0,0.0,0,0,0.0,0,283694.0,1,0.0,0,0.0,0,0.0,0,0.0,0,0.0,0,0.0,0,0.0,0,0.0,0,283694.0,1,1,1,283694.0,283694.0,283694.0,0.0,1.0,0.0,2262.0,1009.0,958.0,669.0,669.0,1.0,False,,,,,,,,True,2587,non-rollup institutions
FY2025,IPF10040658,"METSELEX, INC.",Metselex,UNITED STATES,False,283246.0,1,1,205584.0,59132.0,0,0.0,0,0,0.0,0,0,0.0,0,283246.0,1,0.0,0,0.0,0,0.0,0,0.0,0,0.0,0,0.0,0,0.0,0,0.0,0,283246.0,1,3,1,94415.0,283246.0,283246.0,0.0,0.33,0.0,2263.0,1009.0,958.0,669.0,669.0,1.0,False,,,,,,,,True,2587,non-rollup institutions
FY2025,IPF10077173,"INTERLINK ELECTRONICS, INC",Interlink Electronics,UNITED STATES,False,281734.0,1,1,186227.0,77076.0,0,0.0,0,0,0.0,0,0,0.0,0,281734.0,1,0.0,0,0.0,0,0.0,0,0.0,0,0.0,0,0.0,0,0.0,0,0.0,0,281734.0,1,1,1,281734.0,281734.0,281734.0,0.0,1.0,0.0,2264.0,1009.0,958.0,669.0,669.0,1.0,False,,,,,,,,True,2587,non-rollup institutions
FY2025,IPF10021403,MOBILE HEALTH INTERVENTIONS LLC,Mobile Health Interventions,UNITED STATES,False,280207.0,1,1,218230.0,43646.0,0,0.0,0,0,0.0,0,0,0.0,0,280207.0,1,0.0,0,0.0,0,0.0,0,0.0,0,0.0,0,0.0,0,0.0,0,0.0,0,280207.0,1,1,1,280207.0,280207.0,280207.0,0.0,1.0,0.0,2265.0,1009.0,958.0,669.0,669.0,1.0,False,,,,,,,,True,2587,non-rollup institutions
FY2025,IPF10070969,PALLADIAS LLC,Palladias,UNITED STATES,False,280160.0,1,1,187023.0,74809.0,0,0.0,0,0,0.0,0,0,0.0,0,280160.0,1,0.0,0,0.0,0,0.0,0,0.0,0,0.0,0,0.0,0,0.0,0,0.0,0,280160.0,1,1,1,280160.0,280160.0,280160.0,0.0,1.0,0.0,2266.0,1009.0,958.0,669.0,669.0,1.0,False,,,,,,,,True,2587,non-rollup institutions
FY2025,IPF10048636,"ELDEC PHARMACEUTICALS, INC.",Eldec Pharmaceuticals,UNITED STATES,False,280122.0,1,1,232252.0,29544.0,0,0.0,0,0,0.0,0,0,0.0,0,280122.0,1,0.0,0,0.0,0,0.0,0,0.0,0,0.0,0,0.0,0,0.0,0,0.0,0,280122.0,1,1,1,280122.0,280122.0,280122.0,0.0,1.0,0.0,2267.0,1009.0,958.0,669.0,669.0,1.0,False,,,,,,,,True,2587,non-rollup institutions
FY2025,IPF10036645,"SONOMOTION, INC.",Sonomotion,UNITED STATES,False,278224.0,1,1,188915.0,71107.0,0,0.0,0,0,0.0,0,0,0.0,0,278224.0,1,0.0,0,0.0,0,0.0,0,0.0,0,0.0,0,0.0,0,0.0,0,0.0,0,278224.0,1,1,1,278224.0,278224.0,278224.0,0.0,1.0,0.0,2268.0,1009.0,958.0,669.0,669.0,1.0,False,,,,,,,,True,2587,non-rollup institutions
FY2025,IPF10076373,AMIRA HEALTH INC.,Amira Health,UNITED STATES,False,277391.0,1,1,186304.0,72994.0,0,0.0,0,0,0.0,0,0,0.0,0,277391.0,1,0.0,0,0.0,0,0.0,0,0.0,0,0.0,0,0.0,0,0.0,0,0.0,0,277391.0,1,1,1,277391.0,277391.0,277391.0,0.0,1.0,0.0,2269.0,1009.0,958.0,669.0,669.0,1.0,False,,,,,,,,True,2587,non-rollup institutions
FY2025,IPF10052879,"SYNVENTA, LLC",Synventa,UNITED STATES,False,277389.0,1,1,199417.0,59825.0,0,0.0,0,0,0.0,0,0,0.0,0,277389.0,1,0.0,0,0.0,0,0.0,0,0.0,0,0.0,0,0.0,0,0.0,0,0.0,0,277389.0,1,1,1,277389.0,277389.0,277389.0,0.0,1.0,0.0,2270.0,1009.0,958.0,669.0,669.0,1.0,False,,,,,,,,True,2587,non-rollup institutions
FY2025,IPF10073384,IONCOLOGI INC,Ioncologi,UNITED STATES,False,276544.0,1,1,240620.0,35924.0,0,0.0,0,0,0.0,0,0,0.0,0,276544.0,1,0.0,0,0.0,0,0.0,0,0.0,0,0.0,0,0.0,0,0.0,0,0.0,0,276544.0,1,2,1,138272.0,276544.0,276544.0,0.0,0.5,0.0,2271.0,1009.0,958.0,669.0,669.0,1.0,False,,,,,,,,True,2587,non-rollup institutions
FY2025,IPF10072905,"SNORKLE, INC.",Snorkle,UNITED STATES,False,276540.0,2,1,216812.0,42062.0,0,0.0,0,0,0.0,0,0,0.0,0,276540.0,2,0.0,0,0.0,0,0.0,0,0.0,0,0.0,0,0.0,0,0.0,0,0.0,0,276540.0,2,1,1,276540.0,276540.0,138270.0,0.0,1.0,0.0,2272.0,698.0,958.0,669.0,669.0,1.0,False,,,,,,,,True,2587,non-rollup institutions
FY2025,IPF7527801,SMITHSONIAN INSTITUTION,Smithsonian Institution,UNITED STATES,False,275756.0,1,1,244458.0,31298.0,0,275756.0,1,1,0.0,0,0,275756.0,1,0.0,0,0.0,0,0.0,0,0.0,0,0.0,0,0.0,0,0.0,0,0.0,0,0.0,0,0.0,0,1,1,275756.0,275756.0,275756.0,275756.0,1.0,100.0,2273.0,1009.0,958.0,626.0,484.0,1.0,False,,,,,,,,True,2587,non-rollup institutions
FY2025,IPF1840201,CONNECTICUT AGRICULTURAL EXPERIMENT STA,Connecticut Agricultural Experiment Sta,UNITED STATES,False,275751.0,2,2,261450.0,14301.0,0,0.0,0,0,0.0,0,0,0.0,0,0.0,0,0.0,0,0.0,0,275751.0,2,0.0,0,0.0,0,0.0,0,0.0,0,0.0,0,275751.0,2,2,2,137876.0,137876.0,137876.0,0.0,1.0,0.0,2274.0,698.0,671.0,669.0,669.0,1.0,False,,,,,,,,True,2587,non-rollup institutions
FY2025,IPF10031363,SRI RAMACHANDRA INSTITUTE OF HIGHER EDUCATION AND RESEARCH TRUST,SRI Ramachandra Institute of Higher Education and Research Trust,INDIA,False,274979.0,2,2,257167.0,17812.0,0,0.0,0,0,0.0,0,0,0.0,0,213343.0,1,0.0,0,0.0,0,61636.0,1,0.0,0,0.0,0,0.0,0,0.0,0,0.0,0,274979.0,2,3,2,91660.0,137490.0,137490.0,0.0,0.67,0.0,2275.0,698.0,671.0,669.0,669.0,1.0,False,,,,,,,,True,2587,non-rollup institutions
FY2025,IPF10066824,LATDE DIAGNOSTICS CORP.,Latde Diagnostics Corp.,UNITED STATES,False,272184.0,1,1,195675.0,58703.0,0,0.0,0,0,0.0,0,0,0.0,0,272184.0,1,0.0,0,0.0,0,0.0,0,0.0,0,0.0,0,0.0,0,0.0,0,0.0,0,272184.0,1,1,1,272184.0,272184.0,272184.0,0.0,1.0,0.0,2276.0,1009.0,958.0,669.0,669.0,1.0,False,,,,,,,,True,2587,non-rollup institutions
FY2025,IPF10071822,"ACROBAT GENOMICS, INC.",Acrobat Genomics,UNITED STATES,False,271981.0,1,1,181563.0,72625.0,0,0.0,0,0,0.0,0,0,0.0,0,271981.0,1,0.0,0,0.0,0,0.0,0,0.0,0,0.0,0,0.0,0,0.0,0,0.0,0,271981.0,1,1,1,271981.0,271981.0,271981.0,0.0,1.0,0.0,2277.0,1009.0,958.0,669.0,669.0,1.0,False,,,,,,,,True,2587,non-rollup institutions
FY2025,IPF1605031,QUEENSBOROUGH COMMUNITY COLLEGE,Queensborough Community College,UNITED STATES,False,270386.0,1,1,252064.0,18322.0,0,0.0,0,0,0.0,0,0,0.0,0,0.0,0,0.0,0,0.0,0,0.0,0,270386.0,1,0.0,0,0.0,0,0.0,0,0.0,0,270386.0,1,3,1,90129.0,270386.0,270386.0,0.0,0.33,0.0,2278.0,1009.0,958.0,669.0,669.0,1.0,False,,,,,,,,True,2587,non-rollup institutions
FY2025,IPF10088974,YONA CARE LLC,Yona Care,UNITED STATES,False,270295.0,1,1,216300.0,36312.0,0,0.0,0,0,0.0,0,0,0.0,0,270295.0,1,0.0,0,0.0,0,0.0,0,0.0,0,0.0,0,0.0,0,0.0,0,0.0,0,270295.0,1,2,1,135148.0,270295.0,270295.0,0.0,0.5,0.0,2279.0,1009.0,958.0,669.0,669.0,1.0,False,,,,,,,,True,2587,non-rollup institutions
FY2025,IPF4042101,3D MOLECULAR DESIGNS,3D Molecular Designs,UNITED STATES,False,270000.0,1,1,250000.0,20000.0,0,0.0,0,0,0.0,0,0,0.0,0,270000.0,1,0.0,0,0.0,0,0.0,0,0.0,0,0.0,0,0.0,0,0.0,0,0.0,0,270000.0,1,1,1,270000.0,270000.0,270000.0,0.0,1.0,0.0,2280.0,1009.0,958.0,669.0,669.0,1.0,False,,,,,,,,True,2587,non-rollup institutions
FY2025,IPF10070413,HOOLA MUSIC AND CULTURAL ARTS,Hoola Music and Cultural Arts,UNITED STATES,False,270000.0,1,1,250000.0,20000.0,0,0.0,0,0,0.0,0,0,0.0,0,270000.0,1,0.0,0,0.0,0,0.0,0,0.0,0,0.0,0,0.0,0,0.0,0,0.0,0,270000.0,1,2,1,135000.0,270000.0,270000.0,0.0,0.5,0.0,2280.0,1009.0,958.0,669.0,669.0,1.0,False,,,,,,,,True,2587,non-rollup institutions
FY2025,IPF1345301,SOCIETY FOR NEUROSCIENCE,Society for Neuroscience,UNITED STATES,False,270000.0,1,1,250000.0,20000.0,0,0.0,0,0,0.0,0,0,0.0,0,270000.0,1,0.0,0,0.0,0,0.0,0,0.0,0,0.0,0,0.0,0,0.0,0,0.0,0,270000.0,1,2,1,135000.0,270000.0,270000.0,0.0,0.5,0.0,2280.0,1009.0,958.0,669.0,669.0,1.0,False,,,,,,,,True,2587,non-rollup institutions
FY2025,IPF10023747,INSERM STRASBOURG,Inserm Strasbourg,FRANCE,False,270000.0,1,1,250000.0,20000.0,0,270000.0,1,1,0.0,0,0,270000.0,1,0.0,0,0.0,0,0.0,0,0.0,0,0.0,0,0.0,0,0.0,0,0.0,0,0.0,0,0.0,0,1,1,270000.0,270000.0,270000.0,270000.0,1.0,100.0,2280.0,1009.0,958.0,628.0,484.0,1.0,False,,,,,,,,True,2587,non-rollup institutions
FY2025,IPF10067400,"SOLARIS VACCINES, INC.",Solaris Vaccines,UNITED STATES,False,269874.0,1,1,224781.0,27438.0,0,0.0,0,0,0.0,0,0,0.0,0,269874.0,1,0.0,0,0.0,0,0.0,0,0.0,0,0.0,0,0.0,0,0.0,0,0.0,0,269874.0,1,2,1,134937.0,269874.0,269874.0,0.0,0.5,0.0,2284.0,1009.0,958.0,669.0,669.0,1.0,False,,,,,,,,True,2587,non-rollup institutions
FY2025,IPF1605025,MEDGAR EVERS COLLEGE,Medgar Evers College,UNITED STATES,False,269810.0,1,1,252288.0,17522.0,0,0.0,0,0,0.0,0,0,0.0,0,0.0,0,0.0,0,0.0,0,0.0,0,269810.0,1,0.0,0,0.0,0,0.0,0,0.0,0,269810.0,1,3,1,89937.0,269810.0,269810.0,0.0,0.33,0.0,2285.0,1009.0,958.0,669.0,669.0,1.0,False,,,,,,,,True,2587,non-rollup institutions
FY2025,IPF10027802,HISPANIC ACCESS FOUNDATION,Hispanic Access Foundation,UNITED STATES,False,269705.0,1,1,249727.0,19978.0,0,0.0,0,0,0.0,0,0,0.0,0,269705.0,1,0.0,0,0.0,0,0.0,0,0.0,0,0.0,0,0.0,0,0.0,0,0.0,0,269705.0,1,1,1,269705.0,269705.0,269705.0,0.0,1.0,0.0,2286.0,1009.0,958.0,669.0,669.0,1.0,False,,,,,,,,True,2587,non-rollup institutions
FY2025,IPF4598101,JOINT CLINICAL RESEARCH CENTER,Joint Clinical Research Center,UGANDA,False,268665.0,1,1,249608.0,19057.0,0,0.0,0,0,0.0,0,0,0.0,0,0.0,0,0.0,0,0.0,0,0.0,0,0.0,0,0.0,0,0.0,0,268665.0,1,0.0,0,268665.0,1,2,1,134332.0,268665.0,268665.0,0.0,0.5,0.0,2287.0,1009.0,958.0,669.0,669.0,1.0,False,,,,,,,,True,2587,non-rollup institutions
FY2025,IPF10051398,"NEW HAMPSHIRE ACADEMY OF SCIENCE, INC.",New Hampshire Academy of Science,UNITED STATES,False,268538.0,1,1,249906.0,18632.0,0,0.0,0,0,0.0,0,0,0.0,0,268538.0,1,0.0,0,0.0,0,0.0,0,0.0,0,0.0,0,0.0,0,0.0,0,0.0,0,268538.0,1,3,1,89513.0,268538.0,268538.0,0.0,0.33,0.0,2288.0,1009.0,958.0,669.0,669.0,1.0,False,,,,,,,,True,2587,non-rollup institutions
FY2025,IPF10070240,"INSTITUTE FOR FUTURE INTELLIGENCE, INC.",Institute for Future Intelligence,UNITED STATES,False,268144.0,1,1,253957.0,14187.0,0,0.0,0,0,0.0,0,0,0.0,0,268144.0,1,0.0,0,0.0,0,0.0,0,0.0,0,0.0,0,0.0,0,0.0,0,0.0,0,268144.0,1,3,1,89381.0,268144.0,268144.0,0.0,0.33,0.0,2289.0,1009.0,958.0,669.0,669.0,1.0,False,,,,,,,,True,2587,non-rollup institutions
FY2025,IPF10087796,"UFORCE BIOTECHNOLOGY, LLC",Uforce Biotechnology,UNITED STATES,False,267323.0,1,1,223626.0,32368.0,0,0.0,0,0,0.0,0,0,0.0,0,267323.0,1,0.0,0,0.0,0,0.0,0,0.0,0,0.0,0,0.0,0,0.0,0,0.0,0,267323.0,1,1,1,267323.0,267323.0,267323.0,0.0,1.0,0.0,2290.0,1009.0,958.0,669.0,669.0,1.0,False,,,,,,,,True,2587,non-rollup institutions
FY2025,IPF1992801,"COMMUNICATION DISORDERS TECHNOLOGY, INC",Communication Disorders Technology,UNITED STATES,False,267053.0,1,1,221983.0,45070.0,0,0.0,0,0,0.0,0,0,0.0,0,267053.0,1,0.0,0,0.0,0,0.0,0,0.0,0,0.0,0,0.0,0,0.0,0,0.0,0,267053.0,1,1,1,267053.0,267053.0,267053.0,0.0,1.0,0.0,2291.0,1009.0,958.0,669.0,669.0,1.0,False,,,,,,,,True,2587,non-rollup institutions
FY2025,IPF10039243,HOPA MOUNTAIN,Hopa Mountain,UNITED STATES,False,266800.0,1,1,250000.0,16800.0,0,0.0,0,0,0.0,0,0,0.0,0,266800.0,1,0.0,0,0.0,0,0.0,0,0.0,0,0.0,0,0.0,0,0.0,0,0.0,0,266800.0,1,1,1,266800.0,266800.0,266800.0,0.0,1.0,0.0,2292.0,1009.0,958.0,669.0,669.0,1.0,False,,,,,,,,True,2587,non-rollup institutions
FY2025,IPF10038975,SCIENCENTER,Sciencenter,UNITED STATES,False,264281.0,1,1,376481.0,22316.0,0,0.0,0,0,0.0,0,0,0.0,0,264281.0,1,0.0,0,0.0,0,0.0,0,0.0,0,0.0,0,0.0,0,0.0,0,0.0,0,264281.0,1,1,1,264281.0,264281.0,264281.0,0.0,1.0,0.0,2293.0,1009.0,958.0,669.0,669.0,1.0,False,,,,,,,,True,2587,non-rollup institutions
FY2025,IPF10080321,SOUND INNOVATION LLC,Sound Innovation,UNITED STATES,False,263749.0,1,1,183211.0,63284.0,0,0.0,0,0,0.0,0,0,0.0,0,263749.0,1,0.0,0,0.0,0,0.0,0,0.0,0,0.0,0,0.0,0,0.0,0,0.0,0,263749.0,1,1,1,263749.0,263749.0,263749.0,0.0,1.0,0.0,2294.0,1009.0,958.0,669.0,669.0,1.0,False,,,,,,,,True,2587,non-rollup institutions
FY2025,IPF10071628,"MEDIACOMBO, INC.",Mediacombo,UNITED STATES,False,261620.0,1,1,203754.0,40751.0,0,0.0,0,0,0.0,0,0,0.0,0,261620.0,1,0.0,0,0.0,0,0.0,0,0.0,0,0.0,0,0.0,0,0.0,0,0.0,0,261620.0,1,4,1,65405.0,261620.0,261620.0,0.0,0.25,0.0,2295.0,1009.0,958.0,669.0,669.0,1.0,False,,,,,,,,True,2587,non-rollup institutions
FY2025,IPF10054963,"FRAMERGY, INC.",Framergy,UNITED STATES,False,260993.0,1,1,174229.0,69690.0,0,0.0,0,0,0.0,0,0,0.0,0,260993.0,1,0.0,0,0.0,0,0.0,0,0.0,0,0.0,0,0.0,0,0.0,0,0.0,0,260993.0,1,1,1,260993.0,260993.0,260993.0,0.0,1.0,0.0,2296.0,1009.0,958.0,669.0,669.0,1.0,False,,,,,,,,True,2587,non-rollup institutions
FY2025,IPF10073689,NEUROTRAINER INC,Neurotrainer,UNITED STATES,False,259481.0,1,1,173219.0,69288.0,0,0.0,0,0,0.0,0,0,0.0,0,259481.0,1,0.0,0,0.0,0,0.0,0,0.0,0,0.0,0,0.0,0,0.0,0,0.0,0,259481.0,1,2,1,129740.0,259481.0,259481.0,0.0,0.5,0.0,2297.0,1009.0,958.0,669.0,669.0,1.0,False,,,,,,,,True,2587,non-rollup institutions
FY2025,IPF4571201,TECH MUSEUM OF INNOVATION,Tech Museum of Innovation,UNITED STATES,False,259446.0,1,1,247308.0,12138.0,0,0.0,0,0,0.0,0,0,0.0,0,259446.0,1,0.0,0,0.0,0,0.0,0,0.0,0,0.0,0,0.0,0,0.0,0,0.0,0,259446.0,1,3,1,86482.0,259446.0,259446.0,0.0,0.33,0.0,2298.0,1009.0,958.0,669.0,669.0,1.0,False,,,,,,,,True,2587,non-rollup institutions
FY2025,IPF4214601,CAMBRIDGE HEALTH ALLIANCE,Cambridge Health Alliance,UNITED STATES,False,259110.0,2,2,213991.0,45119.0,0,0.0,0,0,0.0,0,0,0.0,0,82000.0,1,0.0,0,0.0,0,177110.0,1,0.0,0,0.0,0,0.0,0,0.0,0,0.0,0,259110.0,2,2,2,129555.0,129555.0,129555.0,0.0,1.0,0.0,2299.0,698.0,671.0,669.0,669.0,1.0,False,,,,,,,,True,2587,non-rollup institutions
FY2025,IPF10033946,HBVTECH,Hbvtech,UNITED STATES,False,258750.0,1,1,225000.0,33750.0,0,0.0,0,0,0.0,0,0,0.0,0,258750.0,1,0.0,0,0.0,0,0.0,0,0.0,0,0.0,0,0.0,0,0.0,0,0.0,0,258750.0,1,1,1,258750.0,258750.0,258750.0,0.0,1.0,0.0,2300.0,1009.0,958.0,669.0,669.0,1.0,False,,,,,,,,True,2587,non-rollup institutions
FY2025,IPF10053871,"REELIN THERAPEUTICS, INC.",Reelin Therapeutics,UNITED STATES,False,258213.0,1,1,197409.0,46004.0,0,0.0,0,0,0.0,0,0,0.0,0,258213.0,1,0.0,0,0.0,0,0.0,0,0.0,0,0.0,0,0.0,0,0.0,0,0.0,0,258213.0,1,3,1,86071.0,258213.0,258213.0,0.0,0.33,0.0,2301.0,1009.0,958.0,669.0,669.0,1.0,False,,,,,,,,True,2587,non-rollup institutions
FY2025,IPF165001,NEW ENGLAND COLLEGE OF OPTOMETRY,New England Optometry,UNITED STATES,False,258174.0,2,2,217130.0,41044.0,0,0.0,0,0,0.0,0,0,0.0,0,194787.0,1,0.0,0,0.0,0,0.0,0,63387.0,1,0.0,0,0.0,0,0.0,0,0.0,0,258174.0,2,3,2,86058.0,129087.0,129087.0,0.0,0.67,0.0,2302.0,698.0,671.0,669.0,669.0,1.0,False,,,,,,,,True,2587,non-rollup institutions
FY2025,IPF846901,ALABAMA STATE UNIVERSITY,Alabama State University,UNITED STATES,False,257427.0,2,2,200000.0,57427.0,0,0.0,0,0,0.0,0,0,0.0,0,257427.0,2,0.0,0,0.0,0,0.0,0,0.0,0,0.0,0,0.0,0,0.0,0,0.0,0,257427.0,2,2,2,128714.0,128714.0,128714.0,0.0,1.0,0.0,2303.0,698.0,671.0,669.0,669.0,1.0,False,,,,,,,,True,2587,non-rollup institutions
FY2025,IPF10031252,ATTOGENE,Attogene,UNITED STATES,False,257312.0,1,1,186750.0,56025.0,0,0.0,0,0,0.0,0,0,0.0,0,257312.0,1,0.0,0,0.0,0,0.0,0,0.0,0,0.0,0,0.0,0,0.0,0,0.0,0,257312.0,1,1,1,257312.0,257312.0,257312.0,0.0,1.0,0.0,2304.0,1009.0,958.0,669.0,669.0,1.0,False,,,,,,,,True,2587,non-rollup institutions
FY2025,IPF630201,UNIVERSITE DE STRASBOURG,Universite de Strasbourg,FRANCE,False,255960.0,1,1,237000.0,18960.0,0,0.0,0,0,0.0,0,0,0.0,0,0.0,0,255960.0,1,0.0,0,0.0,0,0.0,0,0.0,0,0.0,0,0.0,0,0.0,0,255960.0,1,1,1,255960.0,255960.0,255960.0,0.0,1.0,0.0,2305.0,1009.0,958.0,669.0,669.0,1.0,False,,,,,,,,True,2587,non-rollup institutions
FY2025,IPF10082367,"GLIAL THERAPEUTICS, LLC",Glial Therapeutics,UNITED STATES,False,254896.0,1,1,229080.0,25816.0,0,0.0,0,0,0.0,0,0,0.0,0,254896.0,1,0.0,0,0.0,0,0.0,0,0.0,0,0.0,0,0.0,0,0.0,0,0.0,0,254896.0,1,3,1,84965.0,254896.0,254896.0,0.0,0.33,0.0,2306.0,1009.0,958.0,669.0,669.0,1.0,False,,,,,,,,True,2587,non-rollup institutions
FY2025,IPF10082493,"ALPHAMEMORY, LLC",Alphamemory,UNITED STATES,False,252124.0,1,1,236249.0,15875.0,0,0.0,0,0,0.0,0,0,0.0,0,252124.0,1,0.0,0,0.0,0,0.0,0,0.0,0,0.0,0,0.0,0,0.0,0,0.0,0,252124.0,1,1,1,252124.0,252124.0,252124.0,0.0,1.0,0.0,2307.0,1009.0,958.0,669.0,669.0,1.0,False,,,,,,,,True,2587,non-rollup institutions
FY2025,IPF10040043,MOUNT KENYA UNIVERSITY,Mount Kenya University,KENYA,False,251076.0,2,2,234667.0,16409.0,0,140152.0,1,1,0.0,0,0,140152.0,1,0.0,0,0.0,0,0.0,0,110924.0,1,0.0,0,0.0,0,0.0,0,0.0,0,0.0,0,110924.0,1,2,2,125538.0,125538.0,125538.0,70076.0,1.0,55.8,2308.0,698.0,671.0,645.0,484.0,1.0,False,,,,,,,,True,2587,non-rollup institutions
FY2025,IPF10073111,"RUBATO, INC.",Rubato,UNITED STATES,False,250812.0,1,1,229818.0,13662.0,0,0.0,0,0,0.0,0,0,0.0,0,250812.0,1,0.0,0,0.0,0,0.0,0,0.0,0,0.0,0,0.0,0,0.0,0,0.0,0,250812.0,1,2,1,125406.0,250812.0,250812.0,0.0,0.5,0.0,2309.0,1009.0,958.0,669.0,669.0,1.0,False,,,,,,,,True,2587,non-rollup institutions
FY2025,IPF10083964,COLUMBIA INTERNATIONAL UNIVERSITY,Columbia International University,UNITED STATES,False,250000.0,1,1,250000.0,0.0,0,0.0,0,0,0.0,0,0,0.0,0,250000.0,1,0.0,0,0.0,0,0.0,0,0.0,0,0.0,0,0.0,0,0.0,0,0.0,0,250000.0,1,1,1,250000.0,250000.0,250000.0,0.0,1.0,0.0,2310.0,1009.0,958.0,669.0,669.0,1.0,False,,,,,,,,True,2587,non-rollup institutions
FY2025,IPF10031574,CENTRE/SEXUAL HLTH/HIV AID RES/ZIMBABWE,Centre/Sexual Health/HIV Aid Research/Zimbabwe,ZIMBABWE,False,249999.0,3,1,307355.0,19990.0,0,0.0,0,0,0.0,0,0,0.0,0,0.0,0,249999.0,3,0.0,0,0.0,0,0.0,0,0.0,0,0.0,0,0.0,0,0.0,0,249999.0,3,2,1,125000.0,249999.0,83333.0,0.0,0.5,0.0,2311.0,578.0,958.0,669.0,669.0,1.0,False,,,,,,,,True,2587,non-rollup institutions
FY2025,IPF10072563,REGENE LLC,Regene,UNITED STATES,False,249995.0,1,1,237495.0,12500.0,0,0.0,0,0,0.0,0,0,0.0,0,249995.0,1,0.0,0,0.0,0,0.0,0,0.0,0,0.0,0,0.0,0,0.0,0,0.0,0,249995.0,1,2,1,124998.0,249995.0,249995.0,0.0,0.5,0.0,2312.0,1009.0,958.0,669.0,669.0,1.0,False,,,,,,,,True,2587,non-rollup institutions
FY2025,IPF10047178,"QUENCH MEDICAL, INC.",Quench Medical,UNITED STATES,False,249815.0,1,1,172942.0,60530.0,0,0.0,0,0,0.0,0,0,0.0,0,0.0,0,0.0,0,0.0,0,0.0,0,0.0,0,0.0,0,0.0,0,249815.0,1,0.0,0,249815.0,1,1,1,249815.0,249815.0,249815.0,0.0,1.0,0.0,2313.0,1009.0,958.0,669.0,669.0,1.0,False,,,,,,,,True,2587,non-rollup institutions
FY2025,IPF2701701,"HEALTH RESOURCES IN ACTION, INC.",Health Resources in Action,UNITED STATES,False,249282.0,1,1,230817.0,18465.0,0,0.0,0,0,0.0,0,0,0.0,0,249282.0,1,0.0,0,0.0,0,0.0,0,0.0,0,0.0,0,0.0,0,0.0,0,0.0,0,249282.0,1,2,1,124641.0,249282.0,249282.0,0.0,0.5,0.0,2314.0,1009.0,958.0,669.0,669.0,1.0,False,,,,,,,,True,2587,non-rollup institutions
FY2025,IPF10000630,MEDICAL RESEARCH COUNCIL UNIT THE GAMBIA AT THE LONDON SCHOOL OF HYGIENE & TROPICAL MEDICINE,Medical Research Council Unit the Gambia at the London School of Hygiene & Tropical Medicine,GAMBIA,False,249260.0,2,2,230797.0,18463.0,0,0.0,0,0,0.0,0,0,0.0,0,0.0,0,0.0,0,0.0,0,249260.0,2,0.0,0,0.0,0,0.0,0,0.0,0,0.0,0,249260.0,2,2,2,124630.0,124630.0,124630.0,0.0,1.0,0.0,2315.0,698.0,671.0,669.0,669.0,1.0,False,,,,,,,,True,2587,non-rollup institutions
FY2025,IPF10059024,LIVER INSTITUTE NORTHWEST PLLC,Liver Institute Northwest Pllc,UNITED STATES,False,249189.0,1,1,227093.0,22096.0,0,0.0,0,0,0.0,0,0,0.0,0,0.0,0,249189.0,1,0.0,0,0.0,0,0.0,0,0.0,0,0.0,0,0.0,0,0.0,0,249189.0,1,1,1,249189.0,249189.0,249189.0,0.0,1.0,0.0,2316.0,1009.0,958.0,669.0,669.0,1.0,False,,,,,,,,True,2587,non-rollup institutions
FY2025,IPF850906,UNIVERSITY OF MASSACHUSETTS DARTMOUTH,University of Massachusetts Dartmouth,UNITED STATES,False,249000.0,2,2,160421.0,88579.0,0,1.0,1,1,0.0,0,0,1.0,1,248999.0,1,0.0,0,0.0,0,0.0,0,0.0,0,0.0,0,0.0,0,0.0,0,0.0,0,248999.0,1,2,2,124500.0,124500.0,124500.0,0.0,1.0,0.0,2317.0,698.0,671.0,667.0,484.0,1.0,False,,,,,,,,True,2587,non-rollup institutions
FY2025,IPF578203,UNIVERSITY OF NORTH CAROLINA WILMINGTON,University of North Carolina Wilmington,UNITED STATES,False,249000.0,1,1,177123.0,84930.0,0,0.0,0,0,0.0,0,0,0.0,0,249000.0,1,0.0,0,0.0,0,0.0,0,0.0,0,0.0,0,0.0,0,0.0,0,0.0,0,249000.0,1,1,1,249000.0,249000.0,249000.0,0.0,1.0,0.0,2317.0,1009.0,958.0,669.0,669.0,1.0,False,,,,,,,,True,2587,non-rollup institutions
FY2025,IPF7987601,ST. OLAF COLLEGE,St. Olaf College,UNITED STATES,False,249000.0,1,1,204216.0,44784.0,0,0.0,0,0,0.0,0,0,0.0,0,249000.0,1,0.0,0,0.0,0,0.0,0,0.0,0,0.0,0,0.0,0,0.0,0,0.0,0,249000.0,1,1,1,249000.0,249000.0,249000.0,0.0,1.0,0.0,2317.0,1009.0,958.0,669.0,669.0,1.0,False,,,,,,,,True,2587,non-rollup institutions
FY2025,IPF196801,EPILEPSY FOUNDATION OF AMERICA,Epilepsy Foundation of America,UNITED STATES,False,248832.0,1,1,221173.0,27659.0,0,0.0,0,0,0.0,0,0,0.0,0,248832.0,1,0.0,0,0.0,0,0.0,0,0.0,0,0.0,0,0.0,0,0.0,0,0.0,0,248832.0,1,2,1,124416.0,248832.0,248832.0,0.0,0.5,0.0,2320.0,1009.0,958.0,669.0,669.0,1.0,False,,,,,,,,True,2587,non-rollup institutions
FY2025,IPF680201,BATES COLLEGE,Bates College,UNITED STATES,False,248755.0,1,1,179089.0,69666.0,0,0.0,0,0,0.0,0,0,0.0,0,248755.0,1,0.0,0,0.0,0,0.0,0,0.0,0,0.0,0,0.0,0,0.0,0,0.0,0,248755.0,1,1,1,248755.0,248755.0,248755.0,0.0,1.0,0.0,2321.0,1009.0,958.0,669.0,669.0,1.0,False,,,,,,,,True,2587,non-rollup institutions
FY2025,IPF10053150,"ZABBIO, INC.",Zabbio,UNITED STATES,False,248531.0,1,1,184363.0,47914.0,0,0.0,0,0,0.0,0,0,0.0,0,248531.0,1,0.0,0,0.0,0,0.0,0,0.0,0,0.0,0,0.0,0,0.0,0,0.0,0,248531.0,1,2,1,124266.0,248531.0,248531.0,0.0,0.5,0.0,2322.0,1009.0,958.0,669.0,669.0,1.0,False,,,,,,,,True,2587,non-rollup institutions
FY2025,IPF10080599,"ROCK IMMUNE, INC.",Rock Immune,UNITED STATES,False,248336.0,1,1,248336.0,0.0,0,0.0,0,0,0.0,0,0,0.0,0,248336.0,1,0.0,0,0.0,0,0.0,0,0.0,0,0.0,0,0.0,0,0.0,0,0.0,0,248336.0,1,1,1,248336.0,248336.0,248336.0,0.0,1.0,0.0,2323.0,1009.0,958.0,669.0,669.0,1.0,False,,,,,,,,True,2587,non-rollup institutions
FY2025,IPF2202902,OTTAWA HOSPITAL RESEARCH INSTITUTE,Ottawa Hospital Research Institute,CANADA,False,247865.0,1,1,229505.0,18360.0,0,247865.0,1,1,0.0,0,0,247865.0,1,0.0,0,0.0,0,0.0,0,0.0,0,0.0,0,0.0,0,0.0,0,0.0,0,0.0,0,0.0,0,1,1,247865.0,247865.0,247865.0,247865.0,1.0,100.0,2324.0,1009.0,958.0,630.0,484.0,1.0,False,,,,,,,,True,2587,non-rollup institutions
FY2025,IPF10016541,UNIVERSITY TEACHING HOSPITAL (UTH),University Teaching Hospital (Uth),ZAMBIA,False,247514.0,1,1,229180.0,18334.0,0,0.0,0,0,0.0,0,0,0.0,0,0.0,0,0.0,0,0.0,0,0.0,0,0.0,0,0.0,0,0.0,0,247514.0,1,0.0,0,247514.0,1,1,1,247514.0,247514.0,247514.0,0.0,1.0,0.0,2325.0,1009.0,958.0,669.0,669.0,1.0,False,,,,,,,,True,2587,non-rollup institutions
FY2025,IPF10068108,GEEGAH LLC,Geegah,UNITED STATES,False,246718.0,1,1,215109.0,31609.0,0,0.0,0,0,0.0,0,0,0.0,0,246718.0,1,0.0,0,0.0,0,0.0,0,0.0,0,0.0,0,0.0,0,0.0,0,0.0,0,246718.0,1,1,1,246718.0,246718.0,246718.0,0.0,1.0,0.0,2326.0,1009.0,958.0,669.0,669.0,1.0,False,,,,,,,,True,2587,non-rollup institutions
FY2025,IPF10013343,FACULTAD LATINOAMERICANA DE CIENCIAS SOCIALES,Facultad Latinoamericana de Ciencias Sociales,ARGENTINA,False,246658.0,1,1,230000.0,16658.0,0,0.0,0,0,0.0,0,0,0.0,0,246658.0,1,0.0,0,0.0,0,0.0,0,0.0,0,0.0,0,0.0,0,0.0,0,0.0,0,246658.0,1,1,1,246658.0,246658.0,246658.0,0.0,1.0,0.0,2327.0,1009.0,958.0,669.0,669.0,1.0,False,,,,,,,,True,2587,non-rollup institutions
FY2025,IPF10036468,UNIVERSITY OF CAPE COAST,University of Cape Coast,GHANA,False,244643.0,1,1,234347.0,10296.0,0,0.0,0,0,0.0,0,0,0.0,0,0.0,0,244643.0,1,0.0,0,0.0,0,0.0,0,0.0,0,0.0,0,0.0,0,0.0,0,244643.0,1,1,1,244643.0,244643.0,244643.0,0.0,1.0,0.0,2328.0,1009.0,958.0,669.0,669.0,1.0,False,,,,,,,,True,2587,non-rollup institutions
FY2025,IPF10033405,INSTITUT NATIONAL / RECHERCHE BIOMEDICAL,Institut National / Recherche Biomedical,CONGO DEM REP,False,243824.0,1,1,229500.0,14324.0,0,0.0,0,0,0.0,0,0,0.0,0,0.0,0,0.0,0,0.0,0,0.0,0,0.0,0,0.0,0,0.0,0,243824.0,1,0.0,0,243824.0,1,4,1,60956.0,243824.0,243824.0,0.0,0.25,0.0,2329.0,1009.0,958.0,669.0,669.0,1.0,False,,,,,,,,True,2587,non-rollup institutions
FY2025,IPF9617601,UNIVERSITY CITY SCIENCE CENTER,University City Science Center,UNITED STATES,False,243230.0,1,1,226139.0,17091.0,0,0.0,0,0,0.0,0,0,0.0,0,243230.0,1,0.0,0,0.0,0,0.0,0,0.0,0,0.0,0,0.0,0,0.0,0,0.0,0,243230.0,1,1,1,243230.0,243230.0,243230.0,0.0,1.0,0.0,2330.0,1009.0,958.0,669.0,669.0,1.0,False,,,,,,,,True,2587,non-rollup institutions
FY2025,IPF10062613,"EMPOWERX, INC.",Empowerx,UNITED STATES,False,242827.0,1,1,162101.0,64840.0,0,0.0,0,0,0.0,0,0,0.0,0,242827.0,1,0.0,0,0.0,0,0.0,0,0.0,0,0.0,0,0.0,0,0.0,0,0.0,0,242827.0,1,2,1,121414.0,242827.0,242827.0,0.0,0.5,0.0,2331.0,1009.0,958.0,669.0,669.0,1.0,False,,,,,,,,True,2587,non-rollup institutions
FY2025,IPF1381002,MONTANA STATE UNIVERSITY -BILLINGS,Montana State University -Billings,UNITED STATES,False,241111.0,1,1,223251.0,17860.0,0,0.0,0,0,0.0,0,0,0.0,0,241111.0,1,0.0,0,0.0,0,0.0,0,0.0,0,0.0,0,0.0,0,0.0,0,0.0,0,241111.0,1,2,1,120556.0,241111.0,241111.0,0.0,0.5,0.0,2332.0,1009.0,958.0,669.0,669.0,1.0,False,,,,,,,,True,2587,non-rollup institutions
FY2025,IPF10048553,"PYRAMES, INC.",Pyrames,UNITED STATES,False,240603.0,1,1,200317.0,40286.0,0,0.0,0,0,0.0,0,0,0.0,0,240603.0,1,0.0,0,0.0,0,0.0,0,0.0,0,0.0,0,0.0,0,0.0,0,0.0,0,240603.0,1,1,1,240603.0,240603.0,240603.0,0.0,1.0,0.0,2333.0,1009.0,958.0,669.0,669.0,1.0,False,,,,,,,,True,2587,non-rollup institutions
FY2025,IPF8591801,UNIVERSITY OF THE ANDES,University of the Andes,COLOMBIA,False,238499.0,1,1,229965.0,8534.0,0,0.0,0,0,0.0,0,0,0.0,0,238499.0,1,0.0,0,0.0,0,0.0,0,0.0,0,0.0,0,0.0,0,0.0,0,0.0,0,238499.0,1,2,1,119250.0,238499.0,238499.0,0.0,0.5,0.0,2334.0,1009.0,958.0,669.0,669.0,1.0,False,,,,,,,,True,2587,non-rollup institutions
FY2025,IPF10033953,KINTAMPO HEALTH RESEARCH CENTRE,Kintampo Health Research Centre,GHANA,False,234886.0,1,1,229206.0,5680.0,0,0.0,0,0,0.0,0,0,0.0,0,0.0,0,0.0,0,0.0,0,0.0,0,0.0,0,0.0,0,0.0,0,234886.0,1,0.0,0,234886.0,1,3,1,78295.0,234886.0,234886.0,0.0,0.33,0.0,2335.0,1009.0,958.0,669.0,669.0,1.0,False,,,,,,,,True,2587,non-rollup institutions
FY2025,IPF10067272,HEALTH RESEARCH FOUNDATION,Health Research Foundation,CAMEROON,False,234603.0,2,1,222832.0,11771.0,0,0.0,0,0,0.0,0,0,0.0,0,0.0,0,234603.0,2,0.0,0,0.0,0,0.0,0,0.0,0,0.0,0,0.0,0,0.0,0,234603.0,2,1,1,234603.0,234603.0,117302.0,0.0,1.0,0.0,2336.0,698.0,958.0,669.0,669.0,1.0,False,,,,,,,,True,2587,non-rollup institutions
FY2025,IPF10012349,IMPACT RESEARCH AND DEVELOPMENT ORG,Impact Research and Development Org,KENYA,False,234292.0,1,1,222904.0,11388.0,0,234292.0,1,1,0.0,0,0,234292.0,1,0.0,0,0.0,0,0.0,0,0.0,0,0.0,0,0.0,0,0.0,0,0.0,0,0.0,0,0.0,0,2,1,117146.0,234292.0,234292.0,117146.0,0.5,100.0,2337.0,1009.0,958.0,632.0,484.0,1.0,False,,,,,,,,True,2587,non-rollup institutions
FY2025,IPF2406101,COLUMBUS COMMUNITY CLINICAL ONCOLOGY PRG,Columbus Community Clinical Oncology Prg,UNITED STATES,False,230836.0,1,1,760185.0,0.0,0,0.0,0,0,0.0,0,0,0.0,0,0.0,0,230836.0,1,0.0,0,0.0,0,0.0,0,0.0,0,0.0,0,0.0,0,0.0,0,230836.0,1,2,1,115418.0,230836.0,230836.0,0.0,0.5,0.0,2338.0,1009.0,958.0,669.0,669.0,1.0,False,,,,,,,,True,2587,non-rollup institutions
FY2025,IPF5283901,MIDWESTERN STATE UNIVERSITY,Midwestern State University,UNITED STATES,False,230780.0,1,1,230780.0,0.0,0,0.0,0,0,0.0,0,0,0.0,0,0.0,0,0.0,0,0.0,0,0.0,0,0.0,0,0.0,0,0.0,0,230780.0,1,0.0,0,230780.0,1,1,1,230780.0,230780.0,230780.0,0.0,1.0,0.0,2339.0,1009.0,958.0,669.0,669.0,1.0,False,,,,,,,,True,2587,non-rollup institutions
FY2025,IPF10058150,NORTHUMBRIA UNIVERSITY,Northumbria University,UNITED KINGDOM,False,230364.0,1,1,214435.0,15929.0,0,230364.0,1,1,0.0,0,0,230364.0,1,0.0,0,0.0,0,0.0,0,0.0,0,0.0,0,0.0,0,0.0,0,0.0,0,0.0,0,0.0,0,1,1,230364.0,230364.0,230364.0,230364.0,1.0,100.0,2340.0,1009.0,958.0,633.0,484.0,1.0,False,,,,,,,,True,2587,non-rollup institutions
FY2025,IPF10065853,VINDHYA DATA SCIENCE INC.,Vindhya Data Science,UNITED STATES,False,229099.0,2,1,168296.0,49520.0,0,0.0,0,0,0.0,0,0,0.0,0,229099.0,2,0.0,0,0.0,0,0.0,0,0.0,0,0.0,0,0.0,0,0.0,0,0.0,0,229099.0,2,1,1,229099.0,229099.0,114550.0,0.0,1.0,0.0,2341.0,698.0,958.0,669.0,669.0,1.0,False,,,,,,,,True,2587,non-rollup institutions
FY2025,IPF10082181,"OXYLO, INC.",Oxylo,UNITED STATES,False,229072.0,1,1,160967.0,53119.0,0,0.0,0,0,0.0,0,0,0.0,0,229072.0,1,0.0,0,0.0,0,0.0,0,0.0,0,0.0,0,0.0,0,0.0,0,0.0,0,229072.0,1,1,1,229072.0,229072.0,229072.0,0.0,1.0,0.0,2342.0,1009.0,958.0,669.0,669.0,1.0,False,,,,,,,,True,2587,non-rollup institutions
FY2025,IPF2011401,"ELSOHLY LABORATORIES, INC.",Elsohly Laboratories,UNITED STATES,False,228967.0,1,1,121490.0,107477.0,0,0.0,0,0,0.0,0,0,0.0,0,228967.0,1,0.0,0,0.0,0,0.0,0,0.0,0,0.0,0,0.0,0,0.0,0,0.0,0,228967.0,1,2,1,114484.0,228967.0,228967.0,0.0,0.5,0.0,2343.0,1009.0,958.0,669.0,669.0,1.0,False,,,,,,,,True,2587,non-rollup institutions
FY2025,IPF10072512,MOSES-WEITZMAN HEALTH SYSTEM INC,Moses-Weitzman Health System,UNITED STATES,False,228122.0,1,1,211224.0,16898.0,0,0.0,0,0,0.0,0,0,0.0,0,228122.0,1,0.0,0,0.0,0,0.0,0,0.0,0,0.0,0,0.0,0,0.0,0,0.0,0,228122.0,1,1,1,228122.0,228122.0,228122.0,0.0,1.0,0.0,2344.0,1009.0,958.0,669.0,669.0,1.0,False,,,,,,,,True,2587,non-rollup institutions
FY2025,IPF10050528,RESEARCH FOR DEVELOPMENT,Research for Development,RWANDA,False,226371.0,1,1,249748.0,14138.0,0,0.0,0,0,0.0,0,0,0.0,0,0.0,0,226371.0,1,0.0,0,0.0,0,0.0,0,0.0,0,0.0,0,0.0,0,0.0,0,226371.0,1,1,1,226371.0,226371.0,226371.0,0.0,1.0,0.0,2345.0,1009.0,958.0,669.0,669.0,1.0,False,,,,,,,,True,2587,non-rollup institutions
FY2025,IPF10059617,"ENDONAVIS, LLC",Endonavis,UNITED STATES,False,226192.0,1,1,211394.0,0.0,0,0.0,0,0,0.0,0,0,0.0,0,226192.0,1,0.0,0,0.0,0,0.0,0,0.0,0,0.0,0,0.0,0,0.0,0,0.0,0,226192.0,1,1,1,226192.0,226192.0,226192.0,0.0,1.0,0.0,2346.0,1009.0,958.0,669.0,669.0,1.0,False,,,,,,,,True,2587,non-rollup institutions
FY2025,IPF10058628,"BLOOM SCIENCE, INC.",Bloom Science,UNITED STATES,False,226189.0,1,1,152423.0,58969.0,0,0.0,0,0,0.0,0,0,0.0,0,226189.0,1,0.0,0,0.0,0,0.0,0,0.0,0,0.0,0,0.0,0,0.0,0,0.0,0,226189.0,1,1,1,226189.0,226189.0,226189.0,0.0,1.0,0.0,2347.0,1009.0,958.0,669.0,669.0,1.0,False,,,,,,,,True,2587,non-rollup institutions
FY2025,IPF10063252,LOXAGEN INC.,Loxagen,UNITED STATES,False,225729.0,1,1,172399.0,53330.0,0,0.0,0,0,0.0,0,0,0.0,0,0.0,0,225729.0,1,0.0,0,0.0,0,0.0,0,0.0,0,0.0,0,0.0,0,0.0,0,225729.0,1,1,1,225729.0,225729.0,225729.0,0.0,1.0,0.0,2348.0,1009.0,958.0,669.0,669.0,1.0,False,,,,,,,,True,2587,non-rollup institutions
FY2025,IPF10054416,"THE GLIMPSE GROUP, INC.",The Glimpse Group,UNITED STATES,False,225609.0,1,1,225609.0,0.0,0,0.0,0,0,0.0,0,0,0.0,0,225609.0,1,0.0,0,0.0,0,0.0,0,0.0,0,0.0,0,0.0,0,0.0,0,0.0,0,225609.0,1,1,1,225609.0,225609.0,225609.0,0.0,1.0,0.0,2349.0,1009.0,958.0,669.0,669.0,1.0,False,,,,,,,,True,2587,non-rollup institutions
FY2025,IPF10060965,"NAVIGATION SCIENCES, INC.",Navigation Sciences,UNITED STATES,False,225229.0,1,1,167056.0,43438.0,0,0.0,0,0,0.0,0,0,0.0,0,225229.0,1,0.0,0,0.0,0,0.0,0,0.0,0,0.0,0,0.0,0,0.0,0,0.0,0,225229.0,1,1,1,225229.0,225229.0,225229.0,0.0,1.0,0.0,2350.0,1009.0,958.0,669.0,669.0,1.0,False,,,,,,,,True,2587,non-rollup institutions
FY2025,IPF10030679,"COLLEGE OF MEDICINE, UNIVERSITY OF LAGOS","College of Medicine, University of Lagos",NIGERIA,False,223085.0,2,2,207364.0,15721.0,0,0.0,0,0,0.0,0,0,0.0,0,0.0,0,0.0,0,0.0,0,223085.0,2,0.0,0,0.0,0,0.0,0,0.0,0,0.0,0,223085.0,2,2,2,111542.0,111542.0,111542.0,0.0,1.0,0.0,2351.0,698.0,671.0,669.0,669.0,1.0,False,,,,,,,,True,2587,non-rollup institutions
FY2025,IPF10067370,AUTOTUNE ME LLC,Autotune Me,UNITED STATES,False,223070.0,1,1,194251.0,14226.0,0,0.0,0,0,0.0,0,0,0.0,0,223070.0,1,0.0,0,0.0,0,0.0,0,0.0,0,0.0,0,0.0,0,0.0,0,0.0,0,223070.0,1,2,1,111535.0,223070.0,223070.0,0.0,0.5,0.0,2352.0,1009.0,958.0,669.0,669.0,1.0,False,,,,,,,,True,2587,non-rollup institutions
FY2025,IPF10072955,MOLECULAR TECHNOLOGIES LABORATORIES LLC,Molecular Technologies Laboratories,UNITED STATES,False,222594.0,1,1,211280.0,9088.0,0,0.0,0,0,0.0,0,0,0.0,0,222594.0,1,0.0,0,0.0,0,0.0,0,0.0,0,0.0,0,0.0,0,0.0,0,0.0,0,222594.0,1,4,1,55648.0,222594.0,222594.0,0.0,0.25,0.0,2353.0,1009.0,958.0,669.0,669.0,1.0,False,,,,,,,,True,2587,non-rollup institutions
FY2025,IPF322201,SCIENTIFIC ANALYSIS CORPORATION,Scientific Analysis Corporation,UNITED STATES,False,221463.0,1,1,149738.0,71725.0,0,221463.0,1,1,0.0,0,0,221463.0,1,0.0,0,0.0,0,0.0,0,0.0,0,0.0,0,0.0,0,0.0,0,0.0,0,0.0,0,0.0,0,1,1,221463.0,221463.0,221463.0,221463.0,1.0,100.0,2354.0,1009.0,958.0,634.0,484.0,1.0,False,,,,,,,,True,2587,non-rollup institutions
FY2025,IPF10049747,"CITY LABS, INC.",City Labs,UNITED STATES,False,221415.0,1,1,147807.0,59123.0,0,0.0,0,0,0.0,0,0,0.0,0,0.0,0,0.0,0,0.0,0,0.0,0,0.0,0,0.0,0,0.0,0,221415.0,1,0.0,0,221415.0,1,1,1,221415.0,221415.0,221415.0,0.0,1.0,0.0,2355.0,1009.0,958.0,669.0,669.0,1.0,False,,,,,,,,True,2587,non-rollup institutions
FY2025,IPF10048483,"MEDFREE, INC.",Medfree,UNITED STATES,False,219295.0,1,1,146392.0,58557.0,0,0.0,0,0,0.0,0,0,0.0,0,0.0,0,0.0,0,0.0,0,0.0,0,0.0,0,0.0,0,0.0,0,219295.0,1,0.0,0,219295.0,1,1,1,219295.0,219295.0,219295.0,0.0,1.0,0.0,2356.0,1009.0,958.0,669.0,669.0,1.0,False,,,,,,,,True,2587,non-rollup institutions
FY2025,IPF10051546,AHMADU BELLO UNIVERSITY,Ahmadu Bello University,NIGERIA,False,219294.0,2,2,203050.0,16244.0,0,0.0,0,0,0.0,0,0,0.0,0,0.0,0,0.0,0,0.0,0,219294.0,2,0.0,0,0.0,0,0.0,0,0.0,0,0.0,0,219294.0,2,2,2,109647.0,109647.0,109647.0,0.0,1.0,0.0,2357.0,698.0,671.0,669.0,669.0,1.0,False,,,,,,,,True,2587,non-rollup institutions
FY2025,IPF10026486,AFRICA INSTITUTE OF MENTAL AND BRAIN HEALTH,Africa Institute of Mental and Brain Health,KENYA,False,218508.0,1,1,203823.0,14685.0,0,0.0,0,0,0.0,0,0,0.0,0,218508.0,1,0.0,0,0.0,0,0.0,0,0.0,0,0.0,0,0.0,0,0.0,0,0.0,0,218508.0,1,2,1,109254.0,218508.0,218508.0,0.0,0.5,0.0,2358.0,1009.0,958.0,669.0,669.0,1.0,False,,,,,,,,True,2587,non-rollup institutions
FY2025,IPF10088455,MOLECULAR INTELLIGENCE LLC,Molecular Intelligence,UNITED STATES,False,217941.0,1,1,166169.0,37515.0,0,0.0,0,0,0.0,0,0,0.0,0,217941.0,1,0.0,0,0.0,0,0.0,0,0.0,0,0.0,0,0.0,0,0.0,0,0.0,0,217941.0,1,1,1,217941.0,217941.0,217941.0,0.0,1.0,0.0,2359.0,1009.0,958.0,669.0,669.0,1.0,False,,,,,,,,True,2587,non-rollup institutions
FY2025,IPF10029690,"MODULATION THERAPEUTICS, INC.",Modulation Therapeutics,UNITED STATES,False,217685.0,1,1,150000.0,53444.0,0,0.0,0,0,0.0,0,0,0.0,0,217685.0,1,0.0,0,0.0,0,0.0,0,0.0,0,0.0,0,0.0,0,0.0,0,0.0,0,217685.0,1,3,1,72562.0,217685.0,217685.0,0.0,0.33,0.0,2360.0,1009.0,958.0,669.0,669.0,1.0,False,,,,,,,,True,2587,non-rollup institutions
FY2025,IPF10088767,"WISCONSIN EVANGELICAL LUTHERAN SYNOD KINGDOM WORKERS, INC",Wisconsin Evangelical Lutheran Synod Kingdom Workers,UNITED STATES,False,216975.0,1,1,197250.0,19725.0,0,0.0,0,0,0.0,0,0,0.0,0,216975.0,1,0.0,0,0.0,0,0.0,0,0.0,0,0.0,0,0.0,0,0.0,0,0.0,0,216975.0,1,1,1,216975.0,216975.0,216975.0,0.0,1.0,0.0,2361.0,1009.0,958.0,669.0,669.0,1.0,False,,,,,,,,True,2587,non-rollup institutions
FY2025,IPF10003112,FOUNDATION FOR APPLIED MOLECULAR EVOLUTN,Foundation for Applied Molecular Evolutn,UNITED STATES,False,215564.0,1,1,140250.0,75314.0,0,0.0,0,0,0.0,0,0,0.0,0,215564.0,1,0.0,0,0.0,0,0.0,0,0.0,0,0.0,0,0.0,0,0.0,0,0.0,0,215564.0,1,1,1,215564.0,215564.0,215564.0,0.0,1.0,0.0,2362.0,1009.0,958.0,669.0,669.0,1.0,False,,,,,,,,True,2587,non-rollup institutions
FY2025,IPF10041258,BOTSWANA- UNIVERSITY OF MARYLAND SCHOOL OF MEDICINE HEALTH INITIATIVE,Botswana- University of Maryland School of Medicine Health Initiative,BOTSWANA,False,215509.0,1,1,199545.0,15964.0,0,0.0,0,0,0.0,0,0,0.0,0,215509.0,1,0.0,0,0.0,0,0.0,0,0.0,0,0.0,0,0.0,0,0.0,0,0.0,0,215509.0,1,1,1,215509.0,215509.0,215509.0,0.0,1.0,0.0,2363.0,1009.0,958.0,669.0,669.0,1.0,False,,,,,,,,True,2587,non-rollup institutions
FY2025,IPF10029322,MAKERERE UNIVERSITY WALTER REED PROJECT,Makerere University Walter Reed Project,UGANDA,False,214259.0,1,1,427136.0,31880.0,0,0.0,0,0,0.0,0,0,0.0,0,0.0,0,214259.0,1,0.0,0,0.0,0,0.0,0,0.0,0,0.0,0,0.0,0,0.0,0,214259.0,1,1,1,214259.0,214259.0,214259.0,0.0,1.0,0.0,2364.0,1009.0,958.0,669.0,669.0,1.0,False,,,,,,,,True,2587,non-rollup institutions
FY2025,IPF10073131,PROVIZIGEN LLC,Provizigen,UNITED STATES,False,213662.0,2,1,156232.0,43453.0,0,0.0,0,0,0.0,0,0,0.0,0,213662.0,2,0.0,0,0.0,0,0.0,0,0.0,0,0.0,0,0.0,0,0.0,0,0.0,0,213662.0,2,1,1,213662.0,213662.0,106831.0,0.0,1.0,0.0,2365.0,698.0,958.0,669.0,669.0,1.0,False,,,,,,,,True,2587,non-rollup institutions
FY2025,IPF10029329,CENTER FOR THE STUDY OF STATE / SOCIETY,Center for the Study of State / Society,ARGENTINA,False,209589.0,1,1,194064.0,15525.0,0,0.0,0,0,0.0,0,0,0.0,0,209589.0,1,0.0,0,0.0,0,0.0,0,0.0,0,0.0,0,0.0,0,0.0,0,0.0,0,209589.0,1,1,1,209589.0,209589.0,209589.0,0.0,1.0,0.0,2366.0,1009.0,958.0,669.0,669.0,1.0,False,,,,,,,,True,2587,non-rollup institutions
FY2025,IPF10082973,"IMMUNOMATICS, INC.",Immunomatics,UNITED STATES,False,207740.0,1,1,176500.0,17650.0,0,0.0,0,0,0.0,0,0,0.0,0,207740.0,1,0.0,0,0.0,0,0.0,0,0.0,0,0.0,0,0.0,0,0.0,0,0.0,0,207740.0,1,1,1,207740.0,207740.0,207740.0,0.0,1.0,0.0,2367.0,1009.0,958.0,669.0,669.0,1.0,False,,,,,,,,True,2587,non-rollup institutions
FY2025,IPF10091553,ORI COMMUNITY AND EVALUATION SERVICES,Ori Community and Evaluation Services,UNITED STATES,False,204935.0,2,2,189754.0,15181.0,0,0.0,0,0,0.0,0,0,0.0,0,0.0,0,0.0,0,0.0,0,204935.0,2,0.0,0,0.0,0,0.0,0,0.0,0,0.0,0,204935.0,2,2,2,102468.0,102468.0,102468.0,0.0,1.0,0.0,2368.0,698.0,671.0,669.0,669.0,1.0,False,,,,,,,,True,2587,non-rollup institutions
FY2025,IPF10032774,"NANODIAGNOSTIC TECHNOLOGY, LLC",Nanodiagnostic Technology,UNITED STATES,False,204188.0,1,1,182449.0,21739.0,0,0.0,0,0,0.0,0,0,0.0,0,204188.0,1,0.0,0,0.0,0,0.0,0,0.0,0,0.0,0,0.0,0,0.0,0,0.0,0,204188.0,1,1,1,204188.0,204188.0,204188.0,0.0,1.0,0.0,2369.0,1009.0,958.0,669.0,669.0,1.0,False,,,,,,,,True,2587,non-rollup institutions
FY2025,IPF10035543,"T3D THERAPEUTICS, INC.",T3d Therapeutics,UNITED STATES,False,203807.0,1,1,187987.0,2699.0,0,0.0,0,0,0.0,0,0,0.0,0,203807.0,1,0.0,0,0.0,0,0.0,0,0.0,0,0.0,0,0.0,0,0.0,0,0.0,0,203807.0,1,1,1,203807.0,203807.0,203807.0,0.0,1.0,0.0,2370.0,1009.0,958.0,669.0,669.0,1.0,False,,,,,,,,True,2587,non-rollup institutions
FY2025,IPF10021795,"ACPHARIS, INC.",Acpharis,UNITED STATES,False,202467.0,1,1,140477.0,49791.0,0,0.0,0,0,0.0,0,0,0.0,0,202467.0,1,0.0,0,0.0,0,0.0,0,0.0,0,0.0,0,0.0,0,0.0,0,0.0,0,202467.0,1,1,1,202467.0,202467.0,202467.0,0.0,1.0,0.0,2371.0,1009.0,958.0,669.0,669.0,1.0,False,,,,,,,,True,2587,non-rollup institutions
FY2025,IPF10001640,NATIONAL INSTITUTE OF PSYCHIATRY,National Institute of Psychiatry,MEXICO,False,201206.0,1,1,198488.0,2718.0,0,0.0,0,0,0.0,0,0,0.0,0,201206.0,1,0.0,0,0.0,0,0.0,0,0.0,0,0.0,0,0.0,0,0.0,0,0.0,0,201206.0,1,2,1,100603.0,201206.0,201206.0,0.0,0.5,0.0,2372.0,1009.0,958.0,669.0,669.0,1.0,False,,,,,,,,True,2587,non-rollup institutions
FY2025,IPF10058432,"THE FEDERAL UNIVERSITY OF TECHNOLOGY, AKURE, NIGERIA","The Federal University of Technology, Akure, Nigeria",NIGERIA,False,200847.0,2,2,187963.0,12884.0,0,0.0,0,0,0.0,0,0,0.0,0,0.0,0,0.0,0,0.0,0,200847.0,2,0.0,0,0.0,0,0.0,0,0.0,0,0.0,0,200847.0,2,2,2,100424.0,100424.0,100424.0,0.0,1.0,0.0,2373.0,698.0,671.0,669.0,669.0,1.0,False,,,,,,,,True,2587,non-rollup institutions
FY2025,IPF10045489,LAGOS STATE UNIVERSITY TEACHING HOSPITAL,Lagos State University Teaching Hospital,NIGERIA,False,200000.0,1,1,188114.0,11886.0,0,0.0,0,0,0.0,0,0,0.0,0,0.0,0,200000.0,1,0.0,0,0.0,0,0.0,0,0.0,0,0.0,0,0.0,0,0.0,0,200000.0,1,4,1,50000.0,200000.0,200000.0,0.0,0.25,0.0,2374.0,1009.0,958.0,669.0,669.0,1.0,False,,,,,,,,True,2587,non-rollup institutions
FY2025,IPF10011649,INTERNATIONAL CENTRE OF INSECT PHYSIOLOG,International Centre of Insect Physiolog,KENYA,False,200000.0,1,1,185185.0,14815.0,0,0.0,0,0,0.0,0,0,0.0,0,0.0,0,200000.0,1,0.0,0,0.0,0,0.0,0,0.0,0,0.0,0,0.0,0,0.0,0,200000.0,1,1,1,200000.0,200000.0,200000.0,0.0,1.0,0.0,2374.0,1009.0,958.0,669.0,669.0,1.0,False,,,,,,,,True,2587,non-rollup institutions
FY2025,IPF5992637,COLLEGE AT OLD WESTBURY,College at Old Westbury,UNITED STATES,False,199625.0,1,1,125000.0,74625.0,0,0.0,0,0,0.0,0,0,0.0,0,199625.0,1,0.0,0,0.0,0,0.0,0,0.0,0,0.0,0,0.0,0,0.0,0,0.0,0,199625.0,1,1,1,199625.0,199625.0,199625.0,0.0,1.0,0.0,2376.0,1009.0,958.0,669.0,669.0,1.0,False,,,,,,,,True,2587,non-rollup institutions
FY2025,IPF10023626,CELL PODIUM,Cell Podium,UNITED STATES,False,198275.0,1,1,163480.0,24522.0,0,0.0,0,0,0.0,0,0,0.0,0,198275.0,1,0.0,0,0.0,0,0.0,0,0.0,0,0.0,0,0.0,0,0.0,0,0.0,0,198275.0,1,1,1,198275.0,198275.0,198275.0,0.0,1.0,0.0,2377.0,1009.0,958.0,669.0,669.0,1.0,False,,,,,,,,True,2587,non-rollup institutions
FY2025,IPF10081965,NEUROSANT THERAPEUTICS LLC,Neurosant Therapeutics,UNITED STATES,False,195944.0,1,1,139960.0,55984.0,0,0.0,0,0,0.0,0,0,0.0,0,195944.0,1,0.0,0,0.0,0,0.0,0,0.0,0,0.0,0,0.0,0,0.0,0,0.0,0,195944.0,1,2,1,97972.0,195944.0,195944.0,0.0,0.5,0.0,2378.0,1009.0,958.0,669.0,669.0,1.0,False,,,,,,,,True,2587,non-rollup institutions
FY2025,IPF10050823,CASTNER INCORPORATED,Castner Incorporated,UNITED STATES,False,194295.0,1,1,182984.0,11311.0,0,0.0,0,0,0.0,0,0,0.0,0,194295.0,1,0.0,0,0.0,0,0.0,0,0.0,0,0.0,0,0.0,0,0.0,0,0.0,0,194295.0,1,1,1,194295.0,194295.0,194295.0,0.0,1.0,0.0,2379.0,1009.0,958.0,669.0,669.0,1.0,False,,,,,,,,True,2587,non-rollup institutions
FY2025,IPF10071505,"GREENSTONE BIOSCIENCES, INC.",Greenstone Biosciences,UNITED STATES,False,192500.0,1,1,175000.0,17500.0,0,0.0,0,0,0.0,0,0,0.0,0,192500.0,1,0.0,0,0.0,0,0.0,0,0.0,0,0.0,0,0.0,0,0.0,0,0.0,0,192500.0,1,1,1,192500.0,192500.0,192500.0,0.0,1.0,0.0,2380.0,1009.0,958.0,669.0,669.0,1.0,False,,,,,,,,True,2587,non-rollup institutions
FY2025,IPF9321401,WINTHROP UNIVERSITY,Winthrop University,UNITED STATES,False,192456.0,1,1,137782.0,54674.0,0,0.0,0,0,0.0,0,0,0.0,0,192456.0,1,0.0,0,0.0,0,0.0,0,0.0,0,0.0,0,0.0,0,0.0,0,0.0,0,192456.0,1,1,1,192456.0,192456.0,192456.0,0.0,1.0,0.0,2381.0,1009.0,958.0,669.0,669.0,1.0,False,,,,,,,,True,2587,non-rollup institutions
FY2025,IPF10072161,"MARK THERAPEUTICS, INC.",Mark Therapeutics,UNITED STATES,False,192244.0,1,1,137360.0,42307.0,0,0.0,0,0,0.0,0,0,0.0,0,192244.0,1,0.0,0,0.0,0,0.0,0,0.0,0,0.0,0,0.0,0,0.0,0,0.0,0,192244.0,1,1,1,192244.0,192244.0,192244.0,0.0,1.0,0.0,2382.0,1009.0,958.0,669.0,669.0,1.0,False,,,,,,,,True,2587,non-rollup institutions
FY2025,IPF2029201,DAVIDSON COLLEGE,Davidson College,UNITED STATES,False,189672.0,1,1,152395.0,37277.0,0,0.0,0,0,0.0,0,0,0.0,0,189672.0,1,0.0,0,0.0,0,0.0,0,0.0,0,0.0,0,0.0,0,0.0,0,0.0,0,189672.0,1,1,1,189672.0,189672.0,189672.0,0.0,1.0,0.0,2383.0,1009.0,958.0,669.0,669.0,1.0,False,,,,,,,,True,2587,non-rollup institutions
FY2025,IPF10083166,BLUUMBIO INC,Bluumbio,UNITED STATES,False,188466.0,1,1,127973.0,48589.0,0,0.0,0,0,0.0,0,0,0.0,0,188466.0,1,0.0,0,0.0,0,0.0,0,0.0,0,0.0,0,0.0,0,0.0,0,0.0,0,188466.0,1,1,1,188466.0,188466.0,188466.0,0.0,1.0,0.0,2384.0,1009.0,958.0,669.0,669.0,1.0,False,,,,,,,,True,2587,non-rollup institutions
FY2025,IPF578005,MISSOURI UNIVERSITY OF SCIENCE & TECHNOLOGY,Missouri University of Science & Technology,UNITED STATES,False,184205.0,1,1,162166.0,22039.0,0,184205.0,1,1,0.0,0,0,184205.0,1,0.0,0,0.0,0,0.0,0,0.0,0,0.0,0,0.0,0,0.0,0,0.0,0,0.0,0,0.0,0,2,1,92102.0,184205.0,184205.0,92102.0,0.5,100.0,2385.0,1009.0,958.0,637.0,484.0,1.0,False,,,,,,,,True,2587,non-rollup institutions
FY2025,IPF10077306,"MAGIC LIFESCIENCE, INC.",Magic Lifescience,UNITED STATES,False,180960.0,1,1,178040.0,9929.0,0,0.0,0,0,0.0,0,0,0.0,0,180960.0,1,0.0,0,0.0,0,0.0,0,0.0,0,0.0,0,0.0,0,0.0,0,0.0,0,180960.0,1,1,1,180960.0,180960.0,180960.0,0.0,1.0,0.0,2386.0,1009.0,958.0,669.0,669.0,1.0,False,,,,,,,,True,2587,non-rollup institutions
FY2025,IPF10001078,MCGILL UNIVERSITY HEALTH CTR RES INST,Mcgill University Health Center Research Institute,CANADA,False,180712.0,1,1,167326.0,13386.0,0,180712.0,1,1,0.0,0,0,180712.0,1,0.0,0,0.0,0,0.0,0,0.0,0,0.0,0,0.0,0,0.0,0,0.0,0,0.0,0,0.0,0,1,1,180712.0,180712.0,180712.0,180712.0,1.0,100.0,2387.0,1009.0,958.0,638.0,484.0,1.0,False,,,,,,,,True,2587,non-rollup institutions
FY2025,IPF9116201,WEIZMANN INSTITUTE OF SCIENCE,Weizmann Institute of Science,ISRAEL,False,179791.0,1,1,244498.0,19560.0,0,0.0,0,0,0.0,0,0,0.0,0,0.0,0,179791.0,1,0.0,0,0.0,0,0.0,0,0.0,0,0.0,0,0.0,0,0.0,0,179791.0,1,1,1,179791.0,179791.0,179791.0,0.0,1.0,0.0,2388.0,1009.0,958.0,669.0,669.0,1.0,False,,,,,,,,True,2587,non-rollup institutions
FY2025,IPF10044685,"BERKELEY MADONNA, INC.",Berkeley Madonna,UNITED STATES,False,179184.0,1,1,168481.0,10703.0,0,179184.0,1,1,0.0,0,0,179184.0,1,0.0,0,0.0,0,0.0,0,0.0,0,0.0,0,0.0,0,0.0,0,0.0,0,0.0,0,0.0,0,1,1,179184.0,179184.0,179184.0,179184.0,1.0,100.0,2389.0,1009.0,958.0,639.0,484.0,1.0,False,,,,,,,,True,2587,non-rollup institutions
FY2025,IPF10011308,"MEDCHEM PARTNERS, LLC",Medchem Partners,UNITED STATES,False,178554.0,1,1,147275.0,19599.0,0,0.0,0,0,0.0,0,0,0.0,0,178554.0,1,0.0,0,0.0,0,0.0,0,0.0,0,0.0,0,0.0,0,0.0,0,0.0,0,178554.0,1,2,1,89277.0,178554.0,178554.0,0.0,0.5,0.0,2390.0,1009.0,958.0,669.0,669.0,1.0,False,,,,,,,,True,2587,non-rollup institutions
FY2025,IPF10082054,INPHASOL INC.,Inphasol,UNITED STATES,False,178026.0,1,1,178026.0,0.0,0,0.0,0,0,0.0,0,0,0.0,0,178026.0,1,0.0,0,0.0,0,0.0,0,0.0,0,0.0,0,0.0,0,0.0,0,0.0,0,178026.0,1,1,1,178026.0,178026.0,178026.0,0.0,1.0,0.0,2391.0,1009.0,958.0,669.0,669.0,1.0,False,,,,,,,,True,2587,non-rollup institutions
FY2025,IPF10041456,HEPATX CORPORATION,Hepatx Corporation,UNITED STATES,False,175964.0,1,1,146636.0,29328.0,0,0.0,0,0,0.0,0,0,0.0,0,175964.0,1,0.0,0,0.0,0,0.0,0,0.0,0,0.0,0,0.0,0,0.0,0,0.0,0,175964.0,1,1,1,175964.0,175964.0,175964.0,0.0,1.0,0.0,2392.0,1009.0,958.0,669.0,669.0,1.0,False,,,,,,,,True,2587,non-rollup institutions
FY2025,IPF3157201,SOCIETY FOR DEVELOPMENTAL BIOLOGY,Society for Developmental Biology,UNITED STATES,False,175516.0,2,2,167700.0,7816.0,0,0.0,0,0,0.0,0,0,0.0,0,175516.0,2,0.0,0,0.0,0,0.0,0,0.0,0,0.0,0,0.0,0,0.0,0,0.0,0,175516.0,2,2,2,87758.0,87758.0,87758.0,0.0,1.0,0.0,2393.0,698.0,671.0,669.0,669.0,1.0,False,,,,,,,,True,2587,non-rollup institutions
FY2025,IPF10071295,UNIVERSITY OF SOUTH CAROLINA,South Carolina Upstate,UNITED STATES,False,172500.0,1,1,125000.0,47500.0,0,0.0,0,0,0.0,0,0,0.0,0,172500.0,1,0.0,0,0.0,0,0.0,0,0.0,0,0.0,0,0.0,0,0.0,0,0.0,0,172500.0,1,1,1,172500.0,172500.0,172500.0,0.0,1.0,0.0,2394.0,1009.0,958.0,669.0,669.0,1.0,False,,,,,,,,True,2587,non-rollup institutions
FY2025,IPF1524303,UNIVERSITY OF SOUTH CAROLINA AT AIKEN,University of South Carolina at Aiken,UNITED STATES,False,172499.0,1,1,125000.0,47499.0,0,0.0,0,0,0.0,0,0,0.0,0,172499.0,1,0.0,0,0.0,0,0.0,0,0.0,0,0.0,0,0.0,0,0.0,0,0.0,0,172499.0,1,1,1,172499.0,172499.0,172499.0,0.0,1.0,0.0,2395.0,1009.0,958.0,669.0,669.0,1.0,False,,,,,,,,True,2587,non-rollup institutions
FY2025,IPF10058458,"NIMML INSTITUTE, INC.",Nimml Institute,UNITED STATES,False,171254.0,1,1,145500.0,25754.0,0,0.0,0,0,0.0,0,0,0.0,0,171254.0,1,0.0,0,0.0,0,0.0,0,0.0,0,0.0,0,0.0,0,0.0,0,0.0,0,171254.0,1,1,1,171254.0,171254.0,171254.0,0.0,1.0,0.0,2396.0,1009.0,958.0,669.0,669.0,1.0,False,,,,,,,,True,2587,non-rollup institutions
FY2025,IPF410801,LEWIS-CLARK STATE COLLEGE,Lewis-Clark State College,UNITED STATES,False,168750.0,1,1,125000.0,43750.0,0,0.0,0,0,0.0,0,0,0.0,0,168750.0,1,0.0,0,0.0,0,0.0,0,0.0,0,0.0,0,0.0,0,0.0,0,0.0,0,168750.0,1,1,1,168750.0,168750.0,168750.0,0.0,1.0,0.0,2397.0,1009.0,958.0,669.0,669.0,1.0,False,,,,,,,,True,2587,non-rollup institutions
FY2025,IPF10040413,METIS FOUNDATION,Metis Foundation,UNITED STATES,False,161735.0,1,1,149755.0,11980.0,0,0.0,0,0,0.0,0,0,0.0,0,0.0,0,0.0,0,0.0,0,161735.0,1,0.0,0,0.0,0,0.0,0,0.0,0,0.0,0,161735.0,1,1,1,161735.0,161735.0,161735.0,0.0,1.0,0.0,2398.0,1009.0,958.0,669.0,669.0,1.0,False,,,,,,,,True,2587,non-rollup institutions
FY2025,IPF1605024,JOHN JAY COLLEGE OF CRIMINAL JUSTICE,John Jay College of Criminal Justice,UNITED STATES,False,161430.0,1,1,100000.0,61430.0,0,0.0,0,0,0.0,0,0,0.0,0,161430.0,1,0.0,0,0.0,0,0.0,0,0.0,0,0.0,0,0.0,0,0.0,0,0.0,0,161430.0,1,1,1,161430.0,161430.0,161430.0,0.0,1.0,0.0,2399.0,1009.0,958.0,669.0,669.0,1.0,False,,,,,,,,True,2587,non-rollup institutions
FY2025,IPF1623601,POPULATION REFERENCE BUREAU,Population Reference Bureau,UNITED STATES,False,160764.0,1,1,111885.0,48879.0,0,0.0,0,0,0.0,0,0,0.0,0,160764.0,1,0.0,0,0.0,0,0.0,0,0.0,0,0.0,0,0.0,0,0.0,0,0.0,0,160764.0,1,1,1,160764.0,160764.0,160764.0,0.0,1.0,0.0,2400.0,1009.0,958.0,669.0,669.0,1.0,False,,,,,,,,True,2587,non-rollup institutions
FY2025,IPF6078101,NORTH CENTRAL COLLEGE,North Central College,UNITED STATES,False,159443.0,1,1,125000.0,34443.0,0,0.0,0,0,0.0,0,0,0.0,0,159443.0,1,0.0,0,0.0,0,0.0,0,0.0,0,0.0,0,0.0,0,0.0,0,0.0,0,159443.0,1,1,1,159443.0,159443.0,159443.0,0.0,1.0,0.0,2401.0,1009.0,958.0,669.0,669.0,1.0,False,,,,,,,,True,2587,non-rollup institutions
FY2025,IPF2217301,TRINITY COLLEGE DUBLIN,Trinity College Dublin,IRELAND,False,157749.0,1,1,146064.0,11685.0,0,157749.0,1,1,0.0,0,0,157749.0,1,0.0,0,0.0,0,0.0,0,0.0,0,0.0,0,0.0,0,0.0,0,0.0,0,0.0,0,0.0,0,1,1,157749.0,157749.0,157749.0,157749.0,1.0,100.0,2402.0,1009.0,958.0,640.0,484.0,1.0,False,,,,,,,,True,2587,non-rollup institutions
FY2025,IPF10012239,"MAROON BIOTECH, INC.",Maroon Biotech,UNITED STATES,False,157400.0,1,1,147668.0,9732.0,0,0.0,0,0,0.0,0,0,0.0,0,157400.0,1,0.0,0,0.0,0,0.0,0,0.0,0,0.0,0,0.0,0,0.0,0,0.0,0,157400.0,1,1,1,157400.0,157400.0,157400.0,0.0,1.0,0.0,2403.0,1009.0,958.0,669.0,669.0,1.0,False,,,,,,,,True,2587,non-rollup institutions
FY2025,IPF1506503,UNIVERSITY OF MICHIGAN AT DEARBORN,University of Michigan at Dearborn,UNITED STATES,False,156000.0,1,1,100000.0,56000.0,0,0.0,0,0,0.0,0,0,0.0,0,156000.0,1,0.0,0,0.0,0,0.0,0,0.0,0,0.0,0,0.0,0,0.0,0,0.0,0,156000.0,1,1,1,156000.0,156000.0,156000.0,0.0,1.0,0.0,2404.0,1009.0,958.0,669.0,669.0,1.0,False,,,,,,,,True,2587,non-rollup institutions
FY2025,IPF10001823,KENYATTA UNIVERSITY,Kenyatta University,KENYA,False,155926.0,1,1,147926.0,8000.0,0,155926.0,1,1,0.0,0,0,155926.0,1,0.0,0,0.0,0,0.0,0,0.0,0,0.0,0,0.0,0,0.0,0,0.0,0,0.0,0,0.0,0,1,1,155926.0,155926.0,155926.0,155926.0,1.0,100.0,2405.0,1009.0,958.0,641.0,484.0,1.0,False,,,,,,,,True,2587,non-rollup institutions
FY2025,IPF514009,UTAH STATE HIGHER EDUCATION SYSTEM--SOUTHERN UTAH UNIVERSITY,Utah State Higher Education System--Southern Utah University,UNITED STATES,False,155695.0,1,1,125000.0,30695.0,0,0.0,0,0,0.0,0,0,0.0,0,155695.0,1,0.0,0,0.0,0,0.0,0,0.0,0,0.0,0,0.0,0,0.0,0,0.0,0,155695.0,1,1,1,155695.0,155695.0,155695.0,0.0,1.0,0.0,2406.0,1009.0,958.0,669.0,669.0,1.0,False,,,,,,,,True,2587,non-rollup institutions
FY2025,IPF6328901,OUACHITA BAPTIST UNIVERSITY,Ouachita Baptist University,UNITED STATES,False,155244.0,1,1,136180.0,19064.0,0,0.0,0,0,0.0,0,0,0.0,0,155244.0,1,0.0,0,0.0,0,0.0,0,0.0,0,0.0,0,0.0,0,0.0,0,0.0,0,155244.0,1,1,1,155244.0,155244.0,155244.0,0.0,1.0,0.0,2407.0,1009.0,958.0,669.0,669.0,1.0,False,,,,,,,,True,2587,non-rollup institutions
FY2025,IPF3736601,KEYSTONE SYMPOSIA,Keystone Symposia,UNITED STATES,False,154500.0,14,14,154500.0,0.0,0,0.0,0,0,0.0,0,0,0.0,0,154500.0,14,0.0,0,0.0,0,0.0,0,0.0,0,0.0,0,0.0,0,0.0,0,0.0,0,154500.0,14,1,1,154500.0,11036.0,11036.0,0.0,14.0,0.0,2408.0,311.0,304.0,669.0,669.0,1.0,False,,,,,,,,True,2587,non-rollup institutions
FY2025,IPF3969001,FLORIDA GULF COAST UNIVERSITY,Florida Gulf Coast University,UNITED STATES,False,153851.0,1,1,109319.0,44532.0,0,0.0,0,0,0.0,0,0,0.0,0,153851.0,1,0.0,0,0.0,0,0.0,0,0.0,0,0.0,0,0.0,0,0.0,0,0.0,0,153851.0,1,2,1,76926.0,153851.0,153851.0,0.0,0.5,0.0,2409.0,1009.0,958.0,669.0,669.0,1.0,False,,,,,,,,True,2587,non-rollup institutions
FY2025,IPF10029158,NIGERIAN INSTITUTE OF MEDICAL RESEARCH,Nigerian Institute of Medical Research,NIGERIA,False,153442.0,2,2,141525.0,11917.0,0,0.0,0,0,0.0,0,0,0.0,0,0.0,0,0.0,0,0.0,0,153442.0,2,0.0,0,0.0,0,0.0,0,0.0,0,0.0,0,153442.0,2,2,2,76721.0,76721.0,76721.0,0.0,1.0,0.0,2410.0,698.0,671.0,669.0,669.0,1.0,False,,,,,,,,True,2587,non-rollup institutions
FY2025,IPF10064936,THE HOUSE INSTITUTE FOUNDATION,The House Institute Foundation,UNITED STATES,False,151045.0,1,1,132295.0,18750.0,0,0.0,0,0,0.0,0,0,0.0,0,151045.0,1,0.0,0,0.0,0,0.0,0,0.0,0,0.0,0,0.0,0,0.0,0,0.0,0,151045.0,1,1,1,151045.0,151045.0,151045.0,0.0,1.0,0.0,2411.0,1009.0,958.0,669.0,669.0,1.0,False,,,,,,,,True,2587,non-rollup institutions
FY2025,IPF10048655,"OBATALA SCIENCES, INC.",Obatala Sciences,UNITED STATES,False,150234.0,1,1,139106.0,11128.0,0,0.0,0,0,0.0,0,0,0.0,0,150234.0,1,0.0,0,0.0,0,0.0,0,0.0,0,0.0,0,0.0,0,0.0,0,0.0,0,150234.0,1,1,1,150234.0,150234.0,150234.0,0.0,1.0,0.0,2412.0,1009.0,958.0,669.0,669.0,1.0,False,,,,,,,,True,2587,non-rollup institutions
FY2025,IPF10006300,"SOCIETY FOR PREVENTION RESEARCH, INC.",Society for Prevention Research,UNITED STATES,False,150000.0,1,1,150000.0,0.0,0,0.0,0,0,0.0,0,0,0.0,0,150000.0,1,0.0,0,0.0,0,0.0,0,0.0,0,0.0,0,0.0,0,0.0,0,0.0,0,150000.0,1,1,1,150000.0,150000.0,150000.0,0.0,1.0,0.0,2413.0,1009.0,958.0,669.0,669.0,1.0,False,,,,,,,,True,2587,non-rollup institutions
FY2025,IPF7579101,SOUTH CAROLINA STATE UNIVERSITY,South Carolina State University,UNITED STATES,False,148222.0,1,1,137643.0,10579.0,0,0.0,0,0,0.0,0,0,0.0,0,0.0,0,0.0,0,0.0,0,148222.0,1,0.0,0,0.0,0,0.0,0,0.0,0,0.0,0,148222.0,1,1,1,148222.0,148222.0,148222.0,0.0,1.0,0.0,2414.0,1009.0,958.0,669.0,669.0,1.0,False,,,,,,,,True,2587,non-rollup institutions
FY2025,IPF513618,SONOMA STATE UNIVERSITY,Sonoma State University,UNITED STATES,False,147900.0,1,1,100000.0,47900.0,0,0.0,0,0,0.0,0,0,0.0,0,147900.0,1,0.0,0,0.0,0,0.0,0,0.0,0,0.0,0,0.0,0,0.0,0,0.0,0,147900.0,1,1,1,147900.0,147900.0,147900.0,0.0,1.0,0.0,2415.0,1009.0,958.0,669.0,669.0,1.0,False,,,,,,,,True,2587,non-rollup institutions
FY2025,IPF513612,HUMBOLDT STATE UNIVERSITY,Humboldt State University,UNITED STATES,False,147500.0,1,1,100000.0,47500.0,0,0.0,0,0,0.0,0,0,0.0,0,147500.0,1,0.0,0,0.0,0,0.0,0,0.0,0,0.0,0,0.0,0,0.0,0,0.0,0,147500.0,1,1,1,147500.0,147500.0,147500.0,0.0,1.0,0.0,2416.0,1009.0,958.0,669.0,669.0,1.0,False,,,,,,,,True,2587,non-rollup institutions
FY2025,IPF8728601,VASSAR COLLEGE,Vassar College,UNITED STATES,False,146459.0,1,1,135610.0,10849.0,0,0.0,0,0,0.0,0,0,0.0,0,0.0,0,0.0,0,0.0,0,146459.0,1,0.0,0,0.0,0,0.0,0,0.0,0,0.0,0,146459.0,1,1,1,146459.0,146459.0,146459.0,0.0,1.0,0.0,2417.0,1009.0,958.0,669.0,669.0,1.0,False,,,,,,,,True,2587,non-rollup institutions
FY2025,IPF3185701,INSTITUT PASTEUR DE TUNIS,Institut Pasteur de Tunis,TUNISIA,False,144940.0,1,1,137093.0,7847.0,0,144940.0,1,1,0.0,0,0,144940.0,1,0.0,0,0.0,0,0.0,0,0.0,0,0.0,0,0.0,0,0.0,0,0.0,0,0.0,0,0.0,0,1,1,144940.0,144940.0,144940.0,144940.0,1.0,100.0,2418.0,1009.0,958.0,642.0,484.0,1.0,False,,,,,,,,True,2587,non-rollup institutions
FY2025,IPF10060372,UNIVERSITY OF GHANA MEDICAL CENTRE,University of Ghana Medical Centre,GHANA,False,144613.0,1,1,133901.0,10712.0,0,0.0,0,0,0.0,0,0,0.0,0,144613.0,1,0.0,0,0.0,0,0.0,0,0.0,0,0.0,0,0.0,0,0.0,0,0.0,0,144613.0,1,1,1,144613.0,144613.0,144613.0,0.0,1.0,0.0,2419.0,1009.0,958.0,669.0,669.0,1.0,False,,,,,,,,True,2587,non-rollup institutions
FY2025,IPF10016377,FOUNDATION FOR RESEARCH DEVELOPMENT,Foundation for Research Development,BRAZIL,False,144587.0,1,1,136530.0,8057.0,0,144587.0,1,1,0.0,0,0,144587.0,1,0.0,0,0.0,0,0.0,0,0.0,0,0.0,0,0.0,0,0.0,0,0.0,0,0.0,0,0.0,0,4,1,36147.0,144587.0,144587.0,36147.0,0.25,100.0,2420.0,1009.0,958.0,643.0,484.0,1.0,False,,,,,,,,True,2587,non-rollup institutions
FY2025,IPF294701,ACADEMIC PEDIATRIC ASSOCIATION,Academic Pediatric Association,UNITED STATES,False,143198.0,1,1,134514.0,8684.0,0,0.0,0,0,0.0,0,0,0.0,0,143198.0,1,0.0,0,0.0,0,0.0,0,0.0,0,0.0,0,0.0,0,0.0,0,0.0,0,143198.0,1,1,1,143198.0,143198.0,143198.0,0.0,1.0,0.0,2421.0,1009.0,958.0,669.0,669.0,1.0,False,,,,,,,,True,2587,non-rollup institutions
FY2025,IPF676612,ALBANY STATE UNIVERSITY,Albany State University,UNITED STATES,False,142146.0,1,1,100000.0,42146.0,0,0.0,0,0,0.0,0,0,0.0,0,142146.0,1,0.0,0,0.0,0,0.0,0,0.0,0,0.0,0,0.0,0,0.0,0,0.0,0,142146.0,1,1,1,142146.0,142146.0,142146.0,0.0,1.0,0.0,2422.0,1009.0,958.0,669.0,669.0,1.0,False,,,,,,,,True,2587,non-rollup institutions
FY2025,IPF10054216,CHN NEBRASKA,Chn Nebraska,UNITED STATES,False,141985.0,1,1,129077.0,12908.0,0,0.0,0,0,0.0,0,0,0.0,0,141985.0,1,0.0,0,0.0,0,0.0,0,0.0,0,0.0,0,0.0,0,0.0,0,0.0,0,141985.0,1,1,1,141985.0,141985.0,141985.0,0.0,1.0,0.0,2423.0,1009.0,958.0,669.0,669.0,1.0,False,,,,,,,,True,2587,non-rollup institutions
FY2025,IPF483501,"EDUCATION DEVELOPMENT CENTER, INC.",Education Development Center,UNITED STATES,False,141793.0,1,1,131113.0,10680.0,0,0.0,0,0,0.0,0,0,0.0,0,0.0,0,0.0,0,0.0,0,141793.0,1,0.0,0,0.0,0,0.0,0,0.0,0,0.0,0,141793.0,1,1,1,141793.0,141793.0,141793.0,0.0,1.0,0.0,2424.0,1009.0,958.0,669.0,669.0,1.0,False,,,,,,,,True,2587,non-rollup institutions
FY2025,IPF10075929,GLOBAL ANIMAL HEALTH TANZANIA,Global Animal Health Tanzania,TANZANIA U REP,False,139387.0,1,1,129062.0,10325.0,0,139387.0,1,1,0.0,0,0,139387.0,1,0.0,0,0.0,0,0.0,0,0.0,0,0.0,0,0.0,0,0.0,0,0.0,0,0.0,0,0.0,0,1,1,139387.0,139387.0,139387.0,139387.0,1.0,100.0,2425.0,1009.0,958.0,647.0,484.0,1.0,False,,,,,,,,True,2587,non-rollup institutions
FY2025,IPF10075943,"CHEMFINITY TECHNOLOGIES, INC.",Chemfinity Technologies,UNITED STATES,False,138738.0,1,1,92616.0,37046.0,0,0.0,0,0,0.0,0,0,0.0,0,138738.0,1,0.0,0,0.0,0,0.0,0,0.0,0,0.0,0,0.0,0,0.0,0,0.0,0,138738.0,1,1,1,138738.0,138738.0,138738.0,0.0,1.0,0.0,2426.0,1009.0,958.0,669.0,669.0,1.0,False,,,,,,,,True,2587,non-rollup institutions
FY2025,IPF8234901,TEL AVIV UNIVERSITY,Tel Aviv University,ISRAEL,False,137569.0,1,1,127379.0,10190.0,0,0.0,0,0,0.0,0,0,0.0,0,137569.0,1,0.0,0,0.0,0,0.0,0,0.0,0,0.0,0,0.0,0,0.0,0,0.0,0,137569.0,1,1,1,137569.0,137569.0,137569.0,0.0,1.0,0.0,2427.0,1009.0,958.0,669.0,669.0,1.0,False,,,,,,,,True,2587,non-rollup institutions
FY2025,IPF376601,VITERBO UNIVERSITY,Viterbo University,UNITED STATES,False,137497.0,1,1,127312.0,10185.0,0,0.0,0,0,0.0,0,0,0.0,0,0.0,0,0.0,0,0.0,0,137497.0,1,0.0,0,0.0,0,0.0,0,0.0,0,0.0,0,137497.0,1,1,1,137497.0,137497.0,137497.0,0.0,1.0,0.0,2428.0,1009.0,958.0,669.0,669.0,1.0,False,,,,,,,,True,2587,non-rollup institutions
FY2025,IPF10044688,VERMONT STATE COLLEGES,Vermont State Colleges,UNITED STATES,False,137487.0,1,1,100000.0,37487.0,0,0.0,0,0,0.0,0,0,0.0,0,137487.0,1,0.0,0,0.0,0,0.0,0,0.0,0,0.0,0,0.0,0,0.0,0,0.0,0,137487.0,1,1,1,137487.0,137487.0,137487.0,0.0,1.0,0.0,2429.0,1009.0,958.0,669.0,669.0,1.0,False,,,,,,,,True,2587,non-rollup institutions
FY2025,IPF725801,BENEDICT COLLEGE,Benedict College,UNITED STATES,False,137333.0,1,1,100000.0,37333.0,0,0.0,0,0,0.0,0,0,0.0,0,137333.0,1,0.0,0,0.0,0,0.0,0,0.0,0,0.0,0,0.0,0,0.0,0,0.0,0,137333.0,1,1,1,137333.0,137333.0,137333.0,0.0,1.0,0.0,2430.0,1009.0,958.0,669.0,669.0,1.0,False,,,,,,,,True,2587,non-rollup institutions
FY2025,IPF10011078,CHULALONGKORN UNIVERSITY,Chulalongkorn University,THAILAND,False,137229.0,1,1,127064.0,10165.0,0,137229.0,1,1,0.0,0,0,137229.0,1,0.0,0,0.0,0,0.0,0,0.0,0,0.0,0,0.0,0,0.0,0,0.0,0,0.0,0,0.0,0,1,1,137229.0,137229.0,137229.0,137229.0,1.0,100.0,2431.0,1009.0,958.0,648.0,484.0,1.0,False,,,,,,,,True,2587,non-rollup institutions
FY2025,IPF10009417,PONTIFICIA UNIVERSIDAD CATOLICA DEL ECUADOR,Pontificia Universidad Catolica Del Ecuador,ECUADOR,False,136629.0,1,1,128258.0,8371.0,0,136629.0,1,1,0.0,0,0,136629.0,1,0.0,0,0.0,0,0.0,0,0.0,0,0.0,0,0.0,0,0.0,0,0.0,0,0.0,0,0.0,0,1,1,136629.0,136629.0,136629.0,136629.0,1.0,100.0,2432.0,1009.0,958.0,649.0,484.0,1.0,False,,,,,,,,True,2587,non-rollup institutions
FY2025,IPF4153401,JUNIATA COLLEGE,Juniata College,UNITED STATES,False,135632.0,1,1,104180.0,31452.0,0,0.0,0,0,0.0,0,0,0.0,0,135632.0,1,0.0,0,0.0,0,0.0,0,0.0,0,0.0,0,0.0,0,0.0,0,0.0,0,135632.0,1,1,1,135632.0,135632.0,135632.0,0.0,1.0,0.0,2433.0,1009.0,958.0,669.0,669.0,1.0,False,,,,,,,,True,2587,non-rollup institutions
FY2025,IPF10033917,INFECTIOUS DISEASE SOCIETY KOTA KINABALU,Infectious Disease Society Kota Kinabalu,MALAYSIA,False,134428.0,1,1,124470.0,9958.0,0,134428.0,1,1,0.0,0,0,134428.0,1,0.0,0,0.0,0,0.0,0,0.0,0,0.0,0,0.0,0,0.0,0,0.0,0,0.0,0,0.0,0,1,1,134428.0,134428.0,134428.0,134428.0,1.0,100.0,2434.0,1009.0,958.0,650.0,484.0,1.0,False,,,,,,,,True,2587,non-rollup institutions
FY2025,IPF10011381,ASOCIACION BENEFICA PRISMA,Asociacion Benefica Prisma,PERU,False,134067.0,1,1,124988.0,9079.0,0,134067.0,1,1,0.0,0,0,134067.0,1,0.0,0,0.0,0,0.0,0,0.0,0,0.0,0,0.0,0,0.0,0,0.0,0,0.0,0,0.0,0,1,1,134067.0,134067.0,134067.0,134067.0,1.0,100.0,2435.0,1009.0,958.0,651.0,484.0,1.0,False,,,,,,,,True,2587,non-rollup institutions
FY2025,IPF1862801,NATIONAL COUNCIL SCIENTIFIC & TECH RES,National Council Scientific & Tech Research,ARGENTINA,False,133824.0,1,1,124800.0,9024.0,0,133824.0,1,1,0.0,0,0,133824.0,1,0.0,0,0.0,0,0.0,0,0.0,0,0.0,0,0.0,0,0.0,0,0.0,0,0.0,0,0.0,0,1,1,133824.0,133824.0,133824.0,133824.0,1.0,100.0,2436.0,1009.0,958.0,652.0,484.0,1.0,False,,,,,,,,True,2587,non-rollup institutions
FY2025,IPF2409401,"NORTH JERSEY AIDS ALLIANCE ,INC. (NJCRI)","North Jersey Aids Alliance ,Inc. (Njcri)",UNITED STATES,False,133329.0,1,1,117765.0,15564.0,0,0.0,0,0,0.0,0,0,0.0,0,133329.0,1,0.0,0,0.0,0,0.0,0,0.0,0,0.0,0,0.0,0,0.0,0,0.0,0,133329.0,1,2,1,66664.0,133329.0,133329.0,0.0,0.5,0.0,2437.0,1009.0,958.0,669.0,669.0,1.0,False,,,,,,,,True,2587,non-rollup institutions
FY2025,IPF6651901,UNIVERSITY OF PRETORIA,University of Pretoria,SOUTH AFRICA,False,132331.0,1,1,122529.0,9802.0,0,132331.0,1,1,0.0,0,0,132331.0,1,0.0,0,0.0,0,0.0,0,0.0,0,0.0,0,0.0,0,0.0,0,0.0,0,0.0,0,0.0,0,1,1,132331.0,132331.0,132331.0,132331.0,1.0,100.0,2438.0,1009.0,958.0,654.0,484.0,1.0,False,,,,,,,,True,2587,non-rollup institutions
FY2025,IPF10071336,BIOMEDIT LLC,Biomedit,UNITED STATES,False,131654.0,1,1,105323.0,26331.0,0,0.0,0,0,0.0,0,0,0.0,0,131654.0,1,0.0,0,0.0,0,0.0,0,0.0,0,0.0,0,0.0,0,0.0,0,0.0,0,131654.0,1,1,1,131654.0,131654.0,131654.0,0.0,1.0,0.0,2439.0,1009.0,958.0,669.0,669.0,1.0,False,,,,,,,,True,2587,non-rollup institutions
FY2025,IPF207401,UNIVERSITY OF NEW HAVEN,University of New Haven,UNITED STATES,False,131360.0,1,1,100000.0,31360.0,0,0.0,0,0,0.0,0,0,0.0,0,131360.0,1,0.0,0,0.0,0,0.0,0,0.0,0,0.0,0,0.0,0,0.0,0,0.0,0,131360.0,1,1,1,131360.0,131360.0,131360.0,0.0,1.0,0.0,2440.0,1009.0,958.0,669.0,669.0,1.0,False,,,,,,,,True,2587,non-rollup institutions
FY2025,IPF10058431,UNIVERSITY OF GLOBAL HEALTH EQUITY,University of Global Health Equity,RWANDA,False,131278.0,1,1,121554.0,9724.0,0,0.0,0,0,0.0,0,0,0.0,0,0.0,0,0.0,0,0.0,0,131278.0,1,0.0,0,0.0,0,0.0,0,0.0,0,0.0,0,131278.0,1,1,1,131278.0,131278.0,131278.0,0.0,1.0,0.0,2441.0,1009.0,958.0,669.0,669.0,1.0,False,,,,,,,,True,2587,non-rollup institutions
FY2025,IPF10011942,SOCIOS EN SALUD SUCURSAL PERU,Socios En Salud Sucursal Peru,PERU,False,131016.0,1,1,121311.0,9705.0,0,131016.0,1,1,0.0,0,0,131016.0,1,0.0,0,0.0,0,0.0,0,0.0,0,0.0,0,0.0,0,0.0,0,0.0,0,0.0,0,0.0,0,1,1,131016.0,131016.0,131016.0,131016.0,1.0,100.0,2442.0,1009.0,958.0,655.0,484.0,1.0,False,,,,,,,,True,2587,non-rollup institutions
FY2025,IPF10034110,MARIAN UNIVERSITY,Marian University,UNITED STATES,False,130600.0,1,1,100000.0,30600.0,0,0.0,0,0,0.0,0,0,0.0,0,130600.0,1,0.0,0,0.0,0,0.0,0,0.0,0,0.0,0,0.0,0,0.0,0,0.0,0,130600.0,1,1,1,130600.0,130600.0,130600.0,0.0,1.0,0.0,2443.0,1009.0,958.0,669.0,669.0,1.0,False,,,,,,,,True,2587,non-rollup institutions
FY2025,IPF3422801,MEDICAL RESEARCH COUNCIL OF SOUTH AFRICA,Medical Research Council of South Africa,SOUTH AFRICA,False,130170.0,1,1,120528.0,9642.0,0,130170.0,1,1,0.0,0,0,130170.0,1,0.0,0,0.0,0,0.0,0,0.0,0,0.0,0,0.0,0,0.0,0,0.0,0,0.0,0,0.0,0,1,1,130170.0,130170.0,130170.0,130170.0,1.0,100.0,2444.0,1009.0,958.0,656.0,484.0,1.0,False,,,,,,,,True,2587,non-rollup institutions
FY2025,IPF10061645,ROGERS MEMORIAL HOSPITAL INCORPORATED,Rogers Memorial Hospital Incorporated,UNITED STATES,False,128505.0,1,1,118596.0,9909.0,0,0.0,0,0,0.0,0,0,0.0,0,128505.0,1,0.0,0,0.0,0,0.0,0,0.0,0,0.0,0,0.0,0,0.0,0,0.0,0,128505.0,1,1,1,128505.0,128505.0,128505.0,0.0,1.0,0.0,2445.0,1009.0,958.0,669.0,669.0,1.0,False,,,,,,,,True,2587,non-rollup institutions
FY2025,IPF7676001,UNIVERSITY OF LOUISIANA AT LAFAYETTE,University of Louisiana at Lafayette,UNITED STATES,False,127897.0,2,2,125001.0,2896.0,0,0.0,0,0,0.0,0,0,0.0,0,127897.0,2,0.0,0,0.0,0,0.0,0,0.0,0,0.0,0,0.0,0,0.0,0,0.0,0,127897.0,2,2,2,63948.0,63948.0,63948.0,0.0,1.0,0.0,2446.0,698.0,671.0,669.0,669.0,1.0,False,,,,,,,,True,2587,non-rollup institutions
FY2025,IPF10068390,CHILD HEALTH RESEARCH FOUNDATION,Child Health Research Foundation,BANGLADESH,False,127709.0,1,1,118249.0,9460.0,0,127709.0,1,1,0.0,0,0,127709.0,1,0.0,0,0.0,0,0.0,0,0.0,0,0.0,0,0.0,0,0.0,0,0.0,0,0.0,0,0.0,0,1,1,127709.0,127709.0,127709.0,127709.0,1.0,100.0,2447.0,1009.0,958.0,657.0,484.0,1.0,False,,,,,,,,True,2587,non-rollup institutions
FY2025,IPF10060679,UBATEC S.A.,Ubatec S.a.,ARGENTINA,False,127235.0,1,1,121659.0,5576.0,0,127235.0,1,1,0.0,0,0,127235.0,1,0.0,0,0.0,0,0.0,0,0.0,0,0.0,0,0.0,0,0.0,0,0.0,0,0.0,0,0.0,0,1,1,127235.0,127235.0,127235.0,127235.0,1.0,100.0,2448.0,1009.0,958.0,658.0,484.0,1.0,False,,,,,,,,True,2587,non-rollup institutions
FY2025,IPF10019920,COASTAL MARINE BIOLABS,Coastal Marine Biolabs,UNITED STATES,False,125652.0,1,1,116344.0,9308.0,0,0.0,0,0,0.0,0,0,0.0,0,125652.0,1,0.0,0,0.0,0,0.0,0,0.0,0,0.0,0,0.0,0,0.0,0,0.0,0,125652.0,1,1,1,125652.0,125652.0,125652.0,0.0,1.0,0.0,2449.0,1009.0,958.0,669.0,669.0,1.0,False,,,,,,,,True,2587,non-rollup institutions
FY2025,IPF10055080,MAKERERE UNIVERSITY LUNG INSTITUTE LIMITED,Makerere University Lung Institute Limited,UGANDA,False,124524.0,1,1,115300.0,9224.0,0,0.0,0,0,0.0,0,0,0.0,0,0.0,0,0.0,0,0.0,0,124524.0,1,0.0,0,0.0,0,0.0,0,0.0,0,0.0,0,124524.0,1,1,1,124524.0,124524.0,124524.0,0.0,1.0,0.0,2450.0,1009.0,958.0,669.0,669.0,1.0,False,,,,,,,,True,2587,non-rollup institutions
FY2025,IPF6195901,OCCIDENTAL COLLEGE,Occidental College,UNITED STATES,False,124030.0,1,1,100000.0,24030.0,0,0.0,0,0,0.0,0,0,0.0,0,124030.0,1,0.0,0,0.0,0,0.0,0,0.0,0,0.0,0,0.0,0,0.0,0,0.0,0,124030.0,1,1,1,124030.0,124030.0,124030.0,0.0,1.0,0.0,2451.0,1009.0,958.0,669.0,669.0,1.0,False,,,,,,,,True,2587,non-rollup institutions
FY2025,IPF5992613,COLLEGE OF ENVIRONMENTAL SCI & FORESTRY,College of Environmental Sciences & Forestry,UNITED STATES,False,123368.0,1,1,114230.0,9138.0,0,0.0,0,0,0.0,0,0,0.0,0,0.0,0,0.0,0,0.0,0,123368.0,1,0.0,0,0.0,0,0.0,0,0.0,0,0.0,0,123368.0,1,1,1,123368.0,123368.0,123368.0,0.0,1.0,0.0,2452.0,1009.0,958.0,669.0,669.0,1.0,False,,,,,,,,True,2587,non-rollup institutions
FY2025,IPF10001656,INSTITUTE OF MOLECULAR /CELLULAR BIOLOGY,Institute of Molecular /Cellular Biology,ARGENTINA,False,123280.0,1,1,120000.0,3280.0,0,123280.0,1,1,0.0,0,0,123280.0,1,0.0,0,0.0,0,0.0,0,0.0,0,0.0,0,0.0,0,0.0,0,0.0,0,0.0,0,0.0,0,1,1,123280.0,123280.0,123280.0,123280.0,1.0,100.0,2453.0,1009.0,958.0,660.0,484.0,1.0,False,,,,,,,,True,2587,non-rollup institutions
FY2025,IPF578419,UNIVERSITY OF TEXAS OF THE PERMIAN BASIN,University of Texas of the Permian Basin,UNITED STATES,False,122616.0,1,1,81635.0,40981.0,0,122616.0,1,1,0.0,0,0,122616.0,1,0.0,0,0.0,0,0.0,0,0.0,0,0.0,0,0.0,0,0.0,0,0.0,0,0.0,0,0.0,0,1,1,122616.0,122616.0,122616.0,122616.0,1.0,100.0,2454.0,1009.0,958.0,661.0,484.0,1.0,False,,,,,,,,True,2587,non-rollup institutions
FY2025,IPF10020208,DOUBLE S INSTRUCTIONAL SYSTEMS,Double S Instructional Systems,UNITED STATES,False,121337.0,1,1,85741.0,34296.0,0,0.0,0,0,0.0,0,0,0.0,0,121337.0,1,0.0,0,0.0,0,0.0,0,0.0,0,0.0,0,0.0,0,0.0,0,0.0,0,121337.0,1,1,1,121337.0,121337.0,121337.0,0.0,1.0,0.0,2455.0,1009.0,958.0,669.0,669.0,1.0,False,,,,,,,,True,2587,non-rollup institutions
FY2025,IPF616601,FEDERAL UNIVERSITY OF BAHIA,Federal University of Bahia,BRAZIL,False,120226.0,1,1,111320.0,8906.0,0,120226.0,1,1,0.0,0,0,120226.0,1,0.0,0,0.0,0,0.0,0,0.0,0,0.0,0,0.0,0,0.0,0,0.0,0,0.0,0,0.0,0,1,1,120226.0,120226.0,120226.0,120226.0,1.0,100.0,2456.0,1009.0,958.0,662.0,484.0,1.0,False,,,,,,,,True,2587,non-rollup institutions
FY2025,IPF212901,INDIAN INSTITUTE OF SCIENCE,Indian Institute of Science,INDIA,False,119996.0,1,1,111107.0,8889.0,0,119996.0,1,1,0.0,0,0,119996.0,1,0.0,0,0.0,0,0.0,0,0.0,0,0.0,0,0.0,0,0.0,0,0.0,0,0.0,0,0.0,0,1,1,119996.0,119996.0,119996.0,119996.0,1.0,100.0,2457.0,1009.0,958.0,663.0,484.0,1.0,False,,,,,,,,True,2587,non-rollup institutions
FY2025,IPF578507,UNIVERSITY OF WISCONSIN EAU CLAIRE,University of Wisconsin Eau Claire,UNITED STATES,False,119618.0,1,1,116402.0,3216.0,0,0.0,0,0,0.0,0,0,0.0,0,119618.0,1,0.0,0,0.0,0,0.0,0,0.0,0,0.0,0,0.0,0,0.0,0,0.0,0,119618.0,1,2,1,59809.0,119618.0,119618.0,0.0,0.5,0.0,2458.0,1009.0,958.0,669.0,669.0,1.0,False,,,,,,,,True,2587,non-rollup institutions
FY2025,IPF2707501,FORT HAYS STATE UNIVERSITY,Fort Hays State University,UNITED STATES,False,119603.0,1,1,100000.0,19603.0,0,119603.0,1,1,0.0,0,0,119603.0,1,0.0,0,0.0,0,0.0,0,0.0,0,0.0,0,0.0,0,0.0,0,0.0,0,0.0,0,0.0,0,1,1,119603.0,119603.0,119603.0,119603.0,1.0,100.0,2459.0,1009.0,958.0,664.0,484.0,1.0,False,,,,,,,,True,2587,non-rollup institutions
FY2025,IPF10088893,DAVID TVILDIANI MEDICAL UNIVERSITY LLC,David Tvildiani Medical University,GEORGIA,False,117705.0,1,1,109223.0,8482.0,0,0.0,0,0,0.0,0,0,0.0,0,0.0,0,0.0,0,0.0,0,117705.0,1,0.0,0,0.0,0,0.0,0,0.0,0,0.0,0,117705.0,1,1,1,117705.0,117705.0,117705.0,0.0,1.0,0.0,2460.0,1009.0,958.0,669.0,669.0,1.0,False,,,,,,,,True,2587,non-rollup institutions
FY2025,IPF10052112,"NAVROGEN, INC.",Navrogen,UNITED STATES,False,115000.0,1,1,100000.0,15000.0,0,0.0,0,0,0.0,0,0,0.0,0,115000.0,1,0.0,0,0.0,0,0.0,0,0.0,0,0.0,0,0.0,0,0.0,0,0.0,0,115000.0,1,1,1,115000.0,115000.0,115000.0,0.0,1.0,0.0,2461.0,1009.0,958.0,669.0,669.0,1.0,False,,,,,,,,True,2587,non-rollup institutions
FY2025,IPF10029136,INFECTIOUS DISEASES RES COLLABORATION,Infectious Diseases Research Collaboration,UGANDA,False,113401.0,1,1,105001.0,8400.0,0,0.0,0,0,0.0,0,0,0.0,0,0.0,0,0.0,0,0.0,0,113401.0,1,0.0,0,0.0,0,0.0,0,0.0,0,0.0,0,113401.0,1,1,1,113401.0,113401.0,113401.0,0.0,1.0,0.0,2462.0,1009.0,958.0,669.0,669.0,1.0,False,,,,,,,,True,2587,non-rollup institutions
FY2025,IPF10056835,UNIVERSIDAD DE SAN MARTIN DE PORRES,Universidad de San Martin de Porres,PERU,False,112396.0,1,1,104945.0,7451.0,0,0.0,0,0,0.0,0,0,0.0,0,0.0,0,0.0,0,0.0,0,112396.0,1,0.0,0,0.0,0,0.0,0,0.0,0,0.0,0,112396.0,1,1,1,112396.0,112396.0,112396.0,0.0,1.0,0.0,2463.0,1009.0,958.0,669.0,669.0,1.0,False,,,,,,,,True,2587,non-rollup institutions
FY2025,IPF10034908,HARRIS-STOWE STATE UNIVERSITY,Harris-Stowe State University,UNITED STATES,False,112000.0,1,1,100000.0,12000.0,0,0.0,0,0,0.0,0,0,0.0,0,112000.0,1,0.0,0,0.0,0,0.0,0,0.0,0,0.0,0,0.0,0,0.0,0,0.0,0,112000.0,1,1,1,112000.0,112000.0,112000.0,0.0,1.0,0.0,2464.0,1009.0,958.0,669.0,669.0,1.0,False,,,,,,,,True,2587,non-rollup institutions
FY2025,IPF10002982,UNIVERSITY OF ZAMBIA,University of Zambia,ZAMBIA,False,111506.0,1,1,279999.0,7821.0,0,0.0,0,0,0.0,0,0,0.0,0,0.0,0,0.0,0,0.0,0,0.0,0,0.0,0,0.0,0,0.0,0,111506.0,1,0.0,0,111506.0,1,3,1,37169.0,111506.0,111506.0,0.0,0.33,0.0,2465.0,1009.0,958.0,669.0,669.0,1.0,False,,,,,,,,True,2587,non-rollup institutions
FY2025,IPF1191502,PACE UNIVERSITY NEW YORK,Pace University New York,UNITED STATES,False,110158.0,1,1,75000.0,35158.0,0,0.0,0,0,0.0,0,0,0.0,0,0.0,0,0.0,0,0.0,0,0.0,0,0.0,0,0.0,0,0.0,0,110158.0,1,0.0,0,110158.0,1,1,1,110158.0,110158.0,110158.0,0.0,1.0,0.0,2466.0,1009.0,958.0,669.0,669.0,1.0,False,,,,,,,,True,2587,non-rollup institutions
FY2025,IPF4387101,LAKE FOREST COLLEGE,Lake Forest College,UNITED STATES,False,108857.0,1,1,100000.0,8857.0,0,0.0,0,0,0.0,0,0,0.0,0,108857.0,1,0.0,0,0.0,0,0.0,0,0.0,0,0.0,0,0.0,0,0.0,0,0.0,0,108857.0,1,1,1,108857.0,108857.0,108857.0,0.0,1.0,0.0,2467.0,1009.0,958.0,669.0,669.0,1.0,False,,,,,,,,True,2587,non-rollup institutions
FY2025,IPF10061050,WEATHERWAX BIOTECHNOLOGIES CORPORATION,Weatherwax Biotechnologies Corporation,UNITED STATES,False,103714.0,1,1,83935.0,12994.0,0,0.0,0,0,0.0,0,0,0.0,0,103714.0,1,0.0,0,0.0,0,0.0,0,0.0,0,0.0,0,0.0,0,0.0,0,0.0,0,103714.0,1,1,1,103714.0,103714.0,103714.0,0.0,1.0,0.0,2468.0,1009.0,958.0,669.0,669.0,1.0,False,,,,,,,,True,2587,non-rollup institutions
FY2025,IPF10072230,"UNIVERSITY OF MEDICAL SCIENCES, ONDO","University of Medical Sciences, Ondo",NIGERIA,False,102502.0,1,1,94909.0,7593.0,0,0.0,0,0,0.0,0,0,0.0,0,0.0,0,0.0,0,0.0,0,102502.0,1,0.0,0,0.0,0,0.0,0,0.0,0,0.0,0,102502.0,1,1,1,102502.0,102502.0,102502.0,0.0,1.0,0.0,2469.0,1009.0,958.0,669.0,669.0,1.0,False,,,,,,,,True,2587,non-rollup institutions
FY2025,IPF10029404,CLEVELAND VA MEDICAL RESEARCH/ED/FDN,Cleveland VA Medical Research/Ed/Foundation,UNITED STATES,False,100050.0,1,1,75000.0,25050.0,0,0.0,0,0,0.0,0,0,0.0,0,100050.0,1,0.0,0,0.0,0,0.0,0,0.0,0,0.0,0,0.0,0,0.0,0,0.0,0,100050.0,1,2,1,50025.0,100050.0,100050.0,0.0,0.5,0.0,2470.0,1009.0,958.0,669.0,669.0,1.0,False,,,,,,,,True,2587,non-rollup institutions
FY2025,IPF10062081,SOFTWORTHY LLC,Softworthy,UNITED STATES,False,100000.0,1,1,77000.0,19250.0,0,0.0,0,0,0.0,0,0,0.0,0,100000.0,1,0.0,0,0.0,0,0.0,0,0.0,0,0.0,0,0.0,0,0.0,0,0.0,0,100000.0,1,1,1,100000.0,100000.0,100000.0,0.0,1.0,0.0,2471.0,1009.0,958.0,669.0,669.0,1.0,False,,,,,,,,True,2587,non-rollup institutions
FY2025,IPF10003396,"INXSOL, LLC",Inxsol,UNITED STATES,False,100000.0,1,1,71109.0,22349.0,0,0.0,0,0,0.0,0,0,0.0,0,100000.0,1,0.0,0,0.0,0,0.0,0,0.0,0,0.0,0,0.0,0,0.0,0,0.0,0,100000.0,1,1,1,100000.0,100000.0,100000.0,0.0,1.0,0.0,2471.0,1009.0,958.0,669.0,669.0,1.0,False,,,,,,,,True,2587,non-rollup institutions
FY2025,IPF10002912,"METAMEDIA TRAINING INTERNATIONAL, INC.",Metamedia Training International,UNITED STATES,False,99683.0,1,1,87985.0,7864.0,0,0.0,0,0,0.0,0,0,0.0,0,99683.0,1,0.0,0,0.0,0,0.0,0,0.0,0,0.0,0,0.0,0,0.0,0,0.0,0,99683.0,1,1,1,99683.0,99683.0,99683.0,0.0,1.0,0.0,2473.0,1009.0,958.0,669.0,669.0,1.0,False,,,,,,,,True,2587,non-rollup institutions
FY2025,IPF2350301,THE CHRIST HOSPITAL,The Christ Hospital,UNITED STATES,False,99150.0,1,1,75000.0,24150.0,0,0.0,0,0,0.0,0,0,0.0,0,99150.0,1,0.0,0,0.0,0,0.0,0,0.0,0,0.0,0,0.0,0,0.0,0,0.0,0,99150.0,1,1,1,99150.0,99150.0,99150.0,0.0,1.0,0.0,2474.0,1009.0,958.0,669.0,669.0,1.0,False,,,,,,,,True,2587,non-rollup institutions
FY2025,IPF1605032,COLLEGE OF STATEN ISLAND,College of Staten Island,UNITED STATES,False,98871.0,1,1,98871.0,0.0,0,0.0,0,0,0.0,0,0,0.0,0,0.0,0,0.0,0,0.0,0,0.0,0,0.0,0,0.0,0,0.0,0,98871.0,1,0.0,0,98871.0,1,1,1,98871.0,98871.0,98871.0,0.0,1.0,0.0,2475.0,1009.0,958.0,669.0,669.0,1.0,False,,,,,,,,True,2587,non-rollup institutions
FY2025,IPF10000829,"PROGERIA RESEARCH FOUNDATION, INC.",Progeria Research Foundation,UNITED STATES,False,98625.0,1,1,98625.0,0.0,0,0.0,0,0,0.0,0,0,0.0,0,98625.0,1,0.0,0,0.0,0,0.0,0,0.0,0,0.0,0,0.0,0,0.0,0,0.0,0,98625.0,1,1,1,98625.0,98625.0,98625.0,0.0,1.0,0.0,2476.0,1009.0,958.0,669.0,669.0,1.0,False,,,,,,,,True,2587,non-rollup institutions
FY2025,IPF126701,CEDAR CREST COLLEGE,Cedar Crest College,UNITED STATES,False,97764.0,1,1,97764.0,0.0,0,0.0,0,0,0.0,0,0,0.0,0,0.0,0,0.0,0,0.0,0,0.0,0,0.0,0,0.0,0,0.0,0,97764.0,1,0.0,0,97764.0,1,1,1,97764.0,97764.0,97764.0,0.0,1.0,0.0,2477.0,1009.0,958.0,669.0,669.0,1.0,False,,,,,,,,True,2587,non-rollup institutions
FY2025,IPF10031987,AFRICA UNIVERSITY,Africa University,ZIMBABWE,False,97674.0,1,1,90513.0,7161.0,0,0.0,0,0,0.0,0,0,0.0,0,0.0,0,0.0,0,0.0,0,97674.0,1,0.0,0,0.0,0,0.0,0,0.0,0,0.0,0,97674.0,1,1,1,97674.0,97674.0,97674.0,0.0,1.0,0.0,2478.0,1009.0,958.0,669.0,669.0,1.0,False,,,,,,,,True,2587,non-rollup institutions
FY2025,IPF3977901,MOLECULAR MEDICINE RESEARCH INSTITUTE,Molecular Medicine Research Institute,UNITED STATES,False,97500.0,1,1,50000.0,47500.0,0,0.0,0,0,0.0,0,0,0.0,0,97500.0,1,0.0,0,0.0,0,0.0,0,0.0,0,0.0,0,0.0,0,0.0,0,0.0,0,97500.0,1,1,1,97500.0,97500.0,97500.0,0.0,1.0,0.0,2479.0,1009.0,958.0,669.0,669.0,1.0,False,,,,,,,,True,2587,non-rollup institutions
FY2025,IPF10056820,BOROMARAJONANI COLLEGE OF NURSING KHON KAEN,Boromarajonani College of Nursing Khon Kaen,THAILAND,False,97120.0,1,1,90000.0,7120.0,0,0.0,0,0,0.0,0,0,0.0,0,0.0,0,0.0,0,0.0,0,97120.0,1,0.0,0,0.0,0,0.0,0,0.0,0,0.0,0,97120.0,1,1,1,97120.0,97120.0,97120.0,0.0,1.0,0.0,2480.0,1009.0,958.0,669.0,669.0,1.0,False,,,,,,,,True,2587,non-rollup institutions
FY2025,IPF10028293,"SPECTRAL LABS, INC.",Spectral Labs,UNITED STATES,False,95059.0,1,1,58035.0,32279.0,0,0.0,0,0,0.0,0,0,0.0,0,95059.0,1,0.0,0,0.0,0,0.0,0,0.0,0,0.0,0,0.0,0,0.0,0,0.0,0,95059.0,1,1,1,95059.0,95059.0,95059.0,0.0,1.0,0.0,2481.0,1009.0,958.0,669.0,669.0,1.0,False,,,,,,,,True,2587,non-rollup institutions
FY2025,IPF4353601,COLLEGE ON PROBLEMS OF DRUG DEPENDENCE,College On Problems of Drug Dependence,UNITED STATES,False,95000.0,1,1,95000.0,0.0,0,0.0,0,0,0.0,0,0,0.0,0,95000.0,1,0.0,0,0.0,0,0.0,0,0.0,0,0.0,0,0.0,0,0.0,0,0.0,0,95000.0,1,1,1,95000.0,95000.0,95000.0,0.0,1.0,0.0,2482.0,1009.0,958.0,669.0,669.0,1.0,False,,,,,,,,True,2587,non-rollup institutions
FY2025,IPF10056183,AUXILIUM BIOTECHNOLOGIES INC.,Auxilium Biotechnologies,UNITED STATES,False,94464.0,1,1,94464.0,0.0,0,0.0,0,0,0.0,0,0,0.0,0,0.0,0,94464.0,1,0.0,0,0.0,0,0.0,0,0.0,0,0.0,0,0.0,0,0.0,0,94464.0,1,1,1,94464.0,94464.0,94464.0,0.0,1.0,0.0,2483.0,1009.0,958.0,669.0,669.0,1.0,False,,,,,,,,True,2587,non-rollup institutions
FY2025,IPF10006558,IFAKARA HEALTH INSTITUTE,Ifakara Health Institute,TANZANIA U REP,False,93127.0,1,1,86229.0,6898.0,0,0.0,0,0,0.0,0,0,0.0,0,0.0,0,0.0,0,0.0,0,93127.0,1,0.0,0,0.0,0,0.0,0,0.0,0,0.0,0,93127.0,1,1,1,93127.0,93127.0,93127.0,0.0,1.0,0.0,2484.0,1009.0,958.0,669.0,669.0,1.0,False,,,,,,,,True,2587,non-rollup institutions
FY2025,IPF10061848,"KYEVO-MOGYLYANSKA AKADEMIYA, NATSIONALNY UNIVERSYTET","Kyevo-Mogylyanska Akademiya, Natsionalny Universytet",UKRAINE,False,89100.0,1,1,82500.0,6600.0,0,0.0,0,0,0.0,0,0,0.0,0,0.0,0,0.0,0,0.0,0,89100.0,1,0.0,0,0.0,0,0.0,0,0.0,0,0.0,0,89100.0,1,1,1,89100.0,89100.0,89100.0,0.0,1.0,0.0,2485.0,1009.0,958.0,669.0,669.0,1.0,False,,,,,,,,True,2587,non-rollup institutions
FY2025,IPF1599301,AMERICAN GERIATRICS SOCIETY,American Geriatrics Society,UNITED STATES,False,87434.0,2,2,87434.0,0.0,0,0.0,0,0,0.0,0,0,0.0,0,87434.0,2,0.0,0,0.0,0,0.0,0,0.0,0,0.0,0,0.0,0,0.0,0,0.0,0,87434.0,2,3,2,29145.0,43717.0,43717.0,0.0,0.67,0.0,2486.0,698.0,671.0,669.0,669.0,1.0,False,,,,,,,,True,2587,non-rollup institutions
FY2025,IPF10047814,"BIOAMP DIAGNOSTICS, INC.",Bioamp Diagnostics,UNITED STATES,False,79309.0,1,1,56927.0,17194.0,0,0.0,0,0,0.0,0,0,0.0,0,79309.0,1,0.0,0,0.0,0,0.0,0,0.0,0,0.0,0,0.0,0,0.0,0,0.0,0,79309.0,1,1,1,79309.0,79309.0,79309.0,0.0,1.0,0.0,2487.0,1009.0,958.0,669.0,669.0,1.0,False,,,,,,,,True,2587,non-rollup institutions
FY2025,IPF3496501,HAWAII PACIFIC UNIVERSITY,Hawaii Pacific University,UNITED STATES,False,78402.0,1,1,78402.0,0.0,0,0.0,0,0,0.0,0,0,0.0,0,0.0,0,0.0,0,0.0,0,0.0,0,0.0,0,0.0,0,0.0,0,78402.0,1,0.0,0,78402.0,1,1,1,78402.0,78402.0,78402.0,0.0,1.0,0.0,2488.0,1009.0,958.0,669.0,669.0,1.0,False,,,,,,,,True,2587,non-rollup institutions
FY2025,IPF10040812,SPECTREE INC.,Spectree,UNITED STATES,False,76776.0,1,1,54840.0,21936.0,0,0.0,0,0,0.0,0,0,0.0,0,76776.0,1,0.0,0,0.0,0,0.0,0,0.0,0,0.0,0,0.0,0,0.0,0,0.0,0,76776.0,1,1,1,76776.0,76776.0,76776.0,0.0,1.0,0.0,2489.0,1009.0,958.0,669.0,669.0,1.0,False,,,,,,,,True,2587,non-rollup institutions
FY2025,IPF7429001,SETON HALL UNIVERSITY,Seton Hall University,UNITED STATES,False,76624.0,1,1,50000.0,26624.0,0,0.0,0,0,0.0,0,0,0.0,0,76624.0,1,0.0,0,0.0,0,0.0,0,0.0,0,0.0,0,0.0,0,0.0,0,0.0,0,76624.0,1,1,1,76624.0,76624.0,76624.0,0.0,1.0,0.0,2490.0,1009.0,958.0,669.0,669.0,1.0,False,,,,,,,,True,2587,non-rollup institutions
FY2025,IPF10060071,"PEDIATRIC DERMATOLOGY RESEARCH ALLIANCE, INC",Pediatric Dermatology Research Alliance,UNITED STATES,False,74999.0,1,1,74999.0,0.0,0,0.0,0,0,0.0,0,0,0.0,0,74999.0,1,0.0,0,0.0,0,0.0,0,0.0,0,0.0,0,0.0,0,0.0,0,0.0,0,74999.0,1,3,1,25000.0,74999.0,74999.0,0.0,0.33,0.0,2491.0,1009.0,958.0,669.0,669.0,1.0,False,,,,,,,,True,2587,non-rollup institutions
FY2025,IPF543401,ASSOCIATION FOR RES IN VISION & OPHTHAL,Association for Research in Vision & Ophthal,UNITED STATES,False,74238.0,1,1,74238.0,0.0,0,0.0,0,0,0.0,0,0,0.0,0,74238.0,1,0.0,0,0.0,0,0.0,0,0.0,0,0.0,0,0.0,0,0.0,0,0.0,0,74238.0,1,1,1,74238.0,74238.0,74238.0,0.0,1.0,0.0,2492.0,1009.0,958.0,669.0,669.0,1.0,False,,,,,,,,True,2587,non-rollup institutions
FY2025,IPF10028042,"SIGMOVIR BIOSYSTEMS, INC.",Sigmovir Biosystems,UNITED STATES,False,72930.0,1,1,50000.0,22930.0,0,0.0,0,0,0.0,0,0,0.0,0,72930.0,1,0.0,0,0.0,0,0.0,0,0.0,0,0.0,0,0.0,0,0.0,0,0.0,0,72930.0,1,1,1,72930.0,72930.0,72930.0,0.0,1.0,0.0,2493.0,1009.0,958.0,669.0,669.0,1.0,False,,,,,,,,True,2587,non-rollup institutions
FY2025,IPF6112301,UNIVERSITY OF LOUISIANA AT MONROE,University of Louisiana at Monroe,UNITED STATES,False,72500.0,1,1,50000.0,22500.0,0,0.0,0,0,0.0,0,0,0.0,0,72500.0,1,0.0,0,0.0,0,0.0,0,0.0,0,0.0,0,0.0,0,0.0,0,0.0,0,72500.0,1,1,1,72500.0,72500.0,72500.0,0.0,1.0,0.0,2494.0,1009.0,958.0,669.0,669.0,1.0,False,,,,,,,,True,2587,non-rollup institutions
FY2025,IPF10076289,MOREMME-JAVORE LLC,Moremme-Javore,UNITED STATES,False,70784.0,1,1,70784.0,0.0,0,0.0,0,0,0.0,0,0,0.0,0,70784.0,1,0.0,0,0.0,0,0.0,0,0.0,0,0.0,0,0.0,0,0.0,0,0.0,0,70784.0,1,1,1,70784.0,70784.0,70784.0,0.0,1.0,0.0,2495.0,1009.0,958.0,669.0,669.0,1.0,False,,,,,,,,True,2587,non-rollup institutions
FY2025,IPF10068751,KILELE HEALTH INC.,Kilele Health,UNITED STATES,False,70623.0,1,1,49359.0,19744.0,0,0.0,0,0,0.0,0,0,0.0,0,70623.0,1,0.0,0,0.0,0,0.0,0,0.0,0,0.0,0,0.0,0,0.0,0,0.0,0,70623.0,1,1,1,70623.0,70623.0,70623.0,0.0,1.0,0.0,2496.0,1009.0,958.0,669.0,669.0,1.0,False,,,,,,,,True,2587,non-rollup institutions
FY2025,IPF10036325,"BSOLUTIONS, INC.",Bsolutions,UNITED STATES,False,66700.0,1,1,53400.0,13300.0,0,0.0,0,0,0.0,0,0,0.0,0,66700.0,1,0.0,0,0.0,0,0.0,0,0.0,0,0.0,0,0.0,0,0.0,0,0.0,0,66700.0,1,1,1,66700.0,66700.0,66700.0,0.0,1.0,0.0,2497.0,1009.0,958.0,669.0,669.0,1.0,False,,,,,,,,True,2587,non-rollup institutions
FY2025,IPF10037972,"ONCOARENDI THERAPEUTICS, LLC",Oncoarendi Therapeutics,UNITED STATES,False,66458.0,1,1,54458.0,12000.0,0,0.0,0,0,0.0,0,0,0.0,0,66458.0,1,0.0,0,0.0,0,0.0,0,0.0,0,0.0,0,0.0,0,0.0,0,0.0,0,66458.0,1,1,1,66458.0,66458.0,66458.0,0.0,1.0,0.0,2498.0,1009.0,958.0,669.0,669.0,1.0,False,,,,,,,,True,2587,non-rollup institutions
FY2025,IPF676620,MIDDLE GEORGIA STATE UNIVERSITY,Middle Georgia State University,UNITED STATES,False,64802.0,1,1,64802.0,0.0,0,0.0,0,0,0.0,0,0,0.0,0,0.0,0,0.0,0,0.0,0,0.0,0,0.0,0,0.0,0,0.0,0,64802.0,1,0.0,0,64802.0,1,1,1,64802.0,64802.0,64802.0,0.0,1.0,0.0,2499.0,1009.0,958.0,669.0,669.0,1.0,False,,,,,,,,True,2587,non-rollup institutions
FY2025,IPF10019903,NATIONAL SCIENCE AND TECHNOLOGY DEVELOPMENT AGENCY,National Science and Technology Development Agency,THAILAND,False,60588.0,1,1,56100.0,4488.0,0,60588.0,1,1,0.0,0,0,60588.0,1,0.0,0,0.0,0,0.0,0,0.0,0,0.0,0,0.0,0,0.0,0,0.0,0,0.0,0,0.0,0,1,1,60588.0,60588.0,60588.0,60588.0,1.0,100.0,2500.0,1009.0,958.0,666.0,484.0,1.0,False,,,,,,,,True,2587,non-rollup institutions
FY2025,IPF3994301,AMERICAN COLLEGE OF RHEUMATOLOGY,American College of Rheumatology,UNITED STATES,False,60000.0,1,1,60000.0,0.0,0,0.0,0,0,0.0,0,0,0.0,0,0.0,0,60000.0,1,0.0,0,0.0,0,0.0,0,0.0,0,0.0,0,0.0,0,0.0,0,60000.0,1,1,1,60000.0,60000.0,60000.0,0.0,1.0,0.0,2501.0,1009.0,958.0,669.0,669.0,1.0,False,,,,,,,,True,2587,non-rollup institutions
FY2025,IPF3448801,HEARING LOSS ASSOCIATION OF AMERICA,Hearing Loss Association of America,UNITED STATES,False,59601.0,1,1,59601.0,0.0,0,0.0,0,0,0.0,0,0,0.0,0,59601.0,1,0.0,0,0.0,0,0.0,0,0.0,0,0.0,0,0.0,0,0.0,0,0.0,0,59601.0,1,1,1,59601.0,59601.0,59601.0,0.0,1.0,0.0,2502.0,1009.0,958.0,669.0,669.0,1.0,False,,,,,,,,True,2587,non-rollup institutions
FY2025,IPF4276001,INTERNATIONAL MAMMALIAN GENOME SOCIETY,International Mammalian Genome Society,UNITED STATES,False,56500.0,1,1,56500.0,0.0,0,0.0,0,0,0.0,0,0,0.0,0,56500.0,1,0.0,0,0.0,0,0.0,0,0.0,0,0.0,0,0.0,0,0.0,0,0.0,0,56500.0,1,1,1,56500.0,56500.0,56500.0,0.0,1.0,0.0,2503.0,1009.0,958.0,669.0,669.0,1.0,False,,,,,,,,True,2587,non-rollup institutions
FY2025,IPF10075787,PUMPKIN BABY INC.,Pumpkin Baby,UNITED STATES,False,55000.0,1,1,55000.0,0.0,0,0.0,0,0,0.0,0,0,0.0,0,55000.0,1,0.0,0,0.0,0,0.0,0,0.0,0,0.0,0,0.0,0,0.0,0,0.0,0,55000.0,1,1,1,55000.0,55000.0,55000.0,0.0,1.0,0.0,2504.0,1009.0,958.0,669.0,669.0,1.0,False,,,,,,,,True,2587,non-rollup institutions
FY2025,IPF10073619,OLMEDA BIOSCIENCES LLC,Olmeda Biosciences,UNITED STATES,False,55000.0,1,1,55000.0,0.0,0,0.0,0,0,0.0,0,0,0.0,0,55000.0,1,0.0,0,0.0,0,0.0,0,0.0,0,0.0,0,0.0,0,0.0,0,0.0,0,55000.0,1,1,1,55000.0,55000.0,55000.0,0.0,1.0,0.0,2504.0,1009.0,958.0,669.0,669.0,1.0,False,,,,,,,,True,2587,non-rollup institutions
FY2025,IPF10005079,"MAKSCIENTIFIC, LLC",Makscientific,UNITED STATES,False,55000.0,1,1,55000.0,0.0,0,0.0,0,0,0.0,0,0,0.0,0,55000.0,1,0.0,0,0.0,0,0.0,0,0.0,0,0.0,0,0.0,0,0.0,0,0.0,0,55000.0,1,1,1,55000.0,55000.0,55000.0,0.0,1.0,0.0,2504.0,1009.0,958.0,669.0,669.0,1.0,False,,,,,,,,True,2587,non-rollup institutions
FY2025,IPF10059652,"LIGHT SWITCH BIO, LLC",Light Switch Bio,UNITED STATES,False,55000.0,1,1,55000.0,0.0,0,0.0,0,0,0.0,0,0,0.0,0,55000.0,1,0.0,0,0.0,0,0.0,0,0.0,0,0.0,0,0.0,0,0.0,0,0.0,0,55000.0,1,2,1,27500.0,55000.0,55000.0,0.0,0.5,0.0,2504.0,1009.0,958.0,669.0,669.0,1.0,False,,,,,,,,True,2587,non-rollup institutions
FY2025,IPF10056352,"NEOCARE INNOVATIONS, INC.",Neocare Innovations,UNITED STATES,False,55000.0,1,1,55000.0,0.0,0,0.0,0,0,0.0,0,0,0.0,0,55000.0,1,0.0,0,0.0,0,0.0,0,0.0,0,0.0,0,0.0,0,0.0,0,0.0,0,55000.0,1,1,1,55000.0,55000.0,55000.0,0.0,1.0,0.0,2504.0,1009.0,958.0,669.0,669.0,1.0,False,,,,,,,,True,2587,non-rollup institutions
FY2025,IPF2778001,"DYNAFLOW, INC.",Dynaflow,UNITED STATES,False,55000.0,1,1,55000.0,0.0,0,0.0,0,0,0.0,0,0,0.0,0,55000.0,1,0.0,0,0.0,0,0.0,0,0.0,0,0.0,0,0.0,0,0.0,0,0.0,0,55000.0,1,1,1,55000.0,55000.0,55000.0,0.0,1.0,0.0,2504.0,1009.0,958.0,669.0,669.0,1.0,False,,,,,,,,True,2587,non-rollup institutions
FY2025,IPF10071596,FORESIGHTCARES INC.,Foresightcares,UNITED STATES,False,55000.0,1,1,55000.0,0.0,0,0.0,0,0,0.0,0,0,0.0,0,55000.0,1,0.0,0,0.0,0,0.0,0,0.0,0,0.0,0,0.0,0,0.0,0,0.0,0,55000.0,1,1,1,55000.0,55000.0,55000.0,0.0,1.0,0.0,2504.0,1009.0,958.0,669.0,669.0,1.0,False,,,,,,,,True,2587,non-rollup institutions
FY2025,IPF10062626,"POISERA, INC.",Poisera,UNITED STATES,False,55000.0,1,1,55000.0,0.0,0,0.0,0,0,0.0,0,0,0.0,0,55000.0,1,0.0,0,0.0,0,0.0,0,0.0,0,0.0,0,0.0,0,0.0,0,0.0,0,55000.0,1,2,1,27500.0,55000.0,55000.0,0.0,0.5,0.0,2504.0,1009.0,958.0,669.0,669.0,1.0,False,,,,,,,,True,2587,non-rollup institutions
FY2025,IPF10070870,SCIENTIFIC HORIZONS CONSULTING LLC,Scientific Horizons Consulting,UNITED STATES,False,55000.0,1,1,55000.0,0.0,0,0.0,0,0,0.0,0,0,0.0,0,55000.0,1,0.0,0,0.0,0,0.0,0,0.0,0,0.0,0,0.0,0,0.0,0,0.0,0,55000.0,1,1,1,55000.0,55000.0,55000.0,0.0,1.0,0.0,2504.0,1009.0,958.0,669.0,669.0,1.0,False,,,,,,,,True,2587,non-rollup institutions
FY2025,IPF10073149,MOSAIC ENGINEERING LLC,Mosaic Engineering,UNITED STATES,False,55000.0,1,1,55000.0,0.0,0,0.0,0,0,0.0,0,0,0.0,0,55000.0,1,0.0,0,0.0,0,0.0,0,0.0,0,0.0,0,0.0,0,0.0,0,0.0,0,55000.0,1,1,1,55000.0,55000.0,55000.0,0.0,1.0,0.0,2504.0,1009.0,958.0,669.0,669.0,1.0,False,,,,,,,,True,2587,non-rollup institutions
FY2025,IPF10053316,"LABSYS, LLC",Labsys,UNITED STATES,False,55000.0,1,1,55000.0,0.0,0,0.0,0,0,0.0,0,0,0.0,0,55000.0,1,0.0,0,0.0,0,0.0,0,0.0,0,0.0,0,0.0,0,0.0,0,0.0,0,55000.0,1,2,1,27500.0,55000.0,55000.0,0.0,0.5,0.0,2504.0,1009.0,958.0,669.0,669.0,1.0,False,,,,,,,,True,2587,non-rollup institutions
FY2025,IPF10076395,FLOWPOINT MEDICAL INC,Flowpoint Medical,UNITED STATES,False,55000.0,1,1,54800.0,200.0,0,0.0,0,0,0.0,0,0,0.0,0,55000.0,1,0.0,0,0.0,0,0.0,0,0.0,0,0.0,0,0.0,0,0.0,0,0.0,0,55000.0,1,2,1,27500.0,55000.0,55000.0,0.0,0.5,0.0,2504.0,1009.0,958.0,669.0,669.0,1.0,False,,,,,,,,True,2587,non-rollup institutions
FY2025,IPF10067612,ORIDIVUS LLC,Oridivus,UNITED STATES,False,55000.0,1,1,39286.0,15714.0,0,0.0,0,0,0.0,0,0,0.0,0,55000.0,1,0.0,0,0.0,0,0.0,0,0.0,0,0.0,0,0.0,0,0.0,0,0.0,0,55000.0,1,1,1,55000.0,55000.0,55000.0,0.0,1.0,0.0,2504.0,1009.0,958.0,669.0,669.0,1.0,False,,,,,,,,True,2587,non-rollup institutions
FY2025,IPF10064651,"RELATE XR, LLC",Relate Xr,UNITED STATES,False,54999.0,1,1,54999.0,0.0,0,0.0,0,0,0.0,0,0,0.0,0,54999.0,1,0.0,0,0.0,0,0.0,0,0.0,0,0.0,0,0.0,0,0.0,0,0.0,0,54999.0,1,2,1,27500.0,54999.0,54999.0,0.0,0.5,0.0,2517.0,1009.0,958.0,669.0,669.0,1.0,False,,,,,,,,True,2587,non-rollup institutions
FY2025,IPF10072701,"RESILIENT LIFESCIENCE, INC.",Resilient Lifescience,UNITED STATES,False,54944.0,1,1,54944.0,0.0,0,0.0,0,0,0.0,0,0,0.0,0,54944.0,1,0.0,0,0.0,0,0.0,0,0.0,0,0.0,0,0.0,0,0.0,0,0.0,0,54944.0,1,1,1,54944.0,54944.0,54944.0,0.0,1.0,0.0,2518.0,1009.0,958.0,669.0,669.0,1.0,False,,,,,,,,True,2587,non-rollup institutions
FY2025,IPF10072255,NORD BIO INC,Nord Bio,UNITED STATES,False,54672.0,1,1,51095.0,3577.0,0,0.0,0,0,0.0,0,0,0.0,0,54672.0,1,0.0,0,0.0,0,0.0,0,0.0,0,0.0,0,0.0,0,0.0,0,0.0,0,54672.0,1,2,1,27336.0,54672.0,54672.0,0.0,0.5,0.0,2519.0,1009.0,958.0,669.0,669.0,1.0,False,,,,,,,,True,2587,non-rollup institutions
FY2025,IPF10063213,RICOVR HEALTHCARE INC.,Ricovr Healthcare,UNITED STATES,False,54382.0,1,1,54382.0,0.0,0,0.0,0,0,0.0,0,0,0.0,0,54382.0,1,0.0,0,0.0,0,0.0,0,0.0,0,0.0,0,0.0,0,0.0,0,0.0,0,54382.0,1,1,1,54382.0,54382.0,54382.0,0.0,1.0,0.0,2520.0,1009.0,958.0,669.0,669.0,1.0,False,,,,,,,,True,2587,non-rollup institutions
FY2025,IPF10010038,PONTIFICIA UNIVERSIDAD JAVERIANA,Pontificia Universidad Javeriana,COLOMBIA,False,54000.0,1,1,50000.0,4000.0,0,0.0,0,0,0.0,0,0,0.0,0,54000.0,1,0.0,0,0.0,0,0.0,0,0.0,0,0.0,0,0.0,0,0.0,0,0.0,0,54000.0,1,1,1,54000.0,54000.0,54000.0,0.0,1.0,0.0,2521.0,1009.0,958.0,669.0,669.0,1.0,False,,,,,,,,True,2587,non-rollup institutions
FY2025,IPF597501,AG BELL ASSN FOR DEAF & HARD OF HEARING,Ag Bell Assn for Deaf & Hard of Hearing,UNITED STATES,False,50416.0,1,1,50416.0,0.0,0,0.0,0,0,0.0,0,0,0.0,0,50416.0,1,0.0,0,0.0,0,0.0,0,0.0,0,0.0,0,0.0,0,0.0,0,0.0,0,50416.0,1,1,1,50416.0,50416.0,50416.0,0.0,1.0,0.0,2522.0,1009.0,958.0,669.0,669.0,1.0,False,,,,,,,,True,2587,non-rollup institutions
FY2025,IPF10068329,"MINDTRACE TECHNOLOGIES, INC.",Mindtrace Technologies,UNITED STATES,False,50000.0,1,1,50000.0,0.0,0,0.0,0,0,0.0,0,0,0.0,0,50000.0,1,0.0,0,0.0,0,0.0,0,0.0,0,0.0,0,0.0,0,0.0,0,0.0,0,50000.0,1,1,1,50000.0,50000.0,50000.0,0.0,1.0,0.0,2523.0,1009.0,958.0,669.0,669.0,1.0,False,,,,,,,,True,2587,non-rollup institutions
FY2025,IPF10033864,AMERICAN COCHLEAR IMPLANT ALLIANCE FDN,American Cochlear Implant Alliance Foundation,UNITED STATES,False,50000.0,1,1,50000.0,0.0,0,0.0,0,0,0.0,0,0,0.0,0,50000.0,1,0.0,0,0.0,0,0.0,0,0.0,0,0.0,0,0.0,0,0.0,0,0.0,0,50000.0,1,1,1,50000.0,50000.0,50000.0,0.0,1.0,0.0,2523.0,1009.0,958.0,669.0,669.0,1.0,False,,,,,,,,True,2587,non-rollup institutions
FY2025,IPF10060603,PROLOCOR INC.,Prolocor,UNITED STATES,False,50000.0,1,1,50000.0,0.0,0,0.0,0,0,0.0,0,0,0.0,0,50000.0,1,0.0,0,0.0,0,0.0,0,0.0,0,0.0,0,0.0,0,0.0,0,0.0,0,50000.0,1,2,1,25000.0,50000.0,50000.0,0.0,0.5,0.0,2523.0,1009.0,958.0,669.0,669.0,1.0,False,,,,,,,,True,2587,non-rollup institutions
FY2025,IPF10025087,"BACKYARD BRAINS, INC.",Backyard Brains,UNITED STATES,False,50000.0,1,1,50000.0,0.0,0,0.0,0,0,0.0,0,0,0.0,0,50000.0,1,0.0,0,0.0,0,0.0,0,0.0,0,0.0,0,0.0,0,0.0,0,0.0,0,50000.0,1,2,1,25000.0,50000.0,50000.0,0.0,0.5,0.0,2523.0,1009.0,958.0,669.0,669.0,1.0,False,,,,,,,,True,2587,non-rollup institutions
FY2025,IPF10002443,"AFASCI, INC.",Afasci,UNITED STATES,False,50000.0,1,1,50000.0,0.0,0,0.0,0,0,0.0,0,0,0.0,0,50000.0,1,0.0,0,0.0,0,0.0,0,0.0,0,0.0,0,0.0,0,0.0,0,0.0,0,50000.0,1,1,1,50000.0,50000.0,50000.0,0.0,1.0,0.0,2523.0,1009.0,958.0,669.0,669.0,1.0,False,,,,,,,,True,2587,non-rollup institutions
FY2025,IPF989201,NATIONAL MEDICAL ASSOCIATION,National Medical Association,UNITED STATES,False,50000.0,1,1,50000.0,0.0,0,0.0,0,0,0.0,0,0,0.0,0,50000.0,1,0.0,0,0.0,0,0.0,0,0.0,0,0.0,0,0.0,0,0.0,0,0.0,0,50000.0,1,1,1,50000.0,50000.0,50000.0,0.0,1.0,0.0,2523.0,1009.0,958.0,669.0,669.0,1.0,False,,,,,,,,True,2587,non-rollup institutions
FY2025,IPF2970601,"AMERICAN AGING ASSOCIATION, INC.",American Aging Association,UNITED STATES,False,50000.0,1,1,50000.0,0.0,0,0.0,0,0,0.0,0,0,0.0,0,50000.0,1,0.0,0,0.0,0,0.0,0,0.0,0,0.0,0,0.0,0,0.0,0,0.0,0,50000.0,1,1,1,50000.0,50000.0,50000.0,0.0,1.0,0.0,2523.0,1009.0,958.0,669.0,669.0,1.0,False,,,,,,,,True,2587,non-rollup institutions
FY2025,IPF10042822,"POINT DESIGNS, LLC",Point Designs,UNITED STATES,False,50000.0,1,1,50000.0,0.0,0,0.0,0,0,0.0,0,0,0.0,0,50000.0,1,0.0,0,0.0,0,0.0,0,0.0,0,0.0,0,0.0,0,0.0,0,0.0,0,50000.0,1,3,1,16667.0,50000.0,50000.0,0.0,0.33,0.0,2523.0,1009.0,958.0,669.0,669.0,1.0,False,,,,,,,,True,2587,non-rollup institutions
FY2025,IPF10035360,VITAMIN D WORKSHOP,Vitamin D Workshop,UNITED STATES,False,50000.0,1,1,50000.0,0.0,0,0.0,0,0,0.0,0,0,0.0,0,50000.0,1,0.0,0,0.0,0,0.0,0,0.0,0,0.0,0,0.0,0,0.0,0,0.0,0,50000.0,1,1,1,50000.0,50000.0,50000.0,0.0,1.0,0.0,2523.0,1009.0,958.0,669.0,669.0,1.0,False,,,,,,,,True,2587,non-rollup institutions
FY2025,IPF10045852,"AMERICAN ASSOCIATION OF NEUROPATHOLOGISTS, INC.",American Association of Neuropathologists,UNITED STATES,False,49999.0,1,1,49999.0,0.0,0,0.0,0,0,0.0,0,0,0.0,0,49999.0,1,0.0,0,0.0,0,0.0,0,0.0,0,0.0,0,0.0,0,0.0,0,0.0,0,49999.0,1,1,1,49999.0,49999.0,49999.0,0.0,1.0,0.0,2532.0,1009.0,958.0,669.0,669.0,1.0,False,,,,,,,,True,2587,non-rollup institutions
FY2025,IPF902501,BOWDOIN COLLEGE,Bowdoin College,UNITED STATES,False,49957.0,1,1,49957.0,0.0,0,0.0,0,0,0.0,0,0,0.0,0,0.0,0,0.0,0,0.0,0,0.0,0,0.0,0,0.0,0,0.0,0,49957.0,1,0.0,0,49957.0,1,1,1,49957.0,49957.0,49957.0,0.0,1.0,0.0,2533.0,1009.0,958.0,669.0,669.0,1.0,False,,,,,,,,True,2587,non-rollup institutions
FY2025,IPF10042965,"AMYLOIDOSIS RESEARCH CONSORTIUM, INC.",Amyloidosis Research Consortium,UNITED STATES,False,49300.0,1,1,49300.0,0.0,0,0.0,0,0,0.0,0,0,0.0,0,49300.0,1,0.0,0,0.0,0,0.0,0,0.0,0,0.0,0,0.0,0,0.0,0,0.0,0,49300.0,1,1,1,49300.0,49300.0,49300.0,0.0,1.0,0.0,2534.0,1009.0,958.0,669.0,669.0,1.0,False,,,,,,,,True,2587,non-rollup institutions
FY2025,IPF9441101,YORK UNIVERSITY,York University,CANADA,False,48963.0,1,1,45571.0,3392.0,0,0.0,0,0,0.0,0,0,0.0,0,48963.0,1,0.0,0,0.0,0,0.0,0,0.0,0,0.0,0,0.0,0,0.0,0,0.0,0,48963.0,1,1,1,48963.0,48963.0,48963.0,0.0,1.0,0.0,2535.0,1009.0,958.0,669.0,669.0,1.0,False,,,,,,,,True,2587,non-rollup institutions
FY2025,IPF10066649,"OPERA BIOSCIENCE, INC.",Opera Bioscience,UNITED STATES,False,47879.0,1,1,47879.0,0.0,0,0.0,0,0,0.0,0,0,0.0,0,47879.0,1,0.0,0,0.0,0,0.0,0,0.0,0,0.0,0,0.0,0,0.0,0,0.0,0,47879.0,1,1,1,47879.0,47879.0,47879.0,0.0,1.0,0.0,2536.0,1009.0,958.0,669.0,669.0,1.0,False,,,,,,,,True,2587,non-rollup institutions
FY2025,IPF10038741,"MICRO-LEADS, INC.",Micro-Leads,UNITED STATES,False,46729.0,1,1,33378.0,13351.0,0,0.0,0,0,0.0,0,0,0.0,0,0.0,0,46729.0,1,0.0,0,0.0,0,0.0,0,0.0,0,0.0,0,0.0,0,0.0,0,46729.0,1,1,1,46729.0,46729.0,46729.0,0.0,1.0,0.0,2537.0,1009.0,958.0,669.0,669.0,1.0,False,,,,,,,,True,2587,non-rollup institutions
FY2025,IPF10079473,E&E BIOCLUB LLC,E&E Bioclub,UNITED STATES,False,46414.0,1,1,42976.0,3438.0,0,0.0,0,0,0.0,0,0,0.0,0,46414.0,1,0.0,0,0.0,0,0.0,0,0.0,0,0.0,0,0.0,0,0.0,0,0.0,0,46414.0,1,1,1,46414.0,46414.0,46414.0,0.0,1.0,0.0,2538.0,1009.0,958.0,669.0,669.0,1.0,False,,,,,,,,True,2587,non-rollup institutions
FY2025,IPF10001467,AMERICAN SOCIETY FOR BONE & MINERAL RES,American Society for Bone & Mineral Research,UNITED STATES,False,45000.0,1,1,45000.0,0.0,0,0.0,0,0,0.0,0,0,0.0,0,45000.0,1,0.0,0,0.0,0,0.0,0,0.0,0,0.0,0,0.0,0,0.0,0,0.0,0,45000.0,1,1,1,45000.0,45000.0,45000.0,0.0,1.0,0.0,2539.0,1009.0,958.0,669.0,669.0,1.0,False,,,,,,,,True,2587,non-rollup institutions
FY2025,IPF10029999,ASSOCIATION FOR CHEMORECEPTION SCIENCES,Association for Chemoreception Sciences,UNITED STATES,False,40700.0,1,1,40700.0,0.0,0,0.0,0,0,0.0,0,0,0.0,0,40700.0,1,0.0,0,0.0,0,0.0,0,0.0,0,0.0,0,0.0,0,0.0,0,0.0,0,40700.0,1,1,1,40700.0,40700.0,40700.0,0.0,1.0,0.0,2540.0,1009.0,958.0,669.0,669.0,1.0,False,,,,,,,,True,2587,non-rollup institutions
FY2025,IPF10021798,VETERANS HEALTH FOUNDATION,Veterans Health Foundation,UNITED STATES,False,40000.0,1,1,40000.0,0.0,0,0.0,0,0,0.0,0,0,0.0,0,40000.0,1,0.0,0,0.0,0,0.0,0,0.0,0,0.0,0,0.0,0,0.0,0,0.0,0,40000.0,1,1,1,40000.0,40000.0,40000.0,0.0,1.0,0.0,2541.0,1009.0,958.0,669.0,669.0,1.0,False,,,,,,,,True,2587,non-rollup institutions
FY2025,IPF10005991,NORTH AMERICAN VASCULAR BIOLOGY ORG,North American Vascular Biology Org,UNITED STATES,False,40000.0,1,1,40000.0,0.0,0,0.0,0,0,0.0,0,0,0.0,0,40000.0,1,0.0,0,0.0,0,0.0,0,0.0,0,0.0,0,0.0,0,0.0,0,0.0,0,40000.0,1,1,1,40000.0,40000.0,40000.0,0.0,1.0,0.0,2541.0,1009.0,958.0,669.0,669.0,1.0,False,,,,,,,,True,2587,non-rollup institutions
FY2025,IPF10071396,"NEUROMATCH, INC.",Neuromatch,UNITED STATES,False,39496.0,1,1,36570.0,2926.0,0,0.0,0,0,0.0,0,0,0.0,0,39496.0,1,0.0,0,0.0,0,0.0,0,0.0,0,0.0,0,0.0,0,0.0,0,0.0,0,39496.0,1,1,1,39496.0,39496.0,39496.0,0.0,1.0,0.0,2543.0,1009.0,958.0,669.0,669.0,1.0,False,,,,,,,,True,2587,non-rollup institutions
FY2025,IPF10054453,"INDIVIOR, INC.",Indivior,UNITED STATES,False,38402.0,1,1,38402.0,0.0,0,0.0,0,0,0.0,0,0,0.0,0,0.0,0,38402.0,1,0.0,0,0.0,0,0.0,0,0.0,0,0.0,0,0.0,0,0.0,0,38402.0,1,1,1,38402.0,38402.0,38402.0,0.0,1.0,0.0,2544.0,1009.0,958.0,669.0,669.0,1.0,False,,,,,,,,True,2587,non-rollup institutions
FY2025,IPF4155401,NORTH AMERICAN ASSN/CENTRAL CANCER REG,North American Assn/Central Cancer Reg,UNITED STATES,False,38011.0,1,1,38011.0,0.0,0,0.0,0,0,0.0,0,0,0.0,0,38011.0,1,0.0,0,0.0,0,0.0,0,0.0,0,0.0,0,0.0,0,0.0,0,0.0,0,38011.0,1,1,1,38011.0,38011.0,38011.0,0.0,1.0,0.0,2545.0,1009.0,958.0,669.0,669.0,1.0,False,,,,,,,,True,2587,non-rollup institutions
FY2025,IPF1605018,CUNY GRADUATE SCH AND UNIV CTR,CUNY Graduate School and University Center,UNITED STATES,False,36538.0,2,1,36538.0,0.0,0,0.0,0,0,0.0,0,0,0.0,0,0.0,0,0.0,0,0.0,0,0.0,0,0.0,0,36538.0,2,0.0,0,0.0,0,0.0,0,36538.0,2,1,1,36538.0,36538.0,18269.0,0.0,1.0,0.0,2546.0,698.0,958.0,669.0,669.0,1.0,False,,,,,,,,True,2587,non-rollup institutions
FY2025,IPF3986101,HANNOVER MEDICAL SCHOOL,Hannover Medical School,GERMANY,False,34020.0,2,1,34020.0,0.0,0,0.0,0,0,0.0,0,0,0.0,0,0.0,0,0.0,0,0.0,0,0.0,0,0.0,0,34020.0,2,0.0,0,0.0,0,0.0,0,34020.0,2,1,1,34020.0,34020.0,17010.0,0.0,1.0,0.0,2547.0,698.0,958.0,669.0,669.0,1.0,False,,,,,,,,True,2587,non-rollup institutions
FY2025,IPF10023006,"AMERICAN ACADEMY OF AUDIOLOGY, INC.",American Academy of Audiology,UNITED STATES,False,31155.0,1,1,31155.0,0.0,0,0.0,0,0,0.0,0,0,0.0,0,31155.0,1,0.0,0,0.0,0,0.0,0,0.0,0,0.0,0,0.0,0,0.0,0,0.0,0,31155.0,1,2,1,15578.0,31155.0,31155.0,0.0,0.5,0.0,2548.0,1009.0,958.0,669.0,669.0,1.0,False,,,,,,,,True,2587,non-rollup institutions
FY2025,IPF10028763,HUBERT KAIRUKI MEMORIAL UNIVERSITY,Hubert Kairuki Memorial University,TANZANIA U REP,False,30240.0,1,1,28000.0,2240.0,0,0.0,0,0,0.0,0,0,0.0,0,0.0,0,0.0,0,0.0,0,0.0,0,0.0,0,0.0,0,0.0,0,30240.0,1,0.0,0,30240.0,1,3,1,10080.0,30240.0,30240.0,0.0,0.33,0.0,2549.0,1009.0,958.0,669.0,669.0,1.0,False,,,,,,,,True,2587,non-rollup institutions
FY2025,IPF4232601,"AMERICAN ASSOCIATION FOR DENTAL, ORAL, AND CRANIOFACIAL RESEARCH","American Association for Dental, Oral, and Craniofacial Research",UNITED STATES,False,30000.0,1,1,30000.0,0.0,0,0.0,0,0,0.0,0,0,0.0,0,30000.0,1,0.0,0,0.0,0,0.0,0,0.0,0,0.0,0,0.0,0,0.0,0,0.0,0,30000.0,1,1,1,30000.0,30000.0,30000.0,0.0,1.0,0.0,2550.0,1009.0,958.0,669.0,669.0,1.0,False,,,,,,,,True,2587,non-rollup institutions
FY2025,IPF10062527,UNIVERSITY OF LIBERIA COLLEGE OF HEALTH SCIENCES,University of Liberia College of Health Sciences,LIBERIA,False,29636.0,1,1,27441.0,2195.0,0,0.0,0,0,0.0,0,0,0.0,0,0.0,0,0.0,0,0.0,0,0.0,0,0.0,0,0.0,0,0.0,0,29636.0,1,0.0,0,29636.0,1,2,1,14818.0,29636.0,29636.0,0.0,0.5,0.0,2551.0,1009.0,958.0,669.0,669.0,1.0,False,,,,,,,,True,2587,non-rollup institutions
FY2025,IPF345802,AMERICAN PSYCHIATRIC ASSOC FOUNDATION,American Psychiatric Assoc Foundation,UNITED STATES,False,25000.0,1,1,25000.0,0.0,0,0.0,0,0,0.0,0,0,0.0,0,25000.0,1,0.0,0,0.0,0,0.0,0,0.0,0,0.0,0,0.0,0,0.0,0,0.0,0,25000.0,1,1,1,25000.0,25000.0,25000.0,0.0,1.0,0.0,2552.0,1009.0,958.0,669.0,669.0,1.0,False,,,,,,,,True,2587,non-rollup institutions
FY2025,IPF10050140,SLEEP RESEARCH SOCIETY,Sleep Research Society,UNITED STATES,False,25000.0,1,1,25000.0,0.0,0,0.0,0,0,0.0,0,0,0.0,0,25000.0,1,0.0,0,0.0,0,0.0,0,0.0,0,0.0,0,0.0,0,0.0,0,0.0,0,25000.0,1,1,1,25000.0,25000.0,25000.0,0.0,1.0,0.0,2552.0,1009.0,958.0,669.0,669.0,1.0,False,,,,,,,,True,2587,non-rollup institutions
FY2025,IPF10008289,ADVANCES IN MINERAL METABOLISM,Advances in Mineral Metabolism,UNITED STATES,False,25000.0,1,1,25000.0,0.0,0,0.0,0,0,0.0,0,0,0.0,0,25000.0,1,0.0,0,0.0,0,0.0,0,0.0,0,0.0,0,0.0,0,0.0,0,0.0,0,25000.0,1,1,1,25000.0,25000.0,25000.0,0.0,1.0,0.0,2552.0,1009.0,958.0,669.0,669.0,1.0,False,,,,,,,,True,2587,non-rollup institutions
FY2025,IPF10083808,"ASSOCIATION OF CLINICAL RESEARCH PROFESSIONAL, INC.",Association of Clinical Research Professional,UNITED STATES,False,25000.0,1,1,25000.0,0.0,0,0.0,0,0,0.0,0,0,0.0,0,25000.0,1,0.0,0,0.0,0,0.0,0,0.0,0,0.0,0,0.0,0,0.0,0,0.0,0,25000.0,1,1,1,25000.0,25000.0,25000.0,0.0,1.0,0.0,2552.0,1009.0,958.0,669.0,669.0,1.0,False,,,,,,,,True,2587,non-rollup institutions
FY2025,IPF3150301,TUBEROUS SCLEROSIS ALLIANCE,Tuberous Sclerosis Alliance,UNITED STATES,False,25000.0,1,1,25000.0,0.0,0,0.0,0,0,0.0,0,0,0.0,0,25000.0,1,0.0,0,0.0,0,0.0,0,0.0,0,0.0,0,0.0,0,0.0,0,0.0,0,25000.0,1,1,1,25000.0,25000.0,25000.0,0.0,1.0,0.0,2552.0,1009.0,958.0,669.0,669.0,1.0,False,,,,,,,,True,2587,non-rollup institutions
FY2025,IPF251501,SOCIETY FOR THE STUDY OF REPRODUCTION,Society for the Study of Reproduction,UNITED STATES,False,25000.0,1,1,25000.0,0.0,0,0.0,0,0,0.0,0,0,0.0,0,25000.0,1,0.0,0,0.0,0,0.0,0,0.0,0,0.0,0,0.0,0,0.0,0,0.0,0,25000.0,1,1,1,25000.0,25000.0,25000.0,0.0,1.0,0.0,2552.0,1009.0,958.0,669.0,669.0,1.0,False,,,,,,,,True,2587,non-rollup institutions
FY2025,IPF4315301,"AMERSA, INC.",Amersa,UNITED STATES,False,25000.0,1,1,25000.0,0.0,0,0.0,0,0,0.0,0,0,0.0,0,25000.0,1,0.0,0,0.0,0,0.0,0,0.0,0,0.0,0,0.0,0,0.0,0,0.0,0,25000.0,1,1,1,25000.0,25000.0,25000.0,0.0,1.0,0.0,2552.0,1009.0,958.0,669.0,669.0,1.0,False,,,,,,,,True,2587,non-rollup institutions
FY2025,IPF10017428,AMERICAN PHYSICIANS SCIENTISTS ASSN,American Physicians Scientists Assn,UNITED STATES,False,23750.0,1,1,23750.0,0.0,0,0.0,0,0,0.0,0,0,0.0,0,23750.0,1,0.0,0,0.0,0,0.0,0,0.0,0,0.0,0,0.0,0,0.0,0,0.0,0,23750.0,1,1,1,23750.0,23750.0,23750.0,0.0,1.0,0.0,2559.0,1009.0,958.0,669.0,669.0,1.0,False,,,,,,,,True,2587,non-rollup institutions
FY2025,IPF10030860,BIOMEDICAL ENGINEERING SOCIETY,Biomedical Engineering Society,UNITED STATES,False,23000.0,2,2,23000.0,0.0,0,0.0,0,0,0.0,0,0,0.0,0,23000.0,2,0.0,0,0.0,0,0.0,0,0.0,0,0.0,0,0.0,0,0.0,0,0.0,0,23000.0,2,2,2,11500.0,11500.0,11500.0,0.0,1.0,0.0,2560.0,698.0,671.0,669.0,669.0,1.0,False,,,,,,,,True,2587,non-rollup institutions
FY2025,IPF2591701,AMERICAN MEDICAL INFORMATICS ASSN,American Medical Informatics Assn,UNITED STATES,False,20000.0,1,1,20000.0,0.0,0,0.0,0,0,0.0,0,0,0.0,0,20000.0,1,0.0,0,0.0,0,0.0,0,0.0,0,0.0,0,0.0,0,0.0,0,0.0,0,20000.0,1,2,1,10000.0,20000.0,20000.0,0.0,0.5,0.0,2561.0,1009.0,958.0,669.0,669.0,1.0,False,,,,,,,,True,2587,non-rollup institutions
FY2025,IPF2448601,AMERICAN SOCIETY OF ADDICTION MEDICINE,American Society of Addiction Medicine,UNITED STATES,False,20000.0,1,1,20000.0,0.0,0,0.0,0,0,0.0,0,0,0.0,0,20000.0,1,0.0,0,0.0,0,0.0,0,0.0,0,0.0,0,0.0,0,0.0,0,0.0,0,20000.0,1,2,1,10000.0,20000.0,20000.0,0.0,0.5,0.0,2561.0,1009.0,958.0,669.0,669.0,1.0,False,,,,,,,,True,2587,non-rollup institutions
FY2025,IPF10089498,NATIONAL ASSOCIATION OF STATE HEAD INJURY ADMINISTRATORS,National Association of State Head Injury Administrators,UNITED STATES,False,20000.0,1,1,20000.0,0.0,0,0.0,0,0,0.0,0,0,0.0,0,20000.0,1,0.0,0,0.0,0,0.0,0,0.0,0,0.0,0,0.0,0,0.0,0,0.0,0,20000.0,1,1,1,20000.0,20000.0,20000.0,0.0,1.0,0.0,2561.0,1009.0,958.0,669.0,669.0,1.0,False,,,,,,,,True,2587,non-rollup institutions
FY2025,IPF10076134,"HUMAN GENOME ORGANIZATION INTERNATIONAL, INC.",Human Genome Organization International,UNITED STATES,False,19875.0,1,1,19875.0,0.0,0,0.0,0,0,0.0,0,0,0.0,0,19875.0,1,0.0,0,0.0,0,0.0,0,0.0,0,0.0,0,0.0,0,0.0,0,0.0,0,19875.0,1,1,1,19875.0,19875.0,19875.0,0.0,1.0,0.0,2564.0,1009.0,958.0,669.0,669.0,1.0,False,,,,,,,,True,2587,non-rollup institutions
FY2025,IPF10036600,RASOPATHIES NETWORK USA,Rasopathies Network USA,UNITED STATES,False,18000.0,1,1,18005.0,0.0,0,0.0,0,0,0.0,0,0,0.0,0,18000.0,1,0.0,0,0.0,0,0.0,0,0.0,0,0.0,0,0.0,0,0.0,0,0.0,0,18000.0,1,1,1,18000.0,18000.0,18000.0,0.0,1.0,0.0,2565.0,1009.0,958.0,669.0,669.0,1.0,False,,,,,,,,True,2587,non-rollup institutions
FY2025,IPF10075426,ARTHRITIS NATIONAL RESEARCH FOUNDATION,Arthritis National Research Foundation,UNITED STATES,False,18000.0,1,1,18000.0,0.0,0,0.0,0,0,0.0,0,0,0.0,0,18000.0,1,0.0,0,0.0,0,0.0,0,0.0,0,0.0,0,0.0,0,0.0,0,0.0,0,18000.0,1,1,1,18000.0,18000.0,18000.0,0.0,1.0,0.0,2565.0,1009.0,958.0,669.0,669.0,1.0,False,,,,,,,,True,2587,non-rollup institutions
FY2025,IPF10025989,"AMERICAN SOCIETY OF NEPHROLOGY, INC.",American Society of Nephrology,UNITED STATES,False,15000.0,1,1,15000.0,0.0,0,0.0,0,0,0.0,0,0,0.0,0,15000.0,1,0.0,0,0.0,0,0.0,0,0.0,0,0.0,0,0.0,0,0.0,0,0.0,0,15000.0,1,2,1,7500.0,15000.0,15000.0,0.0,0.5,0.0,2567.0,1009.0,958.0,669.0,669.0,1.0,False,,,,,,,,True,2587,non-rollup institutions
FY2025,IPF2389601,SOCIETY OF TOXICOLOGY,Society of Toxicology,UNITED STATES,False,15000.0,1,1,15000.0,0.0,0,0.0,0,0,0.0,0,0,0.0,0,15000.0,1,0.0,0,0.0,0,0.0,0,0.0,0,0.0,0,0.0,0,0.0,0,0.0,0,15000.0,1,1,1,15000.0,15000.0,15000.0,0.0,1.0,0.0,2567.0,1009.0,958.0,669.0,669.0,1.0,False,,,,,,,,True,2587,non-rollup institutions
FY2025,IPF10090564,ORTHOPAEDIC TRAUMA ASSN,Orthopaedic Trauma Assn,UNITED STATES,False,15000.0,1,1,15000.0,0.0,0,0.0,0,0,0.0,0,0,0.0,0,15000.0,1,0.0,0,0.0,0,0.0,0,0.0,0,0.0,0,0.0,0,0.0,0,0.0,0,15000.0,1,2,1,7500.0,15000.0,15000.0,0.0,0.5,0.0,2567.0,1009.0,958.0,669.0,669.0,1.0,False,,,,,,,,True,2587,non-rollup institutions
FY2025,IPF4329201,SOCIETY FOR INVESTIGATIVE DERMATOLOGY,Society for Investigative Dermatology,UNITED STATES,False,15000.0,1,1,15000.0,0.0,0,0.0,0,0,0.0,0,0,0.0,0,15000.0,1,0.0,0,0.0,0,0.0,0,0.0,0,0.0,0,0.0,0,0.0,0,0.0,0,15000.0,1,2,1,7500.0,15000.0,15000.0,0.0,0.5,0.0,2567.0,1009.0,958.0,669.0,669.0,1.0,False,,,,,,,,True,2587,non-rollup institutions
FY2025,IPF401501,AMERICAN UROLOGICAL ASSOCIATION,American Urological Association,UNITED STATES,False,15000.0,1,1,15000.0,0.0,0,0.0,0,0,0.0,0,0,0.0,0,15000.0,1,0.0,0,0.0,0,0.0,0,0.0,0,0.0,0,0.0,0,0.0,0,0.0,0,15000.0,1,1,1,15000.0,15000.0,15000.0,0.0,1.0,0.0,2567.0,1009.0,958.0,669.0,669.0,1.0,False,,,,,,,,True,2587,non-rollup institutions
FY2025,IPF4107201,INTERNATIONAL CANNABINOID RES SOCIETY,International Cannabinoid Research Society,UNITED STATES,False,12500.0,1,1,12500.0,0.0,0,0.0,0,0,0.0,0,0,0.0,0,12500.0,1,0.0,0,0.0,0,0.0,0,0.0,0,0.0,0,0.0,0,0.0,0,0.0,0,12500.0,1,1,1,12500.0,12500.0,12500.0,0.0,1.0,0.0,2572.0,1009.0,958.0,669.0,669.0,1.0,False,,,,,,,,True,2587,non-rollup institutions
FY2025,IPF340101,AMERICAN PHYSIOLOGICAL SOCIETY,American Physiological Society,UNITED STATES,False,12000.0,1,1,12000.0,0.0,0,0.0,0,0,0.0,0,0,0.0,0,12000.0,1,0.0,0,0.0,0,0.0,0,0.0,0,0.0,0,0.0,0,0.0,0,0.0,0,12000.0,1,3,1,4000.0,12000.0,12000.0,0.0,0.33,0.0,2573.0,1009.0,958.0,669.0,669.0,1.0,False,,,,,,,,True,2587,non-rollup institutions
FY2025,IPF763501,ENVIRONMENTAL MUTAGENESIS/GENOMICS SOC,Environmental Mutagenesis/Genomics Soc,UNITED STATES,False,12000.0,1,1,12000.0,0.0,0,0.0,0,0,0.0,0,0,0.0,0,12000.0,1,0.0,0,0.0,0,0.0,0,0.0,0,0.0,0,0.0,0,0.0,0,0.0,0,12000.0,1,1,1,12000.0,12000.0,12000.0,0.0,1.0,0.0,2573.0,1009.0,958.0,669.0,669.0,1.0,False,,,,,,,,True,2587,non-rollup institutions
FY2025,IPF622901,TERATOLOGY SOCIETY,Teratology Society,UNITED STATES,False,10000.0,1,1,10000.0,0.0,0,0.0,0,0,0.0,0,0,0.0,0,10000.0,1,0.0,0,0.0,0,0.0,0,0.0,0,0.0,0,0.0,0,0.0,0,0.0,0,10000.0,1,1,1,10000.0,10000.0,10000.0,0.0,1.0,0.0,2575.0,1009.0,958.0,669.0,669.0,1.0,False,,,,,,,,True,2587,non-rollup institutions
FY2025,IPF353401,AMERICAN PUBLIC HEALTH ASSOCIATION,American Public Health Association,UNITED STATES,False,10000.0,1,1,10000.0,0.0,0,0.0,0,0,0.0,0,0,0.0,0,10000.0,1,0.0,0,0.0,0,0.0,0,0.0,0,0.0,0,0.0,0,0.0,0,0.0,0,10000.0,1,1,1,10000.0,10000.0,10000.0,0.0,1.0,0.0,2575.0,1009.0,958.0,669.0,669.0,1.0,False,,,,,,,,True,2587,non-rollup institutions
FY2025,IPF10003708,AMERICAN SOCIETY OF ANDROLOGY,American Society of Andrology,UNITED STATES,False,10000.0,1,1,10000.0,0.0,0,0.0,0,0,0.0,0,0,0.0,0,10000.0,1,0.0,0,0.0,0,0.0,0,0.0,0,0.0,0,0.0,0,0.0,0,0.0,0,10000.0,1,1,1,10000.0,10000.0,10000.0,0.0,1.0,0.0,2575.0,1009.0,958.0,669.0,669.0,1.0,False,,,,,,,,True,2587,non-rollup institutions
FY2025,IPF10079374,CIRCULATECH LLC,Circulatech,UNITED STATES,False,6500.0,1,1,6500.0,0.0,0,0.0,0,0,0.0,0,0,0.0,0,6500.0,1,0.0,0,0.0,0,0.0,0,0.0,0,0.0,0,0.0,0,0.0,0,0.0,0,6500.0,1,2,1,3250.0,6500.0,6500.0,0.0,0.5,0.0,2578.0,1009.0,958.0,669.0,669.0,1.0,False,,,,,,,,True,2587,non-rollup institutions
FY2025,IPF10040647,"SERENTRIX, LLC",Serentrix,UNITED STATES,False,6500.0,1,1,6500.0,0.0,0,0.0,0,0,0.0,0,0,0.0,0,6500.0,1,0.0,0,0.0,0,0.0,0,0.0,0,0.0,0,0.0,0,0.0,0,0.0,0,6500.0,1,1,1,6500.0,6500.0,6500.0,0.0,1.0,0.0,2578.0,1009.0,958.0,669.0,669.0,1.0,False,,,,,,,,True,2587,non-rollup institutions
FY2025,IPF4016601,ITHACA COLLEGE,Ithaca College,UNITED STATES,False,6200.0,1,1,6200.0,0.0,0,0.0,0,0,0.0,0,0,0.0,0,6200.0,1,0.0,0,0.0,0,0.0,0,0.0,0,0.0,0,0.0,0,0.0,0,0.0,0,6200.0,1,1,1,6200.0,6200.0,6200.0,0.0,1.0,0.0,2580.0,1009.0,958.0,669.0,669.0,1.0,False,,,,,,,,True,2587,non-rollup institutions
FY2025,IPF10070782,"NATIONAL FORUM FOR HEART DISEASE AND STROKE PREVENTION, INC",National Forum for Heart Disease and Stroke Prevention,UNITED STATES,False,5000.0,1,1,5000.0,0.0,0,0.0,0,0,0.0,0,0,0.0,0,5000.0,1,0.0,0,0.0,0,0.0,0,0.0,0,0.0,0,0.0,0,0.0,0,0.0,0,5000.0,1,1,1,5000.0,5000.0,5000.0,0.0,1.0,0.0,2581.0,1009.0,958.0,669.0,669.0,1.0,False,,,,,,,,True,2587,non-rollup institutions
FY2025,IPF4588901,SOCIETY ON NEUROIMMUNE PHARMACOLOGY,Society On Neuroimmune Pharmacology,UNITED STATES,False,1.0,1,1,1.0,0.0,0,0.0,0,0,0.0,0,0,0.0,0,1.0,1,0.0,0,0.0,0,0.0,0,0.0,0,0.0,0,0.0,0,0.0,0,0.0,0,1.0,1,3,1,0.0,1.0,1.0,0.0,0.33,0.0,2582.0,1009.0,958.0,669.0,669.0,1.0,False,,,,,,,,True,2587,non-rollup institutions
FY2025,IPF15201,THE ACADEMY OF NATURAL SCIENCES OF PHILADELPHIA,The Academy of Natural Sciences of Philadelphia,UNITED STATES,False,1.0,1,1,1.0,0.0,0,0.0,0,0,0.0,0,0,0.0,0,1.0,1,0.0,0,0.0,0,0.0,0,0.0,0,0.0,0,0.0,0,0.0,0,0.0,0,1.0,1,3,1,0.0,1.0,1.0,0.0,0.33,0.0,2582.0,1009.0,958.0,669.0,669.0,1.0,False,,,,,,,,True,2587,non-rollup institutions
FY2025,IPF10001315,AMERICAN PSYCHOSOMATIC SOCIETY (APS),American Psychosomatic Society (Aps),UNITED STATES,False,1.0,1,1,1.0,0.0,0,0.0,0,0,0.0,0,0,0.0,0,1.0,1,0.0,0,0.0,0,0.0,0,0.0,0,0.0,0,0.0,0,0.0,0,0.0,0,1.0,1,2,1,0.0,1.0,1.0,0.0,0.5,0.0,2582.0,1009.0,958.0,669.0,669.0,1.0,False,,,,,,,,True,2587,non-rollup institutions
FY2025,IPF4113301,ALZHEIMER'S ASSOCIATION,Alzheimer's Association,UNITED STATES,False,1.0,1,1,1.0,0.0,0,0.0,0,0,0.0,0,0,0.0,0,1.0,1,0.0,0,0.0,0,0.0,0,0.0,0,0.0,0,0.0,0,0.0,0,0.0,0,1.0,1,3,1,0.0,1.0,1.0,0.0,0.33,0.0,2582.0,1009.0,958.0,669.0,669.0,1.0,False,,,,,,,,True,2587,non-rollup institutions
FY2025,IPF10042726,ADVANCEDCPR SOLUTIONS LLC,Advancedcpr Solutions,UNITED STATES,False,1.0,1,1,1.0,0.0,0,0.0,0,0,0.0,0,0,0.0,0,1.0,1,0.0,0,0.0,0,0.0,0,0.0,0,0.0,0,0.0,0,0.0,0,0.0,0,1.0,1,1,1,1.0,1.0,1.0,0.0,1.0,0.0,2582.0,1009.0,958.0,669.0,669.0,1.0,False,,,,,,,,True,2587,non-rollup institutions
FY2025,IPF7265601,UNIVERSITY OF SAN FRANCISCO,University of San Francisco,UNITED STATES,False,1.0,1,1,1.0,0.0,0,0.0,0,0,0.0,0,0,0.0,0,1.0,1,0.0,0,0.0,0,0.0,0,0.0,0,0.0,0,0.0,0,0.0,0,0.0,0,1.0,1,1,1,1.0,1.0,1.0,0.0,1.0,0.0,2582.0,1009.0,958.0,669.0,669.0,1.0,False,,,,,,,,True,2587,non-rollup institutions
