application_id,core_project_num,canonical_org_id,pi_name_raw,fiscal_year,total_cost,is_r01,activity_code,mechanism_family,project_title,modal_department,nih_org_dept,is_department_of_surgery,surgical_share,n_affiliations,name_match,n_forenames_seen,rule,validation_kappa,profiled_at
10154322,F32AG071308,BIDMC,"ALEMI, MOHAMMAD MEHDI",2021,68490.0,False,F32,F,Evaluation of a Novel Passive Back-Support Exosuit (BSE) for Back Injury Prevention in Older Adults,ORTHOPEDIC_SURGERY,ORTHOPEDICS,False,1.0,7,full_forename,1,majority,0.916,2026-08-01T17:26:23+00:00
10460916,F32AG071308,BIDMC,"ALEMI, MOHAMMAD MEHDI",2022,57875.0,False,F32,F,Evaluation of a Novel Passive Back-Support Exosuit (BSE) for Back Injury Prevention in Older Adults,ORTHOPEDIC_SURGERY,ORTHOPEDICS,False,1.0,7,full_forename,1,majority,0.916,2026-08-01T17:26:23+00:00
10128304,R01AR075964,BIDMC,"ALKALAY, RON N",2021,131892.0,True,R01,R01,Predicting Fracture Risk in Patients Treated with Radiotherapy for Spinal Metastatic Disease,ORTHOPEDIC_SURGERY,ORTHOPEDICS,False,1.0,12,full_forename,1,majority,0.916,2026-08-01T17:26:23+00:00
10392406,R01AR075964,BIDMC,"ALKALAY, RON N",2022,676550.0,True,R01,R01,Predicting Fracture Risk in Patients Treated with Radiotherapy for Spinal Metastatic Disease,ORTHOPEDIC_SURGERY,ORTHOPEDICS,False,1.0,12,full_forename,1,majority,0.916,2026-08-01T17:26:23+00:00
10593799,R01AR075964,BIDMC,"ALKALAY, RON N",2022,352266.0,True,R01,R01,Curating musculoskeletal CT data to enable the development of AI/ML approaches for analysis of clinical CT in patients with metastatic spinal disease,ORTHOPEDIC_SURGERY,ORTHOPEDICS,False,1.0,12,full_forename,1,majority,0.916,2026-08-01T17:26:23+00:00
10655309,R01AR075964,BIDMC,"ALKALAY, RON N",2023,681073.0,True,R01,R01,Predicting Fracture Risk in Patients Treated with Radiotherapy for Spinal Metastatic Disease,ORTHOPEDIC_SURGERY,ORTHOPEDICS,False,1.0,12,full_forename,1,majority,0.916,2026-08-01T17:26:23+00:00
10814861,R01AR075964,BIDMC,"ALKALAY, RON N",2024,639383.0,True,R01,R01,Predicting Fracture Risk in Patients Treated with Radiotherapy for Spinal Metastatic Disease,ORTHOPEDIC_SURGERY,ORTHOPEDICS,False,1.0,12,full_forename,1,majority,0.916,2026-08-01T17:26:23+00:00
10229451,R01AR073019,BIDMC,"BOUXSEIN, MARY L",2021,530112.0,True,R01,R01,Influence of Spinal Loading on Vertebral Fracture,ORTHOPEDIC_SURGERY,ORTHOPEDICS,False,1.0,105,full_forename,1,majority,0.916,2026-08-01T17:26:23+00:00
10471192,R01AR073019,BIDMC,"BOUXSEIN, MARY L",2022,543808.0,True,R01,R01,Influence of Spinal Loading on Vertebral Fracture,ORTHOPEDIC_SURGERY,ORTHOPEDICS,False,1.0,105,full_forename,1,majority,0.916,2026-08-01T17:26:23+00:00
10222522,UG3AI150551,BIDMC,"CHAIKOF, ELLIOT",2021,711044.0,False,UG3,U,Delivery Technologies for In Vivo Genome Editing,GENERAL_AND_UNSPECIFIED_SURGERY,SURGERY,True,1.0,41,full_forename,1,majority,0.916,2026-08-01T17:26:23+00:00
10229398,R01HL147855,BIDMC,"CHAIKOF, ELLIOT",2021,488240.0,True,R01,R01,Clot-Targeted Antithrombotics for Venous Thromboprophylaxis,GENERAL_AND_UNSPECIFIED_SURGERY,SURGERY,True,1.0,41,full_forename,1,majority,0.916,2026-08-01T17:26:23+00:00
10420534,R01DK132284,BIDMC,"CHAIKOF, ELLIOT",2022,705835.0,True,R01,R01,Structure-Guided Design of Intestine-Selective AHR Agonists for Restoration of Gut Barrier Integrity in IBD,GENERAL_AND_UNSPECIFIED_SURGERY,SURGERY,True,1.0,41,full_forename,1,majority,0.916,2026-08-01T17:26:23+00:00
10420546,R01EB032824,BIDMC,"CHAIKOF, ELLIOT",2022,611830.0,True,R01,R01,Immunoevasive Engineered Living Blood Vessels,GENERAL_AND_UNSPECIFIED_SURGERY,SURGERY,True,1.0,41,full_forename,1,majority,0.916,2026-08-01T17:26:23+00:00
10474980,R01HL147855,BIDMC,"CHAIKOF, ELLIOT",2022,465803.0,True,R01,R01,Clot-Targeted Antithrombotics for Venous Thromboprophylaxis,GENERAL_AND_UNSPECIFIED_SURGERY,SURGERY,True,1.0,41,full_forename,1,majority,0.916,2026-08-01T17:26:23+00:00
10664097,UH3AI150551,BIDMC,"CHAIKOF, ELLIOT",2022,1385636.0,False,UH3,U,Delivery Technologies for In Vivo Genome Editing,GENERAL_AND_UNSPECIFIED_SURGERY,SURGERY,True,1.0,41,full_forename,1,majority,0.916,2026-08-01T17:26:23+00:00
10627922,R01DK132284,BIDMC,"CHAIKOF, ELLIOT",2023,705947.0,True,R01,R01,Structure-Guided Design of Intestine-Selective AHR Agonists for Restoration of Gut Barrier Integrity in IBD,GENERAL_AND_UNSPECIFIED_SURGERY,SURGERY,True,1.0,41,full_forename,1,majority,0.916,2026-08-01T17:26:23+00:00
10676153,R01EB032824,BIDMC,"CHAIKOF, ELLIOT",2023,604246.0,True,R01,R01,Immunoevasive Engineered Living Blood Vessels,GENERAL_AND_UNSPECIFIED_SURGERY,SURGERY,True,1.0,41,full_forename,1,majority,0.916,2026-08-01T17:26:23+00:00
10772317,R01HL171101,BIDMC,"CHAIKOF, ELLIOT",2024,761370.0,True,R01,R01,Rechargeable Anti-thrombogenic Films for Blood Contacting Applications,GENERAL_AND_UNSPECIFIED_SURGERY,SURGERY,True,1.0,41,full_forename,1,majority,0.916,2026-08-01T17:26:23+00:00
10811604,R01DK132284,BIDMC,"CHAIKOF, ELLIOT",2024,677710.0,True,R01,R01,Structure-Guided Design of Intestine-Selective AHR Agonists for Restoration of Gut Barrier Integrity in IBD,GENERAL_AND_UNSPECIFIED_SURGERY,SURGERY,True,1.0,41,full_forename,1,majority,0.916,2026-08-01T17:26:23+00:00
10839976,R01EB032824,BIDMC,"CHAIKOF, ELLIOT",2024,592162.0,True,R01,R01,Immunoevasive Engineered Living Blood Vessels,GENERAL_AND_UNSPECIFIED_SURGERY,SURGERY,True,1.0,41,full_forename,1,majority,0.916,2026-08-01T17:26:23+00:00
10997328,R01HL171101,BIDMC,"CHAIKOF, ELLIOT",2025,724920.0,True,R01,R01,Rechargeable Anti-thrombogenic Films for Blood Contacting Applications,GENERAL_AND_UNSPECIFIED_SURGERY,SURGERY,True,1.0,41,full_forename,1,majority,0.916,2026-08-01T17:26:23+00:00
11086745,R01DK132284,BIDMC,"CHAIKOF, ELLIOT",2025,705947.0,True,R01,R01,Structure-Guided Design of Intestine-Selective AHR Agonists for Restoration of Gut Barrier Integrity in IBD,GENERAL_AND_UNSPECIFIED_SURGERY,SURGERY,True,1.0,41,full_forename,1,majority,0.916,2026-08-01T17:26:23+00:00
11098751,R01EB032824,BIDMC,"CHAIKOF, ELLIOT",2025,604246.0,True,R01,R01,Immunoevasive Engineered Living Blood Vessels,GENERAL_AND_UNSPECIFIED_SURGERY,SURGERY,True,1.0,41,full_forename,1,majority,0.916,2026-08-01T17:26:23+00:00
10205105,R24GM137763,BIDMC,"CUMMINGS, RICHARD D",2021,962500.0,False,R24,R_OTHER,Protein-Glycan Interaction Resource at the National Center for Functional Glycomics (NCFG),GENERAL_AND_UNSPECIFIED_SURGERY,SURGERY,True,1.0,72,full_forename,1,majority,0.916,2026-08-01T17:26:23+00:00
10293635,R01GM140201,BIDMC,"CUMMINGS, RICHARD D",2021,504033.0,True,R01,R01,Novel Carbohydrate-binding Antibodies to Human Glycans Using the Lamprey System,GENERAL_AND_UNSPECIFIED_SURGERY,SURGERY,True,1.0,72,full_forename,1,majority,0.916,2026-08-01T17:26:23+00:00
10442455,R24GM137763,BIDMC,"CUMMINGS, RICHARD D",2022,962500.0,False,R24,R_OTHER,Protein-Glycan Interaction Resource at the National Center for Functional Glycomics (NCFG),GENERAL_AND_UNSPECIFIED_SURGERY,SURGERY,True,1.0,72,full_forename,1,majority,0.916,2026-08-01T17:26:23+00:00
10454419,R01GM140201,BIDMC,"CUMMINGS, RICHARD D",2022,499122.0,True,R01,R01,Novel Carbohydrate-binding Antibodies to Human Glycans Using the Lamprey System,GENERAL_AND_UNSPECIFIED_SURGERY,SURGERY,True,1.0,72,full_forename,1,majority,0.916,2026-08-01T17:26:23+00:00
10642767,R24GM137763,BIDMC,"CUMMINGS, RICHARD D",2023,962500.0,False,R24,R_OTHER,Protein-Glycan Interaction Resource at the National Center for Functional Glycomics (NCFG),GENERAL_AND_UNSPECIFIED_SURGERY,SURGERY,True,1.0,72,full_forename,1,majority,0.916,2026-08-01T17:26:23+00:00
10672258,R01GM140201,BIDMC,"CUMMINGS, RICHARD D",2023,499122.0,True,R01,R01,Novel Carbohydrate-binding Antibodies to Human Glycans Using the Lamprey System,GENERAL_AND_UNSPECIFIED_SURGERY,SURGERY,True,1.0,72,full_forename,1,majority,0.916,2026-08-01T17:26:23+00:00
10875546,R24GM137763,BIDMC,"CUMMINGS, RICHARD D",2024,962500.0,False,R24,R_OTHER,Protein-Glycan Interaction Resource at the National Center for Functional Glycomics (NCFG),GENERAL_AND_UNSPECIFIED_SURGERY,SURGERY,True,1.0,72,full_forename,1,majority,0.916,2026-08-01T17:26:23+00:00
10865217,R01HL173557,BIDMC,"FERRAN, CHRISTIANE",2024,775234.0,True,R01,R01,Vascular-targeted Atheroprotective Gene therapies to Prevent Vein Graft Failure,VASCULAR_SURGERY,SURGERY,True,0.7222,18,full_forename,1,majority,0.916,2026-08-01T17:26:23+00:00
11094828,R01HL173557,BIDMC,"FERRAN, CHRISTIANE",2025,753897.0,True,R01,R01,Vascular-targeted Atheroprotective Gene therapies to Prevent Vein Graft Failure,VASCULAR_SURGERY,SURGERY,True,0.7222,18,full_forename,1,majority,0.916,2026-08-01T17:26:23+00:00
10855186,R00AG065495,BIDMC,"FREEDMAN, BENJAMIN ROSS",2023,249000.0,False,R00,R_OTHER,"Multifunctional tough adhesive hydrogels to recruit, expand, and deliver tendoncells during aging and injury",ORTHOPEDIC_SURGERY,ORTHOPEDICS,False,0.7143,21,full_forename,3,majority,0.916,2026-08-01T17:26:23+00:00
10897060,R00AG065495,BIDMC,"FREEDMAN, BENJAMIN ROSS",2024,228351.0,False,R00,R_OTHER,"Multifunctional tough adhesive hydrogels to recruit, expand, and deliver tendoncells during aging and injury",ORTHOPEDIC_SURGERY,ORTHOPEDICS,False,0.7143,21,full_forename,3,majority,0.916,2026-08-01T17:26:23+00:00
10953471,R25AG088289,BIDMC,"FREEDMAN, BENJAMIN ROSS",2024,270000.0,False,R25,R_OTHER,Aging Research and Entrepreneurial Development Immersion,ORTHOPEDIC_SURGERY,ORTHOPEDICS,False,0.7143,21,full_forename,3,majority,0.916,2026-08-01T17:26:23+00:00
11099871,R00AG065495,BIDMC,"FREEDMAN, BENJAMIN ROSS",2025,244021.0,False,R00,R_OTHER,"Multifunctional tough adhesive hydrogels to recruit, expand, and deliver tendoncells during aging and injury",ORTHOPEDIC_SURGERY,ORTHOPEDICS,False,0.7143,21,full_forename,3,majority,0.916,2026-08-01T17:26:23+00:00
11172559,R25AG088289,BIDMC,"FREEDMAN, BENJAMIN ROSS",2025,270000.0,False,R25,R_OTHER,Aging Research and Entrepreneurial Development Immersion,ORTHOPEDIC_SURGERY,ORTHOPEDICS,False,0.7143,21,full_forename,3,majority,0.916,2026-08-01T17:26:23+00:00
11505686,R01HL141857,BIDMC,"HONG, YOUNG-KWON",2025,773166.0,True,R01,R01,Structural and Functional Studies of the Uterine Lymphatics,GENERAL_AND_UNSPECIFIED_SURGERY,SURGERY,True,1.0,2,full_forename,7,majority,0.916,2026-08-01T17:26:23+00:00
10176353,R03AG067135,BIDMC,"JOHANNESDOTTIR, FJOLA",2021,87500.0,False,R03,R_OTHER,"Hip Fracture Prediction by Combining Fall Risk, Impact Loads and Bone Strength",ORTHOPEDIC_SURGERY,ORTHOPEDICS,False,1.0,19,full_forename,1,majority,0.916,2026-08-01T17:26:23+00:00
10236407,R03AG068314,BIDMC,"JOHANNESDOTTIR, FJOLA",2021,87500.0,False,R03,R_OTHER,Computed Tomography to Identify Structural Mechanisms of Hip Fragility in T1DM,ORTHOPEDIC_SURGERY,ORTHOPEDICS,False,1.0,19,full_forename,1,majority,0.916,2026-08-01T17:26:23+00:00
10122754,R01HD098363,BIDMC,"JUNGER, WOLFGANG G",2021,386621.0,True,R01,R01,Role of purinergic signaling in pediatric multi-organ failure,GENERAL_AND_UNSPECIFIED_SURGERY,SURGERY,True,1.0,20,full_forename,1,majority,0.916,2026-08-01T17:26:23+00:00
10126881,R35GM136429,BIDMC,"JUNGER, WOLFGANG G",2021,497500.0,False,R35,R_OTHER,Metabolic and purinergic immune regulation,GENERAL_AND_UNSPECIFIED_SURGERY,SURGERY,True,1.0,20,full_forename,1,majority,0.916,2026-08-01T17:26:23+00:00
10350637,R35GM136429,BIDMC,"JUNGER, WOLFGANG G",2022,437500.0,False,R35,R_OTHER,Metabolic and purinergic immune regulation,GENERAL_AND_UNSPECIFIED_SURGERY,SURGERY,True,1.0,20,full_forename,1,majority,0.916,2026-08-01T17:26:23+00:00
10361188,R01HD098363,BIDMC,"JUNGER, WOLFGANG G",2022,135172.0,True,R01,R01,Role of purinergic signaling in pediatric multi-organ failure,GENERAL_AND_UNSPECIFIED_SURGERY,SURGERY,True,1.0,20,full_forename,1,majority,0.916,2026-08-01T17:26:23+00:00
11028761,R01HL177355,BIDMC,"LIANG, PATRIC",2025,786188.0,True,R01,R01,Targeted Gene Therapies for the Prevention of Prosthetic Bypass Graft Failure,VASCULAR_SURGERY,SURGERY,True,1.0,31,full_forename,3,majority,0.916,2026-08-01T17:26:23+00:00
10104369,R01HL086741,BIDMC,"LOGERFO, FRANK W",2021,799279.0,True,R01,R01,Genetic Engineering of Vein Bypass Grafts in Vascular and Cardiovascular Surgery,VASCULAR_SURGERY,SURGERY,True,1.0,5,full_forename,1,majority,0.916,2026-08-01T17:26:23+00:00
10210277,T32HL007734,BIDMC,"LOGERFO, FRANK W",2021,641496.0,False,T32,T,Harvard Longwood Research Training in Vascular Surgery,VASCULAR_SURGERY,SURGERY,True,1.0,5,full_forename,1,majority,0.916,2026-08-01T17:26:23+00:00
10250460,T35HL110843,BIDMC,"LOGERFO, FRANK W",2021,46505.0,False,T35,T,Harvard Longwood Short-Term Research Training in Vascular Surgery,VASCULAR_SURGERY,SURGERY,True,1.0,5,full_forename,1,majority,0.916,2026-08-01T17:26:23+00:00
10330023,R01HL086741,BIDMC,"LOGERFO, FRANK W",2022,796784.0,True,R01,R01,Genetic Engineering of Vein Bypass Grafts in Vascular and Cardiovascular Surgery,VASCULAR_SURGERY,SURGERY,True,1.0,5,full_forename,1,majority,0.916,2026-08-01T17:26:23+00:00
10468079,T32HL007734,BIDMC,"LOGERFO, FRANK W",2022,670874.0,False,T32,T,Harvard Longwood Research Training in Vascular Surgery,VASCULAR_SURGERY,SURGERY,True,1.0,5,full_forename,1,majority,0.916,2026-08-01T17:26:23+00:00
10485222,T35HL110843,BIDMC,"LOGERFO, FRANK W",2022,39955.0,False,T35,T,Harvard Longwood Short-Term Research Training in Vascular Surgery,VASCULAR_SURGERY,SURGERY,True,1.0,5,full_forename,1,majority,0.916,2026-08-01T17:26:23+00:00
10674790,T32HL007734,BIDMC,"LOGERFO, FRANK W",2023,566240.0,False,T32,T,Harvard Longwood Research Training in Vascular Surgery,VASCULAR_SURGERY,SURGERY,True,1.0,5,full_forename,1,majority,0.916,2026-08-01T17:26:23+00:00
10766661,T35HL110843,BIDMC,"LOGERFO, FRANK W",2024,71224.0,False,T35,T,Harvard Longwood Short-Term Research Training in Vascular Surgery,VASCULAR_SURGERY,SURGERY,True,1.0,5,full_forename,1,majority,0.916,2026-08-01T17:26:23+00:00
11077752,T35HL110843,BIDMC,"LOGERFO, FRANK W",2025,28786.0,False,T35,T,Harvard Longwood Short-Term Research Training in Vascular Surgery,VASCULAR_SURGERY,SURGERY,True,1.0,5,full_forename,1,majority,0.916,2026-08-01T17:26:23+00:00
10148769,R01DK124502,BIDMC,"OLUMI, ARIA F",2021,364809.0,True,R01,R01,SRD5A2 as a Marker of Resistance to 5ARI Therapy,UROLOGY,UROLOGY,False,1.0,46,full_forename,1,majority,0.916,2026-08-01T17:26:23+00:00
10380636,R01DK124502,BIDMC,"OLUMI, ARIA F",2022,364809.0,True,R01,R01,SRD5A2 as a Marker of Resistance to 5ARI Therapy,UROLOGY,UROLOGY,False,1.0,46,full_forename,1,majority,0.916,2026-08-01T17:26:23+00:00
10599963,R01DK124502,BIDMC,"OLUMI, ARIA F",2023,364809.0,True,R01,R01,SRD5A2 as a Marker of Resistance to 5ARI Therapy,UROLOGY,UROLOGY,False,1.0,46,full_forename,1,majority,0.916,2026-08-01T17:26:23+00:00
10814771,R01DK124502,BIDMC,"OLUMI, ARIA F",2024,350217.0,True,R01,R01,SRD5A2 as a Marker of Resistance to 5ARI Therapy,UROLOGY,UROLOGY,False,1.0,46,full_forename,1,majority,0.916,2026-08-01T17:26:23+00:00
11062157,R01DK142211,BIDMC,"OLUMI, ARIA F",2024,598609.0,True,R01,R01,New Treatment Strategies and Epigenetic Biomarker for Management of BPH,UROLOGY,UROLOGY,False,1.0,46,full_forename,1,majority,0.916,2026-08-01T17:26:23+00:00
11187216,R01DK140473,BIDMC,"OLUMI, ARIA F",2025,507083.0,True,R01,R01,Decreased SRD5A2 and Alternative Estrogen Signaling in Prostatic Cell Survival,UROLOGY,UROLOGY,False,1.0,46,full_forename,1,majority,0.916,2026-08-01T17:26:23+00:00
11194463,R01DK142211,BIDMC,"OLUMI, ARIA F",2025,615602.0,True,R01,R01,New Treatment Strategies and Epigenetic Biomarker for Management of BPH,UROLOGY,UROLOGY,False,1.0,46,full_forename,1,majority,0.916,2026-08-01T17:26:23+00:00
10223276,R01DK114877,BIDMC,"RODRIGUE, JAMES R",2021,257068.0,True,R01,R01,Living Donor Wage Reimbursement Trial,GENERAL_AND_UNSPECIFIED_SURGERY,SURGERY,True,0.8889,18,full_forename,1,majority,0.916,2026-08-01T17:26:23+00:00
10100475,R01HL157991,BIDMC,"SINGHAL, DHRUV",2021,452750.0,True,R01,R01,Mapping & quantifying lymphatic drainage of the arm's alternate pathway,PLASTIC_SURGERY,PLASTIC SURGERY,False,1.0,65,full_forename,1,majority,0.916,2026-08-01T17:26:23+00:00
10334449,R01HL157991,BIDMC,"SINGHAL, DHRUV",2022,434000.0,True,R01,R01,Mapping & quantifying lymphatic drainage of the arm's alternate pathway,PLASTIC_SURGERY,PLASTIC SURGERY,False,1.0,65,full_forename,1,majority,0.916,2026-08-01T17:26:23+00:00
10530893,U54HL165440,BIDMC,"SINGHAL, DHRUV",2022,1250000.0,False,U54,U,Multi-scale Spatial Mapping of Human Lymphatic Vessels,PLASTIC_SURGERY,PLASTIC SURGERY,False,1.0,65,full_forename,1,majority,0.916,2026-08-01T17:26:23+00:00
10533807,R01HL157991,BIDMC,"SINGHAL, DHRUV",2023,434000.0,True,R01,R01,Mapping & quantifying lymphatic drainage of the arm's alternate pathway,PLASTIC_SURGERY,PLASTIC SURGERY,False,1.0,65,full_forename,1,majority,0.916,2026-08-01T17:26:23+00:00
10666696,U54HL165440,BIDMC,"SINGHAL, DHRUV",2023,1250000.0,False,U54,U,Multi-scale Spatial Mapping of Human Lymphatic Vessels,PLASTIC_SURGERY,PLASTIC SURGERY,False,1.0,65,full_forename,1,majority,0.916,2026-08-01T17:26:23+00:00
10887817,U54HL165440,BIDMC,"SINGHAL, DHRUV",2023,199921.0,False,U54,U,Multi-scale Spatial Mapping of Human Lymphatic Vessels,PLASTIC_SURGERY,PLASTIC SURGERY,False,1.0,65,full_forename,1,majority,0.916,2026-08-01T17:26:23+00:00
10754260,R01HL157991,BIDMC,"SINGHAL, DHRUV",2024,434000.0,True,R01,R01,Mapping & quantifying lymphatic drainage of the arm's alternate pathway,PLASTIC_SURGERY,PLASTIC SURGERY,False,1.0,65,full_forename,1,majority,0.916,2026-08-01T17:26:23+00:00
10899657,U54HL165440,BIDMC,"SINGHAL, DHRUV",2024,1749517.0,False,U54,U,Multi-scale Spatial Mapping of Human Lymphatic Vessels,PLASTIC_SURGERY,PLASTIC SURGERY,False,1.0,65,full_forename,1,majority,0.916,2026-08-01T17:26:23+00:00
11001200,R01HL157991,BIDMC,"SINGHAL, DHRUV",2025,434000.0,True,R01,R01,Mapping & quantifying lymphatic drainage of the arm's alternate pathway,PLASTIC_SURGERY,PLASTIC SURGERY,False,1.0,65,full_forename,1,majority,0.916,2026-08-01T17:26:23+00:00
11161596,U54HL165440,BIDMC,"SINGHAL, DHRUV",2025,1329999.0,False,U54,U,Multi-scale Spatial Mapping of Human Lymphatic Vessels,PLASTIC_SURGERY,PLASTIC SURGERY,False,1.0,65,full_forename,1,majority,0.916,2026-08-01T17:26:23+00:00
10863618,K01DK139434,BIDMC,"THEOCHARIDIS, GEORGIOS",2024,152236.0,False,K01,K,Targeted mRNA Delivery to Improve Diabetic Wound Healing,GENERAL_AND_UNSPECIFIED_SURGERY,SURGERY,True,1.0,1,full_forename,1,majority,0.916,2026-08-01T17:26:23+00:00
11041099,K01DK139434,BIDMC,"THEOCHARIDIS, GEORGIOS",2025,150736.0,False,K01,K,Targeted mRNA Delivery to Improve Diabetic Wound Healing,GENERAL_AND_UNSPECIFIED_SURGERY,SURGERY,True,1.0,1,full_forename,1,majority,0.916,2026-08-01T17:26:23+00:00
10396875,R61DK131915,BIDMC,"VEVES, ARISTIDIS",2022,568660.0,False,R61,R_OTHER,Proteomic Biomarkers Prognostic for Diabetic Wound Healing,GENERAL_AND_UNSPECIFIED_SURGERY,SURGERY,True,1.0,2,full_forename,1,majority,0.916,2026-08-01T17:26:23+00:00
10612826,R61DK131915,BIDMC,"VEVES, ARISTIDIS",2023,549878.0,False,R61,R_OTHER,Proteomic Biomarkers Prognostic for Diabetic Wound Healing,GENERAL_AND_UNSPECIFIED_SURGERY,SURGERY,True,1.0,2,full_forename,1,majority,0.916,2026-08-01T17:26:23+00:00
10878406,R01DK136699,BIDMC,"VEVES, ARISTIDIS",2024,774435.0,True,R01,R01,Use of Modified mRNA for the Treatment of Diabetic Foot Ulceration,GENERAL_AND_UNSPECIFIED_SURGERY,SURGERY,True,1.0,2,full_forename,1,majority,0.916,2026-08-01T17:26:23+00:00
11159350,R33DK131915,BIDMC,"VEVES, ARISTIDIS",2024,576445.0,False,R33,R_OTHER,Proteomic Biomarkers Prognostic for Diabetic Wound Healing,GENERAL_AND_UNSPECIFIED_SURGERY,SURGERY,True,1.0,2,full_forename,1,majority,0.916,2026-08-01T17:26:23+00:00
11077275,R01DK136699,BIDMC,"VEVES, ARISTIDIS",2025,734549.0,True,R01,R01,Use of Modified mRNA for the Treatment of Diabetic Foot Ulceration,GENERAL_AND_UNSPECIFIED_SURGERY,SURGERY,True,1.0,2,full_forename,1,majority,0.916,2026-08-01T17:26:23+00:00
11173857,R33DK131915,BIDMC,"VEVES, ARISTIDIS",2025,550414.0,False,R33,R_OTHER,Proteomic Biomarkers Prognostic for Diabetic Wound Healing,GENERAL_AND_UNSPECIFIED_SURGERY,SURGERY,True,1.0,2,full_forename,1,majority,0.916,2026-08-01T17:26:23+00:00
10944020,R01DK140473,BIDMC,"WANG, ZONGWEI",2024,511084.0,True,R01,R01,Decreased SRD5A2 and Alternative Estrogen Signaling in Prostatic Cell Survival,UROLOGY,UROLOGY,False,1.0,4,full_forename,10,majority,0.916,2026-08-01T17:26:23+00:00
10118733,R21CA256720,BIDMC,"WEGIEL, BARBARA",2021,204531.0,False,R21,R_OTHER,Determining the role of gas metabolite in response to immunotherapy,GENERAL_AND_UNSPECIFIED_SURGERY,SURGERY,True,1.0,13,full_forename,2,majority,0.916,2026-08-01T17:26:23+00:00
10219490,R01DK125846,BIDMC,"WEGIEL, BARBARA",2021,523605.0,True,R01,R01,Characterizing the role of the heme catabolism in tissue damage and inflammation.,GENERAL_AND_UNSPECIFIED_SURGERY,SURGERY,True,1.0,13,full_forename,2,majority,0.916,2026-08-01T17:26:23+00:00
10316249,R21CA256720,BIDMC,"WEGIEL, BARBARA",2022,240529.0,False,R21,R_OTHER,Determining the role of gas metabolite in response to immunotherapy,GENERAL_AND_UNSPECIFIED_SURGERY,SURGERY,True,1.0,13,full_forename,2,majority,0.916,2026-08-01T17:26:23+00:00
10379409,R01DK125846,BIDMC,"WEGIEL, BARBARA",2022,523605.0,True,R01,R01,Characterizing the role of the heme catabolism in tissue damage and inflammation.,GENERAL_AND_UNSPECIFIED_SURGERY,SURGERY,True,1.0,13,full_forename,2,majority,0.916,2026-08-01T17:26:23+00:00
10580744,R01DK125846,BIDMC,"WEGIEL, BARBARA",2023,523605.0,True,R01,R01,Characterizing the role of the heme catabolism in tissue damage and inflammation.,GENERAL_AND_UNSPECIFIED_SURGERY,SURGERY,True,1.0,13,full_forename,2,majority,0.916,2026-08-01T17:26:23+00:00
10800685,R01DK125846,BIDMC,"WEGIEL, BARBARA",2024,502661.0,True,R01,R01,Characterizing the role of the heme catabolism in tissue damage and inflammation.,GENERAL_AND_UNSPECIFIED_SURGERY,SURGERY,True,1.0,13,full_forename,2,majority,0.916,2026-08-01T17:26:23+00:00
10249235,R21AR077769,BWH,"AGARWAL, SHAILESH",2021,214382.0,False,R21,R_OTHER,Use of skin grafts programmed to express VEGF-C with biosensor feedback regulation to treat lymphedema,GENERAL_AND_UNSPECIFIED_SURGERY,SURGERY,True,1.0,13,full_forename,8,majority,0.916,2026-08-01T15:46:11+00:00
10571049,K08AR082031,BWH,"AGARWAL, SHAILESH",2023,172760.0,False,K08,K,Modifying adipocyte and pre-adipocyte cell fate in fibroadipose tissue of secondary lymphedema,GENERAL_AND_UNSPECIFIED_SURGERY,SURGERY,True,1.0,13,full_forename,8,majority,0.916,2026-08-01T15:46:11+00:00
10783806,K08AR082031,BWH,"AGARWAL, SHAILESH",2024,172760.0,False,K08,K,Modifying adipocyte and pre-adipocyte cell fate in fibroadipose tissue of secondary lymphedema,GENERAL_AND_UNSPECIFIED_SURGERY,SURGERY,True,1.0,13,full_forename,8,majority,0.916,2026-08-01T15:46:11+00:00
11030749,K08AR082031,BWH,"AGARWAL, SHAILESH",2025,172760.0,False,K08,K,Modifying adipocyte and pre-adipocyte cell fate in fibroadipose tissue of secondary lymphedema,GENERAL_AND_UNSPECIFIED_SURGERY,SURGERY,True,1.0,13,full_forename,8,majority,0.916,2026-08-01T15:46:11+00:00
10143040,U10CA180821,BWH,"BERTAGNOLLI, MONICA M",2021,11020715.0,False,U10,U,Alliance for Clinical Trials in Oncology Operations Center,GENERAL_AND_UNSPECIFIED_SURGERY,SURGERY,True,0.7778,9,full_forename,1,majority,0.916,2026-08-01T15:46:11+00:00
10320274,U10CA180821,BWH,"BERTAGNOLLI, MONICA M",2021,2183801.0,False,U10,U,Alliance for Clinical Trials in Oncology Operations Center - BIQSFP Supplements,GENERAL_AND_UNSPECIFIED_SURGERY,SURGERY,True,0.7778,9,full_forename,1,majority,0.916,2026-08-01T15:46:11+00:00
10442090,U10CA180821,BWH,"BERTAGNOLLI, MONICA M",2021,709629.0,False,U10,U,Administrative Supplement - A151804 irAE Biobanking,GENERAL_AND_UNSPECIFIED_SURGERY,SURGERY,True,0.7778,9,full_forename,1,majority,0.916,2026-08-01T15:46:11+00:00
10216184,R01CA120528,BWH,"BUENO, RAPHAEL",2021,302092.0,True,R01,R01,Prospective Validation of Prognostic and Predictive Molecular tests in Mesothelioma,CARDIAC_CARDIOTHORACIC_SURGERY,SURGERY,True,1.0,93,full_forename,1,majority,0.916,2026-08-01T15:46:11+00:00
10218407,R21AR077768,BWH,"CHARLES, JULIA F",2021,232456.0,False,R21,R_OTHER,Talking Back: leveraging dysfunctional osteoclasts to identify novel pathways of osteoclast-osteoblast communication,ORTHOPEDIC_SURGERY,ORTHOPEDICS,False,0.6596,47,full_forename,4,majority,0.916,2026-08-01T15:46:11+00:00
10366576,R01AR078914,BWH,"CHARLES, JULIA F",2022,494822.0,True,R01,R01,Mechanisms of bone fragility in Autosomal Dominant Osteopetrosis type II: from human to mouse and back,ORTHOPEDIC_SURGERY,ORTHOPEDICS,False,0.6596,47,full_forename,4,majority,0.916,2026-08-01T15:46:11+00:00
10372209,R21AR077768,BWH,"CHARLES, JULIA F",2022,192832.0,False,R21,R_OTHER,Talking Back: leveraging dysfunctional osteoclasts to identify novel pathways of osteoclast-osteoblast communication,ORTHOPEDIC_SURGERY,ORTHOPEDICS,False,0.6596,47,full_forename,4,majority,0.916,2026-08-01T15:46:11+00:00
10518427,R21AR077768,BWH,"CHARLES, JULIA F",2022,31120.0,False,R21,R_OTHER,Diversity Supplement:  Talking Back:  Leveraging dysfunctional osteoclasts to identify novel pathways of osteoclast-osteoblast communication,ORTHOPEDIC_SURGERY,ORTHOPEDICS,False,0.6596,47,full_forename,4,majority,0.916,2026-08-01T15:46:11+00:00
10689658,R01AR078914,BWH,"CHARLES, JULIA F",2023,452041.0,True,R01,R01,Mechanisms of bone fragility in Autosomal Dominant Osteopetrosis type II: from human to mouse and back,ORTHOPEDIC_SURGERY,ORTHOPEDICS,False,0.6596,47,full_forename,4,majority,0.916,2026-08-01T15:46:11+00:00
10849768,R01AR078914,BWH,"CHARLES, JULIA F",2024,412092.0,True,R01,R01,Mechanisms of bone fragility in Autosomal Dominant Osteopetrosis type II: from human to mouse and back,ORTHOPEDIC_SURGERY,ORTHOPEDICS,False,0.6596,47,full_forename,4,majority,0.916,2026-08-01T15:46:11+00:00
10888699,R21AR080849,BWH,"CHARLES, JULIA F",2024,228972.0,False,R21,R_OTHER,Osteoclasts or RANKL: Which is the critical target in treatment of fibrous dysplasia bone lesions?,ORTHOPEDIC_SURGERY,ORTHOPEDICS,False,0.6596,47,full_forename,4,majority,0.916,2026-08-01T15:46:11+00:00
11046621,R21AR080849,BWH,"CHARLES, JULIA F",2025,174545.0,False,R21,R_OTHER,Osteoclasts or RANKL: Which is the critical target in treatment of fibrous dysplasia bone lesions?,ORTHOPEDIC_SURGERY,ORTHOPEDICS,False,0.6596,47,full_forename,4,majority,0.916,2026-08-01T15:46:11+00:00
11123089,R01AR078914,BWH,"CHARLES, JULIA F",2025,283386.0,True,R01,R01,Mechanisms of bone fragility in Autosomal Dominant Osteopetrosis type II: from human to mouse and back,ORTHOPEDIC_SURGERY,ORTHOPEDICS,False,0.6596,47,full_forename,4,majority,0.916,2026-08-01T15:46:11+00:00
11400414,R01AR078914,BWH,"CHARLES, JULIA F",2025,127550.0,True,R01,R01,Mechanisms of bone fragility in Autosomal Dominant Osteopetrosis type II: from human to mouse and back,ORTHOPEDIC_SURGERY,ORTHOPEDICS,False,0.6596,47,full_forename,4,majority,0.916,2026-08-01T15:46:11+00:00
10208726,K01AR075879,BWH,"COLLINS, JAMIE E.",2021,130950.0,False,K01,K,Data-driven approaches in defining knee osteoarthritis phenotypes and factors  associated with fast progression,ORTHOPEDIC_SURGERY,ORTHOPEDICS,False,1.0,30,full_forename,11,majority,0.916,2026-08-01T15:46:11+00:00
10407625,K01AR075879,BWH,"COLLINS, JAMIE E.",2022,130950.0,False,K01,K,Data-driven approaches in defining knee osteoarthritis phenotypes and factorsassociated with fast progression,ORTHOPEDIC_SURGERY,ORTHOPEDICS,False,1.0,30,full_forename,11,majority,0.916,2026-08-01T15:46:11+00:00
10623199,K01AR075879,BWH,"COLLINS, JAMIE E.",2023,130950.0,False,K01,K,Data-driven approaches in defining knee osteoarthritis phenotypes and factorsassociated with fast progression,ORTHOPEDIC_SURGERY,ORTHOPEDICS,False,1.0,30,full_forename,11,majority,0.916,2026-08-01T15:46:11+00:00
10297423,R01AG070252,BWH,"COOPER, ZARA R",2021,504941.0,True,R01,R01,A Layered Examination of the Patient Experience to Elucidate the Role of Palliative Care in Surgical Care for Seriously Ill Older Adults,GENERAL_AND_UNSPECIFIED_SURGERY,SURGERY,True,1.0,54,full_forename,1,majority,0.916,2026-08-01T15:46:11+00:00
10458009,R01AG070252,BWH,"COOPER, ZARA R",2022,748133.0,True,R01,R01,A Layered Examination of the Patient Experience to Elucidate the Role of Palliative Care in Surgical Care for Seriously Ill Older Adults,GENERAL_AND_UNSPECIFIED_SURGERY,SURGERY,True,1.0,54,full_forename,1,majority,0.916,2026-08-01T15:46:11+00:00
10588875,R01AG070252,BWH,"COOPER, ZARA R",2022,115543.0,True,R01,R01,A Layered Examination of the Patient Experience to Elucidate the Role of Palliative Care in Surgical Care for Seriously Ill Older Adults,GENERAL_AND_UNSPECIFIED_SURGERY,SURGERY,True,1.0,54,full_forename,1,majority,0.916,2026-08-01T15:46:11+00:00
10636809,R01AG070252,BWH,"COOPER, ZARA R",2023,709889.0,True,R01,R01,A Layered Examination of the Patient Experience to Elucidate the Role of Palliative Care in Surgical Care for Seriously Ill Older Adults,GENERAL_AND_UNSPECIFIED_SURGERY,SURGERY,True,1.0,54,full_forename,1,majority,0.916,2026-08-01T15:46:11+00:00
10831621,R01AG070252,BWH,"COOPER, ZARA R",2023,138670.0,True,R01,R01,A Layered Examination of the Patient Experience to Elucidate the Role of Palliative Care in Surgical Care for Seriously Ill Older Adults,GENERAL_AND_UNSPECIFIED_SURGERY,SURGERY,True,1.0,54,full_forename,1,majority,0.916,2026-08-01T15:46:11+00:00
10809393,R38AG085422,BWH,"COOPER, ZARA R",2024,210295.0,False,R38,R_OTHER,Mentored Research Training in Aging and Surgery (MERITAS),GENERAL_AND_UNSPECIFIED_SURGERY,SURGERY,True,1.0,54,full_forename,1,majority,0.916,2026-08-01T15:46:11+00:00
10837033,R01AG070252,BWH,"COOPER, ZARA R",2024,700732.0,True,R01,R01,A Layered Examination of the Patient Experience to Elucidate the Role of Palliative Care in Surgical Care for Seriously Ill Older Adults,GENERAL_AND_UNSPECIFIED_SURGERY,SURGERY,True,1.0,54,full_forename,1,majority,0.916,2026-08-01T15:46:11+00:00
10939440,R01AG070252,BWH,"COOPER, ZARA R",2024,480575.0,True,R01,R01,A Layered Examination of the Patient Experience to Elucidate the Role of Palliative Care in Surgical Care for Seriously Ill Older Adults,GENERAL_AND_UNSPECIFIED_SURGERY,SURGERY,True,1.0,54,full_forename,1,majority,0.916,2026-08-01T15:46:11+00:00
11082740,R01AG070252,BWH,"COOPER, ZARA R",2024,23109.0,True,R01,R01,A Layered Examination of the Patient Experience to Elucidate the Role of Palliative Care in Surgical Care for Seriously Ill Older Adults,GENERAL_AND_UNSPECIFIED_SURGERY,SURGERY,True,1.0,54,full_forename,1,majority,0.916,2026-08-01T15:46:11+00:00
10988295,R38AG085422,BWH,"COOPER, ZARA R",2025,403611.0,False,R38,R_OTHER,Mentored Research Training in Aging and Surgery (MERITAS),GENERAL_AND_UNSPECIFIED_SURGERY,SURGERY,True,1.0,54,full_forename,1,majority,0.916,2026-08-01T15:46:11+00:00
11092692,R01AG070252,BWH,"COOPER, ZARA R",2025,580582.0,True,R01,R01,A Layered Examination of the Patient Experience to Elucidate the Role of Palliative Care in Surgical Care for Seriously Ill Older Adults,GENERAL_AND_UNSPECIFIED_SURGERY,SURGERY,True,1.0,54,full_forename,1,majority,0.916,2026-08-01T15:46:11+00:00
10237316,R01NS105675,BWH,"DU, ROSE",2021,736093.0,True,R01,R01,Systems Genetics Approach to Intracranial Aneurysms,NEUROSURGERY,NEUROSURGERY,False,1.0,17,full_forename,1,majority,0.916,2026-08-01T15:46:11+00:00
10437812,R01NS105675,BWH,"DU, ROSE",2022,736093.0,True,R01,R01,Systems Genetics Approach to Intracranial Aneurysms,NEUROSURGERY,NEUROSURGERY,False,1.0,17,full_forename,1,majority,0.916,2026-08-01T15:46:11+00:00
10661614,R01NS105675,BWH,"DU, ROSE",2023,736093.0,True,R01,R01,Systems Genetics Approach to Intracranial Aneurysms,NEUROSURGERY,NEUROSURGERY,False,1.0,17,full_forename,1,majority,0.916,2026-08-01T15:46:11+00:00
10801375,R01CA280619,BWH,"EDELEN, MARIA ORLANDO",2023,817746.0,True,R01,R01,Increasing Engagement in Patient Reported Outcome Measurement to Address Breast Cancer Care Disparities using Health Information Technology in Community Cancer Settings,GENERAL_AND_UNSPECIFIED_SURGERY,SURGERY,True,1.0,51,full_forename,1,majority,0.916,2026-08-01T15:46:11+00:00
10749760,F32CA284615,BWH,"GEDEON, PATRICK C",2023,76052.0,False,F32,F,Dual targeting of cGAS-STING and splicing to prime lung cancer immunogenicity,GENERAL_AND_UNSPECIFIED_SURGERY,SURGERY,True,1.0,8,full_forename,1,majority,0.916,2026-08-01T15:46:11+00:00
10417531,R37CA269499,BWH,"GUERRIERO, JENNIFER L.",2022,470532.0,True,R37,R01,Immunometabolic pathways enabled by PARP inhibition in breast cancer,GENERAL_AND_UNSPECIFIED_SURGERY,SURGERY,True,0.8333,42,full_forename,1,majority,0.916,2026-08-01T15:46:11+00:00
10649673,R37CA269499,BWH,"GUERRIERO, JENNIFER L.",2023,463884.0,True,R37,R01,Immunometabolic pathways enabled by PARP inhibition in breast cancer,GENERAL_AND_UNSPECIFIED_SURGERY,SURGERY,True,0.8333,42,full_forename,1,majority,0.916,2026-08-01T15:46:11+00:00
10874715,R37CA269499,BWH,"GUERRIERO, JENNIFER L.",2024,445716.0,True,R37,R01,Immunometabolic pathways enabled by PARP inhibition in breast cancer,GENERAL_AND_UNSPECIFIED_SURGERY,SURGERY,True,0.8333,42,full_forename,1,majority,0.916,2026-08-01T15:46:11+00:00
11113865,R37CA269499,BWH,"GUERRIERO, JENNIFER L.",2025,486593.0,True,R37,R01,Immunometabolic pathways enabled by PARP inhibition in breast cancer,GENERAL_AND_UNSPECIFIED_SURGERY,SURGERY,True,0.8333,42,full_forename,1,majority,0.916,2026-08-01T15:46:11+00:00
10112111,R01MD011685,BWH,"HAIDER, ADIL H",2021,767732.0,True,R01,R01,Evaluation of a Cultural Dexterity Training Program for Surgeons: The PACTS Trial,GENERAL_AND_UNSPECIFIED_SURGERY,SURGERY,True,1.0,35,full_forename,4,majority,0.916,2026-08-01T15:46:11+00:00
10132963,K01AG065414,BWH,"JARMAN, MOLLY PRICE",2021,130950.0,False,K01,K,Health Impacts of Prehospital Pain Management for Injured Older Adults,GENERAL_AND_UNSPECIFIED_SURGERY,SURGERY,True,1.0,74,full_forename,1,majority,0.916,2026-08-01T15:46:11+00:00
10379366,K01AG065414,BWH,"JARMAN, MOLLY PRICE",2022,130950.0,False,K01,K,Health Impacts of Prehospital Pain Management for Injured Older Adults,GENERAL_AND_UNSPECIFIED_SURGERY,SURGERY,True,1.0,74,full_forename,1,majority,0.916,2026-08-01T15:46:11+00:00
10602408,K01AG065414,BWH,"JARMAN, MOLLY PRICE",2023,94500.0,False,K01,K,Health Impacts of Prehospital Pain Management for Injured Older Adults,GENERAL_AND_UNSPECIFIED_SURGERY,SURGERY,True,1.0,74,full_forename,1,majority,0.916,2026-08-01T15:46:11+00:00
10786608,R01MD019121,BWH,"JARMAN, MOLLY PRICE",2023,916372.0,True,R01,R01,Mitigating Injury Disparities with Evidence Based Trauma Systems Planning,GENERAL_AND_UNSPECIFIED_SURGERY,SURGERY,True,1.0,74,full_forename,1,majority,0.916,2026-08-01T15:46:11+00:00
10817728,K01AG065414,BWH,"JARMAN, MOLLY PRICE",2024,94500.0,False,K01,K,Health Impacts of Prehospital Pain Management for Injured Older Adults,GENERAL_AND_UNSPECIFIED_SURGERY,SURGERY,True,1.0,74,full_forename,1,majority,0.916,2026-08-01T15:46:11+00:00
10934494,R01MD019121,BWH,"JARMAN, MOLLY PRICE",2024,856499.0,True,R01,R01,Mitigating Injury Disparities with Evidence Based Trauma Systems Planning,GENERAL_AND_UNSPECIFIED_SURGERY,SURGERY,True,1.0,74,full_forename,1,majority,0.916,2026-08-01T15:46:11+00:00
11077880,R01MD019121,BWH,"JARMAN, MOLLY PRICE",2025,835749.0,True,R01,R01,Mitigating Injury Disparities with Evidence Based Trauma Systems Planning,GENERAL_AND_UNSPECIFIED_SURGERY,SURGERY,True,1.0,74,full_forename,1,majority,0.916,2026-08-01T15:46:11+00:00
10199307,R21CA252578,BWH,"JIA, LI",2021,251048.0,False,R21,R_OTHER,RNASEH2B loss to predict response to PARP inhibitor in prostate cancer,UROLOGY,UROLOGY,False,1.0,9,full_forename,3,majority,0.916,2026-08-01T15:46:11+00:00
10279470,R01CA262524,BWH,"JIA, LI",2021,409463.0,True,R01,R01,Androgen receptor pathway inhibition through targeting PARP-2 in castration-resistant prostate cancer,UROLOGY,UROLOGY,False,1.0,9,full_forename,3,majority,0.916,2026-08-01T15:46:11+00:00
10403681,R21CA252578,BWH,"JIA, LI",2022,205023.0,False,R21,R_OTHER,RNASEH2B loss to predict response to PARP inhibitor in prostate cancer,UROLOGY,UROLOGY,False,1.0,9,full_forename,3,majority,0.916,2026-08-01T15:46:11+00:00
10430248,R01CA262524,BWH,"JIA, LI",2022,401273.0,True,R01,R01,Androgen receptor pathway inhibition through targeting PARP-2 in castration-resistant prostate cancer,UROLOGY,UROLOGY,False,1.0,9,full_forename,3,majority,0.916,2026-08-01T15:46:11+00:00
10512381,R21CA267496,BWH,"JIA, LI",2022,251048.0,False,R21,R_OTHER,CHEK2 loss promotes prostate cancer resistance to PARP inhibitors,UROLOGY,UROLOGY,False,1.0,9,full_forename,3,majority,0.916,2026-08-01T15:46:11+00:00
10635264,R01CA279410,BWH,"JIA, LI",2023,409463.0,True,R01,R01,MMS22L loss and PARP inhibition in prostate cancer,UROLOGY,UROLOGY,False,1.0,9,full_forename,3,majority,0.916,2026-08-01T15:46:11+00:00
10657806,R21CA267496,BWH,"JIA, LI",2023,205023.0,False,R21,R_OTHER,CHEK2 loss promotes prostate cancer resistance to PARP inhibitors,UROLOGY,UROLOGY,False,1.0,9,full_forename,3,majority,0.916,2026-08-01T15:46:11+00:00
10667533,R01CA262524,BWH,"JIA, LI",2023,401273.0,True,R01,R01,Androgen receptor pathway inhibition through targeting PARP-2 in castration-resistant prostate cancer,UROLOGY,UROLOGY,False,1.0,9,full_forename,3,majority,0.916,2026-08-01T15:46:11+00:00
10808987,R01CA279410,BWH,"JIA, LI",2024,388990.0,True,R01,R01,MMS22L loss and PARP inhibition in prostate cancer,UROLOGY,UROLOGY,False,1.0,9,full_forename,3,majority,0.916,2026-08-01T15:46:11+00:00
10880422,R01CA262524,BWH,"JIA, LI",2024,388990.0,True,R01,R01,Androgen receptor pathway inhibition through targeting PARP-2 in castration-resistant prostate cancer,UROLOGY,UROLOGY,False,1.0,9,full_forename,3,majority,0.916,2026-08-01T15:46:11+00:00
11052649,R01CA279410,BWH,"JIA, LI",2025,409463.0,True,R01,R01,MMS22L loss and PARP inhibition in prostate cancer,UROLOGY,UROLOGY,False,1.0,9,full_forename,3,majority,0.916,2026-08-01T15:46:11+00:00
11124170,R01CA262524,BWH,"JIA, LI",2025,409463.0,True,R01,R01,Androgen receptor pathway inhibition through targeting PARP-2 in castration-resistant prostate cancer,UROLOGY,UROLOGY,False,1.0,9,full_forename,3,majority,0.916,2026-08-01T15:46:11+00:00
10143191,U01AR071658,BWH,"KATZ, JEFFREY NEIL",2021,674717.0,False,U01,U,Treatment of Meniscal Problems in Osteoarthritis: TeMPO,ORTHOPEDIC_SURGERY,ORTHOPEDICS,False,0.8065,31,full_forename,5,majority,0.916,2026-08-01T15:46:11+00:00
10223190,T32AR055885,BWH,"KATZ, JEFFREY NEIL",2021,24617.0,False,T32,T,Clinical Orthopaedic and Musculoskeletal Education and Training Program (COMET),ORTHOPEDIC_SURGERY,ORTHOPEDICS,False,0.8065,31,full_forename,5,majority,0.916,2026-08-01T15:46:11+00:00
10255511,R01AR055557,BWH,"KATZ, JEFFREY NEIL",2021,637431.0,True,R01,R01,PARTIAL MENISCECTOMY VS. NONOPERATIVE MGMT. IN MENISCAL TEAR WITH OA: AN RCT,ORTHOPEDIC_SURGERY,ORTHOPEDICS,False,0.8065,31,full_forename,5,majority,0.916,2026-08-01T15:46:11+00:00
10400285,R01AR055557,BWH,"KATZ, JEFFREY NEIL",2021,25509.0,True,R01,R01,PARTIAL MENISCECTOMY VS. NONOPERATIVE MGMT. IN MENISCAL TEAR WITH OA: AN RCT,ORTHOPEDIC_SURGERY,ORTHOPEDICS,False,0.8065,31,full_forename,5,majority,0.916,2026-08-01T15:46:11+00:00
10461765,T32AR055885,BWH,"KATZ, JEFFREY NEIL",2022,293328.0,False,T32,T,Clinical Orthopaedic and Musculoskeletal Education and Training Program (COMET),ORTHOPEDIC_SURGERY,ORTHOPEDICS,False,0.8065,31,full_forename,5,majority,0.916,2026-08-01T15:46:11+00:00
10473762,R01AR055557,BWH,"KATZ, JEFFREY NEIL",2022,644791.0,True,R01,R01,PARTIAL MENISCECTOMY VS. NONOPERATIVE MGMT. IN MENISCAL TEAR WITH OA: AN RCT,ORTHOPEDIC_SURGERY,ORTHOPEDICS,False,0.8065,31,full_forename,5,majority,0.916,2026-08-01T15:46:11+00:00
10552929,U01AR071658,BWH,"KATZ, JEFFREY NEIL",2022,418463.0,False,U01,U,Treatment of Meniscal Problems in Osteoarthritis: TeMPO,ORTHOPEDIC_SURGERY,ORTHOPEDICS,False,0.8065,31,full_forename,5,majority,0.916,2026-08-01T15:46:11+00:00
10579419,R34AR082021,BWH,"KATZ, JEFFREY NEIL",2023,249885.0,False,R34,R_OTHER,Surgery vs. conservative care for meniscal tear after unsuccessful PT: an RCT,ORTHOPEDIC_SURGERY,ORTHOPEDICS,False,0.8065,31,full_forename,5,majority,0.916,2026-08-01T15:46:11+00:00
10663223,T32AR055885,BWH,"KATZ, JEFFREY NEIL",2023,303804.0,False,T32,T,Clinical Orthopaedic and Musculoskeletal Education and Training Program (COMET),ORTHOPEDIC_SURGERY,ORTHOPEDICS,False,0.8065,31,full_forename,5,majority,0.916,2026-08-01T15:46:11+00:00
10684686,R01AR055557,BWH,"KATZ, JEFFREY NEIL",2023,544142.0,True,R01,R01,PARTIAL MENISCECTOMY VS. NONOPERATIVE MGMT. IN MENISCAL TEAR WITH OA: AN RCT,ORTHOPEDIC_SURGERY,ORTHOPEDICS,False,0.8065,31,full_forename,5,majority,0.916,2026-08-01T15:46:11+00:00
10798241,R34AR082021,BWH,"KATZ, JEFFREY NEIL",2024,225529.0,False,R34,R_OTHER,Surgery vs. conservative care for meniscal tear after unsuccessful PT: an RCT,ORTHOPEDIC_SURGERY,ORTHOPEDICS,False,0.8065,31,full_forename,5,majority,0.916,2026-08-01T15:46:11+00:00
10396170,R01HL147889,BWH,"KHALIL, RAOUF A",2021,722697.0,True,R01,R01,Vascular Mechanisms of Hypertension-in-Pregnancy,VASCULAR_SURGERY,SURGERY,True,1.0,27,full_forename,3,majority,0.916,2026-08-01T15:46:11+00:00
10481866,R01HL147889,BWH,"KHALIL, RAOUF A",2022,722697.0,True,R01,R01,Vascular Mechanisms of Hypertension-in-Pregnancy,VASCULAR_SURGERY,SURGERY,True,1.0,27,full_forename,3,majority,0.916,2026-08-01T15:46:11+00:00
10610626,U01CA268810,BWH,"KIBEL, ADAM S",2023,540039.0,False,U01,U,Polygenic risk stratification combined with mpMRI to identify clinically relevant prostate cancer,UROLOGY,UROLOGY,False,1.0,116,full_forename,1,majority,0.916,2026-08-01T15:46:11+00:00
10827944,U01CA268810,BWH,"KIBEL, ADAM S",2024,674729.0,False,U01,U,Polygenic risk stratification combined with mpMRI to identify clinically relevant prostate cancer,UROLOGY,UROLOGY,False,1.0,116,full_forename,1,majority,0.916,2026-08-01T15:46:11+00:00
11082995,U01CA268810,BWH,"KIBEL, ADAM S",2025,707952.0,False,U01,U,Polygenic risk stratification combined with mpMRI to identify clinically relevant prostate cancer,UROLOGY,UROLOGY,False,1.0,116,full_forename,1,majority,0.916,2026-08-01T15:46:11+00:00
10189534,R01CA237063,BWH,"LAWLER, SEAN EDWARD",2021,276125.0,True,R01,R01,Fluorinated macrocyclic peptides as BBB penetrating agent for improved GBM treatment,NEUROSURGERY,NEUROSURGERY,False,1.0,29,full_forename,1,majority,0.916,2026-08-01T15:46:11+00:00
10122891,U01AI138318,BWH,"LEDERER, JAMES A.",2021,682206.0,False,U01,U,Therapy of acute radiation syndrome and its complications by mesenchymal stromal cells conditioned with Toll-like receptor 9 agonists,GENERAL_AND_UNSPECIFIED_SURGERY,SURGERY,True,0.9524,42,full_forename,2,majority,0.916,2026-08-01T15:46:11+00:00
10186694,R01AI148232,BWH,"LEDERER, JAMES A.",2021,414636.0,True,R01,R01,Adaptive Immune Regulation of Traumatic Injury,GENERAL_AND_UNSPECIFIED_SURGERY,SURGERY,True,0.9524,42,full_forename,2,majority,0.916,2026-08-01T15:46:11+00:00
10374106,U01AI138318,BWH,"LEDERER, JAMES A.",2022,582260.0,False,U01,U,Therapy of acute radiation syndrome and its complications by mesenchymal stromal cells conditioned with Toll-like receptor 9 agonists,GENERAL_AND_UNSPECIFIED_SURGERY,SURGERY,True,0.9524,42,full_forename,2,majority,0.916,2026-08-01T15:46:11+00:00
10415072,R01AI148232,BWH,"LEDERER, JAMES A.",2022,414636.0,True,R01,R01,Adaptive Immune Regulation of Traumatic Injury,GENERAL_AND_UNSPECIFIED_SURGERY,SURGERY,True,0.9524,42,full_forename,2,majority,0.916,2026-08-01T15:46:11+00:00
10624318,R01AI148232,BWH,"LEDERER, JAMES A.",2023,414636.0,True,R01,R01,Adaptive Immune Regulation of Traumatic Injury,GENERAL_AND_UNSPECIFIED_SURGERY,SURGERY,True,0.9524,42,full_forename,2,majority,0.916,2026-08-01T15:46:11+00:00
10714384,R01AI177803,BWH,"LEDERER, JAMES A.",2023,510529.0,True,R01,R01,Targeting Trained Immunity in Trauma-Induced Immune Dysregulation,GENERAL_AND_UNSPECIFIED_SURGERY,SURGERY,True,0.9524,42,full_forename,2,majority,0.916,2026-08-01T15:46:11+00:00
10854973,R01AI148232,BWH,"LEDERER, JAMES A.",2024,414636.0,True,R01,R01,Adaptive Immune Regulation of Traumatic Injury,GENERAL_AND_UNSPECIFIED_SURGERY,SURGERY,True,0.9524,42,full_forename,2,majority,0.916,2026-08-01T15:46:11+00:00
10861833,R01AI177803,BWH,"LEDERER, JAMES A.",2024,510529.0,True,R01,R01,Targeting Trained Immunity in Trauma-Induced Immune Dysregulation,GENERAL_AND_UNSPECIFIED_SURGERY,SURGERY,True,0.9524,42,full_forename,2,majority,0.916,2026-08-01T15:46:11+00:00
11015533,U01AI186972,BWH,"LEDERER, JAMES A.",2025,586619.0,False,U01,U,Harnessing Trained Immunity as a Radiation Medical Countermeasure,GENERAL_AND_UNSPECIFIED_SURGERY,SURGERY,True,0.9524,42,full_forename,2,majority,0.916,2026-08-01T15:46:11+00:00
11086073,R01AI177803,BWH,"LEDERER, JAMES A.",2025,510529.0,True,R01,R01,Targeting Trained Immunity in Trauma-Induced Immune Dysregulation,GENERAL_AND_UNSPECIFIED_SURGERY,SURGERY,True,0.9524,42,full_forename,2,majority,0.916,2026-08-01T15:46:11+00:00
10498196,R01HD109200,BWH,"LEHOCZKY, JESSICA A",2022,539305.0,True,R01,R01,Cellular plasticity and lineage in mammalian digit tip regeneration,ORTHOPEDIC_SURGERY,ORTHOPEDICS,False,1.0,12,full_forename,1,majority,0.916,2026-08-01T15:46:11+00:00
10675760,R01HD109200,BWH,"LEHOCZKY, JESSICA A",2023,568394.0,True,R01,R01,Cellular plasticity and lineage in mammalian digit tip regeneration,ORTHOPEDIC_SURGERY,ORTHOPEDICS,False,1.0,12,full_forename,1,majority,0.916,2026-08-01T15:46:11+00:00
10876300,R01HD109200,BWH,"LEHOCZKY, JESSICA A",2024,471270.0,True,R01,R01,Cellular plasticity and lineage in mammalian digit tip regeneration,ORTHOPEDIC_SURGERY,ORTHOPEDICS,False,1.0,12,full_forename,1,majority,0.916,2026-08-01T15:46:11+00:00
10893682,R01HD115260,BWH,"LEHOCZKY, JESSICA A",2024,771691.0,True,R01,R01,Composite tissue patterning in mammalian digit tip regeneration,ORTHOPEDIC_SURGERY,ORTHOPEDICS,False,1.0,12,full_forename,1,majority,0.916,2026-08-01T15:46:11+00:00
11064772,R01HD115260,BWH,"LEHOCZKY, JESSICA A",2025,750426.0,True,R01,R01,Composite tissue patterning in mammalian digit tip regeneration,ORTHOPEDIC_SURGERY,ORTHOPEDICS,False,1.0,12,full_forename,1,majority,0.916,2026-08-01T15:46:11+00:00
11129705,R01HD109200,BWH,"LEHOCZKY, JESSICA A",2025,540069.0,True,R01,R01,Cellular plasticity and lineage in mammalian digit tip regeneration,ORTHOPEDIC_SURGERY,ORTHOPEDICS,False,1.0,12,full_forename,1,majority,0.916,2026-08-01T15:46:11+00:00
10197756,R01AR074290,BWH,"LOSINA, ELENA",2021,707306.0,True,R01,R01,Optimizing the value of pain management in knee OA patients with comorbidities,ORTHOPEDIC_SURGERY,ORTHOPEDICS,False,0.9398,83,full_forename,1,majority,0.916,2026-08-01T15:46:11+00:00
10468625,R01AR074290,BWH,"LOSINA, ELENA",2022,717213.0,True,R01,R01,Optimizing the value of pain management in knee OA patients with comorbidities,ORTHOPEDIC_SURGERY,ORTHOPEDICS,False,0.9398,83,full_forename,1,majority,0.916,2026-08-01T15:46:11+00:00
10517646,R01AR080346,BWH,"LOSINA, ELENA",2022,811152.0,True,R01,R01,Knee Arthroplasty Activity Trial (KArAT),ORTHOPEDIC_SURGERY,ORTHOPEDICS,False,0.9398,83,full_forename,1,majority,0.916,2026-08-01T15:46:11+00:00
10552738,R01NR020765,BWH,"LOSINA, ELENA",2022,901598.0,True,R01,R01,"HIV and musculoskeletal frailty: implications for care, policy and research",ORTHOPEDIC_SURGERY,ORTHOPEDICS,False,0.9398,83,full_forename,1,majority,0.916,2026-08-01T15:46:11+00:00
10686114,R01NR020765,BWH,"LOSINA, ELENA",2023,859206.0,True,R01,R01,"HIV and musculoskeletal frailty: implications for care, policy and research",ORTHOPEDIC_SURGERY,ORTHOPEDICS,False,0.9398,83,full_forename,1,majority,0.916,2026-08-01T15:46:11+00:00
10709510,R01AR080346,BWH,"LOSINA, ELENA",2023,747091.0,True,R01,R01,Knee Arthroplasty Activity Trial (KArAT),ORTHOPEDIC_SURGERY,ORTHOPEDICS,False,0.9398,83,full_forename,1,majority,0.916,2026-08-01T15:46:11+00:00
10844515,R01NR020765,BWH,"LOSINA, ELENA",2024,869878.0,True,R01,R01,"HIV and musculoskeletal frailty: implications for care, policy and research",ORTHOPEDIC_SURGERY,ORTHOPEDICS,False,0.9398,83,full_forename,1,majority,0.916,2026-08-01T15:46:11+00:00
10875824,R01AR074290,BWH,"LOSINA, ELENA",2024,790316.0,True,R01,R01,Optimizing the value of pain management in knee OA patients with comorbidities,ORTHOPEDIC_SURGERY,ORTHOPEDICS,False,0.9398,83,full_forename,1,majority,0.916,2026-08-01T15:46:11+00:00
10913533,R01AR080346,BWH,"LOSINA, ELENA",2024,717317.0,True,R01,R01,Knee Arthroplasty Activity Trial (KArAT),ORTHOPEDIC_SURGERY,ORTHOPEDICS,False,0.9398,83,full_forename,1,majority,0.916,2026-08-01T15:46:11+00:00
11063168,R01AR074290,BWH,"LOSINA, ELENA",2025,732876.0,True,R01,R01,Optimizing the value of pain management in knee OA patients with comorbidities,ORTHOPEDIC_SURGERY,ORTHOPEDICS,False,0.9398,83,full_forename,1,majority,0.916,2026-08-01T15:46:11+00:00
11090386,R01NR020765,BWH,"LOSINA, ELENA",2025,1727982.0,True,R01,R01,"HIV and musculoskeletal frailty: implications for care, policy and research",ORTHOPEDIC_SURGERY,ORTHOPEDICS,False,0.9398,83,full_forename,1,majority,0.916,2026-08-01T15:46:11+00:00
11166454,R01AR080346,BWH,"LOSINA, ELENA",2025,659899.0,True,R01,R01,Knee Arthroplasty Activity Trial (KArAT),ORTHOPEDIC_SURGERY,ORTHOPEDICS,False,0.9398,83,full_forename,1,majority,0.916,2026-08-01T15:46:11+00:00
10749289,F32CA284543,BWH,"MICHAUD, DANIEL E",2023,69080.0,False,F32,F,Mechanisms of REST-mediated immunosuppression in cancer,GENERAL_AND_UNSPECIFIED_SURGERY,SURGERY,True,1.0,3,full_forename,2,majority,0.916,2026-08-01T15:46:11+00:00
10912498,F32CA284543,BWH,"MICHAUD, DANIEL E",2024,74284.0,False,F32,F,Mechanisms of REST-mediated immunosuppression in cancer,GENERAL_AND_UNSPECIFIED_SURGERY,SURGERY,True,1.0,3,full_forename,2,majority,0.916,2026-08-01T15:46:11+00:00
10300711,R03AG073986,BWH,"MINAMI, CHRISTINA A",2021,129000.0,False,R03,R_OTHER,"Locoregional Treatment Decision-making in Older Adults with Early-Stage, Hormone Receptor-Positive Breast Cancer",GENERAL_AND_UNSPECIFIED_SURGERY,SURGERY,True,0.8413,63,full_forename,1,majority,0.916,2026-08-01T15:46:11+00:00
10456188,R03AG073986,BWH,"MINAMI, CHRISTINA A",2022,129000.0,False,R03,R_OTHER,"Locoregional Treatment Decision-making in Older Adults with Early-Stage, Hormone Receptor-Positive Breast Cancer",GENERAL_AND_UNSPECIFIED_SURGERY,SURGERY,True,0.8413,63,full_forename,1,majority,0.916,2026-08-01T15:46:11+00:00
10246413,R50CA243706,BWH,"NOWICKI, MICHAL OSKAR",2021,132481.0,False,R50,R_OTHER,Innovative approaches for the advancement of glioblastoma therapies,NEUROSURGERY,NEUROSURGERY,False,1.0,12,full_forename,2,majority,0.916,2026-08-01T15:46:11+00:00
10478047,R50CA243706,BWH,"NOWICKI, MICHAL OSKAR",2022,132481.0,False,R50,R_OTHER,Innovative approaches for the advancement of glioblastoma therapies,NEUROSURGERY,NEUROSURGERY,False,1.0,12,full_forename,2,majority,0.916,2026-08-01T15:46:11+00:00
10696028,R50CA243706,BWH,"NOWICKI, MICHAL OSKAR",2023,132481.0,False,R50,R_OTHER,Innovative approaches for the advancement of glioblastoma therapies,NEUROSURGERY,NEUROSURGERY,False,1.0,12,full_forename,2,majority,0.916,2026-08-01T15:46:11+00:00
10448774,K23MD016129,BWH,"ORTEGA, GEZZER",2022,172720.0,False,K23,K,Improving Outcomes for Spanish-Speaking Surgical Patients with Limited English Proficiency,GENERAL_AND_UNSPECIFIED_SURGERY,SURGERY,True,1.0,47,full_forename,3,majority,0.916,2026-08-01T15:46:11+00:00
10624862,K23MD016129,BWH,"ORTEGA, GEZZER",2023,172656.0,False,K23,K,Improving Outcomes for Spanish-Speaking Surgical Patients with Limited English Proficiency,GENERAL_AND_UNSPECIFIED_SURGERY,SURGERY,True,1.0,47,full_forename,3,majority,0.916,2026-08-01T15:46:11+00:00
10796978,K23MD016129,BWH,"ORTEGA, GEZZER",2024,172800.0,False,K23,K,Improving Outcomes for Spanish-Speaking Surgical Patients with Limited English Proficiency,GENERAL_AND_UNSPECIFIED_SURGERY,SURGERY,True,1.0,47,full_forename,3,majority,0.916,2026-08-01T15:46:11+00:00
11041113,K23MD016129,BWH,"ORTEGA, GEZZER",2025,172800.0,False,K23,K,Improving Outcomes for Spanish-Speaking Surgical Patients with Limited English Proficiency,GENERAL_AND_UNSPECIFIED_SURGERY,SURGERY,True,1.0,47,full_forename,3,majority,0.916,2026-08-01T15:46:11+00:00
10814029,K08CA263488,BWH,"PARK, KO UN",2022,108712.0,False,K08,K,Implementation of Operative Standards in Cancer Surgery to Improve Patient Outcomes,GENERAL_AND_UNSPECIFIED_SURGERY,SURGERY,True,0.55,20,full_forename,6,majority,0.916,2026-08-01T15:46:11+00:00
10663235,K08CA263488,BWH,"PARK, KO UN",2023,265477.0,False,K08,K,Implementation of Operative Standards in Cancer Surgery to Improve Patient Outcomes,GENERAL_AND_UNSPECIFIED_SURGERY,SURGERY,True,0.55,20,full_forename,6,majority,0.916,2026-08-01T15:46:11+00:00
10925276,K08CA263488,BWH,"PARK, KO UN",2024,265477.0,False,K08,K,Implementation of Operative Standards in Cancer Surgery to Improve Patient Outcomes,GENERAL_AND_UNSPECIFIED_SURGERY,SURGERY,True,0.55,20,full_forename,6,majority,0.916,2026-08-01T15:46:11+00:00
11125790,K08CA263488,BWH,"PARK, KO UN",2025,265477.0,False,K08,K,Implementation of Operative Standards in Cancer Surgery to Improve Patient Outcomes,GENERAL_AND_UNSPECIFIED_SURGERY,SURGERY,True,0.55,20,full_forename,6,majority,0.916,2026-08-01T15:46:11+00:00
10104542,K08NS101091,BWH,"PERUZZI, PIER PAOLO",2021,198400.0,False,K08,K,"Characterization of a microRNA network regulating glioblastoma epigenetics, cell reprogramming and DNA repair",NEUROSURGERY,NEUROSURGERY,False,1.0,10,full_forename,2,majority,0.916,2026-08-01T15:46:11+00:00
10116510,R01NS116144,BWH,"PERUZZI, PIER PAOLO",2021,415160.0,True,R01,R01,Harnessing artificial microRNA clusters against glioblastoma epigenetic plasticity and resistance to therapy,NEUROSURGERY,NEUROSURGERY,False,1.0,10,full_forename,2,majority,0.916,2026-08-01T15:46:11+00:00
10376238,R01NS116144,BWH,"PERUZZI, PIER PAOLO",2022,415160.0,True,R01,R01,Harnessing artificial microRNA clusters against glioblastoma epigenetic plasticity and resistance to therapy,NEUROSURGERY,NEUROSURGERY,False,1.0,10,full_forename,2,majority,0.916,2026-08-01T15:46:11+00:00
10543193,R01NS116144,BWH,"PERUZZI, PIER PAOLO",2023,415160.0,True,R01,R01,Harnessing Artificial MicroRNA Clusters Against Glioblastoma Epigenetic Plasticity and Resistance to Therapy,NEUROSURGERY,NEUROSURGERY,False,1.0,10,full_forename,2,majority,0.916,2026-08-01T15:46:11+00:00
10761730,R01NS116144,BWH,"PERUZZI, PIER PAOLO",2025,415160.0,True,R01,R01,Harnessing Artificial MicroRNA Clusters Against Glioblastoma Epigenetic Plasticity and Resistance to Therapy,NEUROSURGERY,NEUROSURGERY,False,1.0,10,full_forename,2,majority,0.916,2026-08-01T15:46:11+00:00
10361387,U10CA180821,BWH,"PIANTADOSI, STEVEN",2022,8643786.0,False,U10,U,Alliance for Clinical Trials in Oncology Operations Center,GENERAL_AND_UNSPECIFIED_SURGERY,SURGERY,True,0.8,10,full_forename,1,majority,0.916,2026-08-01T15:46:11+00:00
10542289,U10CA180821,BWH,"PIANTADOSI, STEVEN",2022,1400000.0,False,U10,U,Alliance Grant Year 9 Administrative Supplements,GENERAL_AND_UNSPECIFIED_SURGERY,SURGERY,True,0.8,10,full_forename,1,majority,0.916,2026-08-01T15:46:11+00:00
10542466,U10CA180821,BWH,"PIANTADOSI, STEVEN",2022,2408803.0,False,U10,U,Alliance Grant Year 9 BIQSFP Supplements,GENERAL_AND_UNSPECIFIED_SURGERY,SURGERY,True,0.8,10,full_forename,1,majority,0.916,2026-08-01T15:46:11+00:00
10593808,U10CA180821,BWH,"PIANTADOSI, STEVEN",2022,207570.0,False,U10,U,A-STOR Cancer Clinical Trial Artificial Intelligence & Machine Learning Readiness,GENERAL_AND_UNSPECIFIED_SURGERY,SURGERY,True,0.8,10,full_forename,1,majority,0.916,2026-08-01T15:46:11+00:00
10669309,U10CA180821,BWH,"PIANTADOSI, STEVEN",2022,1221951.0,False,U10,U,Alliance for Clinical Trials in Oncology Operations Center,GENERAL_AND_UNSPECIFIED_SURGERY,SURGERY,True,0.8,10,full_forename,1,majority,0.916,2026-08-01T15:46:11+00:00
10593894,U10CA180821,BWH,"PIANTADOSI, STEVEN",2023,9533954.0,False,U10,U,Alliance for Clinical Trials in Oncology Operations Center,GENERAL_AND_UNSPECIFIED_SURGERY,SURGERY,True,0.8,10,full_forename,1,majority,0.916,2026-08-01T15:46:11+00:00
10738475,U10CA180821,BWH,"PIANTADOSI, STEVEN",2023,817650.0,False,U10,U,Alliance for Clinical Trials in Oncology Operations Center - GY9 NCCAPS Additional Capitation,GENERAL_AND_UNSPECIFIED_SURGERY,SURGERY,True,0.8,10,full_forename,1,majority,0.916,2026-08-01T15:46:11+00:00
10755524,U10CA180821,BWH,"PIANTADOSI, STEVEN",2023,2824605.0,False,U10,U,Alliance for Clinical Trials in Oncology Operations Center - GY10 BIQSFP Supplement,GENERAL_AND_UNSPECIFIED_SURGERY,SURGERY,True,0.8,10,full_forename,1,majority,0.916,2026-08-01T15:46:11+00:00
10755545,U10CA180821,BWH,"PIANTADOSI, STEVEN",2023,1529099.0,False,U10,U,Alliance for Clinical Trials in Oncology Operations Center - GY10 irAE A151804 Administrative Supplement,GENERAL_AND_UNSPECIFIED_SURGERY,SURGERY,True,0.8,10,full_forename,1,majority,0.916,2026-08-01T15:46:11+00:00
10808978,U10CA180821,BWH,"PIANTADOSI, STEVEN",2024,9189885.0,False,U10,U,Alliance for Clinical Trials in Oncology Operations Center,GENERAL_AND_UNSPECIFIED_SURGERY,SURGERY,True,0.8,10,full_forename,1,majority,0.916,2026-08-01T15:46:11+00:00
11001398,U10CA180821,BWH,"PIANTADOSI, STEVEN",2024,1172342.0,False,U10,U,Alliance for Clinical Trials in Oncology Operations Center - GY11 BIQSFP Supplements,GENERAL_AND_UNSPECIFIED_SURGERY,SURGERY,True,0.8,10,full_forename,1,majority,0.916,2026-08-01T15:46:11+00:00
11250360,U10CA180821,BWH,"PIANTADOSI, STEVEN",2025,11813476.0,False,U10,U,Alliance for Clinical Trials in Oncology Operations Center - GY11 Funded Extension,GENERAL_AND_UNSPECIFIED_SURGERY,SURGERY,True,0.8,10,full_forename,1,majority,0.916,2026-08-01T15:46:11+00:00
11304309,U10CA180821,BWH,"PIANTADOSI, STEVEN",2025,623526.0,False,U10,U,Alliance for Clinical Trials in Oncology Operations Center - GY11 BIQSFP Funded Extension,GENERAL_AND_UNSPECIFIED_SURGERY,SURGERY,True,0.8,10,full_forename,1,majority,0.916,2026-08-01T15:46:11+00:00
10950992,R03CA282955,BWH,"PRESTON, MARK ARTHUR",2024,189163.0,False,R03,R_OTHER,Informing Lifestyle Recommendations for Kidney Cancer Survival: Investigating the Role of Dietary Patterns and Physical (In)activity,UROLOGY,UROLOGY,False,0.9773,44,full_forename,1,majority,0.916,2026-08-01T15:46:11+00:00
10932984,R01CA280619,BWH,"PUSIC, ANDREA LOUISE",2024,695413.0,True,R01,R01,Increasing Engagement in Patient Reported Outcome Measurement to Address Breast Cancer Care Disparities using Health Information Technology in Community Cancer Settings,PLASTIC_SURGERY,PLASTIC SURGERY,False,1.0,104,full_forename,1,majority,0.916,2026-08-01T15:46:11+00:00
11180170,R01CA280619,BWH,"PUSIC, ANDREA LOUISE",2025,1346704.0,True,R01,R01,Increasing Engagement in Patient Reported Outcome Measurement to Improve Breast Cancer Care using Health Information Technology in Community Cancer Settings,PLASTIC_SURGERY,PLASTIC SURGERY,False,1.0,104,full_forename,1,majority,0.916,2026-08-01T15:46:11+00:00
10500238,R01CA272637,BWH,"RAUT, CHANDRAJIT PREMANAND",2022,749261.0,True,R01,R01,Supratherapeutic PTX Buttresses Reduce Locoregional Recurrence Rates Following Surgery for Soft Tissue Sarcomas,GENERAL_AND_UNSPECIFIED_SURGERY,SURGERY,True,0.9615,78,full_forename,2,majority,0.916,2026-08-01T15:46:11+00:00
10670441,R01CA272637,BWH,"RAUT, CHANDRAJIT PREMANAND",2023,695566.0,True,R01,R01,Supratherapeutic PTX Buttresses Reduce Locoregional Recurrence Rates Following Surgery for Soft Tissue Sarcomas,GENERAL_AND_UNSPECIFIED_SURGERY,SURGERY,True,0.9615,78,full_forename,2,majority,0.916,2026-08-01T15:46:11+00:00
10914027,R01CA272637,BWH,"RAUT, CHANDRAJIT PREMANAND",2024,676443.0,True,R01,R01,Supratherapeutic PTX Buttresses Reduce Locoregional Recurrence Rates Following Surgery for Soft Tissue Sarcomas,GENERAL_AND_UNSPECIFIED_SURGERY,SURGERY,True,0.9615,78,full_forename,2,majority,0.916,2026-08-01T15:46:11+00:00
11138456,R01CA272637,BWH,"RAUT, CHANDRAJIT PREMANAND",2025,712043.0,True,R01,R01,Supratherapeutic PTX Buttresses Reduce Locoregional Recurrence Rates Following Surgery for Soft Tissue Sarcomas,GENERAL_AND_UNSPECIFIED_SURGERY,SURGERY,True,0.9615,78,full_forename,2,majority,0.916,2026-08-01T15:46:11+00:00
11059356,R21TW012945,BWH,"RAYKAR, NAKUL",2025,146501.0,False,R21,R_OTHER,"Rapid Emergency Skills for Prehospital Optimization, Notification, and Delivery (RESPOND-Guatemala): A comprehensive mHealth program for emergency prehospital skills and triage notification",GENERAL_AND_UNSPECIFIED_SURGERY,SURGERY,True,1.0,52,full_forename,1,majority,0.916,2026-08-01T15:46:11+00:00
11410922,R21TW012945,BWH,"RAYKAR, NAKUL",2025,57309.0,False,R21,R_OTHER,"Rapid Emergency Skills for Prehospital Optimization, Notification, and Delivery (RESPOND-Guatemala): A comprehensive mHealth program for emergency prehospital skills and triage notification",GENERAL_AND_UNSPECIFIED_SURGERY,SURGERY,True,1.0,52,full_forename,1,majority,0.916,2026-08-01T15:46:11+00:00
11410923,R21TW012945,BWH,"RAYKAR, NAKUL",2025,2322.0,False,R21,R_OTHER,"Rapid Emergency Skills for Prehospital Optimization, Notification, and Delivery (RESPOND-Guatemala): A comprehensive mHealth program for emergency prehospital skills and triage notification",GENERAL_AND_UNSPECIFIED_SURGERY,SURGERY,True,1.0,52,full_forename,1,majority,0.916,2026-08-01T15:46:11+00:00
11241867,F32HL178207,BWH,"REZAEITALESHMAHALLEH, MOSTAFA",2025,75520.0,False,F32,F,Innovative implementation of artificial intelligence techniques for enhanced management of aortic abdominal aneurysms,CARDIAC_CARDIOTHORACIC_SURGERY,SURGERY,True,1.0,3,full_forename,1,majority,0.916,2026-08-01T15:46:11+00:00
10887865,K23NS114178,BWH,"ROLSTON, JOHN D",2022,192275.0,False,K23,K,Patient-Specific Modeling and Network Perturbation to Enhance the Predictability of Direct Cortical Stimulation for Epilepsy,NEUROSURGERY,NEUROSURGERY,False,1.0,48,full_forename,1,majority,0.916,2026-08-01T15:46:11+00:00
10686306,K23NS114178,BWH,"ROLSTON, JOHN D",2023,192275.0,False,K23,K,Patient-Specific Modeling and Network Perturbation to Enhance the Predictability of Direct Cortical Stimulation for Epilepsy,NEUROSURGERY,NEUROSURGERY,False,1.0,48,full_forename,1,majority,0.916,2026-08-01T15:46:11+00:00
11046208,R01NS136297,BWH,"ROLSTON, JOHN D",2025,690763.0,True,R01,R01,"Optimizing Neuromodulation Therapies for Epilepsy: Identifying the Right Patient, Right Place, and Right Time for Stimulation",NEUROSURGERY,NEUROSURGERY,False,1.0,48,full_forename,1,majority,0.916,2026-08-01T15:46:11+00:00
10180899,K23AR071464,BWH,"SCHOENFELD, ANDREW",2021,178200.0,False,K23,K,Optimizing Surgical Interventions for Patients with Spinal Metastases: A Mixed-Methods Study,ORTHOPEDIC_SURGERY,ORTHOPEDICS,False,1.0,65,full_forename,4,majority,0.916,2026-08-01T15:46:11+00:00
10129437,R01NS107857,BWH,"SHAH, KHALID A",2021,386033.0,True,R01,R01,Engineered and Encapsulated Stem Cells for Resected Brain Tumors,NEUROSURGERY,NEUROSURGERY,False,1.0,3,full_forename,7,majority,0.916,2026-08-01T15:46:11+00:00
10184164,R01NS121096,BWH,"SHAH, KHALID A",2021,466689.0,True,R01,R01,Gene Edited and Engineered Tumor Cell Therapeutics for Cancer,NEUROSURGERY,NEUROSURGERY,False,1.0,3,full_forename,7,majority,0.916,2026-08-01T15:46:11+00:00
10355476,R01NS107857,BWH,"SHAH, KHALID A",2022,363913.0,True,R01,R01,Engineered and Encapsulated Stem Cells for Resected Brain Tumors,NEUROSURGERY,NEUROSURGERY,False,1.0,3,full_forename,7,majority,0.916,2026-08-01T15:46:11+00:00
10386860,R01NS121096,BWH,"SHAH, KHALID A",2022,451126.0,True,R01,R01,Gene Edited and Engineered Tumor Cell Therapeutics for Cancer,NEUROSURGERY,NEUROSURGERY,False,1.0,3,full_forename,7,majority,0.916,2026-08-01T15:46:11+00:00
10578780,R01NS107857,BWH,"SHAH, KHALID A",2023,363913.0,True,R01,R01,Engineered and Encapsulated Stem Cells for Resected Brain Tumors,NEUROSURGERY,NEUROSURGERY,False,1.0,3,full_forename,7,majority,0.916,2026-08-01T15:46:11+00:00
10589097,R01NS121096,BWH,"SHAH, KHALID A",2023,442270.0,True,R01,R01,Gene Edited and Engineered Tumor Cell Therapeutics for Cancer,NEUROSURGERY,NEUROSURGERY,False,1.0,3,full_forename,7,majority,0.916,2026-08-01T15:46:11+00:00
10774430,R01CA285519,BWH,"SHAH, KHALID A",2023,405478.0,True,R01,R01,Targeting metastatic tumors with engineered cellular therapies,NEUROSURGERY,NEUROSURGERY,False,1.0,3,full_forename,7,majority,0.916,2026-08-01T15:46:11+00:00
10817058,R01NS121096,BWH,"SHAH, KHALID A",2024,402467.0,True,R01,R01,Gene Edited and Engineered Tumor Cell Therapeutics for Cancer,NEUROSURGERY,NEUROSURGERY,False,1.0,3,full_forename,7,majority,0.916,2026-08-01T15:46:11+00:00
10931641,R01CA285519,BWH,"SHAH, KHALID A",2024,385097.0,True,R01,R01,Targeting metastatic tumors with engineered cellular therapies,NEUROSURGERY,NEUROSURGERY,False,1.0,3,full_forename,7,majority,0.916,2026-08-01T15:46:11+00:00
11047965,R01CA288535,BWH,"SHAH, KHALID A",2025,417858.0,True,R01,R01,Cell surface receptor targeted therapies for brain tumors,NEUROSURGERY,NEUROSURGERY,False,1.0,3,full_forename,7,majority,0.916,2026-08-01T15:46:11+00:00
11055286,R01NS121096,BWH,"SHAH, KHALID A",2025,373424.0,True,R01,R01,Gene Edited and Engineered Tumor Cell Therapeutics for Cancer,NEUROSURGERY,NEUROSURGERY,False,1.0,3,full_forename,7,majority,0.916,2026-08-01T15:46:11+00:00
11130597,R01NS138137,BWH,"SHAH, KHALID A",2025,420251.0,True,R01,R01,Encapsulated Cell Based Oncolytic Virus Therapy for Brain Tumors,NEUROSURGERY,NEUROSURGERY,False,1.0,3,full_forename,7,majority,0.916,2026-08-01T15:46:11+00:00
11191702,R01CA285519,BWH,"SHAH, KHALID A",2025,400053.0,True,R01,R01,Targeting metastatic tumors with engineered cellular therapies,NEUROSURGERY,NEUROSURGERY,False,1.0,3,full_forename,7,majority,0.916,2026-08-01T15:46:11+00:00
10099069,R01DK126855,BWH,"SHEU, ERIC GARLAND",2021,700144.0,True,R01,R01,"""A microbiome-dependent bile acid metabolite improves type 2 diabetes.""",OTHER_EXPLICIT_SURGERY,SURGERY,True,1.0,49,full_forename,1,majority,0.916,2026-08-01T15:46:11+00:00
10327309,R01DK126855,BWH,"SHEU, ERIC GARLAND",2022,665301.0,True,R01,R01,"""A microbiome-dependent bile acid metabolite improves type 2 diabetes.""",OTHER_EXPLICIT_SURGERY,SURGERY,True,1.0,49,full_forename,1,majority,0.916,2026-08-01T15:46:11+00:00
10543112,R01DK126855,BWH,"SHEU, ERIC GARLAND",2023,665780.0,True,R01,R01,"""A microbiome-dependent bile acid metabolite improves type 2 diabetes.""",OTHER_EXPLICIT_SURGERY,SURGERY,True,1.0,49,full_forename,1,majority,0.916,2026-08-01T15:46:11+00:00
10909440,R01DK126855,BWH,"SHEU, ERIC GARLAND",2023,55117.0,True,R01,R01,"""A microbiome-dependent bile acid metabolite improves type 2 diabetes.""",OTHER_EXPLICIT_SURGERY,SURGERY,True,1.0,49,full_forename,1,majority,0.916,2026-08-01T15:46:11+00:00
10761725,R01DK126855,BWH,"SHEU, ERIC GARLAND",2024,628684.0,True,R01,R01,"""A microbiome-dependent bile acid metabolite improves type 2 diabetes.""",OTHER_EXPLICIT_SURGERY,SURGERY,True,1.0,49,full_forename,1,majority,0.916,2026-08-01T15:46:11+00:00
11009904,R01DK126855,BWH,"SHEU, ERIC GARLAND",2025,589392.0,True,R01,R01,"""A microbiome-dependent bile acid metabolite improves type 2 diabetes.""",OTHER_EXPLICIT_SURGERY,SURGERY,True,1.0,49,full_forename,1,majority,0.916,2026-08-01T15:46:11+00:00
10166755,K76AG059996,BWH,"SINHA, INDRANIL",2021,241976.0,False,K76,K,Aging-associated dysregulation of the hypoxia pathway limits skeletal muscle regeneration,PLASTIC_SURGERY,PLASTIC SURGERY,False,1.0,14,full_forename,2,majority,0.916,2026-08-01T15:46:11+00:00
10407512,K76AG059996,BWH,"SINHA, INDRANIL",2022,241976.0,False,K76,K,Aging-associated dysregulation of the hypoxia pathway limits skeletal muscle regeneration,PLASTIC_SURGERY,PLASTIC SURGERY,False,1.0,14,full_forename,2,majority,0.916,2026-08-01T15:46:11+00:00
10657095,R01AG078307,BWH,"SINHA, INDRANIL",2023,395166.0,True,R01,R01,PHD2 mediated loss of hypoxia signaling limits skeletal muscle regeneration and exercise response in aging,PLASTIC_SURGERY,PLASTIC SURGERY,False,1.0,14,full_forename,2,majority,0.916,2026-08-01T15:46:11+00:00
10814854,R01AG078307,BWH,"SINHA, INDRANIL",2024,395166.0,True,R01,R01,PHD2 mediated loss of hypoxia signaling limits skeletal muscle regeneration and exercise response in aging,PLASTIC_SURGERY,PLASTIC SURGERY,False,1.0,14,full_forename,2,majority,0.916,2026-08-01T15:46:11+00:00
11077326,R01AG078307,BWH,"SINHA, INDRANIL",2025,384166.0,True,R01,R01,PHD2 mediated loss of hypoxia signaling limits skeletal muscle regeneration and exercise response in aging,PLASTIC_SURGERY,PLASTIC SURGERY,False,1.0,14,full_forename,2,majority,0.916,2026-08-01T15:46:11+00:00
10636029,R01DC020965,BWH,"TIE, YANMEI",2023,650111.0,True,R01,R01,Naturalistic Neuroimaging for Presurgical Language Mapping,NEUROSURGERY,NEUROSURGERY,False,1.0,17,full_forename,1,majority,0.916,2026-08-01T15:46:11+00:00
10791883,R01DC020965,BWH,"TIE, YANMEI",2024,709263.0,True,R01,R01,Naturalistic Neuroimaging for Presurgical Language Mapping,NEUROSURGERY,NEUROSURGERY,False,1.0,17,full_forename,1,majority,0.916,2026-08-01T15:46:11+00:00
11031074,R01DC020965,BWH,"TIE, YANMEI",2024,111930.0,True,R01,R01,Research Supplement: Naturalistic Neuroimaging for Presurgical Language Mapping,NEUROSURGERY,NEUROSURGERY,False,1.0,17,full_forename,1,majority,0.916,2026-08-01T15:46:11+00:00
11021033,R01DC020965,BWH,"TIE, YANMEI",2025,623632.0,True,R01,R01,Naturalistic Neuroimaging for Presurgical Language Mapping,NEUROSURGERY,NEUROSURGERY,False,1.0,17,full_forename,1,majority,0.916,2026-08-01T15:46:11+00:00
10188378,R01AG064165,BWH,"TULLIUS, STEFAN GUNTHER",2021,507041.0,True,R01,R01,Senescent cells drive mt-DNA accumulation and inflamm-aging,TRANSPLANT_SURGERY,SURGERY,True,1.0,84,full_forename,1,majority,0.916,2026-08-01T15:46:11+00:00
10204895,U01AI132898,BWH,"TULLIUS, STEFAN GUNTHER",2021,403766.0,False,U01,U,The microbiota and allograft rejection: novel investigations into the consequences of obesity,TRANSPLANT_SURGERY,SURGERY,True,1.0,84,full_forename,1,majority,0.916,2026-08-01T15:46:11+00:00
10515843,R01AG064165,BWH,"TULLIUS, STEFAN GUNTHER",2022,507041.0,True,R01,R01,Senescent cells drive mt-DNA accumulation and inflamm-aging,TRANSPLANT_SURGERY,SURGERY,True,1.0,84,full_forename,1,majority,0.916,2026-08-01T15:46:11+00:00
10816247,R01AG064165,BWH,"TULLIUS, STEFAN GUNTHER",2023,507041.0,True,R01,R01,Senescent cells drive mt-DNA accumulation and inflamm-aging,TRANSPLANT_SURGERY,SURGERY,True,1.0,84,full_forename,1,majority,0.916,2026-08-01T15:46:11+00:00
10837156,R01AG064165,BWH,"TULLIUS, STEFAN GUNTHER",2024,507041.0,True,R01,R01,Senescent cells drive mt-DNA accumulation and inflamm-aging,TRANSPLANT_SURGERY,SURGERY,True,1.0,84,full_forename,1,majority,0.916,2026-08-01T15:46:11+00:00
10591834,R21AA030087,BWH,"WANG, XIN",2023,230080.0,False,R21,R_OTHER,N-acetylserotonin alleviates neurotoxicity in alcohol misuse following TBI,NEUROSURGERY,NEUROSURGERY,False,1.0,1,full_forename,11,majority,0.916,2026-08-01T15:46:11+00:00
10834197,R21AA030087,BWH,"WANG, XIN",2024,190461.0,False,R21,R_OTHER,N-acetylserotonin alleviates neurotoxicity in alcohol misuse following TBI,NEUROSURGERY,NEUROSURGERY,False,1.0,1,full_forename,11,majority,0.916,2026-08-01T15:46:11+00:00
10149219,R01AG067507,BWH,"WEISSMAN, JOEL S.",2021,810880.0,True,R01,R01,"Understanding and Improving Surgical Decision-Making for Persons Living with Dementia, their Family Caregivers, and their Providers: A Mixed Methods Study",OTHER_EXPLICIT_SURGERY,SURGERY,True,1.0,83,full_forename,2,majority,0.916,2026-08-01T15:46:11+00:00
10405060,R01AG067507,BWH,"WEISSMAN, JOEL S.",2022,724083.0,True,R01,R01,"Understanding and Improving Surgical Decision-Making for Persons Living with Dementia, their Family Caregivers, and their Providers: A Mixed Methods Study",OTHER_EXPLICIT_SURGERY,SURGERY,True,1.0,83,full_forename,2,majority,0.916,2026-08-01T15:46:11+00:00
10589248,R01AG067507,BWH,"WEISSMAN, JOEL S.",2022,101219.0,True,R01,R01,"Understanding and Improving Surgical Decision-Making for Persons Living with Dementia, their Family Caregivers, and their Providers: A Mixed Methods Study",OTHER_EXPLICIT_SURGERY,SURGERY,True,1.0,83,full_forename,2,majority,0.916,2026-08-01T15:46:11+00:00
10595437,R01AG067507,BWH,"WEISSMAN, JOEL S.",2022,292151.0,True,R01,R01,"Understanding and Improving Surgical Decision-Making for Persons Living with Dementia, their Family Caregivers, and their Providers: A Mixed Methods Study",OTHER_EXPLICIT_SURGERY,SURGERY,True,1.0,83,full_forename,2,majority,0.916,2026-08-01T15:46:11+00:00
10584977,R01MD016910,BWH,"WEISSMAN, JOEL S.",2023,726447.0,True,R01,R01,Disasters and Hospital Systems Serving Health Disparity Populations: Identifying the Long Term effects of the COVID-19 Pandemic to Mitigate Future Challenges,OTHER_EXPLICIT_SURGERY,SURGERY,True,1.0,83,full_forename,2,majority,0.916,2026-08-01T15:46:11+00:00
10617273,R01AG067507,BWH,"WEISSMAN, JOEL S.",2023,860060.0,True,R01,R01,"Understanding and Improving Surgical Decision-Making for Persons Living with Dementia, their Family Caregivers, and their Providers: A Mixed Methods Study",OTHER_EXPLICIT_SURGERY,SURGERY,True,1.0,83,full_forename,2,majority,0.916,2026-08-01T15:46:11+00:00
10848596,R01AG067507,BWH,"WEISSMAN, JOEL S.",2023,101219.0,True,R01,R01,"Understanding and Improving Surgical Decision-Making for Persons Living with Dementia, their Family Caregivers, and their Providers: A Mixed Methods Study",OTHER_EXPLICIT_SURGERY,SURGERY,True,1.0,83,full_forename,2,majority,0.916,2026-08-01T15:46:11+00:00
10845466,R01AG067507,BWH,"WEISSMAN, JOEL S.",2024,768936.0,True,R01,R01,"Understanding and Improving Surgical Decision-Making for Persons Living with Dementia, their Family Caregivers, and their Providers: A Mixed Methods Study",OTHER_EXPLICIT_SURGERY,SURGERY,True,1.0,83,full_forename,2,majority,0.916,2026-08-01T15:46:11+00:00
10856913,R01MD016910,BWH,"WEISSMAN, JOEL S.",2024,666342.0,True,R01,R01,Disasters and Hospital Systems Serving Health Disparity Populations: Identifying the Long Term effects of the COVID-19 Pandemic to Mitigate Future Challenges,OTHER_EXPLICIT_SURGERY,SURGERY,True,1.0,83,full_forename,2,majority,0.916,2026-08-01T15:46:11+00:00
11002686,R01MD016910,BWH,"WEISSMAN, JOEL S.",2025,682626.0,True,R01,R01,Disasters and Hospital Systems Serving Populations That Experience Health Disparities: Identifying the Long Term effects of Pandemics and Disasters in Order to Mitigate Future Challenges,OTHER_EXPLICIT_SURGERY,SURGERY,True,1.0,83,full_forename,2,majority,0.916,2026-08-01T15:46:11+00:00
10111519,R01EY017001,BWH,"WOLFE, JEREMY M",2021,441020.0,True,R01,R01,Prevalence effects in visual research: Theoretical and practical implications,GENERAL_AND_UNSPECIFIED_SURGERY,SURGERY,True,0.875,8,full_forename,7,majority,0.916,2026-08-01T15:46:11+00:00
10362604,R01EY017001,BWH,"WOLFE, JEREMY M",2022,434075.0,True,R01,R01,Prevalence effects in visual research: Theoretical and practical implications,GENERAL_AND_UNSPECIFIED_SURGERY,SURGERY,True,0.875,8,full_forename,7,majority,0.916,2026-08-01T15:46:11+00:00
10441711,R01CA207490,BWH,"WOLFE, JEREMY M",2022,474338.0,True,R01,R01,Improving Perception in Digital Breast Tomography,GENERAL_AND_UNSPECIFIED_SURGERY,SURGERY,True,0.875,8,full_forename,7,majority,0.916,2026-08-01T15:46:11+00:00
10608050,R01EY017001,BWH,"WOLFE, JEREMY M",2023,447500.0,True,R01,R01,Prevalence effects in visual research: Theoretical and practical implications,GENERAL_AND_UNSPECIFIED_SURGERY,SURGERY,True,0.875,8,full_forename,7,majority,0.916,2026-08-01T15:46:11+00:00
10704517,R01CA207490,BWH,"WOLFE, JEREMY M",2023,442877.0,True,R01,R01,Improving Perception in Digital Breast Tomography,GENERAL_AND_UNSPECIFIED_SURGERY,SURGERY,True,0.875,8,full_forename,7,majority,0.916,2026-08-01T15:46:11+00:00
10867909,R01EY017001,BWH,"WOLFE, JEREMY M",2024,480432.0,True,R01,R01,Prevalence effects in visual search: Theoretical and practical implications,GENERAL_AND_UNSPECIFIED_SURGERY,SURGERY,True,0.875,8,full_forename,7,majority,0.916,2026-08-01T15:46:11+00:00
10922851,R01CA207490,BWH,"WOLFE, JEREMY M",2024,429319.0,True,R01,R01,Improving Perception in Digital Breast Tomography,GENERAL_AND_UNSPECIFIED_SURGERY,SURGERY,True,0.875,8,full_forename,7,majority,0.916,2026-08-01T15:46:11+00:00
11122307,R01EY017001,BWH,"WOLFE, JEREMY M",2025,480432.0,True,R01,R01,Prevalence effects in visual search: Theoretical and practical implications,GENERAL_AND_UNSPECIFIED_SURGERY,SURGERY,True,0.875,8,full_forename,7,majority,0.916,2026-08-01T15:46:11+00:00
11174462,R01CA207490,BWH,"WOLFE, JEREMY M",2025,903831.0,True,R01,R01,Improving Perception in Digital Breast Tomography,GENERAL_AND_UNSPECIFIED_SURGERY,SURGERY,True,0.875,8,full_forename,7,majority,0.916,2026-08-01T15:46:11+00:00
10953291,R03CA292987,BWH,"ZENG, CHENGBO",2024,179000.0,False,R03,R_OTHER,Nonresponse of Patient-reported Outcomes in Routine Cancer Care,GENERAL_AND_UNSPECIFIED_SURGERY,SURGERY,True,1.0,22,full_forename,1,majority,0.916,2026-08-01T15:46:11+00:00
11144677,K99EY034699,IPF10005742,"ANDREI, ARIANA R",2024,124009.0,False,K99,K,Role of cortical connections to higher-order thalamic nuclei in visual decision-making,NEUROSURGERY,NEUROSURGERY,False,1.0,2,full_forename,1,majority,0.916,2026-08-01T17:57:18+00:00
10525473,R21NS125509,IPF10005742,"BRITZ, GAVIN WAYNE",2022,444125.0,False,R21,R_OTHER,Methods and devices to assist and improve cerebrospinal fluid drainage,NEUROSURGERY,NEUROSURGERY,False,0.9595,74,full_forename,1,majority,0.916,2026-08-01T17:57:18+00:00
10781577,R01CA255609,IPF10005742,"CHAN, KEITH SYSON",2022,226446.0,True,R01,R01,Targeting tumor repopulation and the immune microenvironment to overcome chemoresistance,UROLOGY,UROLOGY,False,0.8889,18,full_forename,4,majority,0.916,2026-08-01T17:57:18+00:00
10683096,R01CA255609,IPF10005742,"CHAN, KEITH SYSON",2023,418910.0,True,R01,R01,Targeting tumor repopulation and the immune microenvironment to overcome chemoresistance,UROLOGY,UROLOGY,False,0.8889,18,full_forename,4,majority,0.916,2026-08-01T17:57:18+00:00
10778669,R01CA175397,IPF10005742,"CHAN, KEITH SYSON",2023,382828.0,True,R01,R01,Distinct Tumor and Metastatic Collagen Microenvironments: Divergent Targeting Approaches,UROLOGY,UROLOGY,False,0.8889,18,full_forename,4,majority,0.916,2026-08-01T17:57:18+00:00
10831342,U54CA274375,IPF10005742,"CHAN, KEITH SYSON",2023,83500.0,False,U54,U,Spatial and mechanistic assessment of the role of stromal fibroblasts in driving emergence of aggressive prostate and bladder cancer,UROLOGY,UROLOGY,False,0.8889,18,full_forename,4,majority,0.916,2026-08-01T17:57:18+00:00
10831757,U54CA274375,IPF10005742,"CHAN, KEITH SYSON",2023,1657891.0,False,U54,U,The stromal microenvironment as a co-organizer of bladder carcinogenesis  and progression,UROLOGY,UROLOGY,False,0.8889,18,full_forename,4,majority,0.916,2026-08-01T17:57:18+00:00
10847208,R01CA175397,IPF10005742,"CHAN, KEITH SYSON",2023,400962.0,True,R01,R01,Distinct Tumor and Metastatic Collagen Microenvironments: Divergent Targeting Approaches,UROLOGY,UROLOGY,False,0.8889,18,full_forename,4,majority,0.916,2026-08-01T17:57:18+00:00
10708892,U54CA274375,IPF10005742,"CHAN, KEITH SYSON",2024,1564827.0,False,U54,U,The stromal microenvironment as a co-organizer of bladder carcinogenesis  and progression,UROLOGY,UROLOGY,False,0.8889,18,full_forename,4,majority,0.916,2026-08-01T17:57:18+00:00
10900470,R01CA255609,IPF10005742,"CHAN, KEITH SYSON",2024,434475.0,True,R01,R01,Targeting tumor repopulation and the immune microenvironment to overcome chemoresistance,UROLOGY,UROLOGY,False,0.8889,18,full_forename,4,majority,0.916,2026-08-01T17:57:18+00:00
10925380,R01CA175397,IPF10005742,"CHAN, KEITH SYSON",2024,373783.0,True,R01,R01,Distinct Tumor and Metastatic Collagen Microenvironments: Divergent Targeting Approaches,UROLOGY,UROLOGY,False,0.8889,18,full_forename,4,majority,0.916,2026-08-01T17:57:18+00:00
11010059,R01CA175397,IPF10005742,"CHAN, KEITH SYSON",2024,363685.0,True,R01,R01,Distinct Tumor and Metastatic Collagen Microenvironments: Divergent Targeting Approaches,UROLOGY,UROLOGY,False,0.8889,18,full_forename,4,majority,0.916,2026-08-01T17:57:18+00:00
11074258,U54CA274375,IPF10005742,"CHAN, KEITH SYSON",2024,174625.0,False,U54,U,A single-cell spatial map characterizing the stromal TME in bladder and breast early-lesions,UROLOGY,UROLOGY,False,0.8889,18,full_forename,4,majority,0.916,2026-08-01T17:57:18+00:00
11093443,R01CA175397,IPF10005742,"CHAN, KEITH SYSON",2025,385560.0,True,R01,R01,Distinct Tumor and Metastatic Collagen Microenvironments: Divergent Targeting Approaches,UROLOGY,UROLOGY,False,0.8889,18,full_forename,4,majority,0.916,2026-08-01T17:57:18+00:00
11182671,R01CA255609,IPF10005742,"CHAN, KEITH SYSON",2025,452797.0,True,R01,R01,Targeting tumor repopulation and the immune microenvironment to overcome chemoresistance,UROLOGY,UROLOGY,False,0.8889,18,full_forename,4,majority,0.916,2026-08-01T17:57:18+00:00
11192227,U54CA274375,IPF10005742,"CHAN, KEITH SYSON",2025,1646006.0,False,U54,U,The stromal microenvironment as a co-organizer of bladder carcinogenesis  and progression,UROLOGY,UROLOGY,False,0.8889,18,full_forename,4,majority,0.916,2026-08-01T17:57:18+00:00
10141201,R01AI132492,IPF10005742,"CHEN, WENHAO",2021,403750.0,True,R01,R01,IRF4-dependent T-cell effector programs in governing transplant outcomes,GENERAL_AND_UNSPECIFIED_SURGERY,SURGERY,True,1.0,1,full_forename,5,majority,0.916,2026-08-01T17:57:18+00:00
10381743,R01AI132492,IPF10005742,"CHEN, WENHAO",2022,403750.0,True,R01,R01,IRF4-dependent T-cell effector programs in governing transplant outcomes,GENERAL_AND_UNSPECIFIED_SURGERY,SURGERY,True,1.0,1,full_forename,5,majority,0.916,2026-08-01T17:57:18+00:00
10986373,R56AI132492,IPF10005742,"CHEN, WENHAO",2024,323000.0,False,R56,R_OTHER,Impact of Irreversible T Cell Dysfunction on Transplant Outcomes,GENERAL_AND_UNSPECIFIED_SURGERY,SURGERY,True,1.0,1,full_forename,5,majority,0.916,2026-08-01T17:57:18+00:00
11359412,R56AI192360,IPF10005742,"CHEN, WENHAO",2025,300000.0,False,R56,R_OTHER,LDHA-dependent T-cell effector programs in heart transplantation,GENERAL_AND_UNSPECIFIED_SURGERY,SURGERY,True,1.0,1,full_forename,5,majority,0.916,2026-08-01T17:57:18+00:00
11035893,R34NS128894,IPF10005742,"DRAGOI, VALENTIN",2022,466031.0,False,R34,R_OTHER,Neural coding of natural stimuli in freely moving macaque,NEUROSURGERY,NEUROSURGERY,False,1.0,2,full_forename,1,majority,0.916,2026-08-01T17:57:18+00:00
11035980,R01EY031588,IPF10005742,"DRAGOI, VALENTIN",2023,292977.0,True,R01,R01,Cortical encoding of unconscious visual information and its impact on behavior,NEUROSURGERY,NEUROSURGERY,False,1.0,2,full_forename,1,majority,0.916,2026-08-01T17:57:18+00:00
10864048,R01EY031588,IPF10005742,"DRAGOI, VALENTIN",2024,398523.0,True,R01,R01,Cortical encoding of unconscious visual information and its impact on behavior,NEUROSURGERY,NEUROSURGERY,False,1.0,2,full_forename,1,majority,0.916,2026-08-01T17:57:18+00:00
11036073,R01EY026156,IPF10005742,"DRAGOI, VALENTIN",2024,475319.0,True,R01,R01,The Impact of Sleep on Network Coding and Perceptual Performance,NEUROSURGERY,NEUROSURGERY,False,1.0,2,full_forename,1,majority,0.916,2026-08-01T17:57:18+00:00
11090511,R01EY026156,IPF10005742,"DRAGOI, VALENTIN",2025,475319.0,True,R01,R01,The Impact of Sleep on Network Coding and Perceptual Performance,NEUROSURGERY,NEUROSURGERY,False,1.0,2,full_forename,1,majority,0.916,2026-08-01T17:57:18+00:00
10516846,R03AG078857,IPF10005742,"FAISAL, HINA",2022,161500.0,False,R03,R_OTHER,Virtual Reality-Based Cognitive Intervention For The Prevention of Delirium & Cognitive Impairment In Geriatric Surgical Patients,GENERAL_AND_UNSPECIFIED_SURGERY,SURGERY,True,0.8889,9,full_forename,1,majority,0.916,2026-08-01T17:57:18+00:00
10689127,R03AG078857,IPF10005742,"FAISAL, HINA",2023,161500.0,False,R03,R_OTHER,Virtual Reality-Based Cognitive Intervention For The Prevention of Delirium & Cognitive Impairment In Geriatric Surgical Patients,GENERAL_AND_UNSPECIFIED_SURGERY,SURGERY,True,0.8889,9,full_forename,1,majority,0.916,2026-08-01T17:57:18+00:00
11215174,K76AG088424,IPF10005742,"FAISAL, HINA",2025,242840.0,False,K76,K,Virtual Reality-Based Cognitive Stimulation Games for Enhancing Attention and Preventing Delirium in Older Surgical Patients with Cognitive Impairment: A Randomized Controlled Pilot Trial,GENERAL_AND_UNSPECIFIED_SURGERY,SURGERY,True,0.8889,9,full_forename,1,majority,0.916,2026-08-01T17:57:18+00:00
10711018,R01AA030965,IPF10005742,"GHOBRIAL, RAFIK MARK",2023,324817.0,True,R01,R01,4/4-American Consortium of Early Liver Transplantation-Prospective Alcohol-associated liver disease Cohort Evaluation (ACCELERATE-PACE),GENERAL_AND_UNSPECIFIED_SURGERY,SURGERY,True,0.8953,86,full_forename,1,majority,0.916,2026-08-01T17:57:18+00:00
10893429,R01AA030965,IPF10005742,"GHOBRIAL, RAFIK MARK",2024,390224.0,True,R01,R01,4/4-American Consortium of Early Liver Transplantation-Prospective Alcohol-associated liver disease Cohort Evaluation (ACCELERATE-PACE),GENERAL_AND_UNSPECIFIED_SURGERY,SURGERY,True,0.8953,86,full_forename,1,majority,0.916,2026-08-01T17:57:18+00:00
11145186,R01AA030965,IPF10005742,"GHOBRIAL, RAFIK MARK",2025,401203.0,True,R01,R01,4/4-American Consortium of Early Liver Transplantation-Prospective Alcohol-associated liver disease Cohort Evaluation (ACCELERATE-PACE),GENERAL_AND_UNSPECIFIED_SURGERY,SURGERY,True,0.8953,86,full_forename,1,majority,0.916,2026-08-01T17:57:18+00:00
10093084,R01GM127558,IPF10005742,"GRATTONI, ALESSANDRO",2021,338921.0,True,R01,R01,A nanofluidic platform for tunable drug delivery,GENERAL_AND_UNSPECIFIED_SURGERY,SURGERY,True,0.6304,92,full_forename,1,majority,0.916,2026-08-01T17:57:18+00:00
10417410,R01DK132104,IPF10005742,"GRATTONI, ALESSANDRO",2022,712661.0,True,R01,R01,Vascularized Islet transplantation NICHE with local immunosuppression for the treatment of type 1 diabetes,GENERAL_AND_UNSPECIFIED_SURGERY,SURGERY,True,0.6304,92,full_forename,1,majority,0.916,2026-08-01T17:57:18+00:00
10481727,R01AI165372,IPF10005742,"GRATTONI, ALESSANDRO",2022,808087.0,True,R01,R01,Ultra-long Acting Transcutaneously Refillable Islatravir Nanofluidic Implant for HIV Pre-Exposure,GENERAL_AND_UNSPECIFIED_SURGERY,SURGERY,True,0.6304,92,full_forename,1,majority,0.916,2026-08-01T17:57:18+00:00
10511952,R01DK133610,IPF10005742,"GRATTONI, ALESSANDRO",2022,798092.0,True,R01,R01,Vascularized NICHE with local immunosuppression for cell replacement for Type 1 diabetes,GENERAL_AND_UNSPECIFIED_SURGERY,SURGERY,True,0.6304,92,full_forename,1,majority,0.916,2026-08-01T17:57:18+00:00
10605334,R01AI165372,IPF10005742,"GRATTONI, ALESSANDRO",2023,900458.0,True,R01,R01,Ultra-long Acting Transcutaneously Refillable Islatravir Nanofluidic Implant for HIV Pre-Exposure,GENERAL_AND_UNSPECIFIED_SURGERY,SURGERY,True,0.6304,92,full_forename,1,majority,0.916,2026-08-01T17:57:18+00:00
10619811,R01AI167659,IPF10005742,"GRATTONI, ALESSANDRO",2023,830671.0,True,R01,R01,Long-acting multi prevention implant for 2-year contraception and HIV PrEP,GENERAL_AND_UNSPECIFIED_SURGERY,SURGERY,True,0.6304,92,full_forename,1,majority,0.916,2026-08-01T17:57:18+00:00
10656255,R01DK132104,IPF10005742,"GRATTONI, ALESSANDRO",2023,698529.0,True,R01,R01,Vascularized Islet transplantation NICHE with local immunosuppression for the treatment of type 1 diabetes,GENERAL_AND_UNSPECIFIED_SURGERY,SURGERY,True,0.6304,92,full_forename,1,majority,0.916,2026-08-01T17:57:18+00:00
10704182,R01DK133610,IPF10005742,"GRATTONI, ALESSANDRO",2023,775293.0,True,R01,R01,Vascularized NICHE with local immunosuppression for cell replacement for Type 1 diabetes,GENERAL_AND_UNSPECIFIED_SURGERY,SURGERY,True,0.6304,92,full_forename,1,majority,0.916,2026-08-01T17:57:18+00:00
10817794,R01AI167659,IPF10005742,"GRATTONI, ALESSANDRO",2024,816407.0,True,R01,R01,Long-acting multi prevention implant for 2-year contraception and HIV PrEP,GENERAL_AND_UNSPECIFIED_SURGERY,SURGERY,True,0.6304,92,full_forename,1,majority,0.916,2026-08-01T17:57:18+00:00
10843229,R01AI165372,IPF10005742,"GRATTONI, ALESSANDRO",2024,948687.0,True,R01,R01,Ultra-long Acting Transcutaneously Refillable Islatravir Nanofluidic Implant for HIV Pre-Exposure,GENERAL_AND_UNSPECIFIED_SURGERY,SURGERY,True,0.6304,92,full_forename,1,majority,0.916,2026-08-01T17:57:18+00:00
10907539,R01DK133610,IPF10005742,"GRATTONI, ALESSANDRO",2024,769293.0,True,R01,R01,Vascularized NICHE with local immunosuppression for cell replacement for Type 1 diabetes,GENERAL_AND_UNSPECIFIED_SURGERY,SURGERY,True,0.6304,92,full_forename,1,majority,0.916,2026-08-01T17:57:18+00:00
10908468,R01DK132104,IPF10005742,"GRATTONI, ALESSANDRO",2024,669652.0,True,R01,R01,Vascularized Islet transplantation NICHE with local immunosuppression for the treatment of type 1 diabetes,GENERAL_AND_UNSPECIFIED_SURGERY,SURGERY,True,0.6304,92,full_forename,1,majority,0.916,2026-08-01T17:57:18+00:00
11076310,R01AI167659,IPF10005742,"GRATTONI, ALESSANDRO",2025,817162.0,True,R01,R01,Long-acting multi prevention implant for 2-year contraception and HIV PrEP,GENERAL_AND_UNSPECIFIED_SURGERY,SURGERY,True,0.6304,92,full_forename,1,majority,0.916,2026-08-01T17:57:18+00:00
11085226,R01DK132104,IPF10005742,"GRATTONI, ALESSANDRO",2025,697245.0,True,R01,R01,Vascularized Islet transplantation NICHE with local immunosuppression for the treatment of type 1 diabetes,GENERAL_AND_UNSPECIFIED_SURGERY,SURGERY,True,0.6304,92,full_forename,1,majority,0.916,2026-08-01T17:57:18+00:00
11088221,R01DK133610,IPF10005742,"GRATTONI, ALESSANDRO",2025,754051.0,True,R01,R01,Vascularized NICHE with local immunosuppression for cell replacement for Type 1 diabetes,GENERAL_AND_UNSPECIFIED_SURGERY,SURGERY,True,0.6304,92,full_forename,1,majority,0.916,2026-08-01T17:57:18+00:00
11126596,R01AI165372,IPF10005742,"GRATTONI, ALESSANDRO",2025,1801942.0,True,R01,R01,Ultra-long Acting Transcutaneously Refillable Islatravir Nanofluidic Implant for HIV Pre-Exposure,GENERAL_AND_UNSPECIFIED_SURGERY,SURGERY,True,0.6304,92,full_forename,1,majority,0.916,2026-08-01T17:57:18+00:00
11253352,R24AI194877,IPF10005742,"GRATTONI, ALESSANDRO",2025,846258.0,False,R24,R_OTHER,Center for the Dissemination of Ultra-Long-Acting Antiretroviral Release Technology: DART Resource Program,GENERAL_AND_UNSPECIFIED_SURGERY,SURGERY,True,0.6304,92,full_forename,1,majority,0.916,2026-08-01T17:57:18+00:00
10745440,R21AR083189,IPF10005742,"HAUDENSCHILD, DOMINIK R",2023,375092.0,False,R21,R_OTHER,In situ and real-time readout of nuclear mechanotransduction via single cell mechanics and site-specific fluorescence reporting,ORTHOPEDIC_SURGERY,ORTHOPEDICS,False,1.0,9,full_forename,1,majority,0.916,2026-08-01T17:57:18+00:00
11056446,R01HL177797,IPF10005742,"HAUDENSCHILD, DOMINIK R",2025,705334.0,True,R01,R01,Role of Cdk9 in the Pathogenesis of Pulmonary Fibrosis,ORTHOPEDIC_SURGERY,ORTHOPEDICS,False,1.0,9,full_forename,1,majority,0.916,2026-08-01T17:57:18+00:00
10094199,R01CA211861,IPF10005742,"HE, BIN",2021,369431.0,True,R01,R01,The Germ Cell Gene TDRD1 as a Novel Prostate Cancer Biomarker,UROLOGY,UROLOGY,False,1.0,8,full_forename,2,majority,0.916,2026-08-01T17:57:18+00:00
10142335,R03AG064266,IPF10005742,"HEGDE, MURALIDHAR L",2021,80750.0,False,R03,R_OTHER,"A new conditional TDPÎNLS knock-in mouse model generated using CRISPR/Cas9 technology to study the linkage of TDP-43 pathology to motor and cognitive defects in ALS, FTD and ADRD",NEUROSURGERY,NEUROSURGERY,False,0.8936,47,full_forename,3,majority,0.916,2026-08-01T17:57:18+00:00
10303241,R21NS117983,IPF10005742,"HORNER, PHILIP J",2021,444125.0,False,R21,R_OTHER,A versatile reporter for visualization of myelin plasticity in the genetically modified rat,NEUROSURGERY,NEUROSURGERY,False,1.0,31,full_forename,2,majority,0.916,2026-08-01T17:57:18+00:00
10410250,T32NS126115,IPF10005742,"HORNER, PHILIP J",2022,176569.0,False,T32,T,Training in Neural Control of organ Degeneration and Regeneration (NeuralCODR),NEUROSURGERY,NEUROSURGERY,False,1.0,31,full_forename,2,majority,0.916,2026-08-01T17:57:18+00:00
10607404,R13NS130938,IPF10005742,"HORNER, PHILIP J",2023,22000.0,False,R13,R_OTHER,Patricia Levy Zusman International Workshop on Neuroregeneration (Zusman Workshop),NEUROSURGERY,NEUROSURGERY,False,1.0,31,full_forename,2,majority,0.916,2026-08-01T17:57:18+00:00
10620833,T32NS126115,IPF10005742,"HORNER, PHILIP J",2023,350859.0,False,T32,T,Training in Neural Control of organ Degeneration and Regeneration (NeuralCODR),NEUROSURGERY,NEUROSURGERY,False,1.0,31,full_forename,2,majority,0.916,2026-08-01T17:57:18+00:00
10805726,R01NS132123,IPF10005742,"HORNER, PHILIP J",2023,469448.0,True,R01,R01,Spinal Neuromodulation to Promote Physiologic and Molecular Plasticity in theInjured Spinal Cord,NEUROSURGERY,NEUROSURGERY,False,1.0,31,full_forename,2,majority,0.916,2026-08-01T17:57:18+00:00
10855273,T32NS126115,IPF10005742,"HORNER, PHILIP J",2024,29710.0,False,T32,T,T32 Administrative Supplement,NEUROSURGERY,NEUROSURGERY,False,1.0,31,full_forename,2,majority,0.916,2026-08-01T17:57:18+00:00
10880237,T32NS126115,IPF10005742,"HORNER, PHILIP J",2024,204214.0,False,T32,T,Training in Neural Control of organ Degeneration and Regeneration (NeuralCODR),NEUROSURGERY,NEUROSURGERY,False,1.0,31,full_forename,2,majority,0.916,2026-08-01T17:57:18+00:00
10932286,R01NS132123,IPF10005742,"HORNER, PHILIP J",2024,455365.0,True,R01,R01,Spinal Neuromodulation to Promote Physiologic and Molecular Plasticity in theInjured Spinal Cord,NEUROSURGERY,NEUROSURGERY,False,1.0,31,full_forename,2,majority,0.916,2026-08-01T17:57:18+00:00
11073777,R13NS141592,IPF10005742,"HORNER, PHILIP J",2025,14000.0,False,R13,R_OTHER,2025 Patrica Levy Zusman International Workshop on Neuroregeneration,NEUROSURGERY,NEUROSURGERY,False,1.0,31,full_forename,2,majority,0.916,2026-08-01T17:57:18+00:00
11141259,T32NS126115,IPF10005742,"HORNER, PHILIP J",2025,370868.0,False,T32,T,Training in Neural Control of organ Degeneration and Regeneration (NeuralCODR),NEUROSURGERY,NEUROSURGERY,False,1.0,31,full_forename,2,majority,0.916,2026-08-01T17:57:18+00:00
11187126,R01NS132123,IPF10005742,"HORNER, PHILIP J",2025,445467.0,True,R01,R01,Spinal Neuromodulation to Promote Physiologic and Molecular Plasticity in theInjured Spinal Cord,NEUROSURGERY,NEUROSURGERY,False,1.0,31,full_forename,2,majority,0.916,2026-08-01T17:57:18+00:00
11365637,T32NS126115,IPF10005742,"HORNER, PHILIP J",2025,29710.0,False,T32,T,Training in Neural Control of organ Degeneration and Regeneration (NeuralCODR),NEUROSURGERY,NEUROSURGERY,False,1.0,31,full_forename,2,majority,0.916,2026-08-01T17:57:18+00:00
10106039,R03DK126994,IPF10005742,"KHAVARI, ROSE",2021,121066.0,False,R03,R_OTHER,High-resolution mapping of the human brainstem during continence and micturition: noninvasive in vivo 7 Tesla fMRI study,UROLOGY,UROLOGY,False,1.0,48,full_forename,1,majority,0.916,2026-08-01T17:57:18+00:00
10440022,K23DK118209,IPF10005742,"KHAVARI, ROSE",2021,100210.0,False,K23,K,SUPRASPINAL TARGETS IN NEUROGENIC VOIDING DYSFUNCTION,UROLOGY,UROLOGY,False,1.0,48,full_forename,1,majority,0.916,2026-08-01T17:57:18+00:00
10330466,R03DK126994,IPF10005742,"KHAVARI, ROSE",2022,120511.0,False,R03,R_OTHER,High-resolution mapping of the human brainstem during continence and micturition: noninvasive in vivo 7 Tesla fMRI study,UROLOGY,UROLOGY,False,1.0,48,full_forename,1,majority,0.916,2026-08-01T17:57:18+00:00
10560461,R01DK134340,IPF10005742,"KHAVARI, ROSE",2023,401219.0,True,R01,R01,"A randomized, sham-controlled clinical trial evaluating individualized neuromodulation of cortical regions involved in neurogenic overactive bladder in Multiple Sclerosis",UROLOGY,UROLOGY,False,1.0,48,full_forename,1,majority,0.916,2026-08-01T17:57:18+00:00
10767892,R01DK134340,IPF10005742,"KHAVARI, ROSE",2024,332818.0,True,R01,R01,"A randomized, sham-controlled clinical trial evaluating individualized neuromodulation of cortical regions involved in neurogenic overactive bladder in Multiple Sclerosis",UROLOGY,UROLOGY,False,1.0,48,full_forename,1,majority,0.916,2026-08-01T17:57:18+00:00
10999573,R13DK138734,IPF10005742,"KHAVARI, ROSE",2024,10000.0,False,R13,R_OTHER,Neurogenic Bladder Research Group (NBRG) symposium: Partnering with Engineering in Neurogenic Bladder Research,UROLOGY,UROLOGY,False,1.0,48,full_forename,1,majority,0.916,2026-08-01T17:57:18+00:00
11001934,R01DK134340,IPF10005742,"KHAVARI, ROSE",2025,305092.0,True,R01,R01,"A randomized, sham-controlled clinical trial evaluating individualized neuromodulation of cortical regions involved in neurogenic overactive bladder in Multiple Sclerosis",UROLOGY,UROLOGY,False,1.0,48,full_forename,1,majority,0.916,2026-08-01T17:57:18+00:00
10348978,R21AG075189,IPF10005742,"KRENCIK, ROBERT CONRAD",2022,444125.0,False,R21,R_OTHER,Human Astrocyte-Based Nanovesicles to Target Neuroinflammation in Alzheimer's Disease,NEUROSURGERY,NEUROSURGERY,False,1.0,10,full_forename,1,majority,0.916,2026-08-01T17:57:18+00:00
10562919,R01NS129788,IPF10005742,"KRENCIK, ROBERT CONRAD",2022,455115.0,True,R01,R01,Relationship of the Human Astrocyte Matrisome with Synaptic Networks,NEUROSURGERY,NEUROSURGERY,False,1.0,10,full_forename,1,majority,0.916,2026-08-01T17:57:18+00:00
10709023,R01NS129788,IPF10005742,"KRENCIK, ROBERT CONRAD",2023,439740.0,True,R01,R01,Relationship of the Human Astrocyte Matrisome with Synaptic Networks,NEUROSURGERY,NEUROSURGERY,False,1.0,10,full_forename,1,majority,0.916,2026-08-01T17:57:18+00:00
10897212,R01NS129788,IPF10005742,"KRENCIK, ROBERT CONRAD",2024,426548.0,True,R01,R01,Relationship of the Human Astrocyte Matrisome with Synaptic Networks,NEUROSURGERY,NEUROSURGERY,False,1.0,10,full_forename,1,majority,0.916,2026-08-01T17:57:18+00:00
11164731,R01NS129788,IPF10005742,"KRENCIK, ROBERT CONRAD",2025,439740.0,True,R01,R01,Relationship of the Human Astrocyte Matrisome with Synaptic Networks,NEUROSURGERY,NEUROSURGERY,False,1.0,10,full_forename,1,majority,0.916,2026-08-01T17:57:18+00:00
10057214,R01AI080779,IPF10005742,"LI, XIAN CHANG",2021,398750.0,True,R01,R01,Modulation of innate immune cells to create transplant tolerance,GENERAL_AND_UNSPECIFIED_SURGERY,SURGERY,True,1.0,6,full_forename,10,majority,0.916,2026-08-01T17:57:18+00:00
10077820,R01AI129906,IPF10005742,"LI, XIAN CHANG",2021,403750.0,True,R01,R01,T cell fate decisions and transplant outcomes,GENERAL_AND_UNSPECIFIED_SURGERY,SURGERY,True,1.0,6,full_forename,10,majority,0.916,2026-08-01T17:57:18+00:00
10217440,R01AI106200,IPF10005742,"LI, XIAN CHANG",2021,484500.0,True,R01,R01,Control of dysfunctional Tregs,GENERAL_AND_UNSPECIFIED_SURGERY,SURGERY,True,1.0,6,full_forename,10,majority,0.916,2026-08-01T17:57:18+00:00
10318164,R01AI129906,IPF10005742,"LI, XIAN CHANG",2022,403750.0,True,R01,R01,T cell fate decisions and transplant outcomes,GENERAL_AND_UNSPECIFIED_SURGERY,SURGERY,True,1.0,6,full_forename,10,majority,0.916,2026-08-01T17:57:18+00:00
10335230,R01AI106200,IPF10005742,"LI, XIAN CHANG",2022,484500.0,True,R01,R01,Control of dysfunctional Tregs,GENERAL_AND_UNSPECIFIED_SURGERY,SURGERY,True,1.0,6,full_forename,10,majority,0.916,2026-08-01T17:57:18+00:00
10552603,R01AI106200,IPF10005742,"LI, XIAN CHANG",2023,484500.0,True,R01,R01,Control of dysfunctional Tregs,GENERAL_AND_UNSPECIFIED_SURGERY,SURGERY,True,1.0,6,full_forename,10,majority,0.916,2026-08-01T17:57:18+00:00
10763788,R01AI106200,IPF10005742,"LI, XIAN CHANG",2024,484500.0,True,R01,R01,Control of dysfunctional Tregs,GENERAL_AND_UNSPECIFIED_SURGERY,SURGERY,True,1.0,6,full_forename,10,majority,0.916,2026-08-01T17:57:18+00:00
10770319,R01AI179616,IPF10005742,"LI, XIAN CHANG",2024,644870.0,True,R01,R01,Modulation of chromatin dynamics to promote transplant survival,GENERAL_AND_UNSPECIFIED_SURGERY,SURGERY,True,1.0,6,full_forename,10,majority,0.916,2026-08-01T17:57:18+00:00
10975215,R01AI080779,IPF10005742,"LI, XIAN CHANG",2024,484500.0,True,R01,R01,Modulation of innate immune cells to create transplant tolerance,GENERAL_AND_UNSPECIFIED_SURGERY,SURGERY,True,1.0,6,full_forename,10,majority,0.916,2026-08-01T17:57:18+00:00
10995265,R01AI179616,IPF10005742,"LI, XIAN CHANG",2025,609980.0,True,R01,R01,Modulation of chromatin dynamics to promote transplant survival,GENERAL_AND_UNSPECIFIED_SURGERY,SURGERY,True,1.0,6,full_forename,10,majority,0.916,2026-08-01T17:57:18+00:00
11015884,R01AI106200,IPF10005742,"LI, XIAN CHANG",2025,469966.0,True,R01,R01,Control of dysfunctional Tregs,GENERAL_AND_UNSPECIFIED_SURGERY,SURGERY,True,1.0,6,full_forename,10,majority,0.916,2026-08-01T17:57:18+00:00
11123457,R01AI080779,IPF10005742,"LI, XIAN CHANG",2025,484500.0,True,R01,R01,Modulation of innate immune cells to create transplant tolerance,GENERAL_AND_UNSPECIFIED_SURGERY,SURGERY,True,1.0,6,full_forename,10,majority,0.916,2026-08-01T17:57:18+00:00
10735720,R01CA272763,IPF10005742,"PICHUMANI, KUMAR",2023,364129.0,True,R01,R01,Quantitation of nutrient metabolism in brain tumor patients using advanced 13C isotopomer technology,NEUROSURGERY,NEUROSURGERY,False,0.9286,14,full_forename,1,majority,0.916,2026-08-01T17:57:18+00:00
10916453,R01CA272763,IPF10005742,"PICHUMANI, KUMAR",2024,345923.0,True,R01,R01,Quantitation of nutrient metabolism in brain tumor patients using advanced 13C isotopomer technology,NEUROSURGERY,NEUROSURGERY,False,0.9286,14,full_forename,1,majority,0.916,2026-08-01T17:57:18+00:00
11052058,R01CA272763,IPF10005742,"PICHUMANI, KUMAR",2024,14241.0,True,R01,R01,Administrative Supplement to Existing NIH Grant-Purchase of a Equipment,NEUROSURGERY,NEUROSURGERY,False,0.9286,14,full_forename,1,majority,0.916,2026-08-01T17:57:18+00:00
11169989,R01CA272763,IPF10005742,"PICHUMANI, KUMAR",2025,364129.0,True,R01,R01,Quantitation of nutrient metabolism in brain tumor patients using advanced 13C isotopomer technology,NEUROSURGERY,NEUROSURGERY,False,0.9286,14,full_forename,1,majority,0.916,2026-08-01T17:57:18+00:00
10744524,R01NS129720,IPF10005742,"ROSTOMILY, ROBERT C",2023,503363.0,True,R01,R01,âPharmacologic targeting of NR4A1 and NR4A2 to activate glioblastoma treatment responseâ,NEUROSURGERY,NEUROSURGERY,False,1.0,20,full_forename,1,majority,0.916,2026-08-01T17:57:18+00:00
10816836,R21NS127229,IPF10005742,"ROSTOMILY, ROBERT C",2024,444125.0,False,R21,R_OTHER,Patterned optogenetic neuromodulation to reprogram glioma stem cells,NEUROSURGERY,NEUROSURGERY,False,1.0,20,full_forename,1,majority,0.916,2026-08-01T17:57:18+00:00
10828267,R61CA278458,IPF10005742,"ROSTOMILY, ROBERT C",2024,240484.0,False,R61,R_OTHER,A multiplexed high-throughput platform to report pharmacologic alteration of cancer stem cell membrane potential and cell cycle state,NEUROSURGERY,NEUROSURGERY,False,1.0,20,full_forename,1,majority,0.916,2026-08-01T17:57:18+00:00
10931564,R01NS129720,IPF10005742,"ROSTOMILY, ROBERT C",2024,511747.0,True,R01,R01,âPharmacologic targeting of NR4A1 and NR4A2 to activate glioblastoma treatment responseâ,NEUROSURGERY,NEUROSURGERY,False,1.0,20,full_forename,1,majority,0.916,2026-08-01T17:57:18+00:00
10973542,R21CA287157,IPF10005742,"ROSTOMILY, ROBERT C",2024,415257.0,False,R21,R_OTHER,Development of a pre-clinical syngeneic pig glioma model for research and translational studies,NEUROSURGERY,NEUROSURGERY,False,1.0,20,full_forename,1,majority,0.916,2026-08-01T17:57:18+00:00
11059076,R61CA278458,IPF10005742,"ROSTOMILY, ROBERT C",2025,223327.0,False,R61,R_OTHER,A multiplexed high-throughput platform to report pharmacologic alteration of cancer stem cell membrane potential and cell cycle state,NEUROSURGERY,NEUROSURGERY,False,1.0,20,full_forename,1,majority,0.916,2026-08-01T17:57:18+00:00
11176328,R01NS129720,IPF10005742,"ROSTOMILY, ROBERT C",2025,554314.0,True,R01,R01,âPharmacologic targeting of NR4A1 and NR4A2 to activate glioblastoma treatment responseâ,NEUROSURGERY,NEUROSURGERY,False,1.0,20,full_forename,1,majority,0.916,2026-08-01T17:57:18+00:00
10939337,R01HL174587,IPF10005742,"ROY, TRISHA",2024,734463.0,True,R01,R01,Advancing Endovascular PAD Treatment: Overcoming Critical Knowledge Gaps with MRI-histology,VASCULAR_SURGERY,SURGERY,True,0.9,10,full_forename,2,majority,0.916,2026-08-01T17:57:18+00:00
11118665,R01HL174587,IPF10005742,"ROY, TRISHA",2025,719088.0,True,R01,R01,Advancing Endovascular PAD Treatment: Overcoming Critical Knowledge Gaps with MRI-histology,VASCULAR_SURGERY,SURGERY,True,0.9,10,full_forename,2,majority,0.916,2026-08-01T17:57:18+00:00
10298841,R01NS119587,IPF10005742,"SAYENKO, DIMITRY",2022,657591.0,True,R01,R01,Harnessing Neuroplasticity of Postural Sensorimotor Networks Using Non-Invasive Spinal Neuromodulation to Maximize Functional Recovery After Spinal Cord Injury,NEUROSURGERY,NEUROSURGERY,False,1.0,42,full_forename,2,majority,0.916,2026-08-01T17:57:18+00:00
10532353,R01NS119587,IPF10005742,"SAYENKO, DIMITRY",2023,640123.0,True,R01,R01,Harnessing Neuroplasticity of Postural Sensorimotor Networks Using Non-Invasive Spinal Neuromodulation to Maximize Functional Recovery After Spinal Cord Injury,NEUROSURGERY,NEUROSURGERY,False,1.0,42,full_forename,2,majority,0.916,2026-08-01T17:57:18+00:00
10905982,R01NS119587,IPF10005742,"SAYENKO, DIMITRY",2024,613832.0,True,R01,R01,Harnessing Neuroplasticity of Postural Sensorimotor Networks Using Non-Invasive Spinal Neuromodulation to Maximize Functional Recovery After Spinal Cord Injury,NEUROSURGERY,NEUROSURGERY,False,1.0,42,full_forename,2,majority,0.916,2026-08-01T17:57:18+00:00
11190861,R01NS119587,IPF10005742,"SAYENKO, DIMITRY",2025,632816.0,True,R01,R01,Harnessing Neuroplasticity of Postural Sensorimotor Networks Using Non-Invasive Spinal Neuromodulation to Maximize Functional Recovery After Spinal Cord Injury,NEUROSURGERY,NEUROSURGERY,False,1.0,42,full_forename,2,majority,0.916,2026-08-01T17:57:18+00:00
10910348,R56AG080920,IPF10005742,"VILLAPOL, SONIA",2023,642579.0,False,R56,R_OTHER,Microbiota-targeted approaches to resolve dysbiosis-induced AD neuropathology following brain injury.,NEUROSURGERY,NEUROSURGERY,False,1.0,30,full_forename,1,majority,0.916,2026-08-01T17:57:18+00:00
10929519,R56AG080920,IPF10005742,"VILLAPOL, SONIA",2024,611829.0,False,R56,R_OTHER,Microbiota-targeted approaches to resolve dysbiosis-induced AD neuropathology following brain injury.,NEUROSURGERY,NEUROSURGERY,False,1.0,30,full_forename,1,majority,0.916,2026-08-01T17:57:18+00:00
10730846,R01DK137111,IPF10005742,"WATERMAN, AMY DOGGETTE",2023,254631.0,True,R01,R01,Transforming Curiosity into Donation: Validating a Risk Prediction Index to Detect and Prevent Drop-Out in Potential Living Kidney Donors who are Racial/Ethnic Minorities,GENERAL_AND_UNSPECIFIED_SURGERY,SURGERY,True,0.963,27,full_forename,1,majority,0.916,2026-08-01T17:57:18+00:00
10918208,R01DK137111,IPF10005742,"WATERMAN, AMY DOGGETTE",2024,229681.0,True,R01,R01,Transforming Curiosity into Donation: Validating a Risk Prediction Index to Detect and Prevent Drop-Out in Potential Living Kidney Donors who are Racial/Ethnic Minorities,GENERAL_AND_UNSPECIFIED_SURGERY,SURGERY,True,0.963,27,full_forename,1,majority,0.916,2026-08-01T17:57:18+00:00
11062073,R01DK137111,IPF10005742,"WATERMAN, AMY DOGGETTE",2024,176530.0,True,R01,R01,"Improving transplantation access, equity and outcomes through responsive risk communication and support for living donor candidates with obesity.",GENERAL_AND_UNSPECIFIED_SURGERY,SURGERY,True,0.963,27,full_forename,1,majority,0.916,2026-08-01T17:57:18+00:00
11129827,R01DK137111,IPF10005742,"WATERMAN, AMY DOGGETTE",2025,239256.0,True,R01,R01,Transforming Curiosity into Donation: Validating a Risk Prediction Index to Detect and Prevent Drop-Out in Potential Living Kidney Donors who are Racial/Ethnic Minorities,GENERAL_AND_UNSPECIFIED_SURGERY,SURGERY,True,0.963,27,full_forename,1,majority,0.916,2026-08-01T17:57:18+00:00
10190951,R01ES031511,IPF10005742,"WENG, YI-LAN",2021,402308.0,True,R01,R01,Systems-wide analysis of oxidative stress-responsive m6A epitranscriptome,NEUROSURGERY,NEUROSURGERY,False,1.0,9,full_forename,2,majority,0.916,2026-08-01T17:57:18+00:00
10375555,R01ES031511,IPF10005742,"WENG, YI-LAN",2022,402308.0,True,R01,R01,Systems-wide analysis of oxidative stress-responsive m6A epitranscriptome,NEUROSURGERY,NEUROSURGERY,False,1.0,9,full_forename,2,majority,0.916,2026-08-01T17:57:18+00:00
10600102,R01ES031511,IPF10005742,"WENG, YI-LAN",2024,402308.0,True,R01,R01,Systems-wide analysis of oxidative stress-responsive m6A epitranscriptome,NEUROSURGERY,NEUROSURGERY,False,1.0,9,full_forename,2,majority,0.916,2026-08-01T17:57:18+00:00
11062494,R01ES031511,IPF10005742,"WENG, YI-LAN",2025,402308.0,True,R01,R01,Systems-wide analysis of oxidative stress-responsive m6A epitranscriptome,NEUROSURGERY,NEUROSURGERY,False,1.0,9,full_forename,2,majority,0.916,2026-08-01T17:57:18+00:00
10271880,R01AI155488,IPF10005742,"ZHANG, ZHIQIANG",2021,403750.0,True,R01,R01,Studies of a new checkpoint regulator in the control of intestinal inflammation,GENERAL_AND_UNSPECIFIED_SURGERY,SURGERY,True,1.0,2,full_forename,10,majority,0.916,2026-08-01T17:57:18+00:00
10421445,R01AI155488,IPF10005742,"ZHANG, ZHIQIANG",2022,403750.0,True,R01,R01,Studies of a new checkpoint regulator in the control of intestinal inflammation,GENERAL_AND_UNSPECIFIED_SURGERY,SURGERY,True,1.0,2,full_forename,10,majority,0.916,2026-08-01T17:57:18+00:00
10621272,R01AI155488,IPF10005742,"ZHANG, ZHIQIANG",2023,403750.0,True,R01,R01,Studies of a new checkpoint regulator in the control of intestinal inflammation,GENERAL_AND_UNSPECIFIED_SURGERY,SURGERY,True,1.0,2,full_forename,10,majority,0.916,2026-08-01T17:57:18+00:00
10843083,R01AI155488,IPF10005742,"ZHANG, ZHIQIANG",2024,403750.0,True,R01,R01,Studies of a new checkpoint regulator in the control of intestinal inflammation,GENERAL_AND_UNSPECIFIED_SURGERY,SURGERY,True,1.0,2,full_forename,10,majority,0.916,2026-08-01T17:57:18+00:00
11096060,R01AI155488,IPF10005742,"ZHANG, ZHIQIANG",2025,403750.0,True,R01,R01,Studies of a new checkpoint regulator in the control of intestinal inflammation,GENERAL_AND_UNSPECIFIED_SURGERY,SURGERY,True,1.0,2,full_forename,10,majority,0.916,2026-08-01T17:57:18+00:00
10205153,R01HL140231,IPF10040927,"BACCHETTA, MATTHEW DOMINIC",2021,568633.0,True,R01,R01,The Road to Destination Therapy: Optimizing Long-Term Mechanical Cardiopulmonary Support for Pulmonary Hypertension,CARDIAC_CARDIOTHORACIC_SURGERY,SURGERY,True,0.8931,131,full_forename,1,majority,0.916,2026-08-01T16:03:37+00:00
10781192,R01HL171577,IPF10040927,"BACCHETTA, MATTHEW DOMINIC",2024,771563.0,True,R01,R01,The Road to Destination Therapy: Developing a Durable Ambulatory Mechanical Cardiopulmonary Support for Pulmonary Hypertension,CARDIAC_CARDIOTHORACIC_SURGERY,SURGERY,True,0.8931,131,full_forename,1,majority,0.916,2026-08-01T16:03:37+00:00
11017706,R01HL171577,IPF10040927,"BACCHETTA, MATTHEW DOMINIC",2025,745932.0,True,R01,R01,The Road to Destination Therapy: Developing a Durable Ambulatory Mechanical Cardiopulmonary Support for Pulmonary Hypertension,CARDIAC_CARDIOTHORACIC_SURGERY,SURGERY,True,0.8931,131,full_forename,1,majority,0.916,2026-08-01T16:03:37+00:00
10523132,K00CA253718,IPF10040927,"BAKER, EMILY ARNER",2022,89813.0,False,K00,K,Deciphering molecular mechanisms of Epithelial Plasticity,GENERAL_AND_UNSPECIFIED_SURGERY,SURGERY,True,1.0,1,full_forename,4,majority,0.916,2026-08-01T16:03:37+00:00
10533831,K00CA253718,IPF10040927,"BAKER, EMILY ARNER",2023,92705.0,False,K00,K,Deciphering molecular mechanisms of Epithelial Plasticity,GENERAL_AND_UNSPECIFIED_SURGERY,SURGERY,True,1.0,1,full_forename,4,majority,0.916,2026-08-01T16:03:37+00:00
10763026,K00CA253718,IPF10040927,"BAKER, EMILY ARNER",2024,104600.0,False,K00,K,Deciphering molecular mechanisms of Epithelial Plasticity,GENERAL_AND_UNSPECIFIED_SURGERY,SURGERY,True,1.0,1,full_forename,4,majority,0.916,2026-08-01T16:03:37+00:00
10986113,K00CA253718,IPF10040927,"BAKER, EMILY ARNER",2025,104600.0,False,K00,K,Deciphering molecular mechanisms of Epithelial Plasticity,GENERAL_AND_UNSPECIFIED_SURGERY,SURGERY,True,1.0,1,full_forename,4,majority,0.916,2026-08-01T16:03:37+00:00
11229906,K00CA253718,IPF10040927,"BAKER, EMILY ARNER",2025,5577.0,False,K00,K,Deciphering molecular mechanisms of Epithelial Plasticity,GENERAL_AND_UNSPECIFIED_SURGERY,SURGERY,True,1.0,1,full_forename,4,majority,0.916,2026-08-01T16:03:37+00:00
10136551,R01CA230352,IPF10040927,"BAROCAS, DANIEL A",2021,628064.0,True,R01,R01,10-year Comparative Effectiveness and Harms of Treatments for Prostate Cancer,UROLOGY,UROLOGY,False,0.9861,72,full_forename,2,majority,0.916,2026-08-01T16:03:37+00:00
10372985,R01CA230352,IPF10040927,"BAROCAS, DANIEL A",2022,606437.0,True,R01,R01,10-year Comparative Effectiveness and Harms of Treatments for Prostate Cancer,UROLOGY,UROLOGY,False,0.9861,72,full_forename,2,majority,0.916,2026-08-01T16:03:37+00:00
10602465,R01CA230352,IPF10040927,"BAROCAS, DANIEL A",2023,554265.0,True,R01,R01,10-year Comparative Effectiveness and Harms of Treatments for Prostate Cancer,UROLOGY,UROLOGY,False,0.9861,72,full_forename,2,majority,0.916,2026-08-01T16:03:37+00:00
10192679,R01CA235016,IPF10040927,"BEAUCHAMP, ROBERT DANIEL",2021,686092.0,True,R01,R01,SMAD4 regulation of colon epithelial cell inflammatory responses,GENERAL_AND_UNSPECIFIED_SURGERY,SURGERY,True,1.0,1,full_forename,2,majority,0.916,2026-08-01T16:03:37+00:00
10112186,R01CA193219,IPF10040927,"BELKHIRI, ABBES",2021,302666.0,True,R01,R01,The role of AXL-ABL axis in Barrett's carcinogenesis,GENERAL_AND_UNSPECIFIED_SURGERY,SURGERY,True,1.0,6,full_forename,1,majority,0.916,2026-08-01T16:03:37+00:00
10463082,F32DC020347,IPF10040927,"BERG, KATELYN",2022,67582.0,False,F32,F,Optimizing cochlear implants for music perception,OTOLARYNGOLOGY_HNS,OTOLARYNGOLOGY,False,1.0,9,full_forename,3,majority,0.916,2026-08-01T16:03:37+00:00
10544724,F32DC020347,IPF10040927,"BERG, KATELYN",2023,71792.0,False,F32,F,Optimizing cochlear implants for music perception,OTOLARYNGOLOGY_HNS,OTOLARYNGOLOGY,False,1.0,9,full_forename,3,majority,0.916,2026-08-01T16:03:37+00:00
10758620,F32DC020347,IPF10040927,"BERG, KATELYN",2024,78892.0,False,F32,F,Optimizing cochlear implants for music perception,OTOLARYNGOLOGY_HNS,OTOLARYNGOLOGY,False,1.0,9,full_forename,3,majority,0.916,2026-08-01T16:03:37+00:00
11033087,K08NS140767,IPF10040927,"BICK, SARAH KATHLEEN",2025,190723.0,False,K08,K,Neurophysiology of Reward Signaling in Parkinson's Disease,NEUROSURGERY,NEUROSURGERY,False,0.7333,30,full_forename,1,majority,0.916,2026-08-01T16:03:37+00:00
10201687,R01HD088662,IPF10040927,"BRADSHAW, LEONARD A",2021,306235.0,True,R01,R01,Noninvasive markers of functional nausea in children,GENERAL_AND_UNSPECIFIED_SURGERY,SURGERY,True,1.0,5,full_forename,1,majority,0.916,2026-08-01T16:03:37+00:00
10089464,R01HL070715,IPF10040927,"BROPHY, COLLEEN M",2021,573747.0,True,R01,R01,Prevention of Vein Graft Failure,GENERAL_AND_UNSPECIFIED_SURGERY,SURGERY,True,1.0,21,full_forename,1,majority,0.916,2026-08-01T16:03:37+00:00
10212349,R37CA244970,IPF10040927,"CHOI, EUNYOUNG",2021,395738.0,True,R37,R01,Drivers of gastric pre-neoplasia,OTHER_EXPLICIT_SURGERY,SURGERY,True,1.0,7,full_forename,2,majority,0.916,2026-08-01T16:03:37+00:00
10433933,R37CA244970,IPF10040927,"CHOI, EUNYOUNG",2022,395738.0,True,R37,R01,Drivers of gastric pre-neoplasia,OTHER_EXPLICIT_SURGERY,SURGERY,True,1.0,7,full_forename,2,majority,0.916,2026-08-01T16:03:37+00:00
10505616,R01CA272687,IPF10040927,"CHOI, EUNYOUNG",2022,1037059.0,True,R01,R01,Cell plasticity in the origin of gastric carcinogenesis,OTHER_EXPLICIT_SURGERY,SURGERY,True,1.0,7,full_forename,2,majority,0.916,2026-08-01T16:03:37+00:00
10653180,R37CA244970,IPF10040927,"CHOI, EUNYOUNG",2023,387823.0,True,R37,R01,Drivers of gastric pre-neoplasia,OTHER_EXPLICIT_SURGERY,SURGERY,True,1.0,7,full_forename,2,majority,0.916,2026-08-01T16:03:37+00:00
10685511,R01CA272687,IPF10040927,"CHOI, EUNYOUNG",2023,1013248.0,True,R01,R01,Cell plasticity in the origin of gastric carcinogenesis,OTHER_EXPLICIT_SURGERY,SURGERY,True,1.0,7,full_forename,2,majority,0.916,2026-08-01T16:03:37+00:00
10831328,R01CA272687,IPF10040927,"CHOI, EUNYOUNG",2023,184000.0,True,R01,R01,Hierarchy of oncogenic gene mutations in gastric carcinogenesis,OTHER_EXPLICIT_SURGERY,SURGERY,True,1.0,7,full_forename,2,majority,0.916,2026-08-01T16:03:37+00:00
10894082,R37CA244970,IPF10040927,"CHOI, EUNYOUNG",2024,375951.0,True,R37,R01,Drivers of gastric pre-neoplasia,OTHER_EXPLICIT_SURGERY,SURGERY,True,1.0,7,full_forename,2,majority,0.916,2026-08-01T16:03:37+00:00
10912694,R01CA272687,IPF10040927,"CHOI, EUNYOUNG",2024,975011.0,True,R01,R01,Cell plasticity in the origin of gastric carcinogenesis,OTHER_EXPLICIT_SURGERY,SURGERY,True,1.0,7,full_forename,2,majority,0.916,2026-08-01T16:03:37+00:00
11043016,R37CA244970,IPF10040927,"CHOI, EUNYOUNG",2025,784534.0,True,R37,R01,Drivers of gastric pre-neoplasia,OTHER_EXPLICIT_SURGERY,SURGERY,True,1.0,7,full_forename,2,majority,0.916,2026-08-01T16:03:37+00:00
11161160,R01CA272687,IPF10040927,"CHOI, EUNYOUNG",2025,2053139.0,True,R01,R01,Cell plasticity in the origin of gastric carcinogenesis,OTHER_EXPLICIT_SURGERY,SURGERY,True,1.0,7,full_forename,2,majority,0.916,2026-08-01T16:03:37+00:00
11035682,R21AG077404,IPF10040927,"COLE, KEITH",2023,71875.0,False,R21,R_OTHER,Wearable Sensors and AI to Recognize and Evaluate IADLs,ORTHOPEDIC_SURGERY,ORTHOPEDICS,False,1.0,8,full_forename,2,majority,0.916,2026-08-01T16:03:37+00:00
11219620,K76AG095107,IPF10040927,"COLE, KEITH",2025,242489.0,False,K76,K,The Proteomic Signature of Dual Decline in Gait and Cognition,ORTHOPEDIC_SURGERY,ORTHOPEDICS,False,1.0,8,full_forename,2,majority,0.916,2026-08-01T16:03:37+00:00
11359339,K23AA031068,IPF10040927,"DAGEFORDE, LEIGH ANNE",2025,176904.0,False,K23,K,Development and Testing of an Integrated Care Coordination Intervention for Alcohol Use Disorder Recovery after Liver Transplantation,GENERAL_AND_UNSPECIFIED_SURGERY,SURGERY,True,1.0,3,full_forename,1,majority,0.916,2026-08-01T16:03:37+00:00
10167802,R01NS112252,IPF10040927,"ENGLOT, DARIO J",2021,610895.0,True,R01,R01,Relating Vigilance to Connectivity and Neurocognition in Temporal Lobe Epilepsy,NEUROSURGERY,NEUROSURGERY,False,0.6642,137,full_forename,1,majority,0.916,2026-08-01T16:03:37+00:00
10414142,R01NS112252,IPF10040927,"ENGLOT, DARIO J",2022,610895.0,True,R01,R01,Relating Vigilance to Connectivity and Neurocognition in Temporal Lobe Epilepsy,NEUROSURGERY,NEUROSURGERY,False,0.6642,137,full_forename,1,majority,0.916,2026-08-01T16:03:37+00:00
10618398,R01NS112252,IPF10040927,"ENGLOT, DARIO J",2023,572569.0,True,R01,R01,Relating Vigilance to Connectivity and Neurocognition in Temporal Lobe Epilepsy,NEUROSURGERY,NEUROSURGERY,False,0.6642,137,full_forename,1,majority,0.916,2026-08-01T16:03:37+00:00
10776037,R01NS134625,IPF10040927,"ENGLOT, DARIO J",2024,667085.0,True,R01,R01,Development of multimodal network analyses to improve epilepsy surgery outcomes,NEUROSURGERY,NEUROSURGERY,False,0.6642,137,full_forename,1,majority,0.916,2026-08-01T16:03:37+00:00
11084152,R01NS134625,IPF10040927,"ENGLOT, DARIO J",2024,40774.0,True,R01,R01,Development of multimodal network analyses to improve epilepsy surgery outcomes,NEUROSURGERY,NEUROSURGERY,False,0.6642,137,full_forename,1,majority,0.916,2026-08-01T16:03:37+00:00
10995273,R01NS134625,IPF10040927,"ENGLOT, DARIO J",2025,584559.0,True,R01,R01,Development of multimodal network analyses to improve epilepsy surgery outcomes,NEUROSURGERY,NEUROSURGERY,False,0.6642,137,full_forename,1,majority,0.916,2026-08-01T16:03:37+00:00
11178296,R01NS134625,IPF10040927,"ENGLOT, DARIO J",2025,88054.0,True,R01,R01,Development of multimodal network analyses to improve epilepsy surgery outcomes,NEUROSURGERY,NEUROSURGERY,False,0.6642,137,full_forename,1,majority,0.916,2026-08-01T16:03:37+00:00
10903042,F32MH134612,IPF10040927,"FRAM, NOAH ROY",2024,78328.0,False,F32,F,Temporal prediction and social function:  Modeling neural and behavioral correlates of making predictions in time across typically-developing and austistic adults,OTOLARYNGOLOGY_HNS,OTOLARYNGOLOGY,False,1.0,8,full_forename,1,majority,0.916,2026-08-01T16:03:37+00:00
11176685,F32MH134612,IPF10040927,"FRAM, NOAH ROY",2025,80020.0,False,F32,F,Temporal prediction and social function:  Modeling neural and behavioral correlates of making predictions in time across typically-developing and austistic adults,OTOLARYNGOLOGY_HNS,OTOLARYNGOLOGY,False,1.0,8,full_forename,1,majority,0.916,2026-08-01T16:03:37+00:00
10125006,R01HL146401,IPF10040927,"GELBARD, ALEXANDER",2021,382500.0,True,R01,R01,Molecular Interrogation of the Host-Pathogen Interface in Idiopathic Subglottic Stensosis,OTOLARYNGOLOGY_HNS,OTOLARYNGOLOGY,False,1.0,68,full_forename,1,majority,0.916,2026-08-01T16:03:37+00:00
10375532,R01HL146401,IPF10040927,"GELBARD, ALEXANDER",2022,382500.0,True,R01,R01,Molecular Interrogation of the Host-Pathogen Interface in Idiopathic Subglottic Stensosis,OTOLARYNGOLOGY_HNS,OTOLARYNGOLOGY,False,1.0,68,full_forename,1,majority,0.916,2026-08-01T16:03:37+00:00
10582579,R01HL146401,IPF10040927,"GELBARD, ALEXANDER",2023,382500.0,True,R01,R01,Molecular Interrogation of the Host-Pathogen Interface in Idiopathic Subglottic Stensosis,OTOLARYNGOLOGY_HNS,OTOLARYNGOLOGY,False,1.0,68,full_forename,1,majority,0.916,2026-08-01T16:03:37+00:00
10756547,R25DC020728,IPF10040927,"GELBARD, ALEXANDER",2024,283884.0,False,R25,R_OTHER,Vanderbilt Training of Otolaryngology Physician Scientists (V-TOPS) Program,OTOLARYNGOLOGY_HNS,OTOLARYNGOLOGY,False,1.0,68,full_forename,1,majority,0.916,2026-08-01T16:03:37+00:00
11009947,R25DC020728,IPF10040927,"GELBARD, ALEXANDER",2025,283884.0,False,R25,R_OTHER,Vanderbilt Training of Otolaryngology Physician Scientists (V-TOPS) Program,OTOLARYNGOLOGY_HNS,OTOLARYNGOLOGY,False,1.0,68,full_forename,1,majority,0.916,2026-08-01T16:03:37+00:00
10131023,R01DC017683,IPF10040927,"GIFFORD, RENE H",2021,450694.0,True,R01,R01,"Image-Guided Cochlear Implant Programming: Pediatric Speech, Language, and Literacy",OTOLARYNGOLOGY_HNS,OTOLARYNGOLOGY,False,1.0,1,full_forename,3,majority,0.916,2026-08-01T16:03:37+00:00
10375414,R01DC017683,IPF10040927,"GIFFORD, RENE H",2022,450693.0,True,R01,R01,"Image-Guided Cochlear Implant Programming: Pediatric Speech, Language, and Literacy",OTOLARYNGOLOGY_HNS,OTOLARYNGOLOGY,False,1.0,1,full_forename,3,majority,0.916,2026-08-01T16:03:37+00:00
10585556,R01DC020194,IPF10040927,"GIFFORD, RENE H",2023,690915.0,True,R01,R01,Binaural cue sensitivity in children and adults with combined electric and acoustic stimulation,OTOLARYNGOLOGY_HNS,OTOLARYNGOLOGY,False,1.0,1,full_forename,3,majority,0.916,2026-08-01T16:03:37+00:00
10636797,R01DC017683,IPF10040927,"GIFFORD, RENE H",2023,436243.0,True,R01,R01,"Image-Guided Cochlear Implant Programming: Pediatric Speech, Language, and Literacy",OTOLARYNGOLOGY_HNS,OTOLARYNGOLOGY,False,1.0,1,full_forename,3,majority,0.916,2026-08-01T16:03:37+00:00
10925498,R01DC017683,IPF10040927,"GIFFORD, RENE H",2023,78850.0,True,R01,R01,"Image-Guided Cochlear Implant Programming: Pediatric Speech, Language, and Literacy",OTOLARYNGOLOGY_HNS,OTOLARYNGOLOGY,False,1.0,1,full_forename,3,majority,0.916,2026-08-01T16:03:37+00:00
10732267,R01DC020194,IPF10040927,"GIFFORD, RENE H",2024,675898.0,True,R01,R01,Binaural cue sensitivity in children and adults with combined electric and acoustic stimulation,OTOLARYNGOLOGY_HNS,OTOLARYNGOLOGY,False,1.0,1,full_forename,3,majority,0.916,2026-08-01T16:03:37+00:00
11011269,R01DC020194,IPF10040927,"GIFFORD, RENE H",2025,261063.0,True,R01,R01,Binaural cue sensitivity in children and adults with combined electric and acoustic stimulation,OTOLARYNGOLOGY_HNS,OTOLARYNGOLOGY,False,1.0,1,full_forename,3,majority,0.916,2026-08-01T16:03:37+00:00
10138999,T32CA106183,IPF10040927,"GOLDENRING, JAMES RICHARD",2021,256872.0,False,T32,T,Surgical Oncology Training Grant,OTHER_EXPLICIT_SURGERY,SURGERY,True,0.9839,62,full_forename,1,majority,0.916,2026-08-01T16:03:37+00:00
10147046,R01DK101332,IPF10040927,"GOLDENRING, JAMES RICHARD",2021,469692.0,True,R01,R01,Induction and Evolution of Metaplasia in the Stomach,OTHER_EXPLICIT_SURGERY,SURGERY,True,0.9839,62,full_forename,1,majority,0.916,2026-08-01T16:03:37+00:00
10296727,R01DK048370,IPF10040927,"GOLDENRING, JAMES RICHARD",2021,633524.0,True,R01,R01,Small GTP Binding Proteins in Gastrointestinal Mucosa,OTHER_EXPLICIT_SURGERY,SURGERY,True,0.9839,62,full_forename,1,majority,0.916,2026-08-01T16:03:37+00:00
10438558,T32CA106183,IPF10040927,"GOLDENRING, JAMES RICHARD",2022,313210.0,False,T32,T,Surgical Oncology Training Grant,OTHER_EXPLICIT_SURGERY,SURGERY,True,0.9839,62,full_forename,1,majority,0.916,2026-08-01T16:03:37+00:00
10450147,R01DK048370,IPF10040927,"GOLDENRING, JAMES RICHARD",2022,615274.0,True,R01,R01,Small GTP Binding Proteins in Gastrointestinal Mucosa,OTHER_EXPLICIT_SURGERY,SURGERY,True,0.9839,62,full_forename,1,majority,0.916,2026-08-01T16:03:37+00:00
10519429,R01DK101332,IPF10040927,"GOLDENRING, JAMES RICHARD",2022,535314.0,True,R01,R01,Induction and Evolution of Metaplasia in the Stomach,OTHER_EXPLICIT_SURGERY,SURGERY,True,0.9839,62,full_forename,1,majority,0.916,2026-08-01T16:03:37+00:00
10646384,T32CA106183,IPF10040927,"GOLDENRING, JAMES RICHARD",2023,335318.0,False,T32,T,Surgical Oncology Training Grant,OTHER_EXPLICIT_SURGERY,SURGERY,True,0.9839,62,full_forename,1,majority,0.916,2026-08-01T16:03:37+00:00
10667645,R01DK101332,IPF10040927,"GOLDENRING, JAMES RICHARD",2023,535314.0,True,R01,R01,Induction and Evolution of Metaplasia in the Stomach,OTHER_EXPLICIT_SURGERY,SURGERY,True,0.9839,62,full_forename,1,majority,0.916,2026-08-01T16:03:37+00:00
10670093,R01DK048370,IPF10040927,"GOLDENRING, JAMES RICHARD",2023,615274.0,True,R01,R01,Small GTP Binding Proteins in Gastrointestinal Mucosa,OTHER_EXPLICIT_SURGERY,SURGERY,True,0.9839,62,full_forename,1,majority,0.916,2026-08-01T16:03:37+00:00
10852014,R01DK101332,IPF10040927,"GOLDENRING, JAMES RICHARD",2024,513901.0,True,R01,R01,Induction and Evolution of Metaplasia in the Stomach,OTHER_EXPLICIT_SURGERY,SURGERY,True,0.9839,62,full_forename,1,majority,0.916,2026-08-01T16:03:37+00:00
10889012,T32CA106183,IPF10040927,"GOLDENRING, JAMES RICHARD",2024,359995.0,False,T32,T,Surgical Oncology Training Grant,OTHER_EXPLICIT_SURGERY,SURGERY,True,0.9839,62,full_forename,1,majority,0.916,2026-08-01T16:03:37+00:00
10892971,R01DK048370,IPF10040927,"GOLDENRING, JAMES RICHARD",2024,590663.0,True,R01,R01,Small GTP Binding Proteins in Gastrointestinal Mucosa,OTHER_EXPLICIT_SURGERY,SURGERY,True,0.9839,62,full_forename,1,majority,0.916,2026-08-01T16:03:37+00:00
11093860,T32CA106183,IPF10040927,"GOLDENRING, JAMES RICHARD",2025,345792.0,False,T32,T,Surgical Oncology Training Grant,OTHER_EXPLICIT_SURGERY,SURGERY,True,0.9839,62,full_forename,1,majority,0.916,2026-08-01T16:03:37+00:00
11099876,R01DK101332,IPF10040927,"GOLDENRING, JAMES RICHARD",2025,535314.0,True,R01,R01,Induction and Evolution of Metaplasia in the Stomach,OTHER_EXPLICIT_SURGERY,SURGERY,True,0.9839,62,full_forename,1,majority,0.916,2026-08-01T16:03:37+00:00
11141207,R01DK048370,IPF10040927,"GOLDENRING, JAMES RICHARD",2025,615274.0,True,R01,R01,Small GTP Binding Proteins in Gastrointestinal Mucosa,OTHER_EXPLICIT_SURGERY,SURGERY,True,0.9839,62,full_forename,1,majority,0.916,2026-08-01T16:03:37+00:00
11216566,K00AG079810,IPF10040927,"GOODALE, SARAH E",2025,80356.0,False,K00,K,Longitudinal effects of aging and neurodegeneration on structure-function and brain-behavior relationships,NEUROSURGERY,NEUROSURGERY,False,1.0,1,full_forename,1,majority,0.916,2026-08-01T16:03:37+00:00
10730834,R01DK137110,IPF10040927,"GORDON, ELISA J",2023,269763.0,True,R01,R01,Assessing Multi-level Barriers to Racial Equity in Living Liver Donor Transplantation,GENERAL_AND_UNSPECIFIED_SURGERY,SURGERY,True,1.0,39,full_forename,2,majority,0.916,2026-08-01T16:03:37+00:00
10918322,R01DK137110,IPF10040927,"GORDON, ELISA J",2024,241318.0,True,R01,R01,Assessing Multi-level Barriers to Racial Equity in Living Liver Donor Transplantation,GENERAL_AND_UNSPECIFIED_SURGERY,SURGERY,True,1.0,39,full_forename,2,majority,0.916,2026-08-01T16:03:37+00:00
11128646,R01DK137110,IPF10040927,"GORDON, ELISA J",2025,251516.0,True,R01,R01,Assessing Multi-level Barriers to Living Liver Donor Transplantation,GENERAL_AND_UNSPECIFIED_SURGERY,SURGERY,True,1.0,39,full_forename,2,majority,0.916,2026-08-01T16:03:37+00:00
10088433,R01DC016977,IPF10040927,"GORDON, REYNA LEIGH",2021,706701.0,True,R01,R01,Neurobiological  Markers of Rhythm:  Risk and Resilience for Language Acquisition,OTOLARYNGOLOGY_HNS,OTOLARYNGOLOGY,False,0.7083,24,full_forename,3,majority,0.916,2026-08-01T16:03:37+00:00
10377901,R01DC016977,IPF10040927,"GORDON, REYNA LEIGH",2022,606383.0,True,R01,R01,Neurobiological  Markers of Rhythm:  Risk and Resilience for Language Acquisition,OTOLARYNGOLOGY_HNS,OTOLARYNGOLOGY,False,0.7083,24,full_forename,3,majority,0.916,2026-08-01T16:03:37+00:00
10559638,R01DC016977,IPF10040927,"GORDON, REYNA LEIGH",2023,614030.0,True,R01,R01,Neurobiological  Markers of Rhythm:  Risk and Resilience for Language Acquisition,OTOLARYNGOLOGY_HNS,OTOLARYNGOLOGY,False,0.7083,24,full_forename,3,majority,0.916,2026-08-01T16:03:37+00:00
11000641,R13HD116533,IPF10040927,"GORDON, REYNA LEIGH",2024,13000.0,False,R13,R_OTHER,The MusicGens Consortium: Growing robust and rigorous approaches to musicality genomics,OTOLARYNGOLOGY_HNS,OTOLARYNGOLOGY,False,0.7083,24,full_forename,3,majority,0.916,2026-08-01T16:03:37+00:00
11187209,R13HD116533,IPF10040927,"GORDON, REYNA LEIGH",2025,10000.0,False,R13,R_OTHER,The MusicGens Consortium: Growing robust and rigorous approaches to musicality genomics,OTOLARYNGOLOGY_HNS,OTOLARYNGOLOGY,False,0.7083,24,full_forename,3,majority,0.916,2026-08-01T16:03:37+00:00
10211986,R01CA252964,IPF10040927,"GROGAN, ERIC L",2021,700695.0,True,R01,R01,Clinical Utility of Biomarkers Driven Management of Indeterminate Pulmonary Nodules,CARDIAC_CARDIOTHORACIC_SURGERY,SURGERY,True,1.0,52,full_forename,1,majority,0.916,2026-08-01T16:03:37+00:00
10375661,U01CA152662,IPF10040927,"GROGAN, ERIC L",2021,554708.0,False,U01,U,Validation of Biomarkers of Risk for the Early Detection of Lung Cancer,CARDIAC_CARDIOTHORACIC_SURGERY,SURGERY,True,1.0,52,full_forename,1,majority,0.916,2026-08-01T16:03:37+00:00
10398961,R01CA252964,IPF10040927,"GROGAN, ERIC L",2022,201397.0,True,R01,R01,Clinical Utility of Biomarkers Driven Management of Indeterminate Pulmonary Nodules,CARDIAC_CARDIOTHORACIC_SURGERY,SURGERY,True,1.0,52,full_forename,1,majority,0.916,2026-08-01T16:03:37+00:00
10485851,U01CA152662,IPF10040927,"GROGAN, ERIC L",2022,853805.0,False,U01,U,Clinical Utility of a Combined Biomarker Approach to Diagnose Lung Cancer,CARDIAC_CARDIOTHORACIC_SURGERY,SURGERY,True,1.0,52,full_forename,1,majority,0.916,2026-08-01T16:03:37+00:00
10634519,R01CA252964,IPF10040927,"GROGAN, ERIC L",2023,783845.0,True,R01,R01,Clinical Utility of Biomarkers Driven Management of Indeterminate Pulmonary Nodules,CARDIAC_CARDIOTHORACIC_SURGERY,SURGERY,True,1.0,52,full_forename,1,majority,0.916,2026-08-01T16:03:37+00:00
10684713,U01CA152662,IPF10040927,"GROGAN, ERIC L",2023,1001446.0,False,U01,U,Clinical Utility of a Combined Biomarker Approach to Diagnose Lung Cancer,CARDIAC_CARDIOTHORACIC_SURGERY,SURGERY,True,1.0,52,full_forename,1,majority,0.916,2026-08-01T16:03:37+00:00
10834755,R01CA252964,IPF10040927,"GROGAN, ERIC L",2024,766782.0,True,R01,R01,Clinical Utility of Biomarkers Driven Management of Indeterminate Pulmonary Nodules,CARDIAC_CARDIOTHORACIC_SURGERY,SURGERY,True,1.0,52,full_forename,1,majority,0.916,2026-08-01T16:03:37+00:00
10915624,U01CA152662,IPF10040927,"GROGAN, ERIC L",2024,774532.0,False,U01,U,Clinical Utility of a Combined Biomarker Approach to Diagnose Lung Cancer,CARDIAC_CARDIOTHORACIC_SURGERY,SURGERY,True,1.0,52,full_forename,1,majority,0.916,2026-08-01T16:03:37+00:00
11082330,R01CA252964,IPF10040927,"GROGAN, ERIC L",2025,583031.0,True,R01,R01,Clinical Utility of Biomarkers Driven Management of Indeterminate Pulmonary Nodules,CARDIAC_CARDIOTHORACIC_SURGERY,SURGERY,True,1.0,52,full_forename,1,majority,0.916,2026-08-01T16:03:37+00:00
11178443,U01CA152662,IPF10040927,"GROGAN, ERIC L",2025,1904653.0,False,U01,U,Clinical Utility of a Combined Biomarker Approach to Diagnose Lung Cancer,CARDIAC_CARDIOTHORACIC_SURGERY,SURGERY,True,1.0,52,full_forename,1,majority,0.916,2026-08-01T16:03:37+00:00
10224821,K23DK118192,IPF10040927,"HAWKINS, ALEXANDER THARRINGTON",2021,149642.0,False,K23,K,Novel Assessment of the Role of Surgery in Recurrent Diverticulitis,GENERAL_AND_UNSPECIFIED_SURGERY,SURGERY,True,1.0,72,full_forename,1,majority,0.916,2026-08-01T16:03:37+00:00
10451353,R03DK129559,IPF10040927,"HAWKINS, ALEXANDER THARRINGTON",2022,129750.0,False,R03,R_OTHER,Creation and Testing of an Education Decision Aid for Colectomy in Recurrent Diverticulitis,GENERAL_AND_UNSPECIFIED_SURGERY,SURGERY,True,1.0,72,full_forename,1,majority,0.916,2026-08-01T16:03:37+00:00
10458513,K23DK118192,IPF10040927,"HAWKINS, ALEXANDER THARRINGTON",2022,149642.0,False,K23,K,Novel Assessment of the Role of Surgery in Recurrent Diverticulitis,GENERAL_AND_UNSPECIFIED_SURGERY,SURGERY,True,1.0,72,full_forename,1,majority,0.916,2026-08-01T16:03:37+00:00
10598616,R03DK129559,IPF10040927,"HAWKINS, ALEXANDER THARRINGTON",2023,129750.0,False,R03,R_OTHER,Creation and Testing of an Education Decision Aid for Colectomy in Recurrent Diverticulitis,GENERAL_AND_UNSPECIFIED_SURGERY,SURGERY,True,1.0,72,full_forename,1,majority,0.916,2026-08-01T16:03:37+00:00
11224023,R01DK141523,IPF10040927,"HAWKINS, ALEXANDER THARRINGTON",2025,1050000.0,True,R01,R01,Comparing Placebo versus Antibiotics for Acute Uncomplicated Diverticulitis,GENERAL_AND_UNSPECIFIED_SURGERY,SURGERY,True,1.0,72,full_forename,1,majority,0.916,2026-08-01T16:03:37+00:00
10103906,R21DK127075,IPF10040927,"HSI, RYAN",2021,259500.0,False,R21,R_OTHER,Leveraging Electronic Health Records and Genomic Biobanks for Kidney Stone Disease,UROLOGY,UROLOGY,False,0.9865,74,full_forename,1,majority,0.916,2026-08-01T16:03:37+00:00
10395992,R21DK127075,IPF10040927,"HSI, RYAN",2022,216250.0,False,R21,R_OTHER,Leveraging Electronic Health Records and Genomic Biobanks for Kidney Stone Disease,UROLOGY,UROLOGY,False,0.9865,74,full_forename,1,majority,0.916,2026-08-01T16:03:37+00:00
10426435,R01DK129202,IPF10040927,"HSI, RYAN",2022,349814.0,True,R01,R01,Randomized Trial of Empiric Versus Selective Preventative Strategies for Kidney Stone Disease,UROLOGY,UROLOGY,False,0.9865,74,full_forename,1,majority,0.916,2026-08-01T16:03:37+00:00
10616785,R01DK129202,IPF10040927,"HSI, RYAN",2023,347594.0,True,R01,R01,Randomized Trial of Empiric Versus Selective Preventative Strategies for Kidney Stone Disease,UROLOGY,UROLOGY,False,0.9865,74,full_forename,1,majority,0.916,2026-08-01T16:03:37+00:00
10811584,R01DK129202,IPF10040927,"HSI, RYAN",2024,325819.0,True,R01,R01,Randomized Trial of Empiric Versus Selective Preventative Strategies for Kidney Stone Disease,UROLOGY,UROLOGY,False,0.9865,74,full_forename,1,majority,0.916,2026-08-01T16:03:37+00:00
10977104,RC2DK140865,IPF10040927,"HSI, RYAN",2024,1592381.0,False,RC2,R_OTHER,USDHub: community resource for Urinary Stone Disease research,UROLOGY,UROLOGY,False,0.9865,74,full_forename,1,majority,0.916,2026-08-01T16:03:37+00:00
11172436,RC2DK140865,IPF10040927,"HSI, RYAN",2025,1610224.0,False,RC2,R_OTHER,USDHub: community resource for Urinary Stone Disease research,UROLOGY,UROLOGY,False,0.9865,74,full_forename,1,majority,0.916,2026-08-01T16:03:37+00:00
10416080,K08DC019683,IPF10040927,"JAN, TAHA A",2022,188296.0,False,K08,K,Single cell analysis of mitotic regeneration in the mouse vestibular system,OTOLARYNGOLOGY_HNS,OTOLARYNGOLOGY,False,1.0,13,full_forename,1,majority,0.916,2026-08-01T16:03:37+00:00
10700828,K08DC019683,IPF10040927,"JAN, TAHA A",2023,188296.0,False,K08,K,Single cell analysis of mitotic regeneration in the mouse vestibular system,OTOLARYNGOLOGY_HNS,OTOLARYNGOLOGY,False,1.0,13,full_forename,1,majority,0.916,2026-08-01T16:03:37+00:00
10864809,K08DC019683,IPF10040927,"JAN, TAHA A",2024,188296.0,False,K08,K,Single cell analysis of mitotic regeneration in the mouse vestibular system,OTOLARYNGOLOGY_HNS,OTOLARYNGOLOGY,False,1.0,13,full_forename,1,majority,0.916,2026-08-01T16:03:37+00:00
10975182,R21DC022058,IPF10040927,"JAN, TAHA A",2024,218750.0,False,R21,R_OTHER,Alternative splicing in the mouse inner ear at single cell resolution,OTOLARYNGOLOGY_HNS,OTOLARYNGOLOGY,False,1.0,13,full_forename,1,majority,0.916,2026-08-01T16:03:37+00:00
11124714,K08DC019683,IPF10040927,"JAN, TAHA A",2025,188296.0,False,K08,K,Single cell analysis of mitotic regeneration in the mouse vestibular system,OTOLARYNGOLOGY_HNS,OTOLARYNGOLOGY,False,1.0,13,full_forename,1,majority,0.916,2026-08-01T16:03:37+00:00
11145124,R21DC022058,IPF10040927,"JAN, TAHA A",2025,218750.0,False,R21,R_OTHER,Alternative splicing in the mouse inner ear at single cell resolution,OTOLARYNGOLOGY_HNS,OTOLARYNGOLOGY,False,1.0,13,full_forename,1,majority,0.916,2026-08-01T16:03:37+00:00
11217646,R21DC023019,IPF10040927,"JAN, TAHA A",2025,445956.0,False,R21,R_OTHER,Molecular and physiologic architecture of the human inner ear,OTOLARYNGOLOGY_HNS,OTOLARYNGOLOGY,False,1.0,13,full_forename,1,majority,0.916,2026-08-01T16:03:37+00:00
10365488,R01DK128190,IPF10040927,"KAJI, IZUMI",2021,380600.0,True,R01,R01,Impacting the pathophysiology of malabsorption induced by Myosin Vb inactivating mutations,OTHER_EXPLICIT_SURGERY,SURGERY,True,1.0,22,full_forename,1,majority,0.916,2026-08-01T16:03:37+00:00
10494249,R01DK128190,IPF10040927,"KAJI, IZUMI",2022,380600.0,True,R01,R01,Impacting the pathophysiology of malabsorption induced by Myosin Vb inactivating mutations,OTHER_EXPLICIT_SURGERY,SURGERY,True,1.0,22,full_forename,1,majority,0.916,2026-08-01T16:03:37+00:00
10673724,R01DK128190,IPF10040927,"KAJI, IZUMI",2023,380600.0,True,R01,R01,Impacting the pathophysiology of malabsorption induced by Myosin Vb inactivating mutations,OTHER_EXPLICIT_SURGERY,SURGERY,True,1.0,22,full_forename,1,majority,0.916,2026-08-01T16:03:37+00:00
10896167,R01DK128190,IPF10040927,"KAJI, IZUMI",2024,365376.0,True,R01,R01,Impacting the pathophysiology of malabsorption induced by Myosin Vb inactivating mutations,OTHER_EXPLICIT_SURGERY,SURGERY,True,1.0,22,full_forename,1,majority,0.916,2026-08-01T16:03:37+00:00
11158695,R01DK128190,IPF10040927,"KAJI, IZUMI",2025,380600.0,True,R01,R01,Impacting the pathophysiology of malabsorption induced by Myosin Vb inactivating mutations,OTHER_EXPLICIT_SURGERY,SURGERY,True,1.0,22,full_forename,1,majority,0.916,2026-08-01T16:03:37+00:00
10665184,R21DK133742,IPF10040927,"KAVOUSSI, NICHOLAS L",2023,261781.0,False,R21,R_OTHER,A Navigational System for Endoscopic Kidney Stone Surgery,UROLOGY,UROLOGY,False,0.9722,36,full_forename,1,majority,0.916,2026-08-01T16:03:37+00:00
10833656,R21DK133742,IPF10040927,"KAVOUSSI, NICHOLAS L",2024,190649.0,False,R21,R_OTHER,A Navigational System for Endoscopic Kidney Stone Surgery,UROLOGY,UROLOGY,False,0.9722,36,full_forename,1,majority,0.916,2026-08-01T16:03:37+00:00
10346809,R01HL161635,IPF10040927,"KENT, DAVID T.",2022,806359.0,True,R01,R01,The Effect of Ansa Cervicalis Neurostimulation on Airway Patency in Obstructive Sleep Apnea,OTOLARYNGOLOGY_HNS,OTOLARYNGOLOGY,False,1.0,26,full_forename,1,majority,0.916,2026-08-01T16:03:37+00:00
10545762,R01HL161635,IPF10040927,"KENT, DAVID T.",2023,783811.0,True,R01,R01,The Effect of Ansa Cervicalis Neurostimulation on Airway Patency in Obstructive Sleep Apnea,OTOLARYNGOLOGY_HNS,OTOLARYNGOLOGY,False,1.0,26,full_forename,1,majority,0.916,2026-08-01T16:03:37+00:00
10760269,R01HL161635,IPF10040927,"KENT, DAVID T.",2024,767446.0,True,R01,R01,The Effect of Ansa Cervicalis Neurostimulation on Airway Patency in Obstructive Sleep Apnea,OTOLARYNGOLOGY_HNS,OTOLARYNGOLOGY,False,1.0,26,full_forename,1,majority,0.916,2026-08-01T16:03:37+00:00
11001918,R01HL161635,IPF10040927,"KENT, DAVID T.",2025,762425.0,True,R01,R01,The Effect of Ansa Cervicalis Neurostimulation on Airway Patency in Obstructive Sleep Apnea,OTOLARYNGOLOGY_HNS,OTOLARYNGOLOGY,False,1.0,26,full_forename,1,majority,0.916,2026-08-01T16:03:37+00:00
10180937,R01DE027749,IPF10040927,"KORRER, MICHAEL",2021,455401.0,True,R01,R01,Head & Neck Cancer Neoantigen Characterization & Therapeutic Targeting,OTOLARYNGOLOGY_HNS,OTOLARYNGOLOGY,False,1.0,4,full_forename,1,majority,0.916,2026-08-01T16:03:37+00:00
10130481,R01DC008408,IPF10040927,"LABADIE, ROBERT F",2021,334800.0,True,R01,R01,Clinical Validation and Testing of Percutaneous Cochlear Implantation,OTOLARYNGOLOGY_HNS,OTOLARYNGOLOGY,False,1.0,26,full_forename,1,majority,0.916,2026-08-01T16:03:37+00:00
10263483,R33MH123029,IPF10040927,"LENSE, MIRIAM",2023,591681.0,False,R33,R_OTHER,Musical Rhythm Sensitivity to Scaffold Social  Engagement in Autism Spectrum Disorder,OTOLARYNGOLOGY_HNS,OTOLARYNGOLOGY,False,0.9677,31,full_forename,1,majority,0.916,2026-08-01T16:03:37+00:00
10848180,R33MH123029,IPF10040927,"LENSE, MIRIAM",2024,545663.0,False,R33,R_OTHER,Musical Rhythm Sensitivity to Scaffold Social  Engagement in Autism Spectrum Disorder,OTOLARYNGOLOGY_HNS,OTOLARYNGOLOGY,False,0.9677,31,full_forename,1,majority,0.916,2026-08-01T16:03:37+00:00
10889791,R21DC021254,IPF10040927,"LENSE, MIRIAM",2024,265243.0,False,R21,R_OTHER,"Rhythm, social information, and conversational entrainment in autism",OTOLARYNGOLOGY_HNS,OTOLARYNGOLOGY,False,0.9677,31,full_forename,1,majority,0.916,2026-08-01T16:03:37+00:00
10990364,R01DC021559,IPF10040927,"LENSE, MIRIAM",2024,2383221.0,True,R01,R01,Social Visual Attention and Language Development in Autism: Leveraging Infant-Directed Speech and Song to Identify Multimodal Mechanisms of Communication,OTOLARYNGOLOGY_HNS,OTOLARYNGOLOGY,False,0.9677,31,full_forename,1,majority,0.916,2026-08-01T16:03:37+00:00
11044158,R21DC021254,IPF10040927,"LENSE, MIRIAM",2025,202743.0,False,R21,R_OTHER,"Rhythm, social information, and conversational entrainment in autism",OTOLARYNGOLOGY_HNS,OTOLARYNGOLOGY,False,0.9677,31,full_forename,1,majority,0.916,2026-08-01T16:03:37+00:00
11078738,R33MH123029,IPF10040927,"LENSE, MIRIAM",2025,540175.0,False,R33,R_OTHER,Musical Rhythm Sensitivity to Scaffold Social  Engagement in Autism Spectrum Disorder,OTOLARYNGOLOGY_HNS,OTOLARYNGOLOGY,False,0.9677,31,full_forename,1,majority,0.916,2026-08-01T16:03:37+00:00
10643695,K23GM150110,IPF10040927,"MAIGA, AMELIA",2023,174631.0,False,K23,K,Improving Prognostication for Traumatic Brain Injury,TRAUMA_ACUTE_CARE_SURGERY,SURGERY,True,0.8611,36,full_forename,1,majority,0.916,2026-08-01T16:03:37+00:00
10812475,K23GM150110,IPF10040927,"MAIGA, AMELIA",2024,174490.0,False,K23,K,Improving Prognostication for Traumatic Brain Injury,TRAUMA_ACUTE_CARE_SURGERY,SURGERY,True,0.8611,36,full_forename,1,majority,0.916,2026-08-01T16:03:37+00:00
11051145,K23GM150110,IPF10040927,"MAIGA, AMELIA",2025,173315.0,False,K23,K,Improving Prognostication for Traumatic Brain Injury,TRAUMA_ACUTE_CARE_SURGERY,SURGERY,True,0.8611,36,full_forename,1,majority,0.916,2026-08-01T16:03:37+00:00
10433826,R01CA235016,IPF10040927,"MEANS, ANNA L",2022,423501.0,True,R01,R01,SMAD4 regulation of colon epithelial cell inflammatory responses,GENERAL_AND_UNSPECIFIED_SURGERY,SURGERY,True,1.0,10,full_forename,1,majority,0.916,2026-08-01T16:03:37+00:00
10654764,R01CA235016,IPF10040927,"MEANS, ANNA L",2023,423501.0,True,R01,R01,SMAD4 regulation of colon epithelial cell inflammatory responses,GENERAL_AND_UNSPECIFIED_SURGERY,SURGERY,True,1.0,10,full_forename,1,majority,0.916,2026-08-01T16:03:37+00:00
10755567,R01DC019088,IPF10040927,"MOBERLY, AARON C",2022,386337.0,True,R01,R01,Predicting Speech Recognition in Adults Receiving Cochlear Implants,OTOLARYNGOLOGY_HNS,OTOLARYNGOLOGY,False,1.0,51,full_forename,1,majority,0.916,2026-08-01T16:03:37+00:00
10564534,R01DC020715,IPF10040927,"MOBERLY, AARON C",2023,658845.0,True,R01,R01,Computer-assisted diagnosis of ear pathologies by combining digital otoscopy with complementary data using machine learning,OTOLARYNGOLOGY_HNS,OTOLARYNGOLOGY,False,1.0,51,full_forename,1,majority,0.916,2026-08-01T16:03:37+00:00
10628003,R01DC019088,IPF10040927,"MOBERLY, AARON C",2023,534363.0,True,R01,R01,Predicting Speech Recognition in Adults Receiving Cochlear Implants,OTOLARYNGOLOGY_HNS,OTOLARYNGOLOGY,False,1.0,51,full_forename,1,majority,0.916,2026-08-01T16:03:37+00:00
10837897,R01DC020715,IPF10040927,"MOBERLY, AARON C",2024,605311.0,True,R01,R01,Computer-assisted diagnosis of ear pathologies by combining digital otoscopy with complementary data using machine learning,OTOLARYNGOLOGY_HNS,OTOLARYNGOLOGY,False,1.0,51,full_forename,1,majority,0.916,2026-08-01T16:03:37+00:00
10847521,R01DC019088,IPF10040927,"MOBERLY, AARON C",2024,518541.0,True,R01,R01,Predicting Speech Recognition in Adults Receiving Cochlear Implants,OTOLARYNGOLOGY_HNS,OTOLARYNGOLOGY,False,1.0,51,full_forename,1,majority,0.916,2026-08-01T16:03:37+00:00
10867434,R13DC021381,IPF10040927,"MOBERLY, AARON C",2024,37029.0,False,R13,R_OTHER,Early Career Development of Clinician-scientists in Otolaryngology and the Communication Sciences,OTOLARYNGOLOGY_HNS,OTOLARYNGOLOGY,False,1.0,51,full_forename,1,majority,0.916,2026-08-01T16:03:37+00:00
11080246,R01DC020715,IPF10040927,"MOBERLY, AARON C",2025,605267.0,True,R01,R01,Computer-assisted diagnosis of ear pathologies by combining digital otoscopy with complementary data using machine learning,OTOLARYNGOLOGY_HNS,OTOLARYNGOLOGY,False,1.0,51,full_forename,1,majority,0.916,2026-08-01T16:03:37+00:00
11097348,R01DC019088,IPF10040927,"MOBERLY, AARON C",2025,516819.0,True,R01,R01,Predicting Speech Recognition in Adults Receiving Cochlear Implants,OTOLARYNGOLOGY_HNS,OTOLARYNGOLOGY,False,1.0,51,full_forename,1,majority,0.916,2026-08-01T16:03:37+00:00
11169730,R13DC021381,IPF10040927,"MOBERLY, AARON C",2025,32029.0,False,R13,R_OTHER,Early Career Development of Clinician-scientists in Otolaryngology and the Communication Sciences,OTOLARYNGOLOGY_HNS,OTOLARYNGOLOGY,False,1.0,51,full_forename,1,majority,0.916,2026-08-01T16:03:37+00:00
10731677,R21DC021276,IPF10040927,"NAYAK, SRISHTI",2023,218750.0,False,R21,R_OTHER,"The Musicality, Hearing and Genetics (""MyHearingG"") Project:  Experimental, epidemiological, and genomics techniques to explore the role of musicality in hearing health",OTOLARYNGOLOGY_HNS,OTOLARYNGOLOGY,False,0.55,20,full_forename,2,majority,0.916,2026-08-01T16:03:37+00:00
10799383,R03DC021550,IPF10040927,"NAYAK, SRISHTI",2023,175000.0,False,R03,R_OTHER,"Investigating the medical phenome of speech-language traits:  risk, resilience, and opportunities for intervention",OTOLARYNGOLOGY_HNS,OTOLARYNGOLOGY,False,0.55,20,full_forename,2,majority,0.916,2026-08-01T16:03:37+00:00
10873287,R21DC021276,IPF10040927,"NAYAK, SRISHTI",2024,218750.0,False,R21,R_OTHER,"The Musicality, Hearing and Genetics (""MyHearingG"") Project:  Experimental, epidemiological, and genomics techniques to explore the role of musicality in hearing health",OTOLARYNGOLOGY_HNS,OTOLARYNGOLOGY,False,0.55,20,full_forename,2,majority,0.916,2026-08-01T16:03:37+00:00
10925396,R03DC021550,IPF10040927,"NAYAK, SRISHTI",2024,175000.0,False,R03,R_OTHER,"Investigating the medical phenome of speech-language traits:  risk, resilience, and opportunities for intervention",OTOLARYNGOLOGY_HNS,OTOLARYNGOLOGY,False,0.55,20,full_forename,2,majority,0.916,2026-08-01T16:03:37+00:00
11134446,R21DC021276,IPF10040927,"NAYAK, SRISHTI",2025,218750.0,False,R21,R_OTHER,"The Musicality, Hearing and Genetics (""MyHearingG"") Project:  Experimental, epidemiological, and genomics techniques to explore the role of musicality in hearing health",OTOLARYNGOLOGY_HNS,OTOLARYNGOLOGY,False,0.55,20,full_forename,2,majority,0.916,2026-08-01T16:03:37+00:00
10380501,F32AG062045,IPF10040927,"NORDNESS, MINA F",2021,2500.0,False,F32,F,ADRD after Injury in the Elderly Study: Alzheimer's Disease or Related Dementia after Injury in the Elderly Study,TRAUMA_ACUTE_CARE_SURGERY,SURGERY,True,0.9167,12,full_forename,2,majority,0.916,2026-08-01T16:03:37+00:00
10298413,R01AR063157,IPF10040927,"NYMAN, JEFFRY STEPHEN",2021,454343.0,True,R01,R01,Roles of Collagen and Water in the Fracture Resistance of Bone,ORTHOPEDIC_SURGERY,ORTHOPEDICS,False,0.86,50,full_forename,4,majority,0.916,2026-08-01T16:03:37+00:00
10471356,R01AR063157,IPF10040927,"NYMAN, JEFFRY STEPHEN",2022,455152.0,True,R01,R01,Roles of Collagen and Water in the Fracture Resistance of Bone,ORTHOPEDIC_SURGERY,ORTHOPEDICS,False,0.86,50,full_forename,4,majority,0.916,2026-08-01T16:03:37+00:00
10632776,S10OD034316,IPF10040927,"NYMAN, JEFFRY STEPHEN",2023,460000.0,False,S10,OTHER,High-Resolution Peripheral Quantitative Computed Tomography (HR-pQCT) Scanner,ORTHOPEDIC_SURGERY,ORTHOPEDICS,False,0.86,50,full_forename,4,majority,0.916,2026-08-01T16:03:37+00:00
10661003,R01AR063157,IPF10040927,"NYMAN, JEFFRY STEPHEN",2023,459774.0,True,R01,R01,Roles of Collagen and Water in the Fracture Resistance of Bone,ORTHOPEDIC_SURGERY,ORTHOPEDICS,False,0.86,50,full_forename,4,majority,0.916,2026-08-01T16:03:37+00:00
10844577,R01AR063157,IPF10040927,"NYMAN, JEFFRY STEPHEN",2024,424125.0,True,R01,R01,Roles of Collagen and Water in the Fracture Resistance of Bone,ORTHOPEDIC_SURGERY,ORTHOPEDICS,False,0.86,50,full_forename,4,majority,0.916,2026-08-01T16:03:37+00:00
11090438,R01AR063157,IPF10040927,"NYMAN, JEFFRY STEPHEN",2025,427079.0,True,R01,R01,Roles of Collagen and Water in the Fracture Resistance of Bone,ORTHOPEDIC_SURGERY,ORTHOPEDICS,False,0.86,50,full_forename,4,majority,0.916,2026-08-01T16:03:37+00:00
10090092,T32GM135094,IPF10040927,"PATEL, MAYUR B",2021,99853.0,False,T32,T,Interdisciplinary Training in Injury and Critical Illness,TRAUMA_ACUTE_CARE_SURGERY,SURGERY,True,0.75,12,full_forename,7,majority,0.916,2026-08-01T16:03:37+00:00
10114906,R01GM120484,IPF10040927,"PATEL, MAYUR B",2021,453392.0,True,R01,R01,The INSIGHT-ICU Study: Illuminating Neuropsychological dysfunction and Systemic Inflammatory mechanisms Gleaned after Hospitalization in Trauma-ICU Study,TRAUMA_ACUTE_CARE_SURGERY,SURGERY,True,0.75,12,full_forename,7,majority,0.916,2026-08-01T16:03:37+00:00
10395414,T32GM135094,IPF10040927,"PATEL, MAYUR B",2022,207748.0,False,T32,T,Interdisciplinary Training in Injury and Critical Illness,TRAUMA_ACUTE_CARE_SURGERY,SURGERY,True,0.75,12,full_forename,7,majority,0.916,2026-08-01T16:03:37+00:00
10631043,T32GM135094,IPF10040927,"PATEL, MAYUR B",2023,212617.0,False,T32,T,Interdisciplinary Training in Injury and Critical Illness,TRAUMA_ACUTE_CARE_SURGERY,SURGERY,True,0.75,12,full_forename,7,majority,0.916,2026-08-01T16:03:37+00:00
10818409,T32GM135094,IPF10040927,"PATEL, MAYUR B",2024,223134.0,False,T32,T,Interdisciplinary Training in Injury and Critical Illness,TRAUMA_ACUTE_CARE_SURGERY,SURGERY,True,0.75,12,full_forename,7,majority,0.916,2026-08-01T16:03:37+00:00
11087548,T32GM135094,IPF10040927,"PATEL, MAYUR B",2025,223270.0,False,T32,T,Interdisciplinary Training in Injury and Critical Illness,TRAUMA_ACUTE_CARE_SURGERY,SURGERY,True,0.75,12,full_forename,7,majority,0.916,2026-08-01T16:03:37+00:00
10444540,R01HL164327,IPF10040927,"REESE, JOHN JEFFREY",2022,720055.0,True,R01,R01,Pharmacologic Contributors to Patent Ductus Arteriosus,ORTHOPEDIC_SURGERY,ORTHOPEDICS,False,1.0,1,full_forename,2,majority,0.916,2026-08-01T16:03:37+00:00
10653150,R01HL164327,IPF10040927,"REESE, JOHN JEFFREY",2023,723755.0,True,R01,R01,Pharmacologic Contributors to Patent Ductus Arteriosus,ORTHOPEDIC_SURGERY,ORTHOPEDICS,False,1.0,1,full_forename,2,majority,0.916,2026-08-01T16:03:37+00:00
10864055,R01HL164327,IPF10040927,"REESE, JOHN JEFFREY",2024,718121.0,True,R01,R01,Pharmacologic Contributors to Patent Ductus Arteriosus,ORTHOPEDIC_SURGERY,ORTHOPEDICS,False,1.0,1,full_forename,2,majority,0.916,2026-08-01T16:03:37+00:00
11112400,R01HL164327,IPF10040927,"REESE, JOHN JEFFREY",2025,736626.0,True,R01,R01,Pharmacologic Contributors to Patent Ductus Arteriosus,ORTHOPEDIC_SURGERY,ORTHOPEDICS,False,1.0,1,full_forename,2,majority,0.916,2026-08-01T16:03:37+00:00
10273242,R01DK129624,IPF10040927,"REYNOLDS, WILLIAM STUART",2021,400000.0,True,R01,R01,Stress and Anxiety Effects on Overactive Bladder: A Controlled Study,UROLOGY,UROLOGY,False,1.0,23,full_forename,1,majority,0.916,2026-08-01T16:03:37+00:00
10364135,R01DK128293,IPF10040927,"REYNOLDS, WILLIAM STUART",2021,566019.0,True,R01,R01,Central Sensitization and Psychosocial Impacts on Overactive Bladder,UROLOGY,UROLOGY,False,1.0,23,full_forename,1,majority,0.916,2026-08-01T16:03:37+00:00
10488233,R01DK129624,IPF10040927,"REYNOLDS, WILLIAM STUART",2022,399827.0,True,R01,R01,Stress and Anxiety Effects on Overactive Bladder: A Controlled Study,UROLOGY,UROLOGY,False,1.0,23,full_forename,1,majority,0.916,2026-08-01T16:03:37+00:00
10493272,R01DK128293,IPF10040927,"REYNOLDS, WILLIAM STUART",2022,495889.0,True,R01,R01,Central Sensitization and Psychosocial Impacts on Overactive Bladder,UROLOGY,UROLOGY,False,1.0,23,full_forename,1,majority,0.916,2026-08-01T16:03:37+00:00
10532064,R01CA238686,IPF10040927,"ROSENTHAL, EBEN L.",2021,49106.0,True,R01,R01,Next Generation Sentinel Node Mapping,OTOLARYNGOLOGY_HNS,OTOLARYNGOLOGY,False,1.0,61,full_forename,3,majority,0.916,2026-08-01T16:03:37+00:00
10508399,R01CA266233,IPF10040927,"ROSENTHAL, EBEN L.",2022,426011.0,True,R01,R01,Targeted Dual Modality Imaging for Detection and Removal of Head and Neck Cancer,OTOLARYNGOLOGY_HNS,OTOLARYNGOLOGY,False,1.0,61,full_forename,3,majority,0.916,2026-08-01T16:03:37+00:00
10671612,R01CA266233,IPF10040927,"ROSENTHAL, EBEN L.",2023,452685.0,True,R01,R01,Targeted Dual Modality Imaging for Detection and Removal of Head and Neck Cancer,OTOLARYNGOLOGY_HNS,OTOLARYNGOLOGY,False,1.0,61,full_forename,3,majority,0.916,2026-08-01T16:03:37+00:00
10753698,R13DE033285,IPF10040927,"ROSENTHAL, EBEN L.",2023,8000.0,False,R13,R_OTHER,American Head and Neck International Conference,OTOLARYNGOLOGY_HNS,OTOLARYNGOLOGY,False,1.0,61,full_forename,3,majority,0.916,2026-08-01T16:03:37+00:00
10802867,R01CA279249,IPF10040927,"ROSENTHAL, EBEN L.",2024,338740.0,True,R01,R01,Secondary Molecular Imaging (SMI) for head and neck cancer,OTOLARYNGOLOGY_HNS,OTOLARYNGOLOGY,False,1.0,61,full_forename,3,majority,0.916,2026-08-01T16:03:37+00:00
10897192,R01CA266233,IPF10040927,"ROSENTHAL, EBEN L.",2024,447763.0,True,R01,R01,Targeted Dual Modality Imaging for Detection and Removal of Head and Neck Cancer,OTOLARYNGOLOGY_HNS,OTOLARYNGOLOGY,False,1.0,61,full_forename,3,majority,0.916,2026-08-01T16:03:37+00:00
11021018,R01CA279249,IPF10040927,"ROSENTHAL, EBEN L.",2025,381676.0,True,R01,R01,Secondary Molecular Imaging (SMI) for head and neck cancer,OTOLARYNGOLOGY_HNS,OTOLARYNGOLOGY,False,1.0,61,full_forename,3,majority,0.916,2026-08-01T16:03:37+00:00
11129852,R01CA266233,IPF10040927,"ROSENTHAL, EBEN L.",2025,449010.0,True,R01,R01,Targeted Dual Modality Imaging for Detection and Removal of Head and Neck Cancer,OTOLARYNGOLOGY_HNS,OTOLARYNGOLOGY,False,1.0,61,full_forename,3,majority,0.916,2026-08-01T16:03:37+00:00
11112045,K23DK143312,IPF10040927,"SAMUELS, JASON",2025,177986.0,False,K23,K,Use of Adjuvant Anti-Obesity Medication to Enhance Surgical Weight Loss,GENERAL_AND_UNSPECIFIED_SURGERY,SURGERY,True,1.0,23,full_forename,2,majority,0.916,2026-08-01T16:03:37+00:00
10676251,R01DK129624,IPF10040927,"SEBESTA, ELISABETH M",2023,398098.0,True,R01,R01,Stress and Anxiety Effects on Overactive Bladder: A Controlled Study,UROLOGY,UROLOGY,False,1.0,19,full_forename,1,majority,0.916,2026-08-01T16:03:37+00:00
10677815,R01DK128293,IPF10040927,"SEBESTA, ELISABETH M",2023,492768.0,True,R01,R01,Central Sensitization and Psychosocial Impacts on Overactive Bladder,UROLOGY,UROLOGY,False,1.0,19,full_forename,1,majority,0.916,2026-08-01T16:03:37+00:00
10890812,R01DK128293,IPF10040927,"SEBESTA, ELISABETH M",2024,467430.0,True,R01,R01,Central Sensitization and Psychosocial Impacts on Overactive Bladder,UROLOGY,UROLOGY,False,1.0,19,full_forename,1,majority,0.916,2026-08-01T16:03:37+00:00
10903961,R01DK129624,IPF10040927,"SEBESTA, ELISABETH M",2024,378813.0,True,R01,R01,Stress and Anxiety Effects on Overactive Bladder: A Controlled Study,UROLOGY,UROLOGY,False,1.0,19,full_forename,1,majority,0.916,2026-08-01T16:03:37+00:00
11143758,R01DK129624,IPF10040927,"SEBESTA, ELISABETH M",2025,397233.0,True,R01,R01,Stress and Anxiety Effects on Overactive Bladder: A Controlled Study,UROLOGY,UROLOGY,False,1.0,19,full_forename,1,majority,0.916,2026-08-01T16:03:37+00:00
10263332,K76AG068436,IPF10040927,"SHINALL, MYRICK C",2021,237649.0,False,K76,K,Specialist Palliative Care in Surgical Oncology,GENERAL_AND_UNSPECIFIED_SURGERY,SURGERY,True,0.9062,32,full_forename,1,majority,0.916,2026-08-01T16:03:37+00:00
10408183,K76AG068436,IPF10040927,"SHINALL, MYRICK C",2022,233202.0,False,K76,K,Specialist Palliative Care in Surgical Oncology,GENERAL_AND_UNSPECIFIED_SURGERY,SURGERY,True,0.9062,32,full_forename,1,majority,0.916,2026-08-01T16:03:37+00:00
10732175,R21DC019382,IPF10040927,"TAMATI, TERRIN NICHOLE",2023,218750.0,False,R21,R_OTHER,Beyond Clinical Measures:  Auditory-Social Experience and Robust Communication Skills in Adults Following Cochlear Implantation,OTOLARYNGOLOGY_HNS,OTOLARYNGOLOGY,False,1.0,26,full_forename,1,majority,0.916,2026-08-01T16:03:37+00:00
10767362,R21DC019382,IPF10040927,"TAMATI, TERRIN NICHOLE",2024,218750.0,False,R21,R_OTHER,Beyond Clinical Measures:  Auditory-Social Experience and Robust Communication Skills in Adults Following Cochlear Implantation,OTOLARYNGOLOGY_HNS,OTOLARYNGOLOGY,False,1.0,26,full_forename,1,majority,0.916,2026-08-01T16:03:37+00:00
10980202,R01AG089200,IPF10040927,"TAMATI, TERRIN NICHOLE",2024,714791.0,True,R01,R01,Social Networks for Optimizing Communication Ability in Adult Cochlear Implant Users,OTOLARYNGOLOGY_HNS,OTOLARYNGOLOGY,False,1.0,26,full_forename,1,majority,0.916,2026-08-01T16:03:37+00:00
10950144,K08CA293255,IPF10040927,"TOPF, MICHAEL",2024,216771.0,False,K08,K,Augmented Reality to Guide Head and Neck Cancer Surgery,OTOLARYNGOLOGY_HNS,OTOLARYNGOLOGY,False,1.0,92,full_forename,2,majority,0.916,2026-08-01T16:03:37+00:00
11177006,K08CA293255,IPF10040927,"TOPF, MICHAEL",2025,211371.0,False,K08,K,Augmented Reality to Guide Head and Neck Cancer Surgery,OTOLARYNGOLOGY_HNS,OTOLARYNGOLOGY,False,1.0,92,full_forename,2,majority,0.916,2026-08-01T16:03:37+00:00
10078243,R21AI142321,IPF10040927,"TURNER, JUSTIN H",2021,212500.0,False,R21,R_OTHER,Integrated Metagenomic and Metatranscriptomic Characterization of Inflammatory Chronic Rhinosinusitis Endotypes,OTOLARYNGOLOGY_HNS,OTOLARYNGOLOGY,False,1.0,7,full_forename,5,majority,0.916,2026-08-01T16:03:37+00:00
10259879,R01AG065550,IPF10040927,"TURNER, JUSTIN H",2021,611877.0,True,R01,R01,Age-associated Innate Immune Dysfunction in Chronic Rhinosinusitis,OTOLARYNGOLOGY_HNS,OTOLARYNGOLOGY,False,1.0,7,full_forename,5,majority,0.916,2026-08-01T16:03:37+00:00
10265625,R21AI142321,IPF10040927,"TURNER, JUSTIN H",2021,153029.0,False,R21,R_OTHER,Integrated Metagenomic and Metatranscriptomic Characterization of Inflammatory Chronic Rhinosinusitis Endotypes,OTOLARYNGOLOGY_HNS,OTOLARYNGOLOGY,False,1.0,7,full_forename,5,majority,0.916,2026-08-01T16:03:37+00:00
10456200,R01AG065550,IPF10040927,"TURNER, JUSTIN H",2022,616700.0,True,R01,R01,Age-associated Innate Immune Dysfunction in Chronic Rhinosinusitis,OTOLARYNGOLOGY_HNS,OTOLARYNGOLOGY,False,1.0,7,full_forename,5,majority,0.916,2026-08-01T16:03:37+00:00
10570669,R25DC020728,IPF10040927,"TURNER, JUSTIN H",2023,151047.0,False,R25,R_OTHER,Vanderbilt Training of Otolaryngology Physician Scientists (V-TOPS) Program,OTOLARYNGOLOGY_HNS,OTOLARYNGOLOGY,False,1.0,7,full_forename,5,majority,0.916,2026-08-01T16:03:37+00:00
10634699,R01AG065550,IPF10040927,"TURNER, JUSTIN H",2023,616700.0,True,R01,R01,Age-associated Innate Immune Dysfunction in Chronic Rhinosinusitis,OTOLARYNGOLOGY_HNS,OTOLARYNGOLOGY,False,1.0,7,full_forename,5,majority,0.916,2026-08-01T16:03:37+00:00
10723793,K24AI177947,IPF10040927,"TURNER, JUSTIN H",2023,115968.0,False,K24,K,Mentoring in Chronic Rhinosinusitis Pathophysiology and Mechanisms of Disease,OTOLARYNGOLOGY_HNS,OTOLARYNGOLOGY,False,1.0,7,full_forename,5,majority,0.916,2026-08-01T16:03:37+00:00
10753705,R13DC021381,IPF10040927,"TURNER, JUSTIN H",2023,37529.0,False,R13,R_OTHER,Early Career Development of Clinician-scientists in Otolaryngology and the Communication Sciences,OTOLARYNGOLOGY_HNS,OTOLARYNGOLOGY,False,1.0,7,full_forename,5,majority,0.916,2026-08-01T16:03:37+00:00
11102660,S10OD038300,IPF10040927,"UKITA, REI",2025,62000.0,False,S10,OTHER,Real-Time Blood Parameter Monitoring System,CARDIAC_CARDIOTHORACIC_SURGERY,SURGERY,True,0.96,25,full_forename,1,majority,0.916,2026-08-01T16:03:37+00:00
10250436,R01AR060846,IPF10040927,"WRIGHT, RICK W",2022,583526.0,True,R01,R01,Revision ACL Reconstruction: A Comparative Effectiveness Treatment Study,ORTHOPEDIC_SURGERY,ORTHOPEDICS,False,1.0,2,full_forename,3,majority,0.916,2026-08-01T16:03:37+00:00
10980314,R01AR060846,IPF10040927,"WRIGHT, RICK W",2024,699945.0,True,R01,R01,Revision ACL Reconstruction: A Comparative Effectiveness Treatment Study,ORTHOPEDIC_SURGERY,ORTHOPEDICS,False,1.0,2,full_forename,3,majority,0.916,2026-08-01T16:03:37+00:00
11169935,R01AR060846,IPF10040927,"WRIGHT, RICK W",2025,725544.0,True,R01,R01,Revision ACL Reconstruction: A Comparative Effectiveness Treatment Study,ORTHOPEDIC_SURGERY,ORTHOPEDICS,False,1.0,2,full_forename,3,majority,0.916,2026-08-01T16:03:37+00:00
10779680,R01AI180038,IPF10040927,"ZACHOS, NICHOLAS CONSTANTINE",2024,706382.0,True,R01,R01,Human M Cells Require Coronin 1a,GENERAL_AND_UNSPECIFIED_SURGERY,SURGERY,True,1.0,1,full_forename,1,majority,0.916,2026-08-01T16:03:37+00:00
10989908,R01AI180038,IPF10040927,"ZACHOS, NICHOLAS CONSTANTINE",2025,685191.0,True,R01,R01,Human M Cells Require Coronin 1a,GENERAL_AND_UNSPECIFIED_SURGERY,SURGERY,True,1.0,1,full_forename,1,majority,0.916,2026-08-01T16:03:37+00:00
10220013,U01DC016033,IPF10040927,"ZEALEAR, DAVID L",2022,635703.0,False,U01,U,Functional Electrical Stimulation of the Bilaterally Paralyzed Human Larynx,OTOLARYNGOLOGY_HNS,OTOLARYNGOLOGY,False,1.0,9,full_forename,1,majority,0.916,2026-08-01T16:03:37+00:00
10676071,U01DC016033,IPF10040927,"ZEALEAR, DAVID L",2023,582674.0,False,U01,U,Functional Electrical Stimulation of the Bilaterally Paralyzed Human Larynx,OTOLARYNGOLOGY_HNS,OTOLARYNGOLOGY,False,1.0,9,full_forename,1,majority,0.916,2026-08-01T16:03:37+00:00
10601398,R35CA253119,IPF10068583,"HOLLAND, ERIC C.",2021,570838.0,False,R35,R_OTHER,The role and mechanism of alternative RNA splice variants and gene fusions as drivers of cancer,NEUROSURGERY,NEUROSURGERY,False,1.0,1,full_forename,2,majority,0.916,2026-08-01T16:11:50+00:00
10645450,U01ES029516,IPF10068583,"HOLLAND, ERIC C.",2021,319373.0,False,U01,U,Precision disease prevention via somatic mutagenesis enumeration (PREDICTION),NEUROSURGERY,NEUROSURGERY,False,1.0,1,full_forename,2,majority,0.916,2026-08-01T16:11:50+00:00
10436912,U01ES029516,IPF10068583,"HOLLAND, ERIC C.",2022,471680.0,False,U01,U,Precision disease prevention via somatic mutagenesis enumeration (PREDICTION),NEUROSURGERY,NEUROSURGERY,False,1.0,1,full_forename,2,majority,0.916,2026-08-01T16:11:50+00:00
10491906,R35CA253119,IPF10068583,"HOLLAND, ERIC C.",2022,1034880.0,False,R35,R_OTHER,The role and mechanism of alternative RNA splice variants and gene fusions as drivers of cancer,NEUROSURGERY,NEUROSURGERY,False,1.0,1,full_forename,2,majority,0.916,2026-08-01T16:11:50+00:00
10644172,R35CA253119,IPF10068583,"HOLLAND, ERIC C.",2022,128313.0,False,R35,R_OTHER,The role and mechanism of alternative RNA splice variants and gene fusions as drivers of cancer,NEUROSURGERY,NEUROSURGERY,False,1.0,1,full_forename,2,majority,0.916,2026-08-01T16:11:50+00:00
10646671,U54CA243125,IPF10068583,"HOLLAND, ERIC C.",2022,125104.0,False,U54,U,Biology and therapy of C11orf95-RELA fusion-driven ependymoma,NEUROSURGERY,NEUROSURGERY,False,1.0,1,full_forename,2,majority,0.916,2026-08-01T16:11:50+00:00
10649768,R35CA253119,IPF10068583,"HOLLAND, ERIC C.",2022,60715.0,False,R35,R_OTHER,The role and mechanism of alternative RNA splice variants and gene fusions as drivers of cancer,NEUROSURGERY,NEUROSURGERY,False,1.0,1,full_forename,2,majority,0.916,2026-08-01T16:11:50+00:00
10689283,R35CA253119,IPF10068583,"HOLLAND, ERIC C.",2023,839885.0,False,R35,R_OTHER,The role and mechanism of alternative RNA splice variants and gene fusions as drivers of cancer,NEUROSURGERY,NEUROSURGERY,False,1.0,1,full_forename,2,majority,0.916,2026-08-01T16:11:50+00:00
10928122,R35CA253119,IPF10068583,"HOLLAND, ERIC C.",2024,960976.0,False,R35,R_OTHER,The role and mechanism of alternative RNA splice variants and gene fusions as drivers of cancer,NEUROSURGERY,NEUROSURGERY,False,1.0,1,full_forename,2,majority,0.916,2026-08-01T16:11:50+00:00
11063603,R35CA253119,IPF10068583,"HOLLAND, ERIC C.",2024,78390.0,False,R35,R_OTHER,The role and mechanism of alternative RNA splice variants and gene fusions as drivers of cancer,NEUROSURGERY,NEUROSURGERY,False,1.0,1,full_forename,2,majority,0.916,2026-08-01T16:11:50+00:00
11064181,R35CA253119,IPF10068583,"HOLLAND, ERIC C.",2024,78390.0,False,R35,R_OTHER,Exploring Drugs Targeting Hippo Pathway,NEUROSURGERY,NEUROSURGERY,False,1.0,1,full_forename,2,majority,0.916,2026-08-01T16:11:50+00:00
11169919,R35CA253119,IPF10068583,"HOLLAND, ERIC C.",2025,1056000.0,False,R35,R_OTHER,The role and mechanism of alternative RNA splice variants and gene fusions as drivers of cancer,NEUROSURGERY,NEUROSURGERY,False,1.0,1,full_forename,2,majority,0.916,2026-08-01T16:11:50+00:00
11211291,R35CA253119,IPF10068583,"HOLLAND, ERIC C.",2025,78390.0,False,R35,R_OTHER,The role and mechanism of alternative RNA splice variants and gene fusions as drivers of cancer,NEUROSURGERY,NEUROSURGERY,False,1.0,1,full_forename,2,majority,0.916,2026-08-01T16:11:50+00:00
11211292,R35CA253119,IPF10068583,"HOLLAND, ERIC C.",2025,78390.0,False,R35,R_OTHER,The role and mechanism of alternative RNA splice variants and gene fusions as drivers of cancer,NEUROSURGERY,NEUROSURGERY,False,1.0,1,full_forename,2,majority,0.916,2026-08-01T16:11:50+00:00
10083191,R01CA151610,IPF1225501,"CUI, XIAOJIANG",2021,415625.0,True,R01,R01,The Role of FOXCI in Basal-like Breast Cancer,GENERAL_AND_UNSPECIFIED_SURGERY,SURGERY,True,0.8537,41,full_forename,3,majority,0.916,2026-08-01T17:31:55+00:00
10331776,R01CA151610,IPF1225501,"CUI, XIAOJIANG",2022,407313.0,True,R01,R01,The Role of FOXCI in Basal-like Breast Cancer,GENERAL_AND_UNSPECIFIED_SURGERY,SURGERY,True,0.8537,41,full_forename,3,majority,0.916,2026-08-01T17:31:55+00:00
10198865,K08CA230155,IPF1225501,"DASKIVICH, TIMOTHY",2021,181418.0,False,K08,K,A Patient-Centered Approach to Integration of Life Expectancy into Treatment Decision Making for Patients with Genitourinary Malignancy,UROLOGY,UROLOGY,False,0.9661,59,full_forename,1,majority,0.916,2026-08-01T17:31:55+00:00
10445304,K08CA230155,IPF1225501,"DASKIVICH, TIMOTHY",2022,181418.0,False,K08,K,A Patient-Centered Approach to Integration of Life Expectancy into Treatment Decision Making for Patients with Genitourinary Malignancy,UROLOGY,UROLOGY,False,0.9661,59,full_forename,1,majority,0.916,2026-08-01T17:31:55+00:00
11050859,R01CA290559,IPF1225501,"DASKIVICH, TIMOTHY",2025,381129.0,True,R01,R01,Natural Language Processing Based Consultation Feedback to Improve Patient Decision Making and Physician Risk Communication,UROLOGY,UROLOGY,False,0.9661,59,full_forename,1,majority,0.916,2026-08-01T17:31:55+00:00
10652851,R03CA280302,IPF1225501,"FERRONE, CRISTINA R.",2023,167000.0,False,R03,R_OTHER,Tumor downstaging with small molecule therapeutics to enhance Uveal Melanoma metastasis eradication by B7-H3 CAR T cells,GENERAL_AND_UNSPECIFIED_SURGERY,SURGERY,True,0.9808,52,full_forename,1,majority,0.916,2026-08-01T17:31:55+00:00
10639416,R01CA280081,IPF1225501,"FREEDLAND, STEPHEN JAY",2023,722345.0,True,R01,R01,Intermittent Fasting using a Fasting-Mimetic Diet to Improve Prostate Cancer Control and Metabolic Outcomes,UROLOGY,UROLOGY,False,1.0,88,full_forename,1,majority,0.916,2026-08-01T17:31:55+00:00
10871888,R01CA280081,IPF1225501,"FREEDLAND, STEPHEN JAY",2024,644974.0,True,R01,R01,Intermittent Fasting using a Fasting-Mimetic Diet to Improve Prostate Cancer Control and Metabolic Outcomes,UROLOGY,UROLOGY,False,1.0,88,full_forename,1,majority,0.916,2026-08-01T17:31:55+00:00
11064573,R01CA280081,IPF1225501,"FREEDLAND, STEPHEN JAY",2024,119705.0,True,R01,R01,A Comparative Study of Risk Factors for Men with and without Prostate Cancer at the VA Medical Center in Durham,UROLOGY,UROLOGY,False,1.0,88,full_forename,1,majority,0.916,2026-08-01T17:31:55+00:00
11144437,R01CA280081,IPF1225501,"FREEDLAND, STEPHEN JAY",2025,684131.0,True,R01,R01,Intermittent Fasting using a Fasting-Mimetic Diet to Improve Prostate Cancer Control and Metabolic Outcomes,UROLOGY,UROLOGY,False,1.0,88,full_forename,1,majority,0.916,2026-08-01T17:31:55+00:00
11210875,R01CA280081,IPF1225501,"FREEDLAND, STEPHEN JAY",2025,102955.0,True,R01,R01,Intermittent Fasting using a Fasting-Mimetic Diet to Improve Prostate Cancer Control and Metabolic Outcomes,UROLOGY,UROLOGY,False,1.0,88,full_forename,1,majority,0.916,2026-08-01T17:31:55+00:00
10116314,R01CA220327,IPF1225501,"FREEMAN, MICHAEL R",2021,400313.0,True,R01,R01,Racial Differences in Prostate Cancer Molecular Subtyping,UROLOGY,UROLOGY,False,0.95,40,full_forename,4,majority,0.916,2026-08-01T17:31:55+00:00
10381279,R01CA220327,IPF1225501,"FREEMAN, MICHAEL R",2021,85038.0,True,R01,R01,Racial Differences in Prostate Cancer Molecular Subtyping,UROLOGY,UROLOGY,False,0.95,40,full_forename,4,majority,0.916,2026-08-01T17:31:55+00:00
10473907,R01CA271750,IPF1225501,"FREEMAN, MICHAEL R",2021,452396.0,True,R01,R01,Mechanisms of Prostate Cancer Metastasis,UROLOGY,UROLOGY,False,0.95,40,full_forename,4,majority,0.916,2026-08-01T17:31:55+00:00
10376281,R01CA220327,IPF1225501,"FREEMAN, MICHAEL R",2022,392306.0,True,R01,R01,Racial Differences in Prostate Cancer Molecular Subtyping,UROLOGY,UROLOGY,False,0.95,40,full_forename,4,majority,0.916,2026-08-01T17:31:55+00:00
10490345,R01CA271750,IPF1225501,"FREEMAN, MICHAEL R",2022,426934.0,True,R01,R01,Mechanisms of Prostate Cancer Metastasis,UROLOGY,UROLOGY,False,0.95,40,full_forename,4,majority,0.916,2026-08-01T17:31:55+00:00
10524093,R01CA220327,IPF1225501,"FREEMAN, MICHAEL R",2022,42495.0,True,R01,R01,Racial Differences in Prostate Cancer Molecular Subtyping,UROLOGY,UROLOGY,False,0.95,40,full_forename,4,majority,0.916,2026-08-01T17:31:55+00:00
10706309,R01CA271750,IPF1225501,"FREEMAN, MICHAEL R",2023,426934.0,True,R01,R01,Mechanisms of Prostate Cancer Metastasis,UROLOGY,UROLOGY,False,0.95,40,full_forename,4,majority,0.916,2026-08-01T17:31:55+00:00
10926881,R01CA271750,IPF1225501,"FREEMAN, MICHAEL R",2024,413864.0,True,R01,R01,Mechanisms of Prostate Cancer Metastasis,UROLOGY,UROLOGY,False,0.95,40,full_forename,4,majority,0.916,2026-08-01T17:31:55+00:00
11073932,R01CA220327,IPF1225501,"FREEMAN, MICHAEL R.",2025,460263.0,True,R01,R01,Racial Difference in Prostate Cancer,UROLOGY,UROLOGY,False,0.95,40,full_forename,4,majority,0.916,2026-08-01T17:31:55+00:00
11175502,R01CA287075,IPF1225501,"FREEMAN, MICHAEL R.",2025,480986.0,True,R01,R01,Clinical Translation of a Large Oncosome-Based Prostate Cancer Blood Test,UROLOGY,UROLOGY,False,0.95,40,full_forename,4,majority,0.916,2026-08-01T17:31:55+00:00
11179174,R01CA271750,IPF1225501,"FREEMAN, MICHAEL R.",2025,435646.0,True,R01,R01,Mechanisms of Prostate Cancer Metastasis,UROLOGY,UROLOGY,False,0.95,40,full_forename,4,majority,0.916,2026-08-01T17:31:55+00:00
10290237,R21CA263230,IPF1225501,"FURUYA, HIDEKI",2021,117109.0,False,R21,R_OTHER,Humanized anti-CXCL1 antibody for bladder cancer therapeutics,UROLOGY,UROLOGY,False,1.0,5,full_forename,1,majority,0.916,2026-08-01T17:31:55+00:00
10454422,R21CA263230,IPF1225501,"FURUYA, HIDEKI",2022,306044.0,False,R21,R_OTHER,Humanized anti-CXCL1 antibody for bladder cancer therapeutics,UROLOGY,UROLOGY,False,1.0,5,full_forename,1,majority,0.916,2026-08-01T17:31:55+00:00
10204906,R01CA201709,IPF1225501,"GARCIA, MAURICE MARCEL",2021,612908.0,True,R01,R01,Bladder Fiducial Markers and Diffusion-MRI to Optimize Bladder Chemo-Radiotherapy,UROLOGY,UROLOGY,False,1.0,31,full_forename,4,majority,0.916,2026-08-01T17:31:55+00:00
10452510,R01CA201709,IPF1225501,"GARCIA, MAURICE MARCEL",2022,575757.0,True,R01,R01,Bladder Fiducial Markers and Diffusion-MRI to Optimize Bladder Chemo-Radiotherapy,UROLOGY,UROLOGY,False,1.0,31,full_forename,4,majority,0.916,2026-08-01T17:31:55+00:00
10113360,R01EB026094,IPF1225501,"GAZIT, DAN",2021,690868.0,True,R01,R01,Ultrasound-guided DNA delivery for regenerative medicine,GENERAL_AND_UNSPECIFIED_SURGERY,SURGERY,True,0.8462,13,full_forename,1,majority,0.916,2026-08-01T17:31:55+00:00
10836312,R01HL159428,IPF1225501,"GOODCHILD, TRACI TAYLOR",2023,811603.0,True,R01,R01,Renal Denervation in Heart Failure with Preserved Ejection Fraction,CARDIAC_CARDIOTHORACIC_SURGERY,SURGERY,True,1.0,11,full_forename,1,majority,0.916,2026-08-01T17:31:55+00:00
10890192,R01HL159428,IPF1225501,"GOODCHILD, TRACI TAYLOR",2024,789349.0,True,R01,R01,Renal Denervation in Heart Failure with Preserved Ejection Fraction,CARDIAC_CARDIOTHORACIC_SURGERY,SURGERY,True,1.0,11,full_forename,1,majority,0.916,2026-08-01T17:31:55+00:00
10568656,R01CA276919,IPF1225501,"HU, JETHRO",2023,739138.0,True,R01,R01,A randomized controlled phase 2 study of the ketogenic diet for patients with newly diagnosed glioblastoma in combination with standard-of-care treatment,NEUROSURGERY,NEUROSURGERY,False,1.0,2,full_forename,13,majority,0.916,2026-08-01T17:31:55+00:00
10815775,R01CA276919,IPF1225501,"HU, JETHRO",2024,695258.0,True,R01,R01,A randomized controlled phase 2 study of the ketogenic diet for patients with newly diagnosed glioblastoma in combination with standard-of-care treatment,NEUROSURGERY,NEUROSURGERY,False,1.0,2,full_forename,13,majority,0.916,2026-08-01T17:31:55+00:00
11083104,R01CA276919,IPF1225501,"HU, JETHRO",2025,268951.0,True,R01,R01,A randomized controlled phase 2 study of the ketogenic diet for patients with newly diagnosed glioblastoma in combination with standard-of-care treatment,NEUROSURGERY,NEUROSURGERY,False,1.0,2,full_forename,13,majority,0.916,2026-08-01T17:31:55+00:00
10940356,R01CA273031,IPF1225501,"HUNG, ANDREW",2023,646797.0,True,R01,R01,Preserving Erectile Function by Quantifying the Nerve-Sparing step of the Robotic Prostatectomy,UROLOGY,UROLOGY,False,1.0,25,full_forename,3,majority,0.916,2026-08-01T17:31:55+00:00
10951308,R01CA251579,IPF1225501,"HUNG, ANDREW",2023,272153.0,True,R01,R01,Automated Assessment for Robotic Suturing Utilizing Deep Learning Algorithms,UROLOGY,UROLOGY,False,1.0,25,full_forename,3,majority,0.916,2026-08-01T17:31:55+00:00
10819602,R01CA251579,IPF1225501,"HUNG, ANDREW",2024,564317.0,True,R01,R01,Automated Assessment for Robotic Suturing Utilizing Deep Learning Algorithms,UROLOGY,UROLOGY,False,1.0,25,full_forename,3,majority,0.916,2026-08-01T17:31:55+00:00
10862724,R01CA273031,IPF1225501,"HUNG, ANDREW",2024,697192.0,True,R01,R01,Preserving Erectile Function by Quantifying the Nerve-Sparing step of the Robotic Prostatectomy,UROLOGY,UROLOGY,False,1.0,25,full_forename,3,majority,0.916,2026-08-01T17:31:55+00:00
11028231,R01CA298988,IPF1225501,"HUNG, ANDREW",2025,596179.0,True,R01,R01,"Assessing, Optimizing, and Delivering Surgical Feedback with AI for Benign Urological Robotic Surgeries",UROLOGY,UROLOGY,False,1.0,25,full_forename,3,majority,0.916,2026-08-01T17:31:55+00:00
11052513,R01CA251579,IPF1225501,"HUNG, ANDREW",2025,602513.0,True,R01,R01,Automated Assessment for Robotic Suturing Utilizing Deep Learning Algorithms,UROLOGY,UROLOGY,False,1.0,25,full_forename,3,majority,0.916,2026-08-01T17:31:55+00:00
11123096,R01CA273031,IPF1225501,"HUNG, ANDREW",2025,733887.0,True,R01,R01,Preserving Erectile Function by Quantifying the Nerve-Sparing step of the Robotic Prostatectomy,UROLOGY,UROLOGY,False,1.0,25,full_forename,3,majority,0.916,2026-08-01T17:31:55+00:00
10137894,R01CA217098,IPF1225501,"KIM, HYUNG L",2021,380240.0,True,R01,R01,High resolution volumetric MRI for prostate cancer active surveillance,UROLOGY,UROLOGY,False,1.0,3,full_forename,18,majority,0.916,2026-08-01T17:31:55+00:00
10802975,R01CA280060,IPF1225501,"KIM, HYUNG L",2023,692001.0,True,R01,R01,Intensive cholesterol-lowering intervention and anti-tumor immunity modeled in prostate cancer,UROLOGY,UROLOGY,False,1.0,3,full_forename,18,majority,0.916,2026-08-01T17:31:55+00:00
10933005,R01CA280060,IPF1225501,"KIM, HYUNG L",2024,657403.0,True,R01,R01,Intensive cholesterol-lowering intervention and anti-tumor immunity modeled in prostate cancer,UROLOGY,UROLOGY,False,1.0,3,full_forename,18,majority,0.916,2026-08-01T17:31:55+00:00
11172572,R01CA280060,IPF1225501,"KIM, HYUNG L",2025,692001.0,True,R01,R01,Intensive cholesterol-lowering intervention and anti-tumor immunity modeled in prostate cancer,UROLOGY,UROLOGY,False,1.0,3,full_forename,18,majority,0.916,2026-08-01T17:31:55+00:00
10839729,R01HL146514,IPF1225501,"LEFER, DAVID JOSEPH",2023,732803.0,True,R01,R01,Roles of Endothelial and Smooth Muscle KATP Channels in Myocardial Ischemic Injury,CARDIAC_CARDIOTHORACIC_SURGERY,SURGERY,True,1.0,25,full_forename,1,majority,0.916,2026-08-01T17:31:55+00:00
11209523,R01HL181016,IPF1225501,"LEFER, DAVID JOSEPH",2025,759206.0,True,R01,R01,Hydrogen Sulfide and GLP-1 Combination Therapy to Treat HFpEF,CARDIAC_CARDIOTHORACIC_SURGERY,SURGERY,True,1.0,25,full_forename,1,majority,0.916,2026-08-01T17:31:55+00:00
10254336,R01EY031377,IPF1225501,"LJUBIMOV, ALEXANDER V",2021,404951.0,True,R01,R01,"Wnt5a, a New Diabetic Corneal Marker Related to Wound Healing",NEUROSURGERY,NEUROSURGERY,False,0.64,25,full_forename,1,majority,0.916,2026-08-01T17:31:55+00:00
10468981,R01EY031377,IPF1225501,"LJUBIMOV, ALEXANDER V",2022,404952.0,True,R01,R01,"Wnt5a, a New Diabetic Corneal Marker Related to Wound Healing",NEUROSURGERY,NEUROSURGERY,False,0.64,25,full_forename,1,majority,0.916,2026-08-01T17:31:55+00:00
10522498,R01EY013431,IPF1225501,"LJUBIMOV, ALEXANDER V",2022,668080.0,True,R01,R01,Mechanisms of epithelial alterations in diabetic cornea,NEUROSURGERY,NEUROSURGERY,False,0.64,25,full_forename,1,majority,0.916,2026-08-01T17:31:55+00:00
10682429,R01EY031377,IPF1225501,"LJUBIMOV, ALEXANDER V",2023,417477.0,True,R01,R01,"Wnt5a, a New Diabetic Corneal Marker Related to Wound Healing",NEUROSURGERY,NEUROSURGERY,False,0.64,25,full_forename,1,majority,0.916,2026-08-01T17:31:55+00:00
10690670,R01EY013431,IPF1225501,"LJUBIMOV, ALEXANDER V",2023,417500.0,True,R01,R01,Mechanisms of epithelial alterations in diabetic cornea,NEUROSURGERY,NEUROSURGERY,False,0.64,25,full_forename,1,majority,0.916,2026-08-01T17:31:55+00:00
10743942,R01CA284247,IPF1225501,"LJUBIMOV, ALEXANDER V",2023,577033.0,True,R01,R01,Targeting tumor microenvironment by nanoimmunodrugs for glioma treatment,NEUROSURGERY,NEUROSURGERY,False,0.64,25,full_forename,1,majority,0.916,2026-08-01T17:31:55+00:00
10878811,R01EY013431,IPF1225501,"LJUBIMOV, ALEXANDER V",2024,417500.0,True,R01,R01,Mechanisms of epithelial alterations in diabetic cornea,NEUROSURGERY,NEUROSURGERY,False,0.64,25,full_forename,1,majority,0.916,2026-08-01T17:31:55+00:00
10923837,R01EY031377,IPF1225501,"LJUBIMOV, ALEXANDER V",2024,417477.0,True,R01,R01,"Wnt5a, a New Diabetic Corneal Marker Related to Wound Healing",NEUROSURGERY,NEUROSURGERY,False,0.64,25,full_forename,1,majority,0.916,2026-08-01T17:31:55+00:00
10931507,R01CA284247,IPF1225501,"LJUBIMOV, ALEXANDER V",2024,512558.0,True,R01,R01,Targeting tumor microenvironment by nanoimmunodrugs for glioma treatment,NEUROSURGERY,NEUROSURGERY,False,0.64,25,full_forename,1,majority,0.916,2026-08-01T17:31:55+00:00
11124156,R01EY013431,IPF1225501,"LJUBIMOV, ALEXANDER V",2025,354876.0,True,R01,R01,Mechanisms of epithelial alterations in diabetic cornea,NEUROSURGERY,NEUROSURGERY,False,0.64,25,full_forename,1,majority,0.916,2026-08-01T17:31:55+00:00
11129882,R01CA284247,IPF1225501,"LJUBIMOV, ALEXANDER V",2025,539533.0,True,R01,R01,Targeting tumor microenvironment by nanoimmunodrugs for glioma treatment,NEUROSURGERY,NEUROSURGERY,False,0.64,25,full_forename,1,majority,0.916,2026-08-01T17:31:55+00:00
10356681,R21CA256421,IPF1225501,"PATIL, CHIRAG GADKARY",2022,195181.0,False,R21,R_OTHER,Neoadjuvant anti-PD-1 immunotherapy and Stereotactic Radiation in Patients with Recurrent Glioblastoma,NEUROSURGERY,NEUROSURGERY,False,1.0,8,full_forename,1,majority,0.916,2026-08-01T17:31:55+00:00
10536628,R21CA256421,IPF1225501,"PATIL, CHIRAG GADKARY",2023,229533.0,False,R21,R_OTHER,Neoadjuvant anti-PD-1 immunotherapy and Stereotactic Radiation in Patients with Recurrent Glioblastoma,NEUROSURGERY,NEUROSURGERY,False,1.0,8,full_forename,1,majority,0.916,2026-08-01T17:31:55+00:00
10436070,R21CA259911,IPF1225501,"PATIL, RAMESHWAR TUKARAM",2022,28736.0,False,R21,R_OTHER,Targeted nano-boron based boron neutron capture therapy for glioma treatment,NEUROSURGERY,NEUROSURGERY,False,1.0,8,full_forename,1,majority,0.916,2026-08-01T17:31:55+00:00
10307878,R01CA198887,IPF1225501,"ROSSER, CHARLES J",2021,726129.0,True,R01,R01,MULTIPLEXED PROTEIN BIOMARKER-BASED ASSAY FOR THE DETECTION OF BLADDER CANCER,UROLOGY,UROLOGY,False,1.0,23,full_forename,2,majority,0.916,2026-08-01T17:31:55+00:00
10455967,UH3CA271377,IPF1225501,"ROSSER, CHARLES J",2022,458020.0,False,UH3,U,APPLICATION OF A MULTIPLEXED IMMUNOASSAY FOR THE DETECTION OF BLADDER CANCER,UROLOGY,UROLOGY,False,1.0,23,full_forename,2,majority,0.916,2026-08-01T17:31:55+00:00
10462772,R01CA198887,IPF1225501,"ROSSER, CHARLES J",2022,651538.0,True,R01,R01,MULTIPLEXED PROTEIN BIOMARKER-BASED ASSAY FOR THE DETECTION OF BLADDER CANCER,UROLOGY,UROLOGY,False,1.0,23,full_forename,2,majority,0.916,2026-08-01T17:31:55+00:00
10591629,R01CA277810,IPF1225501,"ROSSER, CHARLES J",2023,376346.0,True,R01,R01,A Multiplex Protein Biomarker-Based Immunoassay for the Early Detection of Bladder Cancer and its Implications in Tumor Biology,UROLOGY,UROLOGY,False,1.0,23,full_forename,2,majority,0.916,2026-08-01T17:31:55+00:00
10650375,UH3CA271377,IPF1225501,"ROSSER, CHARLES J",2023,389469.0,False,UH3,U,APPLICATION OF A MULTIPLEXED IMMUNOASSAY FOR THE DETECTION OF BLADDER CANCER,UROLOGY,UROLOGY,False,1.0,23,full_forename,2,majority,0.916,2026-08-01T17:31:55+00:00
10672214,R01CA198887,IPF1225501,"ROSSER, CHARLES J",2023,651299.0,True,R01,R01,MULTIPLEXED PROTEIN BIOMARKER-BASED ASSAY FOR THE DETECTION OF BLADDER CANCER,UROLOGY,UROLOGY,False,1.0,23,full_forename,2,majority,0.916,2026-08-01T17:31:55+00:00
10824409,R01CA277810,IPF1225501,"ROSSER, CHARLES J",2024,414870.0,True,R01,R01,A Multiplex Protein Biomarker-Based Immunoassay for the Early Detection of Bladder Cancer and its Implications in Tumor Biology,UROLOGY,UROLOGY,False,1.0,23,full_forename,2,majority,0.916,2026-08-01T17:31:55+00:00
10851783,UH3CA271377,IPF1225501,"ROSSER, CHARLES J",2024,361417.0,False,UH3,U,APPLICATION OF A MULTIPLEXED IMMUNOASSAY FOR THE DETECTION OF BLADDER CANCER,UROLOGY,UROLOGY,False,1.0,23,full_forename,2,majority,0.916,2026-08-01T17:31:55+00:00
10925160,R01CA198887,IPF1225501,"ROSSER, CHARLES J",2024,631484.0,True,R01,R01,MULTIPLEXED PROTEIN BIOMARKER-BASED ASSAY FOR THE DETECTION OF BLADDER CANCER,UROLOGY,UROLOGY,False,1.0,23,full_forename,2,majority,0.916,2026-08-01T17:31:55+00:00
11042277,R01CA277810,IPF1225501,"ROSSER, CHARLES J",2025,416215.0,True,R01,R01,A Multiplex Protein Biomarker-Based Immunoassay for the Early Detection of Bladder Cancer and its Implications in Tumor Biology,UROLOGY,UROLOGY,False,1.0,23,full_forename,2,majority,0.916,2026-08-01T17:31:55+00:00
11146428,R01CA198887,IPF1225501,"ROSSER, CHARLES J",2025,666048.0,True,R01,R01,MULTIPLEXED PROTEIN BIOMARKER-BASED ASSAY FOR THE DETECTION OF BLADDER CANCER,UROLOGY,UROLOGY,False,1.0,23,full_forename,2,majority,0.916,2026-08-01T17:31:55+00:00
10268196,U01NS117839,IPF1225501,"RUTISHAUSER, UELI",2021,1559547.0,False,U01,U,Neuronal mechanisms of human episodic memory,NEUROSURGERY,NEUROSURGERY,False,0.6234,77,full_forename,1,majority,0.916,2026-08-01T17:31:55+00:00
10452541,U01NS117839,IPF1225501,"RUTISHAUSER, UELI",2022,1572778.0,False,U01,U,Neuronal mechanisms of human episodic memory,NEUROSURGERY,NEUROSURGERY,False,0.6234,77,full_forename,1,majority,0.916,2026-08-01T17:31:55+00:00
10692861,U01NS117839,IPF1225501,"RUTISHAUSER, UELI",2023,1586262.0,False,U01,U,Neuronal mechanisms of human episodic memory,NEUROSURGERY,NEUROSURGERY,False,0.6234,77,full_forename,1,majority,0.916,2026-08-01T17:31:55+00:00
10905000,U01NS117839,IPF1225501,"RUTISHAUSER, UELI",2024,1443559.0,False,U01,U,Neuronal mechanisms of human episodic memory,NEUROSURGERY,NEUROSURGERY,False,0.6234,77,full_forename,1,majority,0.916,2026-08-01T17:31:55+00:00
11195983,R61DC022835,IPF1225501,"RUTISHAUSER, UELI",2025,1099402.0,False,R61,R_OTHER,Neuronal mechanisms of learning and utilizing abstract representations,NEUROSURGERY,NEUROSURGERY,False,0.6234,77,full_forename,1,majority,0.916,2026-08-01T17:31:55+00:00
10147649,K01AR071512,IPF1225501,"SHEYN, DMITRIY",2021,119130.0,False,K01,K,Induced pluripotent stem cell therapy for degenerated IVD,ORTHOPEDIC_SURGERY,ORTHOPEDICS,False,0.9692,65,full_forename,2,majority,0.916,2026-08-01T17:31:55+00:00
10398627,R34NS126032,IPF1225501,"SHEYN, DMITRIY",2021,1655677.0,False,R34,R_OTHER,Stem cell-loaded microgels to treat discogenic low back pain,ORTHOPEDIC_SURGERY,ORTHOPEDICS,False,0.9692,65,full_forename,2,majority,0.916,2026-08-01T17:31:55+00:00
10388144,K01AR071512,IPF1225501,"SHEYN, DMITRIY",2022,119170.0,False,K01,K,Induced pluripotent stem cell therapy for degenerated IVD,ORTHOPEDIC_SURGERY,ORTHOPEDICS,False,0.9692,65,full_forename,2,majority,0.916,2026-08-01T17:31:55+00:00
10803595,R01AR082041,IPF1225501,"SHEYN, DMITRIY",2024,534382.0,True,R01,R01,Studying the mechanism of discogenic low back pain induction.,ORTHOPEDIC_SURGERY,ORTHOPEDICS,False,0.9692,65,full_forename,2,majority,0.916,2026-08-01T17:31:55+00:00
11092836,R01AR082041,IPF1225501,"SHEYN, DMITRIY",2025,501978.0,True,R01,R01,Studying the mechanism of discogenic low back pain induction.,ORTHOPEDIC_SURGERY,ORTHOPEDICS,False,0.9692,65,full_forename,2,majority,0.916,2026-08-01T17:31:55+00:00
11115406,R21CA299812,IPF1225501,"SILVA, TAYLON FELIPE",2025,429399.0,False,R21,R_OTHER,Extracellular vesicle enclosed circular RNA and interferon responses in tumor host interactions.,UROLOGY,UROLOGY,False,1.0,3,full_forename,3,majority,0.916,2026-08-01T17:31:55+00:00
10241284,R01CA149385,IPF1225501,"TANAKA, HISASHI",2021,363375.0,True,R01,R01,Mechanisms of gene amplification in human cancers,GENERAL_AND_UNSPECIFIED_SURGERY,SURGERY,True,1.0,15,full_forename,3,majority,0.916,2026-08-01T17:31:55+00:00
10466882,R01CA149385,IPF1225501,"TANAKA, HISASHI",2022,356108.0,True,R01,R01,Mechanisms of gene amplification in human cancers,GENERAL_AND_UNSPECIFIED_SURGERY,SURGERY,True,1.0,15,full_forename,3,majority,0.916,2026-08-01T17:31:55+00:00
10220394,R01CA075115,IPF1225501,"THEODORESCU, DAN",2021,413325.0,True,R01,R01,Discoidin Domain Receptor Tyrosine Kinase 2 in bladder cancer progression,UROLOGY,UROLOGY,False,0.6562,64,full_forename,1,majority,0.916,2026-08-01T17:31:55+00:00
10374936,R01CA075115,IPF1225501,"THEODORESCU, DAN",2022,405059.0,True,R01,R01,Discoidin Domain Receptor Tyrosine Kinase 2 in bladder cancer progression,UROLOGY,UROLOGY,False,0.6562,64,full_forename,1,majority,0.916,2026-08-01T17:31:55+00:00
10527232,R01CA268055,IPF1225501,"THEODORESCU, DAN",2022,518399.0,True,R01,R01,NPEPPS is a novel and druggable determinant of chemotherapy resistance in bladder cancer,UROLOGY,UROLOGY,False,0.6562,64,full_forename,1,majority,0.916,2026-08-01T17:31:55+00:00
10662535,R01CA268055,IPF1225501,"THEODORESCU, DAN",2023,491617.0,True,R01,R01,NPEPPS is a novel and druggable determinant of chemotherapy resistance in bladder cancer,UROLOGY,UROLOGY,False,0.6562,64,full_forename,1,majority,0.916,2026-08-01T17:31:55+00:00
10668221,R01CA075115,IPF1225501,"THEODORESCU, DAN",2023,413325.0,True,R01,R01,Discoidin Domain Receptor Tyrosine Kinase 2 in bladder cancer progression,UROLOGY,UROLOGY,False,0.6562,64,full_forename,1,majority,0.916,2026-08-01T17:31:55+00:00
10677899,R01CA275078,IPF1225501,"THEODORESCU, DAN",2023,772180.0,True,R01,R01,Targeting the mutant promoter of Telomerase Reverse Transcriptase (TERT),UROLOGY,UROLOGY,False,0.6562,64,full_forename,1,majority,0.916,2026-08-01T17:31:55+00:00
10836484,R01CA075115,IPF1225501,"THEODORESCU, DAN",2024,392659.0,True,R01,R01,Discoidin Domain Receptor Tyrosine Kinase 2 in bladder cancer progression,UROLOGY,UROLOGY,False,0.6562,64,full_forename,1,majority,0.916,2026-08-01T17:31:55+00:00
10891522,R01CA268055,IPF1225501,"THEODORESCU, DAN",2024,476566.0,True,R01,R01,NPEPPS is a novel and druggable determinant of chemotherapy resistance in bladder cancer,UROLOGY,UROLOGY,False,0.6562,64,full_forename,1,majority,0.916,2026-08-01T17:31:55+00:00
10930836,R01CA275078,IPF1225501,"THEODORESCU, DAN",2024,563904.0,True,R01,R01,Targeting the mutant promoter of Telomerase Reverse Transcriptase (TERT),UROLOGY,UROLOGY,False,0.6562,64,full_forename,1,majority,0.916,2026-08-01T17:31:55+00:00
11063653,R01CA268055,IPF1225501,"THEODORESCU, DAN",2024,9180.0,True,R01,R01,Investigating NPEPPS-mediated feedback between bladder cancer cells and peripheral neurons as a mechanism of cisplatin resistance,UROLOGY,UROLOGY,False,0.6562,64,full_forename,1,majority,0.916,2026-08-01T17:31:55+00:00
11114489,R01CA268055,IPF1225501,"THEODORESCU, DAN",2024,80996.0,True,R01,R01,NPEPPS is a novel and druggable determinant of chemotherapy resistance in bladder cancer,UROLOGY,UROLOGY,False,0.6562,64,full_forename,1,majority,0.916,2026-08-01T17:31:55+00:00
10261527,R01CA253650,IPF1225501,"YU, JOHN S",2021,638098.0,True,R01,R01,Magnetofluorescent nanoplatform for glioblastoma therapy,NEUROSURGERY,NEUROSURGERY,False,1.0,6,full_forename,8,majority,0.916,2026-08-01T17:31:55+00:00
10472011,R01CA253650,IPF1225501,"YU, JOHN S",2022,608922.0,True,R01,R01,Magnetofluorescent nanoplatform for glioblastoma therapy,NEUROSURGERY,NEUROSURGERY,False,1.0,6,full_forename,8,majority,0.916,2026-08-01T17:31:55+00:00
10686322,R01CA253650,IPF1225501,"YU, JOHN S",2023,607833.0,True,R01,R01,Magnetofluorescent nanoplatform for glioblastoma therapy,NEUROSURGERY,NEUROSURGERY,False,1.0,6,full_forename,8,majority,0.916,2026-08-01T17:31:55+00:00
10897916,R01CA253650,IPF1225501,"YU, JOHN S",2024,589225.0,True,R01,R01,Magnetofluorescent nanoplatform for glioblastoma therapy,NEUROSURGERY,NEUROSURGERY,False,1.0,6,full_forename,8,majority,0.916,2026-08-01T17:31:55+00:00
10807586,R01DK127589,IPF1495302,"BAKER, LINDA A.",2022,372396.0,True,R01,R01,Prune Belly Syndrome: Mechanisms of Filamin A Mutations,UROLOGY,UROLOGY,False,1.0,2,full_forename,1,majority,0.916,2026-08-01T17:49:35+00:00
10675735,R01DK127589,IPF1495302,"BAKER, LINDA A.",2023,481060.0,True,R01,R01,Prune Belly Syndrome: Mechanisms of Filamin A Mutations,UROLOGY,UROLOGY,False,1.0,2,full_forename,1,majority,0.916,2026-08-01T17:49:35+00:00
10898081,R01DK127589,IPF1495302,"BAKER, LINDA A.",2024,429225.0,True,R01,R01,Prune Belly Syndrome: Mechanisms of Filamin A Mutations,UROLOGY,UROLOGY,False,1.0,2,full_forename,1,majority,0.916,2026-08-01T17:49:35+00:00
10026440,UH3HL148693,IPF1495302,"BREUER, CHRISTOPHER KANE",2021,539634.0,False,UH3,U,A Study Evaluating the Safety and Efficacy of Second-Generation Tissue Engineered Vascular Grafts (TEVG2),GENERAL_AND_UNSPECIFIED_SURGERY,SURGERY,True,0.9767,43,full_forename,1,majority,0.916,2026-08-01T17:49:35+00:00
10082302,R01HL139796,IPF1495302,"BREUER, CHRISTOPHER KANE",2021,882339.0,True,R01,R01,Improving Tissue Engineered Vascular Graft Performance via Computational Modeling,GENERAL_AND_UNSPECIFIED_SURGERY,SURGERY,True,0.9767,43,full_forename,1,majority,0.916,2026-08-01T17:49:35+00:00
10182308,R01HL157491,IPF1495302,"BREUER, CHRISTOPHER KANE",2021,675584.0,True,R01,R01,Elucidating the Molecular Mechanisms Underlying LYST-mediated Tissue Engineered Vascular Graft Stenosis,GENERAL_AND_UNSPECIFIED_SURGERY,SURGERY,True,0.9767,43,full_forename,1,majority,0.916,2026-08-01T17:49:35+00:00
10363610,UH3HL148693,IPF1495302,"BREUER, CHRISTOPHER KANE",2022,552909.0,False,UH3,U,A Study Evaluating the Safety and Efficacy of Second-Generation Tissue Engineered Vascular Grafts (TEVG2),GENERAL_AND_UNSPECIFIED_SURGERY,SURGERY,True,0.9767,43,full_forename,1,majority,0.916,2026-08-01T17:49:35+00:00
10378148,R01HL157491,IPF1495302,"BREUER, CHRISTOPHER KANE",2022,668604.0,True,R01,R01,Elucidating the Molecular Mechanisms Underlying LYST-mediated Tissue Engineered Vascular Graft Stenosis,GENERAL_AND_UNSPECIFIED_SURGERY,SURGERY,True,0.9767,43,full_forename,1,majority,0.916,2026-08-01T17:49:35+00:00
10420151,R01HL163065,IPF1495302,"BREUER, CHRISTOPHER KANE",2022,335054.0,True,R01,R01,A Preclinical Study Evaluating and Comparing the Efficacy of Tissue Engineered Vascular Grafts to Polytetrafluoroethylene Grafts,GENERAL_AND_UNSPECIFIED_SURGERY,SURGERY,True,0.9767,43,full_forename,1,majority,0.916,2026-08-01T17:49:35+00:00
10461485,R01HL139796,IPF1495302,"BREUER, CHRISTOPHER KANE",2022,731320.0,True,R01,R01,Improving Tissue Engineered Vascular Graft Performance via Computational Modeling,GENERAL_AND_UNSPECIFIED_SURGERY,SURGERY,True,0.9767,43,full_forename,1,majority,0.916,2026-08-01T17:49:35+00:00
10552387,R01HL157491,IPF1495302,"BREUER, CHRISTOPHER KANE",2022,70925.0,True,R01,R01,Elucidating the Molecular Mechanisms Underlying LYST-mediated Tissue Engineered Vascular Graft Stenosis,GENERAL_AND_UNSPECIFIED_SURGERY,SURGERY,True,0.9767,43,full_forename,1,majority,0.916,2026-08-01T17:49:35+00:00
10579691,R01HL157491,IPF1495302,"BREUER, CHRISTOPHER KANE",2022,9861.0,True,R01,R01,Elucidating the Molecular Mechanisms Underlying LYST-mediated Tissue Engineered Vascular Graft Stenosis,GENERAL_AND_UNSPECIFIED_SURGERY,SURGERY,True,0.9767,43,full_forename,1,majority,0.916,2026-08-01T17:49:35+00:00
10705412,UH3HL148693,IPF1495302,"BREUER, CHRISTOPHER KANE",2022,375901.0,False,UH3,U,A Study Evaluating the Safety and Efficacy of Second-Generation Tissue Engineered Vascular Grafts (TEVG2),GENERAL_AND_UNSPECIFIED_SURGERY,SURGERY,True,0.9767,43,full_forename,1,majority,0.916,2026-08-01T17:49:35+00:00
10599990,R01HL157491,IPF1495302,"BREUER, CHRISTOPHER KANE",2023,641562.0,True,R01,R01,Elucidating the Molecular Mechanisms Underlying LYST-mediated Tissue Engineered Vascular Graft Stenosis,GENERAL_AND_UNSPECIFIED_SURGERY,SURGERY,True,0.9767,43,full_forename,1,majority,0.916,2026-08-01T17:49:35+00:00
10612079,R01HL139796,IPF1495302,"BREUER, CHRISTOPHER KANE",2023,692237.0,True,R01,R01,Improving Tissue Engineered Vascular Graft Performance via Computational Modeling,GENERAL_AND_UNSPECIFIED_SURGERY,SURGERY,True,0.9767,43,full_forename,1,majority,0.916,2026-08-01T17:49:35+00:00
10645005,R01HL163065,IPF1495302,"BREUER, CHRISTOPHER KANE",2023,306779.0,True,R01,R01,A Preclinical Study Evaluating and Comparing the Efficacy of Tissue Engineered Vascular Grafts to Polytetrafluoroethylene Grafts,GENERAL_AND_UNSPECIFIED_SURGERY,SURGERY,True,0.9767,43,full_forename,1,majority,0.916,2026-08-01T17:49:35+00:00
10806468,R01HL157491,IPF1495302,"BREUER, CHRISTOPHER KANE",2023,77349.0,True,R01,R01,Elucidating the Molecular Mechanisms Underlying LYST-mediated Tissue Engineered Vascular Graft Stenosis,GENERAL_AND_UNSPECIFIED_SURGERY,SURGERY,True,0.9767,43,full_forename,1,majority,0.916,2026-08-01T17:49:35+00:00
10806469,R01HL157491,IPF1495302,"BREUER, CHRISTOPHER KANE",2023,11391.0,True,R01,R01,Elucidating the Molecular Mechanisms Underlying LYST-mediated Tissue Engineered Vascular Graft Stenosis,GENERAL_AND_UNSPECIFIED_SURGERY,SURGERY,True,0.9767,43,full_forename,1,majority,0.916,2026-08-01T17:49:35+00:00
10589938,UH3HL148693,IPF1495302,"BREUER, CHRISTOPHER KANE",2024,593214.0,False,UH3,U,A Study Evaluating the Safety and Efficacy of Second-Generation Tissue Engineered Vascular Grafts (TEVG2),GENERAL_AND_UNSPECIFIED_SURGERY,SURGERY,True,0.9767,43,full_forename,1,majority,0.916,2026-08-01T17:49:35+00:00
10802304,R01HL139796,IPF1495302,"BREUER, CHRISTOPHER KANE",2024,666199.0,True,R01,R01,Improving Tissue Engineered Vascular Graft Performance via Computational Modeling,GENERAL_AND_UNSPECIFIED_SURGERY,SURGERY,True,0.9767,43,full_forename,1,majority,0.916,2026-08-01T17:49:35+00:00
10808927,R01HL157491,IPF1495302,"BREUER, CHRISTOPHER KANE",2024,628730.0,True,R01,R01,Elucidating the Molecular Mechanisms Underlying LYST-mediated Tissue Engineered Vascular Graft Stenosis,GENERAL_AND_UNSPECIFIED_SURGERY,SURGERY,True,0.9767,43,full_forename,1,majority,0.916,2026-08-01T17:49:35+00:00
10854892,R01HL163065,IPF1495302,"BREUER, CHRISTOPHER KANE",2024,294528.0,True,R01,R01,A Preclinical Study Evaluating and Comparing the Efficacy of Tissue Engineered Vascular Grafts to Polytetrafluoroethylene Grafts,GENERAL_AND_UNSPECIFIED_SURGERY,SURGERY,True,0.9767,43,full_forename,1,majority,0.916,2026-08-01T17:49:35+00:00
10893166,R01HL163065,IPF1495302,"BREUER, CHRISTOPHER KANE",2024,51566.0,True,R01,R01,A preclinical study evaluating and comparing the efficacy of tissue engineered vascular grafts to polytetrafluoroethylene grafts - DIVERSITY SUPP VILLARREAL,GENERAL_AND_UNSPECIFIED_SURGERY,SURGERY,True,0.9767,43,full_forename,1,majority,0.916,2026-08-01T17:49:35+00:00
11040441,R01HL157491,IPF1495302,"BREUER, CHRISTOPHER KANE",2024,77902.0,True,R01,R01,Elucidating the Molecular Mechanisms Underlying LYST-mediated Tissue Engineered Vascular Graft Stenosis,GENERAL_AND_UNSPECIFIED_SURGERY,SURGERY,True,0.9767,43,full_forename,1,majority,0.916,2026-08-01T17:49:35+00:00
11079310,R01HL163065,IPF1495302,"BREUER, CHRISTOPHER KANE",2024,81825.0,True,R01,R01,A Preclinical Study Evaluating and Comparing the Efficacy of Tissue Engineered Vascular Grafts to Polytetrafluoroethylene Grafts,GENERAL_AND_UNSPECIFIED_SURGERY,SURGERY,True,0.9767,43,full_forename,1,majority,0.916,2026-08-01T17:49:35+00:00
11066539,R01HL139796,IPF1495302,"BREUER, CHRISTOPHER KANE",2025,666476.0,True,R01,R01,Improving Tissue Engineered Vascular Graft Performance via Computational Modeling,GENERAL_AND_UNSPECIFIED_SURGERY,SURGERY,True,0.9767,43,full_forename,1,majority,0.916,2026-08-01T17:49:35+00:00
11129622,R01HL163065,IPF1495302,"BREUER, CHRISTOPHER KANE",2025,300539.0,True,R01,R01,A Preclinical Study Evaluating and Comparing the Efficacy of Tissue Engineered Vascular Grafts to Polytetrafluoroethylene Grafts,GENERAL_AND_UNSPECIFIED_SURGERY,SURGERY,True,0.9767,43,full_forename,1,majority,0.916,2026-08-01T17:49:35+00:00
10109091,R01AA027502,IPF1495302,"BRIGSTOCK, DAVID R",2021,406282.0,True,R01,R01,Therapeutic roles of hepatocyte exosomes in the liver,PEDIATRIC_SURGERY,SURGERY,True,1.0,1,full_forename,1,majority,0.916,2026-08-01T17:49:35+00:00
10362721,R01AA027502,IPF1495302,"BRIGSTOCK, DAVID R",2022,420510.0,True,R01,R01,Therapeutic roles of hepatocyte exosomes in the liver,PEDIATRIC_SURGERY,SURGERY,True,1.0,1,full_forename,1,majority,0.916,2026-08-01T17:49:35+00:00
10582586,R01AA027502,IPF1495302,"BRIGSTOCK, DAVID R",2023,409839.0,True,R01,R01,Therapeutic roles of hepatocyte exosomes in the liver,PEDIATRIC_SURGERY,SURGERY,True,1.0,1,full_forename,1,majority,0.916,2026-08-01T17:49:35+00:00
10792610,R01AA027502,IPF1495302,"BRIGSTOCK, DAVID R",2024,409839.0,True,R01,R01,Therapeutic roles of hepatocyte exosomes in the liver,PEDIATRIC_SURGERY,SURGERY,True,1.0,1,full_forename,1,majority,0.916,2026-08-01T17:49:35+00:00
10179870,R01HL157039,IPF1495302,"CHIANG, TENDY",2021,741320.0,True,R01,R01,Tissue-engineered trachea composites for long-segment airway replacement,OTOLARYNGOLOGY_HNS,OTOLARYNGOLOGY,False,1.0,59,full_forename,1,majority,0.916,2026-08-01T17:49:35+00:00
10207746,K08HL138460,IPF1495302,"CHIANG, TENDY",2021,153641.0,False,K08,K,Mechanisms of regeneration in tissue engineered tracheal grafts,OTOLARYNGOLOGY_HNS,OTOLARYNGOLOGY,False,1.0,59,full_forename,1,majority,0.916,2026-08-01T17:49:35+00:00
10453450,R01HL157039,IPF1495302,"CHIANG, TENDY",2022,714320.0,True,R01,R01,Tissue-engineered trachea composites for long-segment airway replacement,OTOLARYNGOLOGY_HNS,OTOLARYNGOLOGY,False,1.0,59,full_forename,1,majority,0.916,2026-08-01T17:49:35+00:00
10670906,R01HL157039,IPF1495302,"CHIANG, TENDY",2023,714320.0,True,R01,R01,Tissue-engineered trachea composites for long-segment airway replacement,OTOLARYNGOLOGY_HNS,OTOLARYNGOLOGY,False,1.0,59,full_forename,1,majority,0.916,2026-08-01T17:49:35+00:00
10886531,R01HL157039,IPF1495302,"CHIANG, TENDY",2024,701861.0,True,R01,R01,Tissue-engineered trachea composites for long-segment airway replacement,OTOLARYNGOLOGY_HNS,OTOLARYNGOLOGY,False,1.0,59,full_forename,1,majority,0.916,2026-08-01T17:49:35+00:00
10938480,R01HL157039,IPF1495302,"CHIANG, TENDY",2024,85869.0,True,R01,R01,Tissue-engineered trachea composites for long-segment airway replacement (DIVERSITY SUPP - Hussein),OTOLARYNGOLOGY_HNS,OTOLARYNGOLOGY,False,1.0,59,full_forename,1,majority,0.916,2026-08-01T17:49:35+00:00
11159577,R01HL157039,IPF1495302,"CHIANG, TENDY",2025,714320.0,True,R01,R01,Tissue-engineered trachea composites for long-segment airway replacement,OTOLARYNGOLOGY_HNS,OTOLARYNGOLOGY,False,1.0,59,full_forename,1,majority,0.916,2026-08-01T17:49:35+00:00
10148767,K08DK122119,IPF1495302,"CHING, CHRISTINA B",2021,161995.0,False,K08,K,Urothelial IL-6 Signaling in the Host Defense Against Urinary Tract Infections,UROLOGY,UROLOGY,False,1.0,64,full_forename,2,majority,0.916,2026-08-01T17:49:35+00:00
10397017,K08DK122119,IPF1495302,"CHING, CHRISTINA B",2022,161995.0,False,K08,K,Urothelial IL-6 Signaling in the Host Defense Against Urinary Tract Infections,UROLOGY,UROLOGY,False,1.0,64,full_forename,2,majority,0.916,2026-08-01T17:49:35+00:00
10540602,R13DK134128,IPF1495302,"CHING, CHRISTINA B",2022,2500.0,False,R13,R_OTHER,2022 Conference: Clinical and Scientific Advances in Urinary Tract Infections,UROLOGY,UROLOGY,False,1.0,64,full_forename,2,majority,0.916,2026-08-01T17:49:35+00:00
10615681,K08DK122119,IPF1495302,"CHING, CHRISTINA B",2023,161995.0,False,K08,K,Urothelial IL-6 Signaling in the Host Defense Against Urinary Tract Infections,UROLOGY,UROLOGY,False,1.0,64,full_forename,2,majority,0.916,2026-08-01T17:49:35+00:00
10886954,K08DK122119,IPF1495302,"CHING, CHRISTINA B",2023,79909.0,False,K08,K,Urothelial IL-6 Signaling in the Host Defense Against Urinary Tract Infections,UROLOGY,UROLOGY,False,1.0,64,full_forename,2,majority,0.916,2026-08-01T17:49:35+00:00
11140168,R03DK140423,IPF1495302,"CHING, CHRISTINA B",2025,117000.0,False,R03,R_OTHER,Defining Stat3 Antimicrobial Mechanisms in Human Urothelium,UROLOGY,UROLOGY,False,1.0,64,full_forename,2,majority,0.916,2026-08-01T17:49:35+00:00
10069232,R01MD013881,IPF1495302,"COOPER, JENNIFER N.",2021,241602.0,True,R01,R01,Effects of Affordable Care Act Medicaid Expansion on Disparities in Trauma Care and Outcomes in Young Adults,OTHER_EXPLICIT_SURGERY,SURGERY,True,0.6667,33,full_forename,2,majority,0.916,2026-08-01T17:49:35+00:00
10444567,R01MD016064,IPF1495302,"COOPER, JENNIFER N.",2022,558762.0,True,R01,R01,Racial/ethnic and geographic differences in pediatric tonsillectomy use: a multilevel investigation,OTHER_EXPLICIT_SURGERY,SURGERY,True,0.6667,33,full_forename,2,majority,0.916,2026-08-01T17:49:35+00:00
10449830,K08NS119878,IPF1495302,"SRIBNICK, ERIC ANTHONY",2022,187635.0,False,K08,K,Reversal of Immunoparalysis Following Traumatic Brain Injury and Systemic Hemorrhage in a Juvenile Rat Model,NEUROSURGERY,NEUROSURGERY,False,0.9032,31,full_forename,1,majority,0.916,2026-08-01T17:49:35+00:00
10608140,K08NS119878,IPF1495302,"SRIBNICK, ERIC ANTHONY",2023,187635.0,False,K08,K,Reversal of Immunoparalysis Following Traumatic Brain Injury and Systemic Hemorrhage in a Juvenile Rat Model,NEUROSURGERY,NEUROSURGERY,False,0.9032,31,full_forename,1,majority,0.916,2026-08-01T17:49:35+00:00
10825441,K08NS119878,IPF1495302,"SRIBNICK, ERIC ANTHONY",2024,187635.0,False,K08,K,Reversal of Immunoparalysis Following Traumatic Brain Injury and Systemic Hemorrhage in a Juvenile Rat Model,NEUROSURGERY,NEUROSURGERY,False,0.9032,31,full_forename,1,majority,0.916,2026-08-01T17:49:35+00:00
11067851,K08NS119878,IPF1495302,"SRIBNICK, ERIC ANTHONY",2025,187635.0,False,K08,K,Reversal of Immunoparalysis Following Traumatic Brain Injury and Systemic Hemorrhage in a Juvenile Rat Model,NEUROSURGERY,NEUROSURGERY,False,0.9032,31,full_forename,1,majority,0.916,2026-08-01T17:49:35+00:00
10078283,R01HL135103,IPF1495302,"STACY, MITCHEL R",2021,337921.0,True,R01,R01,Radiotracer-Based Imaging for Quantitative Assessment of Angiosome Perfusion Following Lower Extremity Revascularization,OTHER_EXPLICIT_SURGERY,SURGERY,True,1.0,1,full_forename,1,majority,0.916,2026-08-01T17:49:35+00:00
10803971,R01HL135103,IPF1495302,"STACY, MITCHEL R",2024,686893.0,True,R01,R01,Radiotracer-Based Imaging for Quantitative Assessment of Skeletal Muscle Perfusion in Peripheral Artery Disease,OTHER_EXPLICIT_SURGERY,SURGERY,True,1.0,1,full_forename,1,majority,0.916,2026-08-01T17:49:35+00:00
10980220,R01HL171715,IPF1495302,"STACY, MITCHEL R",2024,583381.0,True,R01,R01,"PET/CT Imaging of Venous Thromboembolism in Pediatric, Adolescent, and Young Adult Oncology",OTHER_EXPLICIT_SURGERY,SURGERY,True,1.0,1,full_forename,1,majority,0.916,2026-08-01T17:49:35+00:00
11005031,R01HL135103,IPF1495302,"STACY, MITCHEL R",2025,661187.0,True,R01,R01,Radiotracer-Based Imaging for Quantitative Assessment of Skeletal Muscle Perfusion in Peripheral Artery Disease,OTHER_EXPLICIT_SURGERY,SURGERY,True,1.0,1,full_forename,1,majority,0.916,2026-08-01T17:49:35+00:00
11132970,R01HL171715,IPF1495302,"STACY, MITCHEL R",2025,671175.0,True,R01,R01,"PET/CT Imaging of Venous Thromboembolism in Pediatric, Adolescent, and Young Adult Oncology",OTHER_EXPLICIT_SURGERY,SURGERY,True,1.0,1,full_forename,1,majority,0.916,2026-08-01T17:49:35+00:00
11225538,R01HL173102,IPF1495302,"STACY, MITCHEL R",2025,700019.0,True,R01,R01,Molecular Imaging of Atherosclerosis in Peripheral Artery Disease,OTHER_EXPLICIT_SURGERY,SURGERY,True,1.0,1,full_forename,1,majority,0.916,2026-08-01T17:49:35+00:00
10242660,K08GM124499,IPF1495302,"THAKKAR, RAJAN",2021,188460.0,False,K08,K,Systemic and Local Immune Function after Pediatric Thermal Injury,PEDIATRIC_SURGERY,SURGERY,True,0.7222,54,full_forename,1,majority,0.916,2026-08-01T17:49:35+00:00
10711888,R35GM151165,IPF1495302,"THAKKAR, RAJAN",2023,390000.0,False,R35,R_OTHER,Elucidating the Mechanisms of Immune Dysfunction After Severe Burn Injury,PEDIATRIC_SURGERY,SURGERY,True,0.7222,54,full_forename,1,majority,0.916,2026-08-01T17:49:35+00:00
10911216,R35GM151165,IPF1495302,"THAKKAR, RAJAN",2024,390000.0,False,R35,R_OTHER,Elucidating the Mechanisms of Immune Dysfunction After Severe Burn Injury,PEDIATRIC_SURGERY,SURGERY,True,0.7222,54,full_forename,1,majority,0.916,2026-08-01T17:49:35+00:00
11121860,R35GM151165,IPF1495302,"THAKKAR, RAJAN",2025,390000.0,False,R35,R_OTHER,Elucidating the Mechanisms of Immune Dysfunction After Severe Burn Injury,PEDIATRIC_SURGERY,SURGERY,True,0.7222,54,full_forename,1,majority,0.916,2026-08-01T17:49:35+00:00
11091751,R01DE028945,IPF1499101,"COTNEY, JUSTIN LEE",2023,254563.0,True,R01,R01,Functional characterization of craniofacial enhancers at single cell and single base pair resolution,GENERAL_AND_UNSPECIFIED_SURGERY,SURGERY,True,1.0,6,full_forename,1,majority,0.916,2026-08-01T17:20:02+00:00
11100380,R35GM119465,IPF1499101,"COTNEY, JUSTIN LEE",2024,445000.0,False,R35,R_OTHER,Unraveling mechanisms of genome regulation to understand and improvehuman health,GENERAL_AND_UNSPECIFIED_SURGERY,SURGERY,True,1.0,6,full_forename,1,majority,0.916,2026-08-01T17:20:02+00:00
11142416,R35GM119465,IPF1499101,"COTNEY, JUSTIN LEE",2025,445000.0,False,R35,R_OTHER,Unraveling mechanisms of genome regulation to understand and improvehuman health,GENERAL_AND_UNSPECIFIED_SURGERY,SURGERY,True,1.0,6,full_forename,1,majority,0.916,2026-08-01T17:20:02+00:00
10985153,K23DC021217,IPF1499101,"DEDHIA, KAVITA",2024,179919.0,False,K23,K,The Effectiveness of Adjuvant Adenoidectomy in Surgical Management of Otitis Media,OTOLARYNGOLOGY_HNS,OTOLARYNGOLOGY,False,1.0,20,full_forename,1,majority,0.916,2026-08-01T17:20:02+00:00
11141778,K23DC021217,IPF1499101,"DEDHIA, KAVITA",2025,178350.0,False,K23,K,The Effectiveness of Adjuvant Adenoidectomy in Surgical Management of Otitis Media,OTOLARYNGOLOGY_HNS,OTOLARYNGOLOGY,False,1.0,20,full_forename,1,majority,0.916,2026-08-01T17:20:02+00:00
10525000,R21DE031406,IPF1499101,"KOYAMA, EIKI",2022,236266.0,False,R21,R_OTHER,Evaluation of Prg4 as a New Therapy for TMJ Disc Degeneration,ORTHOPEDIC_SURGERY,ORTHOPEDICS,False,1.0,18,full_forename,1,majority,0.916,2026-08-01T17:20:02+00:00
10677033,R21DE031406,IPF1499101,"KOYAMA, EIKI",2023,269551.0,False,R21,R_OTHER,Evaluation of Prg4 as a New Therapy for TMJ Disc Degeneration,ORTHOPEDIC_SURGERY,ORTHOPEDICS,False,1.0,18,full_forename,1,majority,0.916,2026-08-01T17:20:02+00:00
10983587,R21DE033505,IPF1499101,"KOYAMA, EIKI",2024,222500.0,False,R21,R_OTHER,Pathogenic mechanisms of TMJ osteophyte formation,ORTHOPEDIC_SURGERY,ORTHOPEDICS,False,1.0,18,full_forename,1,majority,0.916,2026-08-01T17:20:02+00:00
11140468,R21DE033505,IPF1499101,"KOYAMA, EIKI",2025,267000.0,False,R21,R_OTHER,Pathogenic mechanisms of TMJ osteophyte formation,ORTHOPEDIC_SURGERY,ORTHOPEDICS,False,1.0,18,full_forename,1,majority,0.916,2026-08-01T17:20:02+00:00
11229902,R21DE034541,IPF1499101,"KOYAMA, EIKI",2025,507006.0,False,R21,R_OTHER,Role of hyaluronan in YAP signaling on TMJ health and pathology,ORTHOPEDIC_SURGERY,ORTHOPEDICS,False,1.0,18,full_forename,1,majority,0.916,2026-08-01T17:20:02+00:00
10198770,R01AR072649,IPF1499101,"LEFEBVRE, VERONIQUE M",2021,568821.0,True,R01,R01,Roles of SOX8 and SOX9 in Adult Articular Cartilage,ORTHOPEDIC_SURGERY,ORTHOPEDICS,False,0.75,4,full_forename,2,majority,0.916,2026-08-01T17:20:02+00:00
10342008,R01AR080062,IPF1499101,"LEFEBVRE, VERONIQUE M",2022,588123.0,True,R01,R01,Transcriptional control of growth plate chondrocytes,ORTHOPEDIC_SURGERY,ORTHOPEDICS,False,0.75,4,full_forename,2,majority,0.916,2026-08-01T17:20:02+00:00
10443610,R01AR072649,IPF1499101,"LEFEBVRE, VERONIQUE M",2022,580550.0,True,R01,R01,Roles of SOX8 and SOX9 in Adult Articular Cartilage,ORTHOPEDIC_SURGERY,ORTHOPEDICS,False,0.75,4,full_forename,2,majority,0.916,2026-08-01T17:20:02+00:00
10620128,R01AR080062,IPF1499101,"LEFEBVRE, VERONIQUE M",2023,588123.0,True,R01,R01,Transcriptional control of growth plate chondrocytes,ORTHOPEDIC_SURGERY,ORTHOPEDICS,False,0.75,4,full_forename,2,majority,0.916,2026-08-01T17:20:02+00:00
10831471,R01AR080062,IPF1499101,"LEFEBVRE, VERONIQUE M",2024,570479.0,True,R01,R01,Transcriptional control of growth plate chondrocytes,ORTHOPEDIC_SURGERY,ORTHOPEDICS,False,0.75,4,full_forename,2,majority,0.916,2026-08-01T17:20:02+00:00
10905169,R01AR083245,IPF1499101,"LEFEBVRE, VERONIQUE M",2024,751193.0,True,R01,R01,FGFR3 Activities in the Control of Skeletal Growth,ORTHOPEDIC_SURGERY,ORTHOPEDICS,False,0.75,4,full_forename,2,majority,0.916,2026-08-01T17:20:02+00:00
11076818,R01AR083245,IPF1499101,"LEFEBVRE, VERONIQUE M",2025,696721.0,True,R01,R01,FGFR3 Activities in the Control of Skeletal Growth,ORTHOPEDIC_SURGERY,ORTHOPEDICS,False,0.75,4,full_forename,2,majority,0.916,2026-08-01T17:20:02+00:00
11101341,R01AR080062,IPF1499101,"LEFEBVRE, VERONIQUE M",2025,570479.0,True,R01,R01,Transcriptional control of growth plate chondrocytes,ORTHOPEDIC_SURGERY,ORTHOPEDICS,False,0.75,4,full_forename,2,majority,0.916,2026-08-01T17:20:02+00:00
10717412,R01DE027983,IPF1499101,"LIAO, ERIC CHIEN-WEI",2022,173386.0,True,R01,R01,Transfer  5R01DE027983 - Genomic and Functional Analysis of IRF6 Target Genes in Orofacial Cleft Pathogenesis,OTHER_EXPLICIT_SURGERY,SURGERY,True,1.0,19,full_forename,1,majority,0.916,2026-08-01T17:20:02+00:00
10565102,R01DE032332,IPF1499101,"LIAO, ERIC CHIEN-WEI",2023,675857.0,True,R01,R01,Functional analysis of ESRP1/2 and CTNND1 gene variants in orofacial cleft,OTHER_EXPLICIT_SURGERY,SURGERY,True,1.0,19,full_forename,1,majority,0.916,2026-08-01T17:20:02+00:00
10590762,R01DE027983,IPF1499101,"LIAO, ERIC CHIEN-WEI",2023,681323.0,True,R01,R01,Transfer  5R01DE027983 - Genomic and Functional Analysis of IRF6 Target Genes in Orofacial Cleft Pathogenesis,OTHER_EXPLICIT_SURGERY,SURGERY,True,1.0,19,full_forename,1,majority,0.916,2026-08-01T17:20:02+00:00
10782469,R01DE032332,IPF1499101,"LIAO, ERIC CHIEN-WEI",2024,659562.0,True,R01,R01,Functional analysis of ESRP1/2 and CTNND1 gene variants in orofacial cleft,OTHER_EXPLICIT_SURGERY,SURGERY,True,1.0,19,full_forename,1,majority,0.916,2026-08-01T17:20:02+00:00
11009912,R01DE032332,IPF1499101,"LIAO, ERIC CHIEN-WEI",2025,613306.0,True,R01,R01,Functional analysis of ESRP1/2 and CTNND1 gene variants in orofacial cleft,OTHER_EXPLICIT_SURGERY,SURGERY,True,1.0,19,full_forename,1,majority,0.916,2026-08-01T17:20:02+00:00
11140878,R01HD114705,IPF1499101,"LIAO, ERIC CHIEN-WEI",2025,763886.0,True,R01,R01,Comprehensive identification and functional study of Esrp-regulated isoforms during epithelial-mesenchymal transition.,OTHER_EXPLICIT_SURGERY,SURGERY,True,1.0,19,full_forename,1,majority,0.916,2026-08-01T17:20:02+00:00
11169459,U54DE035976,IPF1499101,"LIAO, ERIC CHIEN-WEI",2025,1530000.0,False,U54,U,Advancing Craniosynostosis Treatment (ACT)Rare Diseases Consortium,OTHER_EXPLICIT_SURGERY,SURGERY,True,1.0,19,full_forename,1,majority,0.916,2026-08-01T17:20:02+00:00
10210735,R01DK125498,IPF1499101,"LONG, FANXIN",2021,454080.0,True,R01,R01,The cell metabolism basis for bone complications in type I diabetes,ORTHOPEDIC_SURGERY,ORTHOPEDICS,False,1.0,15,full_forename,1,majority,0.916,2026-08-01T17:20:02+00:00
10397146,R01DK125498,IPF1499101,"LONG, FANXIN",2022,455888.0,True,R01,R01,The cell metabolism basis for bone complications in type I diabetes,ORTHOPEDIC_SURGERY,ORTHOPEDICS,False,1.0,15,full_forename,1,majority,0.916,2026-08-01T17:20:02+00:00
10590788,R01AG077911,IPF1499101,"LONG, FANXIN",2023,461864.0,True,R01,R01,Illuminating adipo-osteoprogenitors in the bone marrow,ORTHOPEDIC_SURGERY,ORTHOPEDICS,False,1.0,15,full_forename,1,majority,0.916,2026-08-01T17:20:02+00:00
10608948,R01DK125498,IPF1499101,"LONG, FANXIN",2023,457897.0,True,R01,R01,The cell metabolism basis for bone complications in type I diabetes,ORTHOPEDIC_SURGERY,ORTHOPEDICS,False,1.0,15,full_forename,1,majority,0.916,2026-08-01T17:20:02+00:00
10767985,R01AG077911,IPF1499101,"LONG, FANXIN",2024,461864.0,True,R01,R01,Illuminating adipo-osteoprogenitors in the bone marrow,ORTHOPEDIC_SURGERY,ORTHOPEDICS,False,1.0,15,full_forename,1,majority,0.916,2026-08-01T17:20:02+00:00
10839341,R01DK125498,IPF1499101,"LONG, FANXIN",2024,441570.0,True,R01,R01,The cell metabolism basis for bone complications in type I diabetes,ORTHOPEDIC_SURGERY,ORTHOPEDICS,False,1.0,15,full_forename,1,majority,0.916,2026-08-01T17:20:02+00:00
11030741,R01AG077911,IPF1499101,"LONG, FANXIN",2025,452627.0,True,R01,R01,Illuminating adipo-osteoprogenitors in the bone marrow,ORTHOPEDIC_SURGERY,ORTHOPEDICS,False,1.0,15,full_forename,1,majority,0.916,2026-08-01T17:20:02+00:00
10076547,R01AR061758,IPF1499101,"PACIFICI, MAURIZIO",2021,358512.0,True,R01,R01,Pathogenic Mechanisms in Hereditary Multiple Exostoses Syndrome,ORTHOPEDIC_SURGERY,ORTHOPEDICS,False,1.0,27,full_forename,1,majority,0.916,2026-08-01T17:20:02+00:00
10144003,R01AR071946,IPF1499101,"PACIFICI, MAURIZIO",2021,355669.0,True,R01,R01,Mechanisms regulating normal and ectopic endochondral ossification,ORTHOPEDIC_SURGERY,ORTHOPEDICS,False,1.0,27,full_forename,1,majority,0.916,2026-08-01T17:20:02+00:00
10442054,R01AR061758,IPF1499101,"PACIFICI, MAURIZIO",2022,387200.0,True,R01,R01,Pathogenic Mechanisms in Hereditary Multiple Exostoses Syndrome,ORTHOPEDIC_SURGERY,ORTHOPEDICS,False,1.0,27,full_forename,1,majority,0.916,2026-08-01T17:20:02+00:00
10508521,R21AR081419,IPF1499101,"PACIFICI, MAURIZIO",2022,232320.0,False,R21,R_OTHER,Regulation of limb synovial joint organization and function,ORTHOPEDIC_SURGERY,ORTHOPEDICS,False,1.0,27,full_forename,1,majority,0.916,2026-08-01T17:20:02+00:00
10598638,R01AR061758,IPF1499101,"PACIFICI, MAURIZIO",2023,387200.0,True,R01,R01,Pathogenic Mechanisms in Hereditary Multiple Exostoses Syndrome,ORTHOPEDIC_SURGERY,ORTHOPEDICS,False,1.0,27,full_forename,1,majority,0.916,2026-08-01T17:20:02+00:00
10674028,R21AR081419,IPF1499101,"PACIFICI, MAURIZIO",2023,193600.0,False,R21,R_OTHER,Regulation of limb synovial joint organization and function,ORTHOPEDIC_SURGERY,ORTHOPEDICS,False,1.0,27,full_forename,1,majority,0.916,2026-08-01T17:20:02+00:00
10816473,R01AR061758,IPF1499101,"PACIFICI, MAURIZIO",2024,375584.0,True,R01,R01,Pathogenic Mechanisms in Hereditary Multiple Exostoses Syndrome,ORTHOPEDIC_SURGERY,ORTHOPEDICS,False,1.0,27,full_forename,1,majority,0.916,2026-08-01T17:20:02+00:00
11045204,R01AR083903,IPF1499101,"PACIFICI, MAURIZIO",2025,378250.0,True,R01,R01,Regulation of Skeletal Growth and Regeneration,ORTHOPEDIC_SURGERY,ORTHOPEDICS,False,1.0,27,full_forename,1,majority,0.916,2026-08-01T17:20:02+00:00
11057661,R01AR061758,IPF1499101,"PACIFICI, MAURIZIO",2025,375584.0,True,R01,R01,Pathogenic Mechanisms in Hereditary Multiple Exostoses Syndrome,ORTHOPEDIC_SURGERY,ORTHOPEDICS,False,1.0,27,full_forename,1,majority,0.916,2026-08-01T17:20:02+00:00
10259746,R21AR075971,IPF1499101,"PASHA, SABA",2021,1.0,False,R21,R_OTHER,Data-Driven Framework for Classification and Surgical Planning of Spinal Deformity.,ORTHOPEDIC_SURGERY,ORTHOPEDICS,False,1.0,12,full_forename,1,majority,0.916,2026-08-01T17:20:02+00:00
10093033,R01DK123049,IPF1499101,"PERANTEAU, WILLIAM H.",2021,737588.0,True,R01,R01,In utero gene editing to cure a metabolic liver disease,OTHER_EXPLICIT_SURGERY,SURGERY,True,0.6053,38,full_forename,1,majority,0.916,2026-08-01T17:20:02+00:00
10200142,R01HL151352,IPF1499101,"PERANTEAU, WILLIAM H.",2021,397856.0,True,R01,R01,Prenatal pulmonary cell gene editing to cure monogenic lung diseases,OTHER_EXPLICIT_SURGERY,SURGERY,True,0.6053,38,full_forename,1,majority,0.916,2026-08-01T17:20:02+00:00
10337070,R01DK123049,IPF1499101,"PERANTEAU, WILLIAM H.",2022,738367.0,True,R01,R01,In utero gene editing to cure a metabolic liver disease,OTHER_EXPLICIT_SURGERY,SURGERY,True,0.6053,38,full_forename,1,majority,0.916,2026-08-01T17:20:02+00:00
10447104,R01HL151352,IPF1499101,"PERANTEAU, WILLIAM H.",2022,394306.0,True,R01,R01,Prenatal pulmonary cell gene editing to cure monogenic lung diseases,OTHER_EXPLICIT_SURGERY,SURGERY,True,0.6053,38,full_forename,1,majority,0.916,2026-08-01T17:20:02+00:00
10550192,R01DK123049,IPF1499101,"PERANTEAU, WILLIAM H.",2023,737418.0,True,R01,R01,In utero gene editing to cure a metabolic liver disease,OTHER_EXPLICIT_SURGERY,SURGERY,True,0.6053,38,full_forename,1,majority,0.916,2026-08-01T17:20:02+00:00
10668614,U19NS132301,IPF1499101,"PERANTEAU, WILLIAM H.",2023,6415703.0,False,U19,U,Postnatal and Prenatal Therapeutic Base Editing for Metabolic Diseases,OTHER_EXPLICIT_SURGERY,SURGERY,True,0.6053,38,full_forename,1,majority,0.916,2026-08-01T17:20:02+00:00
10771927,R01DK123049,IPF1499101,"PERANTEAU, WILLIAM H.",2024,705491.0,True,R01,R01,In utero gene editing to cure a metabolic liver disease,OTHER_EXPLICIT_SURGERY,SURGERY,True,0.6053,38,full_forename,1,majority,0.916,2026-08-01T17:20:02+00:00
10896255,U19NS132301,IPF1499101,"PERANTEAU, WILLIAM H.",2024,5051652.0,False,U19,U,Postnatal and Prenatal Therapeutic Base Editing for Metabolic Diseases,OTHER_EXPLICIT_SURGERY,SURGERY,True,0.6053,38,full_forename,1,majority,0.916,2026-08-01T17:20:02+00:00
11145243,U19NS132301,IPF1499101,"PERANTEAU, WILLIAM H.",2025,5059052.0,False,U19,U,Postnatal and Prenatal Therapeutic Base Editing for Metabolic Diseases,OTHER_EXPLICIT_SURGERY,SURGERY,True,0.6053,38,full_forename,1,majority,0.916,2026-08-01T17:20:02+00:00
11199837,U19NS132301,IPF1499101,"PERANTEAU, WILLIAM H.",2025,29667.0,False,U19,U,Replication study of in vivo postnatal gene editing for metabolic liver disease in the nonhuman primate model,OTHER_EXPLICIT_SURGERY,SURGERY,True,0.6053,38,full_forename,1,majority,0.916,2026-08-01T17:20:02+00:00
11337355,U19NS132301,IPF1499101,"PERANTEAU, WILLIAM H.",2025,1000000.0,False,U19,U,Guide RNA manufacturing capabilities for platform in vivo base editing therapies for metabolic liver diseases,OTHER_EXPLICIT_SURGERY,SURGERY,True,0.6053,38,full_forename,1,majority,0.916,2026-08-01T17:20:02+00:00
10213815,U2CHL138346,IPF1499101,"RESNICK, ADAM CAIN",2021,2941926.0,False,U2C,U,Innovation through collaboration at the intersection of childhood development and cancer: a platform for the Gabriella Miller Kids First Pediatric DataResource Center,NEUROSURGERY,NEUROSURGERY,False,0.9016,61,full_forename,1,majority,0.916,2026-08-01T17:20:02+00:00
10264912,U2CHL156291,IPF1499101,"RESNICK, ADAM CAIN",2021,3869456.0,False,U2C,U,Data Management and Portal for the INCLUDE (DAPI) Project,NEUROSURGERY,NEUROSURGERY,False,0.9016,61,full_forename,1,majority,0.916,2026-08-01T17:20:02+00:00
10406678,U2CHL156291,IPF1499101,"RESNICK, ADAM CAIN",2021,273575.0,False,U2C,U,User-ready tools and scalable workflows for INCLUDE datasets in the cloud: advancing brain imaging data management and analytics,NEUROSURGERY,NEUROSURGERY,False,0.9016,61,full_forename,1,majority,0.916,2026-08-01T17:20:02+00:00
10444365,OT2OD030162,IPF1499101,"RESNICK, ADAM CAIN",2021,357776.0,False,OT2,OTHER,Kids First Data Resource Center (KFDRC): Harnessing Data-Driven Opportunities in the Present on behalf of the Future of Common Fund Data Ecosystem (CFDE),NEUROSURGERY,NEUROSURGERY,False,0.9016,61,full_forename,1,majority,0.916,2026-08-01T17:20:02+00:00
10468523,OT2OD030162,IPF1499101,"RESNICK, ADAM CAIN",2021,1888758.0,False,OT2,OTHER,Kids First Data Resource Center (KFDRC): Harnessing Data-Driven Opportunities in the Present on behalf of the Future of Common Fund Data Ecosystem (CFDE),NEUROSURGERY,NEUROSURGERY,False,0.9016,61,full_forename,1,majority,0.916,2026-08-01T17:20:02+00:00
10472037,U2CHL156291,IPF1499101,"RESNICK, ADAM CAIN",2022,3869469.0,False,U2C,U,Data Management and Portal for the INCLUDE (DAPI) Project,NEUROSURGERY,NEUROSURGERY,False,0.9016,61,full_forename,1,majority,0.916,2026-08-01T17:20:02+00:00
10513120,U2CHD109731,IPF1499101,"RESNICK, ADAM CAIN",2022,4000000.0,False,U2C,U,Gabriella Miller Kids First Pediatric Data Resource Center: Advancing Collaborative Platform-Enabled Data-Driven Discovery at the Intersection of Childhood Development and Cancer,NEUROSURGERY,NEUROSURGERY,False,0.9016,61,full_forename,1,majority,0.916,2026-08-01T17:20:02+00:00
10596430,U2CHL156291,IPF1499101,"RESNICK, ADAM CAIN",2022,291006.0,False,U2C,U,Data Science for Diverse Scholars in Down Syndrome Research (DS3),NEUROSURGERY,NEUROSURGERY,False,0.9016,61,full_forename,1,majority,0.916,2026-08-01T17:20:02+00:00
10596806,U2CHL156291,IPF1499101,"RESNICK, ADAM CAIN",2022,330890.0,False,U2C,U,Advancing the cloud-based data access and interoperability infrastructure of the INCLUDE data ecosystem,NEUROSURGERY,NEUROSURGERY,False,0.9016,61,full_forename,1,majority,0.916,2026-08-01T17:20:02+00:00
10671310,U2CHL156291,IPF1499101,"RESNICK, ADAM CAIN",2022,399870.0,False,U2C,U,A Pilot for Enhancing Support for a Federated Framework of Biospecimens for Down Syndrome Research via the INCLUDE Data Hub,NEUROSURGERY,NEUROSURGERY,False,0.9016,61,full_forename,1,majority,0.916,2026-08-01T17:20:02+00:00
10683508,OT2OD030162,IPF1499101,"RESNICK, ADAM CAIN",2022,3224707.0,False,OT2,OTHER,Kids First Data Resource Center (KFDRC): Harnessing Data-Driven Opportunities in the Present on behalf of the Future of Common Fund Data Ecosystem (CFDE),NEUROSURGERY,NEUROSURGERY,False,0.9016,61,full_forename,1,majority,0.916,2026-08-01T17:20:02+00:00
10690302,U2CHL156291,IPF1499101,"RESNICK, ADAM CAIN",2022,911876.0,False,U2C,U,"Advancing Image Data Interoperability and Standards within an NIH Ecosystem (AIDISNE): A CHOP, FlyWheel, and Seven Bridges Integration Demonstration Project",NEUROSURGERY,NEUROSURGERY,False,0.9016,61,full_forename,1,majority,0.916,2026-08-01T17:20:02+00:00
10697338,U2CHL156291,IPF1499101,"RESNICK, ADAM CAIN",2023,3869472.0,False,U2C,U,Data Management and Portal for the INCLUDE (DAPI) Project,NEUROSURGERY,NEUROSURGERY,False,0.9016,61,full_forename,1,majority,0.916,2026-08-01T17:20:02+00:00
10707964,U2CHD109731,IPF1499101,"RESNICK, ADAM CAIN",2023,4000000.0,False,U2C,U,Gabriella Miller Kids First Pediatric Data Resource Center: Advancing Collaborative Platform-Enabled Data-Driven Discovery at the Intersection of Childhood Development and Cancer,NEUROSURGERY,NEUROSURGERY,False,0.9016,61,full_forename,1,majority,0.916,2026-08-01T17:20:02+00:00
10782796,U2CHL156291,IPF1499101,"RESNICK, ADAM CAIN",2023,392022.0,False,U2C,U,Data Science for Diverse Scholars in Down Syndrome Research (DS3),NEUROSURGERY,NEUROSURGERY,False,0.9016,61,full_forename,1,majority,0.916,2026-08-01T17:20:02+00:00
10827712,U2CHD109731,IPF1499101,"RESNICK, ADAM CAIN",2023,282209.0,False,U2C,U,"Enhancing CBTN digital pathology processing pipeline through the use AWS cloud-based services to enable automation, parallel processing, and  rapid use of AI/ML analytics",NEUROSURGERY,NEUROSURGERY,False,0.9016,61,full_forename,1,majority,0.916,2026-08-01T17:20:02+00:00
10853825,U2CHL156291,IPF1499101,"RESNICK, ADAM CAIN",2023,1558520.0,False,U2C,U,DCC supplement for Experimental Models Portal and Enhanced Security,NEUROSURGERY,NEUROSURGERY,False,0.9016,61,full_forename,1,majority,0.916,2026-08-01T17:20:02+00:00
10854223,U2CHD109731,IPF1499101,"RESNICK, ADAM CAIN",2023,89000.0,False,U2C,U,Enhancing the Kids First Platformâs Support for Collaborative Programs and Community Engagement,NEUROSURGERY,NEUROSURGERY,False,0.9016,61,full_forename,1,majority,0.916,2026-08-01T17:20:02+00:00
10876146,U2CHD109731,IPF1499101,"RESNICK, ADAM CAIN",2023,666368.0,False,U2C,U,Utilizing FHIR to expand the availability of interoperable clinical and phenotypic data to the pediatric research community,NEUROSURGERY,NEUROSURGERY,False,0.9016,61,full_forename,1,majority,0.916,2026-08-01T17:20:02+00:00
10888770,U2CHD109731,IPF1499101,"RESNICK, ADAM CAIN",2023,500000.0,False,U2C,U,KF Supplement -- Sustainable and Optimized Cloud Resources on behalf of the Kids First Data Resources,NEUROSURGERY,NEUROSURGERY,False,0.9016,61,full_forename,1,majority,0.916,2026-08-01T17:20:02+00:00
10907061,OT2OD030162,IPF1499101,"RESNICK, ADAM CAIN",2023,2593513.0,False,OT2,OTHER,Kids First Data Resource Center (KFDRC): Harnessing Data-Driven Opportunities in the Present on behalf of the Future of Common Fund Data Ecosystem (CFDE),NEUROSURGERY,NEUROSURGERY,False,0.9016,61,full_forename,1,majority,0.916,2026-08-01T17:20:02+00:00
10899515,U2CHL156291,IPF1499101,"RESNICK, ADAM CAIN",2024,3869472.0,False,U2C,U,Data Management and Portal for the INCLUDE (DAPI) Project,NEUROSURGERY,NEUROSURGERY,False,0.9016,61,full_forename,1,majority,0.916,2026-08-01T17:20:02+00:00
10917372,U2CHD109731,IPF1499101,"RESNICK, ADAM CAIN",2024,4000000.0,False,U2C,U,Gabriella Miller Kids First Pediatric Data Resource Center: Advancing Collaborative Platform-Enabled Data-Driven Discovery at the Intersection of Childhood Development and Cancer,NEUROSURGERY,NEUROSURGERY,False,0.9016,61,full_forename,1,majority,0.916,2026-08-01T17:20:02+00:00
11093820,OT2OD030162,IPF1499101,"RESNICK, ADAM CAIN",2024,300000.0,False,OT2,OTHER,Kids First Data Resource Center (KFDRC): Harnessing Data-Driven Opportunities in the Present on behalf of the Future of Common Fund Data Ecosystem (CFDE),NEUROSURGERY,NEUROSURGERY,False,0.9016,61,full_forename,1,majority,0.916,2026-08-01T17:20:02+00:00
11114919,U2CHD109731,IPF1499101,"RESNICK, ADAM CAIN",2024,2077322.0,False,U2C,U,KF Supplement -- Sustainable and Optimized Cloud Resources on behalf of the Kids First DRC,NEUROSURGERY,NEUROSURGERY,False,0.9016,61,full_forename,1,majority,0.916,2026-08-01T17:20:02+00:00
11178819,U2CHL156291,IPF1499101,"RESNICK, ADAM CAIN",2024,200259.0,False,U2C,U,Ensuring Data Compliance and Security for the INCLUDE Data Coordinating Center in Response to Emerging NIH/NHLBI Platform Environment Requirements,NEUROSURGERY,NEUROSURGERY,False,0.9016,61,full_forename,1,majority,0.916,2026-08-01T17:20:02+00:00
11178821,U2CHL156291,IPF1499101,"RESNICK, ADAM CAIN",2024,798229.0,False,U2C,U,DCC Supplement for Experimental Models Portal,NEUROSURGERY,NEUROSURGERY,False,0.9016,61,full_forename,1,majority,0.916,2026-08-01T17:20:02+00:00
11194082,U2CHL156291,IPF1499101,"RESNICK, ADAM CAIN",2024,985000.0,False,U2C,U,Integrating Imaging-based Infrastructure into the INCLUDE Data Hub,NEUROSURGERY,NEUROSURGERY,False,0.9016,61,full_forename,1,majority,0.916,2026-08-01T17:20:02+00:00
11247714,U2CHL156291,IPF1499101,"RESNICK, ADAM CAIN",2025,5941500.0,False,U2C,U,The INCLUDE Data Coordinating Center,NEUROSURGERY,NEUROSURGERY,False,0.9016,61,full_forename,1,majority,0.916,2026-08-01T17:20:02+00:00
11336532,U2CHD109731,IPF1499101,"RESNICK, ADAM CAIN",2025,2000000.0,False,U2C,U,KF Supplement -- Sustainable and Optimized Cloud Resources on behalf of the Kids First DRC,NEUROSURGERY,NEUROSURGERY,False,0.9016,61,full_forename,1,majority,0.916,2026-08-01T17:20:02+00:00
11369028,U2CHD109731,IPF1499101,"RESNICK, ADAM CAIN",2025,3999998.0,False,U2C,U,Kids First Pediatric Data Resource Center,NEUROSURGERY,NEUROSURGERY,False,0.9016,61,full_forename,1,majority,0.916,2026-08-01T17:20:02+00:00
11374517,OT2OD030162,IPF1499101,"RESNICK, ADAM CAIN",2025,300000.0,False,OT2,OTHER,Kids First Data Resource Center (KFDRC): Harnessing Data-Driven Opportunities in the Present on behalf of the Future of Common Fund Data Ecosystem (CFDE),NEUROSURGERY,NEUROSURGERY,False,0.9016,61,full_forename,1,majority,0.916,2026-08-01T17:20:02+00:00
10774404,R03OD036498,IPF1499101,"ROKITA, JO LYNNE",2023,356000.0,False,R03,R_OTHER,Discovery of neoepitope immunotherapeutic targets in diffuse pediatric high-grade gliomas,NEUROSURGERY,NEUROSURGERY,False,0.6,40,full_forename,1,majority,0.916,2026-08-01T17:20:02+00:00
10449839,K99AR078352,IPF1499101,"RUX, DANIELLE RENAE",2022,90018.0,False,K99,K,Roles of the superficial zone in mature articular cartilage,ORTHOPEDIC_SURGERY,ORTHOPEDICS,False,1.0,8,full_forename,1,majority,0.916,2026-08-01T17:20:02+00:00
10704023,K99AR078352,IPF1499101,"RUX, DANIELLE RENAE",2023,90018.0,False,K99,K,Roles of the superficial zone in mature articular cartilage,ORTHOPEDIC_SURGERY,ORTHOPEDICS,False,1.0,8,full_forename,1,majority,0.916,2026-08-01T17:20:02+00:00
10133067,R01DK122156,IPF1499101,"TASIAN, GREGORY EDWARD",2021,690145.0,True,R01,R01,Evaluation of the gut-kidney axis in kidney stone disease,UROLOGY,UROLOGY,False,0.8909,55,full_forename,2,majority,0.916,2026-08-01T17:20:02+00:00
10260577,P20DK127488,IPF1499101,"TASIAN, GREGORY EDWARD",2021,332101.0,False,P20,P,Center for Machine Learning in Urology,UROLOGY,UROLOGY,False,0.8909,55,full_forename,2,majority,0.916,2026-08-01T17:20:02+00:00
10345287,U01DK110961,IPF1499101,"TASIAN, GREGORY EDWARD",2022,689726.0,False,U01,U,Harnessing Behavior to Decrease Urinary Stone Disease Morbidity Research Project,UROLOGY,UROLOGY,False,0.8909,55,full_forename,2,majority,0.916,2026-08-01T17:20:02+00:00
10385846,R01DK122156,IPF1499101,"TASIAN, GREGORY EDWARD",2022,625273.0,True,R01,R01,Evaluation of the gut-kidney axis in kidney stone disease,UROLOGY,UROLOGY,False,0.8909,55,full_forename,2,majority,0.916,2026-08-01T17:20:02+00:00
10707893,U01DK110961,IPF1499101,"TASIAN, GREGORY EDWARD",2023,503966.0,False,U01,U,Harnessing Behavior to Decrease Urinary Stone Disease Morbidity Research Project,UROLOGY,UROLOGY,False,0.8909,55,full_forename,2,majority,0.916,2026-08-01T17:20:02+00:00
10910062,U01DK110961,IPF1499101,"TASIAN, GREGORY EDWARD",2024,485000.0,False,U01,U,Harnessing Behavior to Decrease Urinary Stone Disease Morbidity Research Project,UROLOGY,UROLOGY,False,0.8909,55,full_forename,2,majority,0.916,2026-08-01T17:20:02+00:00
10953809,P20DK140504,IPF1499101,"TASIAN, GREGORY EDWARD",2024,437538.0,False,P20,P,Personalizing Outcomes of Nephrolithiasis in Youth (PONY),UROLOGY,UROLOGY,False,0.8909,55,full_forename,2,majority,0.916,2026-08-01T17:20:02+00:00
11159839,P20DK140504,IPF1499101,"TASIAN, GREGORY EDWARD",2025,391028.0,False,P20,P,Personalizing Outcomes of Nephrolithiasis in Youth (PONY),UROLOGY,UROLOGY,False,0.8909,55,full_forename,2,majority,0.916,2026-08-01T17:20:02+00:00
10638866,R01DK135871,IPF1499101,"ZDERIC, STEPHEN ANTHONY",2023,610766.0,True,R01,R01,Early life bladder inflammatory events in female mice lead to subsequent LUTS in adulthood,UROLOGY,UROLOGY,False,1.0,31,full_forename,3,majority,0.916,2026-08-01T17:20:02+00:00
10833131,R01DK135871,IPF1499101,"ZDERIC, STEPHEN ANTHONY",2024,545825.0,True,R01,R01,Early life bladder inflammatory events in female mice lead to subsequent LUTS in adulthood,UROLOGY,UROLOGY,False,1.0,31,full_forename,3,majority,0.916,2026-08-01T17:20:02+00:00
11023081,R01DK135871,IPF1499101,"ZDERIC, STEPHEN ANTHONY",2025,570212.0,True,R01,R01,Early life bladder inflammatory events in female mice lead to subsequent LUTS in adulthood,UROLOGY,UROLOGY,False,1.0,31,full_forename,3,majority,0.916,2026-08-01T17:20:02+00:00
10194466,T32DK060442,IPF1504801,"ADAM, ROSALYN M",2021,152059.0,False,T32,T,Research Training in Pediatric Urology/CHB T32,UROLOGY,UROLOGY,False,1.0,29,full_forename,2,majority,0.916,2026-08-01T16:42:22+00:00
10462483,T32DK060442,IPF1504801,"ADAM, ROSALYN M",2022,148703.0,False,T32,T,Research Training in Pediatric Urology/CHB T32,UROLOGY,UROLOGY,False,1.0,29,full_forename,2,majority,0.916,2026-08-01T16:42:22+00:00
10656495,T32DK060442,IPF1504801,"ADAM, ROSALYN M",2023,157617.0,False,T32,T,Research Training in Pediatric Urology/CHB T32,UROLOGY,UROLOGY,False,1.0,29,full_forename,2,majority,0.916,2026-08-01T16:42:22+00:00
10785220,R21DK138394,IPF1504801,"ADAM, ROSALYN M",2023,337284.0,False,R21,R_OTHER,Precision-cut bladder slices: an enabling technology for urologic research,UROLOGY,UROLOGY,False,1.0,29,full_forename,2,majority,0.916,2026-08-01T16:42:22+00:00
11128435,K99HL175037,IPF1504801,"BARRACHINA, MARIA",2025,125658.0,False,K99,K,Unraveling Fatty Acid-driven Mechanisms of Platelet Hyper-Activation in Obesity,GENERAL_AND_UNSPECIFIED_SURGERY,SURGERY,True,1.0,5,full_forename,2,majority,0.916,2026-08-01T16:42:22+00:00
10947816,K99HL175037,IPF1504801,"BARRACHINA, MARIA N.",2024,125658.0,False,K99,K,Unraveling Fatty Acid-driven Mechanisms of Platelet Hyper-Activation in Obesity,GENERAL_AND_UNSPECIFIED_SURGERY,SURGERY,True,1.0,5,full_forename,2,majority,0.916,2026-08-01T16:42:22+00:00
10074153,R01HL141858,IPF1504801,"BIELENBERG, DIANE RENEE",2021,765490.0,True,R01,R01,Molecular Mechanisms Regulating Neuropilin 2 in Lymphangiogenesis,GENERAL_AND_UNSPECIFIED_SURGERY,SURGERY,True,1.0,5,full_forename,1,majority,0.916,2026-08-01T16:42:22+00:00
10322716,R01HL141858,IPF1504801,"BIELENBERG, DIANE RENEE",2022,763788.0,True,R01,R01,Molecular Mechanisms Regulating Neuropilin 2 in Lymphangiogenesis,GENERAL_AND_UNSPECIFIED_SURGERY,SURGERY,True,1.0,5,full_forename,1,majority,0.916,2026-08-01T16:42:22+00:00
11107019,R01HL179216,IPF1504801,"BIELENBERG, DIANE RENEE",2025,865694.0,True,R01,R01,Controlling Neuropilin-2 Signaling to Improve Lymphatic Function,GENERAL_AND_UNSPECIFIED_SURGERY,SURGERY,True,1.0,5,full_forename,1,majority,0.916,2026-08-01T16:42:22+00:00
10153853,R01HL096384,IPF1504801,"BISCHOFF, JOYCE E.",2021,504335.0,True,R01,R01,Blood vessel assembly from multipotent hemangioma-derived stem cells,GENERAL_AND_UNSPECIFIED_SURGERY,SURGERY,True,1.0,19,full_forename,2,majority,0.916,2026-08-01T16:42:22+00:00
10206231,R01HL127030,IPF1504801,"BISCHOFF, JOYCE E.",2021,840738.0,True,R01,R01,Capillary malformation: From somatic GNAQ mutations to disrupted endothelial biology,GENERAL_AND_UNSPECIFIED_SURGERY,SURGERY,True,1.0,19,full_forename,2,majority,0.916,2026-08-01T16:42:22+00:00
10397566,R01HL096384,IPF1504801,"BISCHOFF, JOYCE E.",2022,494240.0,True,R01,R01,Blood vessel assembly from multipotent hemangioma-derived stem cells,GENERAL_AND_UNSPECIFIED_SURGERY,SURGERY,True,1.0,19,full_forename,2,majority,0.916,2026-08-01T16:42:22+00:00
10414083,R01HL127030,IPF1504801,"BISCHOFF, JOYCE E.",2022,840738.0,True,R01,R01,Capillary malformation: From somatic GNAQ mutations to disrupted endothelial biology,GENERAL_AND_UNSPECIFIED_SURGERY,SURGERY,True,1.0,19,full_forename,2,majority,0.916,2026-08-01T16:42:22+00:00
10609870,R01HL096384,IPF1504801,"BISCHOFF, JOYCE E.",2023,494240.0,True,R01,R01,Blood vessel assembly from multipotent hemangioma-derived stem cells,GENERAL_AND_UNSPECIFIED_SURGERY,SURGERY,True,1.0,19,full_forename,2,majority,0.916,2026-08-01T16:42:22+00:00
10630310,R01HL127030,IPF1504801,"BISCHOFF, JOYCE E.",2023,840738.0,True,R01,R01,Capillary malformation: From somatic GNAQ mutations to disrupted endothelial biology,GENERAL_AND_UNSPECIFIED_SURGERY,SURGERY,True,1.0,19,full_forename,2,majority,0.916,2026-08-01T16:42:22+00:00
10891015,R01HL096384,IPF1504801,"BISCHOFF, JOYCE E.",2024,754352.0,True,R01,R01,Blood vessel assembly from multipotent hemangioma-derived stem cells,GENERAL_AND_UNSPECIFIED_SURGERY,SURGERY,True,1.0,19,full_forename,2,majority,0.916,2026-08-01T16:42:22+00:00
11056881,R01HL096384,IPF1504801,"BISCHOFF, JOYCE E.",2025,734971.0,True,R01,R01,Blood vessel assembly from multipotent hemangioma-derived stem cells,GENERAL_AND_UNSPECIFIED_SURGERY,SURGERY,True,1.0,19,full_forename,2,majority,0.916,2026-08-01T16:42:22+00:00
10084925,R01HL141853,IPF1504801,"CHEN, HONG",2021,838978.0,True,R01,R01,CD45-mediated endothelial-to-mesenchymal transition in cardiovascular disease,GENERAL_AND_UNSPECIFIED_SURGERY,SURGERY,True,1.0,4,full_forename,4,majority,0.916,2026-08-01T16:42:22+00:00
10102144,R01HL146134,IPF1504801,"CHEN, HONG",2021,822688.0,True,R01,R01,Molecular Regulation of Atherosclerosis,GENERAL_AND_UNSPECIFIED_SURGERY,SURGERY,True,1.0,4,full_forename,4,majority,0.916,2026-08-01T16:42:22+00:00
10140474,R01HL156362,IPF1504801,"CHEN, HONG",2021,796770.0,True,R01,R01,The role of signaling adaptor protein epsin in atherosclerosis,GENERAL_AND_UNSPECIFIED_SURGERY,SURGERY,True,1.0,4,full_forename,4,majority,0.916,2026-08-01T16:42:22+00:00
10219329,R01HL093242,IPF1504801,"CHEN, HONG",2021,882499.0,True,R01,R01,Epsin in Angiogenesis and Vascular Remodeling,GENERAL_AND_UNSPECIFIED_SURGERY,SURGERY,True,1.0,4,full_forename,4,majority,0.916,2026-08-01T16:42:22+00:00
10219890,R01HL130845,IPF1504801,"CHEN, HONG",2021,814512.0,True,R01,R01,Mechanisms regulating VEGF receptors in diabetic angiogenesis,GENERAL_AND_UNSPECIFIED_SURGERY,SURGERY,True,1.0,4,full_forename,4,majority,0.916,2026-08-01T16:42:22+00:00
10235240,R01HL158097,IPF1504801,"CHEN, HONG",2021,778067.0,True,R01,R01,Molecular Mechanisms Governing Vascular Cell Function and Phenotype in Health and Disease,GENERAL_AND_UNSPECIFIED_SURGERY,SURGERY,True,1.0,4,full_forename,4,majority,0.916,2026-08-01T16:42:22+00:00
10311532,R01HL141853,IPF1504801,"CHEN, HONG",2022,838978.0,True,R01,R01,CD45-mediated endothelial-to-mesenchymal transition in cardiovascular disease,GENERAL_AND_UNSPECIFIED_SURGERY,SURGERY,True,1.0,4,full_forename,4,majority,0.916,2026-08-01T16:42:22+00:00
10318660,R01HL156362,IPF1504801,"CHEN, HONG",2022,785718.0,True,R01,R01,The role of signaling adaptor protein epsin in atherosclerosis,GENERAL_AND_UNSPECIFIED_SURGERY,SURGERY,True,1.0,4,full_forename,4,majority,0.916,2026-08-01T16:42:22+00:00
10331317,R01HL146134,IPF1504801,"CHEN, HONG",2022,822688.0,True,R01,R01,Molecular Regulation of Atherosclerosis,GENERAL_AND_UNSPECIFIED_SURGERY,SURGERY,True,1.0,4,full_forename,4,majority,0.916,2026-08-01T16:42:22+00:00
10380102,R01HL158097,IPF1504801,"CHEN, HONG",2022,743417.0,True,R01,R01,Molecular Mechanisms Governing Vascular Cell Function and Phenotype in Health and Disease,GENERAL_AND_UNSPECIFIED_SURGERY,SURGERY,True,1.0,4,full_forename,4,majority,0.916,2026-08-01T16:42:22+00:00
10391797,R01HL162367,IPF1504801,"CHEN, HONG",2022,812576.0,True,R01,R01,The Role of Adaptor Protein Disabled-2 in Maintaining Endothelial Cell Function in Atherosclerosis,GENERAL_AND_UNSPECIFIED_SURGERY,SURGERY,True,1.0,4,full_forename,4,majority,0.916,2026-08-01T16:42:22+00:00
10449119,R01HL130845,IPF1504801,"CHEN, HONG",2022,814512.0,True,R01,R01,Mechanisms regulating VEGF receptors in diabetic angiogenesis,GENERAL_AND_UNSPECIFIED_SURGERY,SURGERY,True,1.0,4,full_forename,4,majority,0.916,2026-08-01T16:42:22+00:00
10467468,R01HL133216,IPF1504801,"CHEN, HONG",2022,928413.0,True,R01,R01,Molecular Mechanisms Controlling Lymphatic Vascular Function in Health and Disease,GENERAL_AND_UNSPECIFIED_SURGERY,SURGERY,True,1.0,4,full_forename,4,majority,0.916,2026-08-01T16:42:22+00:00
10521273,R01HL156362,IPF1504801,"CHEN, HONG",2023,785922.0,True,R01,R01,The role of signaling adaptor protein epsin in atherosclerosis,GENERAL_AND_UNSPECIFIED_SURGERY,SURGERY,True,1.0,4,full_forename,4,majority,0.916,2026-08-01T16:42:22+00:00
10532247,R01HL162367,IPF1504801,"CHEN, HONG",2023,769426.0,True,R01,R01,The Role of Adaptor Protein Disabled-2 in Maintaining Endothelial Cell Function in Atherosclerosis,GENERAL_AND_UNSPECIFIED_SURGERY,SURGERY,True,1.0,4,full_forename,4,majority,0.916,2026-08-01T16:42:22+00:00
10542835,R01HL141853,IPF1504801,"CHEN, HONG",2023,838978.0,True,R01,R01,CD45-mediated endothelial-to-mesenchymal transition in cardiovascular disease,GENERAL_AND_UNSPECIFIED_SURGERY,SURGERY,True,1.0,4,full_forename,4,majority,0.916,2026-08-01T16:42:22+00:00
10600825,R01HL158097,IPF1504801,"CHEN, HONG",2023,743417.0,True,R01,R01,Molecular Mechanisms Governing Vascular Cell Function and Phenotype in Health and Disease,GENERAL_AND_UNSPECIFIED_SURGERY,SURGERY,True,1.0,4,full_forename,4,majority,0.916,2026-08-01T16:42:22+00:00
10626892,R01HL133216,IPF1504801,"CHEN, HONG",2023,870663.0,True,R01,R01,Molecular Mechanisms Controlling Lymphatic Vascular Function in Health and Disease,GENERAL_AND_UNSPECIFIED_SURGERY,SURGERY,True,1.0,4,full_forename,4,majority,0.916,2026-08-01T16:42:22+00:00
10666497,R01HL130845,IPF1504801,"CHEN, HONG",2023,814512.0,True,R01,R01,Mechanisms regulating VEGF receptors in diabetic angiogenesis,GENERAL_AND_UNSPECIFIED_SURGERY,SURGERY,True,1.0,4,full_forename,4,majority,0.916,2026-08-01T16:42:22+00:00
10739794,R01HL156362,IPF1504801,"CHEN, HONG",2024,770203.0,True,R01,R01,The role of signaling adaptor protein epsin in atherosclerosis,GENERAL_AND_UNSPECIFIED_SURGERY,SURGERY,True,1.0,4,full_forename,4,majority,0.916,2026-08-01T16:42:22+00:00
10746772,R01HL162367,IPF1504801,"CHEN, HONG",2024,722635.0,True,R01,R01,The Role of Adaptor Protein Disabled-2 in Maintaining Endothelial Cell Function in Atherosclerosis,GENERAL_AND_UNSPECIFIED_SURGERY,SURGERY,True,1.0,4,full_forename,4,majority,0.916,2026-08-01T16:42:22+00:00
10811696,R01HL158097,IPF1504801,"CHEN, HONG",2024,728548.0,True,R01,R01,Molecular Mechanisms Governing Vascular Cell Function and Phenotype in Health and Disease,GENERAL_AND_UNSPECIFIED_SURGERY,SURGERY,True,1.0,4,full_forename,4,majority,0.916,2026-08-01T16:42:22+00:00
10883561,R01HL133216,IPF1504801,"CHEN, HONG",2024,853248.0,True,R01,R01,Molecular Mechanisms Controlling Lymphatic Vascular Function in Health and Disease,GENERAL_AND_UNSPECIFIED_SURGERY,SURGERY,True,1.0,4,full_forename,4,majority,0.916,2026-08-01T16:42:22+00:00
10944711,R01HL174928,IPF1504801,"CHEN, HONG",2024,833681.0,True,R01,R01,Targeting Endothelial Epsins to Ameliorate Myocardial Ischemia,GENERAL_AND_UNSPECIFIED_SURGERY,SURGERY,True,1.0,4,full_forename,4,majority,0.916,2026-08-01T16:42:22+00:00
10988255,R01HL162367,IPF1504801,"CHEN, HONG",2025,734885.0,True,R01,R01,The Role of Adaptor Protein Disabled-2 in Maintaining Endothelial Cell Function in Atherosclerosis,GENERAL_AND_UNSPECIFIED_SURGERY,SURGERY,True,1.0,4,full_forename,4,majority,0.916,2026-08-01T16:42:22+00:00
11095964,R01HL133216,IPF1504801,"CHEN, HONG",2025,870663.0,True,R01,R01,Molecular Mechanisms Controlling Lymphatic Vascular Function in Health and Disease,GENERAL_AND_UNSPECIFIED_SURGERY,SURGERY,True,1.0,4,full_forename,4,majority,0.916,2026-08-01T16:42:22+00:00
11134643,R01HL174928,IPF1504801,"CHEN, HONG",2025,775931.0,True,R01,R01,Targeting Endothelial Epsins to Ameliorate Myocardial Ischemia,GENERAL_AND_UNSPECIFIED_SURGERY,SURGERY,True,1.0,4,full_forename,4,majority,0.916,2026-08-01T16:42:22+00:00
10112181,R01AR073821,IPF1504801,"CRAFT, APRIL MARIE",2021,512819.0,True,R01,R01,Defining the Human Articular Chondrocyte Lineage,ORTHOPEDIC_SURGERY,ORTHOPEDICS,False,1.0,10,full_forename,1,majority,0.916,2026-08-01T16:42:22+00:00
10357576,R01AR073821,IPF1504801,"CRAFT, APRIL MARIE",2022,509893.0,True,R01,R01,Defining the Human Articular Chondrocyte Lineage,ORTHOPEDIC_SURGERY,ORTHOPEDICS,False,1.0,10,full_forename,1,majority,0.916,2026-08-01T16:42:22+00:00
10584491,R01AR073821,IPF1504801,"CRAFT, APRIL MARIE",2023,515042.0,True,R01,R01,Defining the Human Articular Chondrocyte Lineage,ORTHOPEDIC_SURGERY,ORTHOPEDICS,False,1.0,10,full_forename,1,majority,0.916,2026-08-01T16:42:22+00:00
11175145,R56AR084685,IPF1504801,"CRAFT, APRIL MARIE",2024,122284.0,False,R56,R_OTHER,WISP3 and Progressive Pseudorheumatoid Arthropathy of Childhood,ORTHOPEDIC_SURGERY,ORTHOPEDICS,False,1.0,10,full_forename,1,majority,0.916,2026-08-01T16:42:22+00:00
10785544,K99HL171947,IPF1504801,"CUI, KUI",2024,125658.0,False,K99,K,Novel role of Foxc2 in regulating metabolic disease,GENERAL_AND_UNSPECIFIED_SURGERY,SURGERY,True,1.0,15,full_forename,1,majority,0.916,2026-08-01T16:42:22+00:00
10990522,K99HL171947,IPF1504801,"CUI, KUI",2025,125658.0,False,K99,K,Novel role of Foxc2 in regulating metabolic disease,GENERAL_AND_UNSPECIFIED_SURGERY,SURGERY,True,1.0,15,full_forename,1,majority,0.916,2026-08-01T16:42:22+00:00
10148634,R01AI139087,IPF1504801,"DONG, MIN",2021,797212.0,True,R01,R01,Structure and Function of C. Difficile Toxins,UROLOGY,UROLOGY,False,1.0,20,full_forename,4,majority,0.916,2026-08-01T16:42:22+00:00
10159856,R01AI132387,IPF1504801,"DONG, MIN",2021,705203.0,True,R01,R01,Molecular basis of action and pathogenesis of Clostridium difficile toxin B,UROLOGY,UROLOGY,False,1.0,20,full_forename,4,majority,0.916,2026-08-01T16:42:22+00:00
10161866,R01NS080833,IPF1504801,"DONG, MIN",2021,623237.0,True,R01,R01,Biology and Engineering of Botulinum Neurotoxins.,UROLOGY,UROLOGY,False,1.0,20,full_forename,4,majority,0.916,2026-08-01T16:42:22+00:00
10210524,R01NS117626,IPF1504801,"DONG, MIN",2021,583280.0,True,R01,R01,Targeted delivery of therapeutics into motor neurons for post-exposure treatment of botulism,UROLOGY,UROLOGY,False,1.0,20,full_forename,4,majority,0.916,2026-08-01T16:42:22+00:00
10381629,R01AI139087,IPF1504801,"DONG, MIN",2022,787630.0,True,R01,R01,Structure and Function of C. Difficile Toxins,UROLOGY,UROLOGY,False,1.0,20,full_forename,4,majority,0.916,2026-08-01T16:42:22+00:00
10398134,R01NS080833,IPF1504801,"DONG, MIN",2022,622560.0,True,R01,R01,Biology and Engineering of Botulinum Neurotoxins.,UROLOGY,UROLOGY,False,1.0,20,full_forename,4,majority,0.916,2026-08-01T16:42:22+00:00
10453725,R01NS117626,IPF1504801,"DONG, MIN",2022,583280.0,True,R01,R01,Targeted delivery of therapeutics into motor neurons for post-exposure treatment of botulism,UROLOGY,UROLOGY,False,1.0,20,full_forename,4,majority,0.916,2026-08-01T16:42:22+00:00
10502624,R01AI170835,IPF1504801,"DONG, MIN",2022,787839.0,True,R01,R01,Genome-wide CRISPR-Cas9 screens in insect cells to characterize insecticidal toxins,UROLOGY,UROLOGY,False,1.0,20,full_forename,4,majority,0.916,2026-08-01T16:42:22+00:00
10646295,R01AI170835,IPF1504801,"DONG, MIN",2023,794860.0,True,R01,R01,Genome-wide CRISPR-Cas9 screens in insect cells to characterize insecticidal toxins,UROLOGY,UROLOGY,False,1.0,20,full_forename,4,majority,0.916,2026-08-01T16:42:22+00:00
10653914,R01NS117626,IPF1504801,"DONG, MIN",2023,720804.0,True,R01,R01,Targeted Delivery of Therapeutics into Motor Neurons for Post-exposure Treatment of Botulism,UROLOGY,UROLOGY,False,1.0,20,full_forename,4,majority,0.916,2026-08-01T16:42:22+00:00
10873497,R01AI170835,IPF1504801,"DONG, MIN",2023,145705.0,True,R01,R01,Genome-wide CRISPR-Cas9 screens in insect cells to characterize insecticidal toxins,UROLOGY,UROLOGY,False,1.0,20,full_forename,4,majority,0.916,2026-08-01T16:42:22+00:00
10843913,R01AI170835,IPF1504801,"DONG, MIN",2024,794860.0,True,R01,R01,Genome-wide CRISPR-Cas9 screens in insect cells to characterize insecticidal toxins,UROLOGY,UROLOGY,False,1.0,20,full_forename,4,majority,0.916,2026-08-01T16:42:22+00:00
10894318,R01NS117626,IPF1504801,"DONG, MIN",2024,699180.0,True,R01,R01,Targeted Delivery of Therapeutics into Motor Neurons for Post-exposure Treatment of Botulism,UROLOGY,UROLOGY,False,1.0,20,full_forename,4,majority,0.916,2026-08-01T16:42:22+00:00
10950483,R01AI170835,IPF1504801,"DONG, MIN",2024,126455.0,True,R01,R01,Genome-wide CRISPR-Cas9 screens in insect cells to characterize insecticidal toxins,UROLOGY,UROLOGY,False,1.0,20,full_forename,4,majority,0.916,2026-08-01T16:42:22+00:00
10980668,R01NS080833,IPF1504801,"DONG, MIN",2024,541670.0,True,R01,R01,Biology and Engineering of Botulinum Neurotoxins.,UROLOGY,UROLOGY,False,1.0,20,full_forename,4,majority,0.916,2026-08-01T16:42:22+00:00
11092762,R01AI170835,IPF1504801,"DONG, MIN",2025,1589720.0,True,R01,R01,Genome-wide CRISPR-Cas9 screens in insect cells to characterize insecticidal toxins,UROLOGY,UROLOGY,False,1.0,20,full_forename,4,majority,0.916,2026-08-01T16:42:22+00:00
11104173,R01AI189789,IPF1504801,"DONG, MIN",2025,808216.0,True,R01,R01,Molecular mechanism of tetanus neurotoxin pathogenesis,UROLOGY,UROLOGY,False,1.0,20,full_forename,4,majority,0.916,2026-08-01T16:42:22+00:00
11143199,R01NS080833,IPF1504801,"DONG, MIN",2025,529745.0,True,R01,R01,Biology and Engineering of Botulinum Neurotoxins.,UROLOGY,UROLOGY,False,1.0,20,full_forename,4,majority,0.916,2026-08-01T16:42:22+00:00
11144558,R01NS117626,IPF1504801,"DONG, MIN",2025,720804.0,True,R01,R01,Targeted Delivery of Therapeutics into Motor Neurons for Post-exposure Treatment of Botulism,UROLOGY,UROLOGY,False,1.0,20,full_forename,4,majority,0.916,2026-08-01T16:42:22+00:00
10211326,R01HL124020,IPF1504801,"DUPONT, PIERRE E",2021,760604.0,True,R01,R01,Cardioscopically-guided Valve Repair in the Beating Heart,CARDIAC_CARDIOTHORACIC_SURGERY,SURGERY,True,0.9583,24,full_forename,1,majority,0.916,2026-08-01T16:42:22+00:00
10414058,R01HL124020,IPF1504801,"DUPONT, PIERRE E",2022,779115.0,True,R01,R01,Cardioscopically-guided Valve Repair in the Beating Heart,CARDIAC_CARDIOTHORACIC_SURGERY,SURGERY,True,0.9583,24,full_forename,1,majority,0.916,2026-08-01T16:42:22+00:00
10600060,R01HL124020,IPF1504801,"DUPONT, PIERRE E",2023,779115.0,True,R01,R01,Cardioscopically-guided Valve Repair in the Beating Heart,CARDIAC_CARDIOTHORACIC_SURGERY,SURGERY,True,0.9583,24,full_forename,1,majority,0.916,2026-08-01T16:42:22+00:00
10853545,R01HL124020,IPF1504801,"DUPONT, PIERRE E",2023,235400.0,True,R01,R01,Cardioscopically-guided Valve Repair in the Beating Heart,CARDIAC_CARDIOTHORACIC_SURGERY,SURGERY,True,0.9583,24,full_forename,1,majority,0.916,2026-08-01T16:42:22+00:00
10802952,R01HL167925,IPF1504801,"DUPONT, PIERRE E",2024,808798.0,True,R01,R01,Simple and Effective Laceration of Potentially-calcified Leaflets as an Adjunct to Transcatheter Valve Replacement,CARDIAC_CARDIOTHORACIC_SURGERY,SURGERY,True,0.9583,24,full_forename,1,majority,0.916,2026-08-01T16:42:22+00:00
10827432,R01HL124020,IPF1504801,"DUPONT, PIERRE E",2024,730888.0,True,R01,R01,Cardioscopically-guided Valve Repair in the Beating Heart,CARDIAC_CARDIOTHORACIC_SURGERY,SURGERY,True,0.9583,24,full_forename,1,majority,0.916,2026-08-01T16:42:22+00:00
11012915,R01HL167925,IPF1504801,"DUPONT, PIERRE E",2025,798016.0,True,R01,R01,Simple and Effective Laceration of Potentially-calcified Leaflets as an Adjunct to Transcatheter Valve Replacement,CARDIAC_CARDIOTHORACIC_SURGERY,SURGERY,True,0.9583,24,full_forename,1,majority,0.916,2026-08-01T16:42:22+00:00
10864635,K99HD115239,IPF1504801,"FATTORI, VICTOR",2024,254610.0,False,K99,K,Neuroimmune communication as a driver of lesion formation and macrophage colonization of the omentum in endometriosis-associated pain,GENERAL_AND_UNSPECIFIED_SURGERY,SURGERY,True,1.0,21,full_forename,1,majority,0.916,2026-08-01T16:42:22+00:00
10346020,R01HL161507,IPF1504801,"GOVINDARAJAN, VIJAY",2022,627547.0,True,R01,R01,A Novel computational approach to optimize Fontan and improve surgical predictability,CARDIAC_CARDIOTHORACIC_SURGERY,SURGERY,True,1.0,10,full_forename,1,majority,0.916,2026-08-01T16:42:22+00:00
10557238,R01HL161507,IPF1504801,"GOVINDARAJAN, VIJAY",2023,598175.0,True,R01,R01,A Novel computational approach to optimize Fontan and improve surgical predictability,CARDIAC_CARDIOTHORACIC_SURGERY,SURGERY,True,1.0,10,full_forename,1,majority,0.916,2026-08-01T16:42:22+00:00
10767183,R01HL161507,IPF1504801,"GOVINDARAJAN, VIJAY",2024,586212.0,True,R01,R01,A Novel computational approach to optimize Fontan and improve surgical predictability,CARDIAC_CARDIOTHORACIC_SURGERY,SURGERY,True,1.0,10,full_forename,1,majority,0.916,2026-08-01T16:42:22+00:00
11020938,R01HL161507,IPF1504801,"GOVINDARAJAN, VIJAY",2025,598175.0,True,R01,R01,A Novel computational approach to optimize Fontan and improve surgical predictability,CARDIAC_CARDIOTHORACIC_SURGERY,SURGERY,True,1.0,10,full_forename,1,majority,0.916,2026-08-01T16:42:22+00:00
10163060,R01HD093735,IPF1504801,"GREENE, ARIN K.",2021,684308.0,True,R01,R01,Determining the pathophysiology of pediatric arteriovenous malformation,PLASTIC_SURGERY,PLASTIC SURGERY,False,1.0,45,full_forename,3,majority,0.916,2026-08-01T16:42:22+00:00
10331916,T32HD104582,IPF1504801,"GREENE, ARIN K.",2022,78008.0,False,T32,T,Pediatric Surgeon-Scientist Training Program in Vascular Diseases,PLASTIC_SURGERY,PLASTIC SURGERY,False,1.0,45,full_forename,3,majority,0.916,2026-08-01T16:42:22+00:00
10410504,R01HD093735,IPF1504801,"GREENE, ARIN K.",2022,674232.0,True,R01,R01,Determining the pathophysiology of pediatric arteriovenous malformation,PLASTIC_SURGERY,PLASTIC SURGERY,False,1.0,45,full_forename,3,majority,0.916,2026-08-01T16:42:22+00:00
10619547,T32HD104582,IPF1504801,"GREENE, ARIN K.",2023,258198.0,False,T32,T,Pediatric Surgeon-Scientist Training Program in Vascular Diseases,PLASTIC_SURGERY,PLASTIC SURGERY,False,1.0,45,full_forename,3,majority,0.916,2026-08-01T16:42:22+00:00
10832534,T32HD104582,IPF1504801,"GREENE, ARIN K.",2024,277104.0,False,T32,T,Pediatric Surgeon-Scientist Training Program in Vascular Diseases,PLASTIC_SURGERY,PLASTIC SURGERY,False,1.0,45,full_forename,3,majority,0.916,2026-08-01T16:42:22+00:00
11082281,T32HD104582,IPF1504801,"GREENE, ARIN K.",2025,280007.0,False,T32,T,Pediatric Surgeon-Scientist Training Program in Vascular Diseases,PLASTIC_SURGERY,PLASTIC SURGERY,False,1.0,45,full_forename,3,majority,0.916,2026-08-01T16:42:22+00:00
10718448,R01HD112906,IPF1504801,"HARRIS, MATTHEW P",2023,534195.0,True,R01,R01,A novel role for Wasl signaling in the regulation of skeletal patterning,ORTHOPEDIC_SURGERY,ORTHOPEDICS,False,1.0,7,full_forename,5,majority,0.916,2026-08-01T16:42:22+00:00
10889277,R01HD112906,IPF1504801,"HARRIS, MATTHEW P",2024,528853.0,True,R01,R01,A novel role for Wasl signaling in the regulation of skeletal patterning,ORTHOPEDIC_SURGERY,ORTHOPEDICS,False,1.0,7,full_forename,5,majority,0.916,2026-08-01T16:42:22+00:00
11082477,R01HD112906,IPF1504801,"HARRIS, MATTHEW P",2025,534195.0,True,R01,R01,A novel role for Wasl signaling in the regulation of skeletal patterning,ORTHOPEDIC_SURGERY,ORTHOPEDICS,False,1.0,7,full_forename,5,majority,0.916,2026-08-01T16:42:22+00:00
11123071,RF1AG093462,IPF1504801,"HARRIS, MATTHEW P",2025,1875196.0,False,RF1,R_OTHER,Genetics of exceptional resilience and its variation; insights from the world's longest-lived animal,ORTHOPEDIC_SURGERY,ORTHOPEDICS,False,1.0,7,full_forename,5,majority,0.916,2026-08-01T16:42:22+00:00
11385678,R56HD115763,IPF1504801,"HARRIS, MATTHEW P",2025,674620.0,False,R56,R_OTHER,Genetic and Developmental Basis for Coordinated Growth of the Limb,ORTHOPEDIC_SURGERY,ORTHOPEDICS,False,1.0,7,full_forename,5,majority,0.916,2026-08-01T16:42:22+00:00
10531478,F32HD106687,IPF1504801,"HE, KATHERINE",2021,68561.0,False,F32,F,Defining the Natural History and Drivers of Surgical Referral of Pediatric Umbilical Hernias to Reduce Unnecessary Surgery,GENERAL_AND_UNSPECIFIED_SURGERY,SURGERY,True,1.0,4,full_forename,4,majority,0.916,2026-08-01T16:42:22+00:00
10540235,F32HD106687,IPF1504801,"HE, KATHERINE",2023,42986.0,False,F32,F,Defining the Natural History and Drivers of Surgical Referral of Pediatric Umbilical Hernias to Reduce Unnecessary Surgery,GENERAL_AND_UNSPECIFIED_SURGERY,SURGERY,True,1.0,4,full_forename,4,majority,0.916,2026-08-01T16:42:22+00:00
10091507,R35HL135821,IPF1504801,"HLA, TIMOTHY TUN",2021,894683.0,False,R35,R_OTHER,Mechanisms of sphingolipid signaling in vascular health and disease,GENERAL_AND_UNSPECIFIED_SURGERY,SURGERY,True,1.0,22,full_forename,1,majority,0.916,2026-08-01T16:42:22+00:00
10204421,R01EY031715,IPF1504801,"HLA, TIMOTHY TUN",2021,475344.0,True,R01,R01,G protein-coupled receptor regulation of transcriptional mechanisms in the retinal vasculature.,GENERAL_AND_UNSPECIFIED_SURGERY,SURGERY,True,1.0,22,full_forename,1,majority,0.916,2026-08-01T16:42:22+00:00
10365913,R35HL135821,IPF1504801,"HLA, TIMOTHY TUN",2022,891262.0,False,R35,R_OTHER,Mechanisms of sphingolipid signaling in vascular health and disease,GENERAL_AND_UNSPECIFIED_SURGERY,SURGERY,True,1.0,22,full_forename,1,majority,0.916,2026-08-01T16:42:22+00:00
10390409,R01EY031715,IPF1504801,"HLA, TIMOTHY TUN",2022,461082.0,True,R01,R01,G protein-coupled receptor regulation of transcriptional mechanisms in the retinal vasculature.,GENERAL_AND_UNSPECIFIED_SURGERY,SURGERY,True,1.0,22,full_forename,1,majority,0.916,2026-08-01T16:42:22+00:00
10506516,R01AG078602,IPF1504801,"HLA, TIMOTHY TUN",2022,505526.0,True,R01,R01,Sphingolipid signaling in age-associated vascular pathology,GENERAL_AND_UNSPECIFIED_SURGERY,SURGERY,True,1.0,22,full_forename,1,majority,0.916,2026-08-01T16:42:22+00:00
10562518,R01AI173377,IPF1504801,"HLA, TIMOTHY TUN",2022,576634.0,True,R01,R01,Myeloid sphingolipid regulation of tissue resolution and regeneration responses,GENERAL_AND_UNSPECIFIED_SURGERY,SURGERY,True,1.0,22,full_forename,1,majority,0.916,2026-08-01T16:42:22+00:00
10536682,R35HL135821,IPF1504801,"HLA, TIMOTHY TUN",2023,887736.0,False,R35,R_OTHER,Mechanisms of sphingolipid signaling in vascular health and disease,GENERAL_AND_UNSPECIFIED_SURGERY,SURGERY,True,1.0,22,full_forename,1,majority,0.916,2026-08-01T16:42:22+00:00
10596099,R01EY031715,IPF1504801,"HLA, TIMOTHY TUN",2023,475344.0,True,R01,R01,G protein-coupled receptor regulation of transcriptional mechanisms in the retinal vasculature.,GENERAL_AND_UNSPECIFIED_SURGERY,SURGERY,True,1.0,22,full_forename,1,majority,0.916,2026-08-01T16:42:22+00:00
10690049,R01AG078602,IPF1504801,"HLA, TIMOTHY TUN",2023,505526.0,True,R01,R01,Sphingolipid signaling in age-associated vascular pathology,GENERAL_AND_UNSPECIFIED_SURGERY,SURGERY,True,1.0,22,full_forename,1,majority,0.916,2026-08-01T16:42:22+00:00
10708956,R01AI173377,IPF1504801,"HLA, TIMOTHY TUN",2023,589706.0,True,R01,R01,Myeloid sphingolipid regulation of tissue resolution and regeneration responses,GENERAL_AND_UNSPECIFIED_SURGERY,SURGERY,True,1.0,22,full_forename,1,majority,0.916,2026-08-01T16:42:22+00:00
10631461,R01HL167723,IPF1504801,"HLA, TIMOTHY TUN",2024,712226.0,True,R01,R01,Sphingolipid signaling in the endothelium during viral host defense,GENERAL_AND_UNSPECIFIED_SURGERY,SURGERY,True,1.0,22,full_forename,1,majority,0.916,2026-08-01T16:42:22+00:00
10808063,R01EY031715,IPF1504801,"HLA, TIMOTHY TUN",2024,475344.0,True,R01,R01,G protein-coupled receptor regulation of transcriptional mechanisms in the retinal vasculature.,GENERAL_AND_UNSPECIFIED_SURGERY,SURGERY,True,1.0,22,full_forename,1,majority,0.916,2026-08-01T16:42:22+00:00
10849725,R01AG078602,IPF1504801,"HLA, TIMOTHY TUN",2024,505526.0,True,R01,R01,Sphingolipid signaling in age-associated vascular pathology,GENERAL_AND_UNSPECIFIED_SURGERY,SURGERY,True,1.0,22,full_forename,1,majority,0.916,2026-08-01T16:42:22+00:00
10887512,R01AI173377,IPF1504801,"HLA, TIMOTHY TUN",2024,589706.0,True,R01,R01,Myeloid sphingolipid regulation of tissue resolution and regeneration responses,GENERAL_AND_UNSPECIFIED_SURGERY,SURGERY,True,1.0,22,full_forename,1,majority,0.916,2026-08-01T16:42:22+00:00
11002635,R01HL167723,IPF1504801,"HLA, TIMOTHY TUN",2025,692976.0,True,R01,R01,Sphingolipid signaling in the endothelium during viral host defense,GENERAL_AND_UNSPECIFIED_SURGERY,SURGERY,True,1.0,22,full_forename,1,majority,0.916,2026-08-01T16:42:22+00:00
11055401,R01EY031715,IPF1504801,"HLA, TIMOTHY TUN",2025,475344.0,True,R01,R01,G protein-coupled receptor regulation of transcriptional mechanisms in the retinal vasculature.,GENERAL_AND_UNSPECIFIED_SURGERY,SURGERY,True,1.0,22,full_forename,1,majority,0.916,2026-08-01T16:42:22+00:00
11092135,R01AG078602,IPF1504801,"HLA, TIMOTHY TUN",2025,495416.0,True,R01,R01,Sphingolipid signaling in age-associated vascular pathology,GENERAL_AND_UNSPECIFIED_SURGERY,SURGERY,True,1.0,22,full_forename,1,majority,0.916,2026-08-01T16:42:22+00:00
11140531,R01AI173377,IPF1504801,"HLA, TIMOTHY TUN",2025,589706.0,True,R01,R01,Myeloid sphingolipid regulation of tissue resolution and regeneration responses,GENERAL_AND_UNSPECIFIED_SURGERY,SURGERY,True,1.0,22,full_forename,1,majority,0.916,2026-08-01T16:42:22+00:00
10208848,R01DC013521,IPF1504801,"HOLT, JEFFREY R",2021,494170.0,True,R01,R01,TMC gene function in sensory hair cells,OTOLARYNGOLOGY_HNS,OTOLARYNGOLOGY,False,0.8667,30,full_forename,2,majority,0.916,2026-08-01T16:42:22+00:00
10451576,R01DC013521,IPF1504801,"HOLT, JEFFREY R",2022,494170.0,True,R01,R01,TMC gene function in sensory hair cells,OTOLARYNGOLOGY_HNS,OTOLARYNGOLOGY,False,0.8667,30,full_forename,2,majority,0.916,2026-08-01T16:42:22+00:00
10652441,R01DC013521,IPF1504801,"HOLT, JEFFREY R",2023,494170.0,True,R01,R01,TMC gene function in sensory hair cells,OTOLARYNGOLOGY_HNS,OTOLARYNGOLOGY,False,0.8667,30,full_forename,2,majority,0.916,2026-08-01T16:42:22+00:00
10977925,R01DC021469,IPF1504801,"HOLT, JEFFREY R",2024,446199.0,True,R01,R01,Structure and Function of Mechanosensitive Channels in Inner Ear Hair Cells,OTOLARYNGOLOGY_HNS,OTOLARYNGOLOGY,False,0.8667,30,full_forename,2,majority,0.916,2026-08-01T16:42:22+00:00
11109713,R01DC021469,IPF1504801,"HOLT, JEFFREY R",2025,411904.0,True,R01,R01,Structure and Function of Mechanosensitive Channels in Inner Ear Hair Cells,OTOLARYNGOLOGY_HNS,OTOLARYNGOLOGY,False,0.8667,30,full_forename,2,majority,0.916,2026-08-01T16:42:22+00:00
11226615,R01DC013521,IPF1504801,"HOLT, JEFFREY R",2025,820505.0,True,R01,R01,TMC gene function in sensory hair cells,OTOLARYNGOLOGY_HNS,OTOLARYNGOLOGY,False,0.8667,30,full_forename,2,majority,0.916,2026-08-01T16:42:22+00:00
10209279,R01HL068130,IPF1504801,"ITALIANO, JOSEPH E",2021,760905.0,True,R01,R01,Cytoskeletal Mechanisms of Platelet Formation,GENERAL_AND_UNSPECIFIED_SURGERY,SURGERY,True,1.0,16,full_forename,1,majority,0.916,2026-08-01T16:42:22+00:00
10351290,R35HL161175,IPF1504801,"ITALIANO, JOSEPH E",2022,1062000.0,False,R35,R_OTHER,The Centrosome as a master controller of platelet production.,GENERAL_AND_UNSPECIFIED_SURGERY,SURGERY,True,1.0,16,full_forename,1,majority,0.916,2026-08-01T16:42:22+00:00
10576942,R35HL161175,IPF1504801,"ITALIANO, JOSEPH E",2023,1062000.0,False,R35,R_OTHER,The Centrosome as a master controller of platelet production.,GENERAL_AND_UNSPECIFIED_SURGERY,SURGERY,True,1.0,16,full_forename,1,majority,0.916,2026-08-01T16:42:22+00:00
10817955,R35HL161175,IPF1504801,"ITALIANO, JOSEPH E",2024,1040760.0,False,R35,R_OTHER,The Centrosome as a master controller of platelet production.,GENERAL_AND_UNSPECIFIED_SURGERY,SURGERY,True,1.0,16,full_forename,1,majority,0.916,2026-08-01T16:42:22+00:00
11061088,R35HL161175,IPF1504801,"ITALIANO, JOSEPH E",2025,1062000.0,False,R35,R_OTHER,The Centrosome as a master controller of platelet production.,GENERAL_AND_UNSPECIFIED_SURGERY,SURGERY,True,1.0,16,full_forename,1,majority,0.916,2026-08-01T16:42:22+00:00
10318255,R13HL160044,IPF1504801,"KAZA, ADITYA K",2021,9500.0,False,R13,R_OTHER,Interoperative Cardiac Tissue Imaging: Implications in Congenital Heart Disease,CARDIAC_CARDIOTHORACIC_SURGERY,SURGERY,True,0.9778,45,full_forename,1,majority,0.916,2026-08-01T16:42:22+00:00
10067370,R01DC017461,IPF1504801,"KOEHLER, KARL RUSSELL",2021,528331.0,True,R01,R01,Engineering multi-lineage human inner ear organoids,OTOLARYNGOLOGY_HNS,OTOLARYNGOLOGY,False,1.0,33,full_forename,2,majority,0.916,2026-08-01T16:42:22+00:00
10242825,R01AR075018,IPF1504801,"KOEHLER, KARL RUSSELL",2021,505867.0,True,R01,R01,Generation of human skin organoids from pluripotency,OTOLARYNGOLOGY_HNS,OTOLARYNGOLOGY,False,1.0,33,full_forename,2,majority,0.916,2026-08-01T16:42:22+00:00
10307988,R01DC017461,IPF1504801,"KOEHLER, KARL RUSSELL",2022,511285.0,True,R01,R01,Engineering multi-lineage human inner ear organoids,OTOLARYNGOLOGY_HNS,OTOLARYNGOLOGY,False,1.0,33,full_forename,2,majority,0.916,2026-08-01T16:42:22+00:00
10468123,R01AR075018,IPF1504801,"KOEHLER, KARL RUSSELL",2022,516299.0,True,R01,R01,Generation of human skin organoids from pluripotency,OTOLARYNGOLOGY_HNS,OTOLARYNGOLOGY,False,1.0,33,full_forename,2,majority,0.916,2026-08-01T16:42:22+00:00
10531197,R01DC017461,IPF1504801,"KOEHLER, KARL RUSSELL",2023,511285.0,True,R01,R01,Engineering multi-lineage human inner ear organoids,OTOLARYNGOLOGY_HNS,OTOLARYNGOLOGY,False,1.0,33,full_forename,2,majority,0.916,2026-08-01T16:42:22+00:00
10689091,R01AR075018,IPF1504801,"KOEHLER, KARL RUSSELL",2023,521513.0,True,R01,R01,Generation of human skin organoids from pluripotency,OTOLARYNGOLOGY_HNS,OTOLARYNGOLOGY,False,1.0,33,full_forename,2,majority,0.916,2026-08-01T16:42:22+00:00
10861600,R01AR075018,IPF1504801,"KOEHLER, KARL RUSSELL",2023,453017.0,True,R01,R01,Generation of human skin organoids from pluripotency (Admin Supplement),OTOLARYNGOLOGY_HNS,OTOLARYNGOLOGY,False,1.0,33,full_forename,2,majority,0.916,2026-08-01T16:42:22+00:00
10883255,R01AR083139,IPF1504801,"KOEHLER, KARL RUSSELL",2024,712191.0,True,R01,R01,Engineering self-assembled skin-on-a-chip,OTOLARYNGOLOGY_HNS,OTOLARYNGOLOGY,False,1.0,33,full_forename,2,majority,0.916,2026-08-01T16:42:22+00:00
10981671,R01DC017461,IPF1504801,"KOEHLER, KARL RUSSELL",2024,695343.0,True,R01,R01,Engineering multi-lineage inner ear organoids,OTOLARYNGOLOGY_HNS,OTOLARYNGOLOGY,False,1.0,33,full_forename,2,majority,0.916,2026-08-01T16:42:22+00:00
11084392,R01AR083139,IPF1504801,"KOEHLER, KARL RUSSELL",2025,676920.0,True,R01,R01,Engineering self-assembled skin-on-a-chip,OTOLARYNGOLOGY_HNS,OTOLARYNGOLOGY,False,1.0,33,full_forename,2,majority,0.916,2026-08-01T16:42:22+00:00
11114023,R01DC017461,IPF1504801,"KOEHLER, KARL RUSSELL",2025,695343.0,True,R01,R01,Engineering multi-lineage inner ear organoids,OTOLARYNGOLOGY_HNS,OTOLARYNGOLOGY,False,1.0,33,full_forename,2,majority,0.916,2026-08-01T16:42:22+00:00
11191013,R01DC017461,IPF1504801,"KOEHLER, KARL RUSSELL",2025,68687.0,True,R01,R01,Engineering multi-lineage inner ear organoids,OTOLARYNGOLOGY_HNS,OTOLARYNGOLOGY,False,1.0,33,full_forename,2,majority,0.916,2026-08-01T16:42:22+00:00
10217127,R01DK123364,IPF1504801,"KREIDBERG, JORDAN A",2021,285230.0,True,R01,R01,The Role of Fibronectin in ADPKD,UROLOGY,UROLOGY,False,1.0,3,full_forename,1,majority,0.916,2026-08-01T16:42:22+00:00
10316791,R01DK127673,IPF1504801,"LEE, RICHARD SANG-YONG",2021,582838.0,True,R01,R01,NIMBLE: Non-Invasive Markers of Bladder Deterioration,UROLOGY,UROLOGY,False,1.0,5,full_forename,3,majority,0.916,2026-08-01T16:42:22+00:00
10482352,R01DK127673,IPF1504801,"LEE, RICHARD SANG-YONG",2022,582838.0,True,R01,R01,NIMBLE: Non-Invasive Markers of Bladder Deterioration,UROLOGY,UROLOGY,False,1.0,5,full_forename,3,majority,0.916,2026-08-01T16:42:22+00:00
10655624,R01DK127673,IPF1504801,"LEE, RICHARD SANG-YONG",2023,555962.0,True,R01,R01,NIMBLE: Non-Invasive Markers of Bladder Deterioration,UROLOGY,UROLOGY,False,1.0,5,full_forename,3,majority,0.916,2026-08-01T16:42:22+00:00
10876348,R01DK127673,IPF1504801,"LEE, RICHARD SANG-YONG",2024,533723.0,True,R01,R01,NIMBLE: Non-Invasive Markers of Bladder Deterioration,UROLOGY,UROLOGY,False,1.0,5,full_forename,3,majority,0.916,2026-08-01T16:42:22+00:00
11128522,R01DK127673,IPF1504801,"LEE, RICHARD SANG-YONG",2025,555962.0,True,R01,R01,NIMBLE: Non-Invasive Markers of Bladder Deterioration,UROLOGY,UROLOGY,False,1.0,5,full_forename,3,majority,0.916,2026-08-01T16:42:22+00:00
10121362,R01HL151494,IPF1504801,"MACHLUS, KELLIE RAE",2021,577277.0,True,R01,R01,The Biogenesis of Platelet-Derived Extracellular Vesicles and their Impact on Megakaryocyte Maturation,GENERAL_AND_UNSPECIFIED_SURGERY,SURGERY,True,1.0,20,full_forename,1,majority,0.916,2026-08-01T16:42:22+00:00
10128902,R03DK124746,IPF1504801,"MACHLUS, KELLIE RAE",2021,132750.0,False,R03,R_OTHER,The Role of CCL5 in Hematopoietic Stem Cell Activation and Skewing,GENERAL_AND_UNSPECIFIED_SURGERY,SURGERY,True,1.0,20,full_forename,1,majority,0.916,2026-08-01T16:42:22+00:00
10348737,R03DK124746,IPF1504801,"MACHLUS, KELLIE RAE",2022,132750.0,False,R03,R_OTHER,The Role of CCL5 in Hematopoietic Stem Cell Activation and Skewing,GENERAL_AND_UNSPECIFIED_SURGERY,SURGERY,True,1.0,20,full_forename,1,majority,0.916,2026-08-01T16:42:22+00:00
10394422,R01HL151494,IPF1504801,"MACHLUS, KELLIE RAE",2022,577277.0,True,R01,R01,The Biogenesis of Platelet-Derived Extracellular Vesicles and their Impact on Megakaryocyte Maturation,GENERAL_AND_UNSPECIFIED_SURGERY,SURGERY,True,1.0,20,full_forename,1,majority,0.916,2026-08-01T16:42:22+00:00
10613503,R01HL151494,IPF1504801,"MACHLUS, KELLIE RAE",2023,577277.0,True,R01,R01,The Biogenesis of Platelet-Derived Extracellular Vesicles and their Impact on Megakaryocyte Maturation,GENERAL_AND_UNSPECIFIED_SURGERY,SURGERY,True,1.0,20,full_forename,1,majority,0.916,2026-08-01T16:42:22+00:00
10814387,R01HL151494,IPF1504801,"MACHLUS, KELLIE RAE",2024,565731.0,True,R01,R01,The Biogenesis of Platelet-Derived Extracellular Vesicles and their Impact on Megakaryocyte Maturation,GENERAL_AND_UNSPECIFIED_SURGERY,SURGERY,True,1.0,20,full_forename,1,majority,0.916,2026-08-01T16:42:22+00:00
10857766,R01DK139341,IPF1504801,"MACHLUS, KELLIE RAE",2024,354000.0,True,R01,R01,Elucidation of the mechanisms by which fatty acids drive megakaryopoiesis,GENERAL_AND_UNSPECIFIED_SURGERY,SURGERY,True,1.0,20,full_forename,1,majority,0.916,2026-08-01T16:42:22+00:00
11036879,R21DK142111,IPF1504801,"MACHLUS, KELLIE RAE",2025,469042.0,False,R21,R_OTHER,Transformation of a human iPSC-derived bone marrow organoid for the study of hematopoiesis,GENERAL_AND_UNSPECIFIED_SURGERY,SURGERY,True,1.0,20,full_forename,1,majority,0.916,2026-08-01T16:42:22+00:00
11061108,R01HL151494,IPF1504801,"MACHLUS, KELLIE RAE",2025,577271.0,True,R01,R01,The Biogenesis of Platelet-Derived Extracellular Vesicles and their Impact on Megakaryocyte Maturation,GENERAL_AND_UNSPECIFIED_SURGERY,SURGERY,True,1.0,20,full_forename,1,majority,0.916,2026-08-01T16:42:22+00:00
11073104,R01DK139341,IPF1504801,"MACHLUS, KELLIE RAE",2025,354000.0,True,R01,R01,Elucidation of the mechanisms by which fatty acids drive megakaryopoiesis,GENERAL_AND_UNSPECIFIED_SURGERY,SURGERY,True,1.0,20,full_forename,1,majority,0.916,2026-08-01T16:42:22+00:00
11035624,R21EB036775,IPF1504801,"MONDAL, ABHIJIT",2025,222500.0,False,R21,R_OTHER,Ex vivo and In vivo Model Advancements for Airway Stent Design Optimization,CARDIAC_CARDIOTHORACIC_SURGERY,SURGERY,True,1.0,10,full_forename,2,majority,0.916,2026-08-01T16:42:22+00:00
10887819,R21CA283420,IPF1504801,"MOSES, MARSHA A",2024,248243.0,False,R21,R_OTHER,Engineered exosome mimetics as targeted biological nanomedicines for pancreatic cancer,GENERAL_AND_UNSPECIFIED_SURGERY,SURGERY,True,1.0,20,full_forename,1,majority,0.916,2026-08-01T16:42:22+00:00
11041093,R21CA283420,IPF1504801,"MOSES, MARSHA A",2025,206869.0,False,R21,R_OTHER,Engineered exosome mimetics as targeted biological nanomedicines for pancreatic cancer,GENERAL_AND_UNSPECIFIED_SURGERY,SURGERY,True,1.0,20,full_forename,1,majority,0.916,2026-08-01T16:42:22+00:00
10826360,F32HL172637,IPF1504801,"NASIM, SANA",2024,76756.0,False,F32,F,Endothelial and mural cell interaction in capillary malformation,GENERAL_AND_UNSPECIFIED_SURGERY,SURGERY,True,1.0,6,full_forename,1,majority,0.916,2026-08-01T16:42:22+00:00
11031307,F32HL172637,IPF1504801,"NASIM, SANA",2025,9072.0,False,F32,F,Endothelial and mural cell interaction in capillary malformation,GENERAL_AND_UNSPECIFIED_SURGERY,SURGERY,True,1.0,6,full_forename,1,majority,0.916,2026-08-01T16:42:22+00:00
11033342,K99HL177326,IPF1504801,"NASIM, SANA",2025,127305.0,False,K99,K,Unraveling Immune Cell Interactions and Multicellular Dynamics in GNAQ-Driven Capillary Malformation,GENERAL_AND_UNSPECIFIED_SURGERY,SURGERY,True,1.0,6,full_forename,1,majority,0.916,2026-08-01T16:42:22+00:00
11033756,K99DC022343,IPF1504801,"RATZAN, EVAN",2025,132705.0,False,K99,K,Defining the role of MET components in vestibular hair cell maturation and gene therapy responsiveness,OTOLARYNGOLOGY_HNS,OTOLARYNGOLOGY,False,1.0,5,full_forename,1,majority,0.916,2026-08-01T16:42:22+00:00
11242138,F32HL182158,IPF1504801,"RECCO, DOMINIC PAUL",2025,88434.0,False,F32,F,Additive Therapeutic Efficacy Of Pluripotent Stem Cell-Derived Cardiovascular Cells Engrafted In Hydrogels To Treat Ischemia-Reperfusion Injury After Myocardial Infarction,CARDIAC_CARDIOTHORACIC_SURGERY,SURGERY,True,0.9545,22,full_forename,1,majority,0.916,2026-08-01T16:42:22+00:00
10508963,R21HD109491,IPF1504801,"ROGERS, MICHAEL SEAN",2022,265500.0,False,R21,R_OTHER,Identification of a Novel Target for the Treatment of Endometriosis-associated Pain,GENERAL_AND_UNSPECIFIED_SURGERY,SURGERY,True,1.0,16,full_forename,6,majority,0.916,2026-08-01T16:42:22+00:00
10522258,R01EY033354,IPF1504801,"ROGERS, MICHAEL SEAN",2022,410000.0,True,R01,R01,Functional requirement of CMG2 for endothelial cell chemotaxis and resulting angiogenesis,GENERAL_AND_UNSPECIFIED_SURGERY,SURGERY,True,1.0,16,full_forename,6,majority,0.916,2026-08-01T16:42:22+00:00
10583339,R01HD110922,IPF1504801,"ROGERS, MICHAEL SEAN",2022,1758450.0,True,R01,R01,CMG2 as a target for safe and effective treatment of endometriosis-associate pain,GENERAL_AND_UNSPECIFIED_SURGERY,SURGERY,True,1.0,16,full_forename,6,majority,0.916,2026-08-01T16:42:22+00:00
10705085,R21HD109491,IPF1504801,"ROGERS, MICHAEL SEAN",2023,221250.0,False,R21,R_OTHER,Identification of a Novel Target for the Treatment of Endometriosis-associated Pain,GENERAL_AND_UNSPECIFIED_SURGERY,SURGERY,True,1.0,16,full_forename,6,majority,0.916,2026-08-01T16:42:22+00:00
10705632,R01EY033354,IPF1504801,"ROGERS, MICHAEL SEAN",2023,410004.0,True,R01,R01,Functional requirement of CMG2 for endothelial cell chemotaxis and resulting angiogenesis,GENERAL_AND_UNSPECIFIED_SURGERY,SURGERY,True,1.0,16,full_forename,6,majority,0.916,2026-08-01T16:42:22+00:00
10898710,R01EY033354,IPF1504801,"ROGERS, MICHAEL SEAN",2024,410004.0,True,R01,R01,Functional requirement of CMG2 for endothelial cell chemotaxis and resulting angiogenesis,GENERAL_AND_UNSPECIFIED_SURGERY,SURGERY,True,1.0,16,full_forename,6,majority,0.916,2026-08-01T16:42:22+00:00
11166699,R01EY033354,IPF1504801,"ROGERS, MICHAEL SEAN",2025,348502.0,True,R01,R01,Functional requirement of CMG2 for endothelial cell chemotaxis and resulting angiogenesis,GENERAL_AND_UNSPECIFIED_SURGERY,SURGERY,True,1.0,16,full_forename,6,majority,0.916,2026-08-01T16:42:22+00:00
11385649,R01HD110922,IPF1504801,"ROGERS, MICHAEL SEAN",2025,1128672.0,True,R01,R01,CMG2 as a target for safe and effective treatment of endometriosis-associate pain,GENERAL_AND_UNSPECIFIED_SURGERY,SURGERY,True,1.0,16,full_forename,6,majority,0.916,2026-08-01T16:42:22+00:00
10133456,F32HD100081,IPF1504801,"TABAAC, ARIELLA R",2021,73062.0,False,F32,F,Health Education and Reproductive Health,OTHER_EXPLICIT_SURGERY,SURGERY,True,1.0,8,full_forename,1,majority,0.916,2026-08-01T16:42:22+00:00
10392884,F32HD100081,IPF1504801,"TABAAC, ARIELLA R",2022,76234.0,False,F32,F,Health Education and Reproductive Health,OTHER_EXPLICIT_SURGERY,SURGERY,True,1.0,8,full_forename,1,majority,0.916,2026-08-01T16:42:22+00:00
10945302,R01NS138758,IPF1504801,"TANG, XIN",2024,535389.0,True,R01,R01,Molecular pathways that strengthen GABAergic inhibition and reduce seizure susceptibility,NEUROSURGERY,NEUROSURGERY,False,1.0,5,full_forename,6,majority,0.916,2026-08-01T16:42:22+00:00
11128844,R01NS138758,IPF1504801,"TANG, XIN",2025,515889.0,True,R01,R01,Molecular Pathways that Strengthen GABAergic Inhibition and Reduce Seizure Susceptibility,NEUROSURGERY,NEUROSURGERY,False,1.0,5,full_forename,6,majority,0.916,2026-08-01T16:42:22+00:00
10512452,R21CA274098,IPF1504801,"VAKILI, KHASHAYAR",2022,257222.0,False,R21,R_OTHER,Development of cell-based models for fibrolamellar carcinoma,GENERAL_AND_UNSPECIFIED_SURGERY,SURGERY,True,1.0,20,full_forename,1,majority,0.916,2026-08-01T16:42:22+00:00
10656539,R21CA274098,IPF1504801,"VAKILI, KHASHAYAR",2023,208080.0,False,R21,R_OTHER,Development of cell-based models for fibrolamellar carcinoma,GENERAL_AND_UNSPECIFIED_SURGERY,SURGERY,True,1.0,20,full_forename,1,majority,0.916,2026-08-01T16:42:22+00:00
10536819,F32HD107878,IPF1504801,"VIVERO, MATTHEW P",2022,71734.0,False,F32,F,Drug Development for Pediatric Capillary Malformation,PLASTIC_SURGERY,PLASTIC SURGERY,False,1.0,4,full_forename,3,majority,0.916,2026-08-01T16:42:22+00:00
10675489,F32HD107878,IPF1504801,"VIVERO, MATTHEW P",2023,76052.0,False,F32,F,Drug Development for Pediatric Capillary Malformation,PLASTIC_SURGERY,PLASTIC SURGERY,False,1.0,4,full_forename,3,majority,0.916,2026-08-01T16:42:22+00:00
10876361,F32HD107878,IPF1504801,"VIVERO, MATTHEW P",2024,83932.0,False,F32,F,Drug Development for Pediatric Capillary Malformation,PLASTIC_SURGERY,PLASTIC SURGERY,False,1.0,4,full_forename,3,majority,0.916,2026-08-01T16:42:22+00:00
10303525,R21AR077292,IPF1504801,"WARMAN, MATTHEW L",2021,194700.0,False,R21,R_OTHER,Neurobehavioral phenotypes of mouse models of Osteogenesis Imperfecta,ORTHOPEDIC_SURGERY,ORTHOPEDICS,False,1.0,18,full_forename,2,majority,0.916,2026-08-01T16:42:22+00:00
10416072,R21AR077292,IPF1504801,"WARMAN, MATTHEW L",2022,231304.0,False,R21,R_OTHER,Neurobehavioral phenotypes of mouse models of Osteogenesis Imperfecta,ORTHOPEDIC_SURGERY,ORTHOPEDICS,False,1.0,18,full_forename,2,majority,0.916,2026-08-01T16:42:22+00:00
10417887,R01AR080740,IPF1504801,"WARMAN, MATTHEW L",2022,398052.0,True,R01,R01,Skeletal and non-skeletal roles for osteocalcin,ORTHOPEDIC_SURGERY,ORTHOPEDICS,False,1.0,18,full_forename,2,majority,0.916,2026-08-01T16:42:22+00:00
10595042,R01AR080740,IPF1504801,"WARMAN, MATTHEW L",2023,405718.0,True,R01,R01,Skeletal and non-skeletal roles for osteocalcin,ORTHOPEDIC_SURGERY,ORTHOPEDICS,False,1.0,18,full_forename,2,majority,0.916,2026-08-01T16:42:22+00:00
10646852,R21AR082609,IPF1504801,"WARMAN, MATTHEW L",2023,233640.0,False,R21,R_OTHER,Conditional mouse models with dominant negative Osteogenesis Imperfecta,ORTHOPEDIC_SURGERY,ORTHOPEDICS,False,1.0,18,full_forename,2,majority,0.916,2026-08-01T16:42:22+00:00
10789572,R21HD113926,IPF1504801,"WARMAN, MATTHEW L",2024,265500.0,False,R21,R_OTHER,In vivo assessment of variants of uncertain significance in the intellectual disability gene ANKRD17,ORTHOPEDIC_SURGERY,ORTHOPEDICS,False,1.0,18,full_forename,2,majority,0.916,2026-08-01T16:42:22+00:00
10795062,R21AR082609,IPF1504801,"WARMAN, MATTHEW L",2024,188859.0,False,R21,R_OTHER,Conditional mouse models with dominant negative Osteogenesis Imperfecta,ORTHOPEDIC_SURGERY,ORTHOPEDICS,False,1.0,18,full_forename,2,majority,0.916,2026-08-01T16:42:22+00:00
10818553,R01AR080740,IPF1504801,"WARMAN, MATTHEW L",2024,377718.0,True,R01,R01,Skeletal and non-skeletal roles for osteocalcin,ORTHOPEDIC_SURGERY,ORTHOPEDICS,False,1.0,18,full_forename,2,majority,0.916,2026-08-01T16:42:22+00:00
11182583,R21HD113926,IPF1504801,"WARMAN, MATTHEW L",2025,221250.0,False,R21,R_OTHER,In vivo assessment of variants of uncertain significance in the intellectual disability gene ANKRD17,ORTHOPEDIC_SURGERY,ORTHOPEDICS,False,1.0,18,full_forename,2,majority,0.916,2026-08-01T16:42:22+00:00
10125809,F32DE029362,IPF1504801,"WORONOWICZ, KATHERINE CHRISTINE",2021,69362.0,False,F32,F,Decoding regulatory nodes controlling growth and proportion of the skull,ORTHOPEDIC_SURGERY,ORTHOPEDICS,False,1.0,4,full_forename,1,majority,0.916,2026-08-01T16:42:22+00:00
10348718,F32DE029362,IPF1504801,"WORONOWICZ, KATHERINE CHRISTINE",2022,72534.0,False,F32,F,Decoding regulatory nodes controlling growth and proportion of the skull,ORTHOPEDIC_SURGERY,ORTHOPEDICS,False,1.0,4,full_forename,1,majority,0.916,2026-08-01T16:42:22+00:00
10122344,R01AI124491,IPF1504801,"WU, HAO",2021,531000.0,True,R01,R01,"NLRP1 and CARD8 Inflammasomes:  Assembly, Regulation and Stress Sensing",GENERAL_AND_UNSPECIFIED_SURGERY,SURGERY,True,1.0,2,full_forename,4,majority,0.916,2026-08-01T16:42:22+00:00
10125074,R37AI050872,IPF1504801,"WU, HAO",2021,531000.0,True,R37,R01,Structural & Functional Studies of TLR/IL-1R Signaling,GENERAL_AND_UNSPECIFIED_SURGERY,SURGERY,True,1.0,2,full_forename,4,majority,0.916,2026-08-01T16:42:22+00:00
10171760,R01AI139914,IPF1504801,"WU, HAO",2021,514489.0,True,R01,R01,Elucidating the structural mechanism of pore formation by the (GSDM) Gasdermin family,GENERAL_AND_UNSPECIFIED_SURGERY,SURGERY,True,1.0,2,full_forename,4,majority,0.916,2026-08-01T16:42:22+00:00
10391491,R01AI124491,IPF1504801,"WU, HAO",2022,531000.0,True,R01,R01,"NLRP1 and CARD8 Inflammasomes:  Assembly, Regulation and Stress Sensing",GENERAL_AND_UNSPECIFIED_SURGERY,SURGERY,True,1.0,2,full_forename,4,majority,0.916,2026-08-01T16:42:22+00:00
10417119,R01AI139914,IPF1504801,"WU, HAO",2022,514489.0,True,R01,R01,Elucidating the structural mechanism of pore formation by the (GSDM) Gasdermin family,GENERAL_AND_UNSPECIFIED_SURGERY,SURGERY,True,1.0,2,full_forename,4,majority,0.916,2026-08-01T16:42:22+00:00
10646160,R01AI124491,IPF1504801,"WU, HAO",2023,531000.0,True,R01,R01,"NLRP1 and CARD8 Inflammasomes:  Assembly, Regulation and Stress Sensing",GENERAL_AND_UNSPECIFIED_SURGERY,SURGERY,True,1.0,2,full_forename,4,majority,0.916,2026-08-01T16:42:22+00:00
10720435,R01AI177778,IPF1504801,"WU, HAO",2023,708000.0,True,R01,R01,Elucidating the functional mechanism of NLRP3 inflammasome activation,GENERAL_AND_UNSPECIFIED_SURGERY,SURGERY,True,1.0,2,full_forename,4,majority,0.916,2026-08-01T16:42:22+00:00
10793132,R01CA287076,IPF1504801,"WU, HAO",2024,733069.0,True,R01,R01,Activating gasdermin pores to induce pyroptosis and stimulate anti-tumor immunity,GENERAL_AND_UNSPECIFIED_SURGERY,SURGERY,True,1.0,2,full_forename,4,majority,0.916,2026-08-01T16:42:22+00:00
10849849,R01AI124491,IPF1504801,"WU, HAO",2024,531000.0,True,R01,R01,"NLRP1 and CARD8 Inflammasomes:  Assembly, Regulation and Stress Sensing",GENERAL_AND_UNSPECIFIED_SURGERY,SURGERY,True,1.0,2,full_forename,4,majority,0.916,2026-08-01T16:42:22+00:00
10849898,R01AI177778,IPF1504801,"WU, HAO",2024,708000.0,True,R01,R01,Elucidating the functional mechanism of NLRP3 inflammasome activation,GENERAL_AND_UNSPECIFIED_SURGERY,SURGERY,True,1.0,2,full_forename,4,majority,0.916,2026-08-01T16:42:22+00:00
10858819,R01AI182177,IPF1504801,"WU, HAO",2024,542900.0,True,R01,R01,Armed nanobodies as anti-infectives and anti-tumor agents,GENERAL_AND_UNSPECIFIED_SURGERY,SURGERY,True,1.0,2,full_forename,4,majority,0.916,2026-08-01T16:42:22+00:00
10859807,R01AI182369,IPF1504801,"WU, HAO",2024,849927.0,True,R01,R01,Elucidating structural and functional mechanisms of pyroptosis,GENERAL_AND_UNSPECIFIED_SURGERY,SURGERY,True,1.0,2,full_forename,4,majority,0.916,2026-08-01T16:42:22+00:00
11038623,R21AI188071,IPF1504801,"WU, HAO",2025,489500.0,False,R21,R_OTHER,Overcoming obstacles in structural elucidation of B cell antigen receptor assembly and lateral interaction,GENERAL_AND_UNSPECIFIED_SURGERY,SURGERY,True,1.0,2,full_forename,4,majority,0.916,2026-08-01T16:42:22+00:00
11041081,R01AI177778,IPF1504801,"WU, HAO",2025,708000.0,True,R01,R01,Elucidating the functional mechanism of NLRP3 inflammasome activation,GENERAL_AND_UNSPECIFIED_SURGERY,SURGERY,True,1.0,2,full_forename,4,majority,0.916,2026-08-01T16:42:22+00:00
11052663,R01AI182369,IPF1504801,"WU, HAO",2025,889996.0,True,R01,R01,Elucidating structural and functional mechanisms of pyroptosis,GENERAL_AND_UNSPECIFIED_SURGERY,SURGERY,True,1.0,2,full_forename,4,majority,0.916,2026-08-01T16:42:22+00:00
11066484,R01CA287076,IPF1504801,"WU, HAO",2025,733069.0,True,R01,R01,Activating gasdermin pores to induce pyroptosis and stimulate anti-tumor immunity,GENERAL_AND_UNSPECIFIED_SURGERY,SURGERY,True,1.0,2,full_forename,4,majority,0.916,2026-08-01T16:42:22+00:00
11099751,R01AI124491,IPF1504801,"WU, HAO",2025,531000.0,True,R01,R01,"NLRP1 and CARD8 Inflammasomes:  Assembly, Regulation and Stress Sensing",GENERAL_AND_UNSPECIFIED_SURGERY,SURGERY,True,1.0,2,full_forename,4,majority,0.916,2026-08-01T16:42:22+00:00
11141686,R01AI182177,IPF1504801,"WU, HAO",2025,542900.0,True,R01,R01,Armed nanobodies as anti-infectives and anti-tumor agents,GENERAL_AND_UNSPECIFIED_SURGERY,SURGERY,True,1.0,2,full_forename,4,majority,0.916,2026-08-01T16:42:22+00:00
10413458,U01OD033248,IPF1504801,"XU, RENA",2021,3266707.0,False,U01,U,TransHealthGUIDE: Transforming Health for Gender-Diverse Youth Using Interventions to Drive Equity,UROLOGY,UROLOGY,False,1.0,4,full_forename,3,majority,0.916,2026-08-01T16:42:22+00:00
10831881,U01MH136558,IPF1504801,"XU, RENA",2023,1344559.0,False,U01,U,TransHealthGUIDE: Transforming Health for Gender-Diverse Young Adults Using Interventions to Drive Equity,UROLOGY,UROLOGY,False,1.0,4,full_forename,3,majority,0.916,2026-08-01T16:42:22+00:00
10920445,U01MH136558,IPF1504801,"XU, RENA",2024,1344044.0,False,U01,U,TransHealthGUIDE: Transforming Health for Gender-Diverse Young Adults Using Interventions to Drive Equity,UROLOGY,UROLOGY,False,1.0,4,full_forename,3,majority,0.916,2026-08-01T16:42:22+00:00
11378940,U01MH136558,IPF1504801,"XU, RENA",2025,1344044.0,False,U01,U,THE GUIDE: Transforming Health for Young Adults Using Interventions to Drive Engagement,UROLOGY,UROLOGY,False,1.0,4,full_forename,3,majority,0.916,2026-08-01T16:42:22+00:00
10666784,R21EY033550,IPF1504801,"YIN, YUQIN",2023,265500.0,False,R21,R_OTHER,Novel growth factors and regenerative RGC subtypes for optic nerve regeneration,NEUROSURGERY,NEUROSURGERY,False,1.0,8,full_forename,7,majority,0.916,2026-08-01T16:42:22+00:00
10831524,R21EY033550,IPF1504801,"YIN, YUQIN",2024,221250.0,False,R21,R_OTHER,Novel growth factors and regenerative RGC subtypes for optic nerve regeneration,NEUROSURGERY,NEUROSURGERY,False,1.0,8,full_forename,7,majority,0.916,2026-08-01T16:42:22+00:00
10163257,R01LM011834,IPF1518602,"BURD, RANDALL S.",2021,654500.0,True,R01,R01,Intention-aware Recommender System for Improving Trauma Resuscitation Outcomes,OTHER_EXPLICIT_SURGERY,SURGERY,True,1.0,54,full_forename,1,majority,0.916,2026-08-01T18:04:12+00:00
10386911,R01LM011834,IPF1518602,"BURD, RANDALL S.",2022,647898.0,True,R01,R01,Intention-aware Recommender System for Improving Trauma Resuscitation Outcomes,OTHER_EXPLICIT_SURGERY,SURGERY,True,1.0,54,full_forename,1,majority,0.916,2026-08-01T18:04:12+00:00
10644164,R56EB032819,IPF1518602,"BURD, RANDALL S.",2022,657223.0,False,R56,R_OTHER,DEVELOPMENT OF A VIDEO-BASED PERSONAL PROTECTIVE EQUIPMENT MONITORING SYSTEM,OTHER_EXPLICIT_SURGERY,SURGERY,True,1.0,54,full_forename,1,majority,0.916,2026-08-01T18:04:12+00:00
10585548,R01EB032819,IPF1518602,"BURD, RANDALL S.",2023,540210.0,True,R01,R01,Development of a Video-based Personal Protective Equipment Monitoring System,OTHER_EXPLICIT_SURGERY,SURGERY,True,1.0,54,full_forename,1,majority,0.916,2026-08-01T18:04:12+00:00
10629162,R01LM011834,IPF1518602,"BURD, RANDALL S.",2023,634802.0,True,R01,R01,Intention-aware Recommender System for Improving Trauma Resuscitation Outcomes,OTHER_EXPLICIT_SURGERY,SURGERY,True,1.0,54,full_forename,1,majority,0.916,2026-08-01T18:04:12+00:00
10893930,R01EB032819,IPF1518602,"BURD, RANDALL S.",2024,481327.0,True,R01,R01,Development of a Video-based Personal Protective Equipment Monitoring System,OTHER_EXPLICIT_SURGERY,SURGERY,True,1.0,54,full_forename,1,majority,0.916,2026-08-01T18:04:12+00:00
11144992,R01EB032819,IPF1518602,"BURD, RANDALL S.",2025,480474.0,True,R01,R01,Development of a Video-based Personal Protective Equipment Monitoring System,OTHER_EXPLICIT_SURGERY,SURGERY,True,1.0,54,full_forename,1,majority,0.916,2026-08-01T18:04:12+00:00
11425011,R03DE034666,IPF1518602,"CARTER, TONIA C",2025,384577.0,False,R03,R_OTHER,Identification of candidate genomic regulatory elements involved in oral clefts,CARDIAC_CARDIOTHORACIC_SURGERY,SURGERY,True,1.0,2,full_forename,1,majority,0.916,2026-08-01T18:04:12+00:00
10111493,R01CA248191,IPF1518602,"CLEARY, KEVIN R.",2021,613701.0,True,R01,R01,Pneumatic Drill and Robot for MRI-Guided Pediatrics Long Bone Biopsy,PEDIATRIC_SURGERY,SURGERY,True,0.9714,35,full_forename,1,majority,0.916,2026-08-01T18:04:12+00:00
10115036,R01EB025179,IPF1518602,"CLEARY, KEVIN R.",2021,697517.0,True,R01,R01,MRI Compatible Robot for Improved Pain Injections in Adults and Children,PEDIATRIC_SURGERY,SURGERY,True,0.9714,35,full_forename,1,majority,0.916,2026-08-01T18:04:12+00:00
10120482,R01NS116148,IPF1518602,"CLEARY, KEVIN R.",2021,655333.0,True,R01,R01,MRI-compatible concentric tube robot for intracerebral hemorrhage,PEDIATRIC_SURGERY,SURGERY,True,0.9714,35,full_forename,1,majority,0.916,2026-08-01T18:04:12+00:00
10318651,R01NS116148,IPF1518602,"CLEARY, KEVIN R.",2022,561752.0,True,R01,R01,MRI-compatible concentric tube robot for intracerebral hemorrhage,PEDIATRIC_SURGERY,SURGERY,True,0.9714,35,full_forename,1,majority,0.916,2026-08-01T18:04:12+00:00
10348193,R01CA248191,IPF1518602,"CLEARY, KEVIN R.",2022,511174.0,True,R01,R01,Pneumatic Drill and Robot for MRI-Guided Pediatrics Long Bone Biopsy,PEDIATRIC_SURGERY,SURGERY,True,0.9714,35,full_forename,1,majority,0.916,2026-08-01T18:04:12+00:00
10531943,R01NS116148,IPF1518602,"CLEARY, KEVIN R.",2023,538479.0,True,R01,R01,MRI-compatible concentric tube robot for intracerebral hemorrhage,PEDIATRIC_SURGERY,SURGERY,True,0.9714,35,full_forename,1,majority,0.916,2026-08-01T18:04:12+00:00
10689655,R01CA248191,IPF1518602,"CLEARY, KEVIN R.",2023,513993.0,True,R01,R01,Pneumatic Drill and Robot for MRI-Guided Pediatrics Long Bone Biopsy,PEDIATRIC_SURGERY,SURGERY,True,0.9714,35,full_forename,1,majority,0.916,2026-08-01T18:04:12+00:00
10750951,R01NS116148,IPF1518602,"CLEARY, KEVIN R.",2024,560383.0,True,R01,R01,MRI-compatible concentric tube robot for intracerebral hemorrhage,PEDIATRIC_SURGERY,SURGERY,True,0.9714,35,full_forename,1,majority,0.916,2026-08-01T18:04:12+00:00
10857753,R01EB035559,IPF1518602,"CLEARY, KEVIN R.",2024,622302.0,True,R01,R01,Image-guided robotic assistance to improve precision and reduce x-ray dose in orthopedic surgery for pediatric SCFE,PEDIATRIC_SURGERY,SURGERY,True,0.9714,35,full_forename,1,majority,0.916,2026-08-01T18:04:12+00:00
11163305,R01EB035559,IPF1518602,"CLEARY, KEVIN R.",2025,572280.0,True,R01,R01,Image-guided robotic assistance to improve precision and reduce x-ray dose in orthopedic surgery for pediatric SCFE,PEDIATRIC_SURGERY,SURGERY,True,0.9714,35,full_forename,1,majority,0.916,2026-08-01T18:04:12+00:00
10386252,F31HL162549,IPF1518602,"COOPER, BLAKE LESLIE",2022,40623.0,False,F31,F,"Investigating sex-differences in cardiac electrical and mechanical function, and the impact of environmental xenoestrogens",PEDIATRIC_SURGERY,SURGERY,True,1.0,7,full_forename,2,majority,0.916,2026-08-01T18:04:12+00:00
10626719,F31HL162549,IPF1518602,"COOPER, BLAKE LESLIE",2023,39604.0,False,F31,F,"Investigating sex-differences in cardiac electrical and mechanical function, and the impact of environmental xenoestrogens",PEDIATRIC_SURGERY,SURGERY,True,1.0,7,full_forename,2,majority,0.916,2026-08-01T18:04:12+00:00
10571053,K23EB034110,IPF1518602,"DONOHO, DANIEL A.",2022,165601.0,False,K23,K,Video Analysis of Neurosurgical Technical Performance and Adverse Events,NEUROSURGERY,NEUROSURGERY,False,1.0,42,full_forename,2,majority,0.916,2026-08-01T18:04:12+00:00
10707365,K23EB034110,IPF1518602,"DONOHO, DANIEL A.",2023,165362.0,False,K23,K,Video Analysis of Neurosurgical Technical Performance and Adverse Events,NEUROSURGERY,NEUROSURGERY,False,1.0,42,full_forename,2,majority,0.916,2026-08-01T18:04:12+00:00
10889163,K23EB034110,IPF1518602,"DONOHO, DANIEL A.",2024,154562.0,False,K23,K,Video Analysis of Neurosurgical Technical Performance and Adverse Events,NEUROSURGERY,NEUROSURGERY,False,1.0,42,full_forename,2,majority,0.916,2026-08-01T18:04:12+00:00
11129794,K23EB034110,IPF1518602,"DONOHO, DANIEL A.",2025,154562.0,False,K23,K,Video Analysis of Neurosurgical Technical Performance and Adverse Events,NEUROSURGERY,NEUROSURGERY,False,1.0,42,full_forename,2,majority,0.916,2026-08-01T18:04:12+00:00
10677964,F31HL165818,IPF1518602,"GUERRELLI, DEVON",2023,43664.0,False,F31,F,Plastic Chemicals in Pediatric Cardiopulmonary Bypass: Evaluating Cardiac Toxicity and Investigating Clinical Alternatives,PEDIATRIC_SURGERY,SURGERY,True,1.0,9,full_forename,1,majority,0.916,2026-08-01T18:04:12+00:00
10843759,F31HL165818,IPF1518602,"GUERRELLI, DEVON",2024,37769.0,False,F31,F,Plastic Chemicals in Pediatric Cardiopulmonary Bypass: Evaluating Cardiac Toxicity and Investigating Clinical Alternatives,PEDIATRIC_SURGERY,SURGERY,True,1.0,9,full_forename,1,majority,0.916,2026-08-01T18:04:12+00:00
11094844,F31HL165818,IPF1518602,"GUERRELLI, DEVON",2025,38333.0,False,F31,F,Plastic Chemicals in Pediatric Cardiopulmonary Bypass: Evaluating Cardiac Toxicity and Investigating Clinical Alternatives,PEDIATRIC_SURGERY,SURGERY,True,1.0,9,full_forename,1,majority,0.916,2026-08-01T18:04:12+00:00
10638422,R01HD111638,IPF1518602,"GUPTA, NEERA",2023,732615.0,True,R01,R01,Sex Differences in Statural Growth Impairment in Pediatric Crohn's Disease: Part 2,PEDIATRIC_SURGERY,SURGERY,True,1.0,1,full_forename,4,majority,0.916,2026-08-01T18:04:12+00:00
10927200,R01HD111638,IPF1518602,"GUPTA, NEERA",2024,674101.0,True,R01,R01,Sex Differences in Statural Growth Impairment in Pediatric Crohn's Disease: Part 2,PEDIATRIC_SURGERY,SURGERY,True,1.0,1,full_forename,4,majority,0.916,2026-08-01T18:04:12+00:00
11141872,R01HD111638,IPF1518602,"GUPTA, NEERA",2025,667497.0,True,R01,R01,Sex Differences in Statural Growth Impairment in Pediatric Crohn's Disease: Part 2,PEDIATRIC_SURGERY,SURGERY,True,1.0,1,full_forename,4,majority,0.916,2026-08-01T18:04:12+00:00
10168521,R01DK113504,IPF1518602,"HSIEH, MICHAEL HARRISON",2021,396261.0,True,R01,R01,"Therapeutic Exploitation of IPSE, a Urogenital Parasite-Derived Host Modulatory Protein, for Bladder Hypersensitivity Syndromes",UROLOGY,UROLOGY,False,0.96,25,full_forename,3,majority,0.916,2026-08-01T18:04:12+00:00
10171777,R21AI154123,IPF1518602,"HSIEH, MICHAEL HARRISON",2021,178500.0,False,R21,R_OTHER,Developing a Next Generation Mouse Model of Urogenital Schistosomiasis Through Ultrasound-Guided Percutaneous Bladder Wall Injection of Schistosoma haematobium Eggs,UROLOGY,UROLOGY,False,0.96,25,full_forename,3,majority,0.916,2026-08-01T18:04:12+00:00
10267068,R21HD102988,IPF1518602,"LINGURARU, MARIUS GEORGE",2021,409475.0,False,R21,R_OTHER,Mobile Diagnosis of Congenital Genetic Conditions: A Model for Screening and Surveillance in Low-Resource Settings,PEDIATRIC_SURGERY,SURGERY,True,1.0,59,full_forename,1,majority,0.916,2026-08-01T18:04:12+00:00
10316676,R13EB032243,IPF1518602,"LINGURARU, MARIUS GEORGE",2021,9850.0,False,R13,R_OTHER,International Conference on Medical Image Computing and Computer Assisted Interventions (MICCAI) 2021,PEDIATRIC_SURGERY,SURGERY,True,1.0,59,full_forename,1,majority,0.916,2026-08-01T18:04:12+00:00
10460593,R13EB032243,IPF1518602,"LINGURARU, MARIUS GEORGE",2022,10000.0,False,R13,R_OTHER,International Conference on Medical Image Computing and Computer Assisted Interventions (MICCAI) 2021,PEDIATRIC_SURGERY,SURGERY,True,1.0,59,full_forename,1,majority,0.916,2026-08-01T18:04:12+00:00
10677625,R13EB032243,IPF1518602,"LINGURARU, MARIUS GEORGE",2023,10000.0,False,R13,R_OTHER,International Conference on Medical Image Computing and Computer Assisted Interventions (MICCAI) 2021,PEDIATRIC_SURGERY,SURGERY,True,1.0,59,full_forename,1,majority,0.916,2026-08-01T18:04:12+00:00
10181508,R01EB031084,IPF1518602,"MONFAREDI, REZA",2021,497890.0,True,R01,R01,MRI-Compatible Robot for Real-Time Image-Guided Stereotactic Neurosurgical Procedures: A Novel Platform Technology,PEDIATRIC_SURGERY,SURGERY,True,0.8889,9,full_forename,1,majority,0.916,2026-08-01T18:04:12+00:00
10490829,R01EB031084,IPF1518602,"MONFAREDI, REZA",2022,476720.0,True,R01,R01,MRI-Compatible Robot for Real-Time Image-Guided Stereotactic Neurosurgical Procedures: A Novel Platform Technology,PEDIATRIC_SURGERY,SURGERY,True,0.8889,9,full_forename,1,majority,0.916,2026-08-01T18:04:12+00:00
10689885,R01EB031084,IPF1518602,"MONFAREDI, REZA",2023,472927.0,True,R01,R01,MRI-Compatible Robot for Real-Time Image-Guided Stereotactic Neurosurgical Procedures: A Novel Platform Technology,PEDIATRIC_SURGERY,SURGERY,True,0.8889,9,full_forename,1,majority,0.916,2026-08-01T18:04:12+00:00
10889193,R01EB031084,IPF1518602,"MONFAREDI, REZA",2024,514164.0,True,R01,R01,MRI-Compatible Robot for Real-Time Image-Guided Stereotactic Neurosurgical Procedures: A Novel Platform Technology,PEDIATRIC_SURGERY,SURGERY,True,0.8889,9,full_forename,1,majority,0.916,2026-08-01T18:04:12+00:00
10080105,R01HL139472,IPF1518602,"POSNACK, NIKKI GILLUM",2021,677394.0,True,R01,R01,Does Biocompatibility Contribute to Transfusion-Related Adverse Effects?,PEDIATRIC_SURGERY,SURGERY,True,0.9677,31,full_forename,1,majority,0.916,2026-08-01T18:04:12+00:00
10321632,R01HL139472,IPF1518602,"POSNACK, NIKKI GILLUM",2022,677394.0,True,R01,R01,Does Biocompatibility Contribute to Transfusion-Related Adverse Effects?,PEDIATRIC_SURGERY,SURGERY,True,0.9677,31,full_forename,1,majority,0.916,2026-08-01T18:04:12+00:00
10465603,R01HD108839,IPF1518602,"POSNACK, NIKKI GILLUM",2022,685049.0,True,R01,R01,Off-label drugs in cardiology: evaluating age- and disease-appropriate therapies,PEDIATRIC_SURGERY,SURGERY,True,0.9677,31,full_forename,1,majority,0.916,2026-08-01T18:04:12+00:00
10578746,R01HD108839,IPF1518602,"POSNACK, NIKKI GILLUM",2023,660186.0,True,R01,R01,Off-label drugs in cardiology: evaluating age- and disease-appropriate therapies,PEDIATRIC_SURGERY,SURGERY,True,0.9677,31,full_forename,1,majority,0.916,2026-08-01T18:04:12+00:00
10789925,R01HD108839,IPF1518602,"POSNACK, NIKKI GILLUM",2024,652993.0,True,R01,R01,Off-label drugs in cardiology: evaluating age- and disease-appropriate therapies,PEDIATRIC_SURGERY,SURGERY,True,0.9677,31,full_forename,1,majority,0.916,2026-08-01T18:04:12+00:00
11037904,R01HD108839,IPF1518602,"POSNACK, NIKKI GILLUM",2025,629045.0,True,R01,R01,Off-label drugs in cardiology: evaluating age- and disease-appropriate therapies,PEDIATRIC_SURGERY,SURGERY,True,0.9677,31,full_forename,1,majority,0.916,2026-08-01T18:04:12+00:00
11049888,R01HL139472,IPF1518602,"POSNACK, NIKKI GILLUM",2025,878124.0,True,R01,R01,Does biocompatibility contribute to transfusion-related adverse effects?,PEDIATRIC_SURGERY,SURGERY,True,0.9677,31,full_forename,1,majority,0.916,2026-08-01T18:04:12+00:00
10996912,F31HL172563,IPF1518602,"SALAMEH, SHATHA",2024,35398.0,False,F31,F,Investigating age-dependent differences in cardiac drug response,PEDIATRIC_SURGERY,SURGERY,True,1.0,7,full_forename,1,majority,0.916,2026-08-01T18:04:12+00:00
10350131,R03EB032513,IPF1518602,"SHEKHAR, RAJ",2022,89250.0,False,R03,R_OTHER,Augmented Reality Ultrasound Guidance,PEDIATRIC_SURGERY,SURGERY,True,1.0,13,full_forename,1,majority,0.916,2026-08-01T18:04:12+00:00
10586776,R01EB030093,IPF1518602,"SHEKHAR, RAJ",2023,535340.0,True,R01,R01,A clinical platform for ultrasound-augmented laparoscopy,PEDIATRIC_SURGERY,SURGERY,True,1.0,13,full_forename,1,majority,0.916,2026-08-01T18:04:12+00:00
10624242,R03EB032513,IPF1518602,"SHEKHAR, RAJ",2023,89250.0,False,R03,R_OTHER,Augmented Reality Ultrasound Guidance,PEDIATRIC_SURGERY,SURGERY,True,1.0,13,full_forename,1,majority,0.916,2026-08-01T18:04:12+00:00
10877902,R01EB030093,IPF1518602,"SHEKHAR, RAJ",2024,499370.0,True,R01,R01,A clinical platform for ultrasound-augmented laparoscopy,PEDIATRIC_SURGERY,SURGERY,True,1.0,13,full_forename,1,majority,0.916,2026-08-01T18:04:12+00:00
11083105,R01EB030093,IPF1518602,"SHEKHAR, RAJ",2025,551760.0,True,R01,R01,A clinical platform for ultrasound-augmented laparoscopy,PEDIATRIC_SURGERY,SURGERY,True,1.0,13,full_forename,1,majority,0.916,2026-08-01T18:04:12+00:00
10286952,R21HD105965,IPF1518602,"YEREBAKAN, CAN",2021,238298.0,False,R21,R_OTHER,Development of a novel method for cannulation in pediatric cardiac procedures,CARDIAC_CARDIOTHORACIC_SURGERY,SURGERY,True,0.9677,62,full_forename,1,majority,0.916,2026-08-01T18:04:12+00:00
10462738,R21HD105965,IPF1518602,"YEREBAKAN, CAN",2022,198581.0,False,R21,R_OTHER,Development of a novel method for cannulation in pediatric cardiac procedures,CARDIAC_CARDIOTHORACIC_SURGERY,SURGERY,True,0.9677,62,full_forename,1,majority,0.916,2026-08-01T18:04:12+00:00
10592202,K08NS125175,IPF1520001,"CHIARELLI, PETER",2023,193968.0,False,K08,K,Nanoparticle-Enhanced Radiation Therapy for DIPG,NEUROSURGERY,NEUROSURGERY,False,0.95,20,full_forename,1,majority,0.916,2026-08-01T18:01:32+00:00
10784686,K08NS125175,IPF1520001,"CHIARELLI, PETER",2024,193968.0,False,K08,K,Nanoparticle-Enhanced Radiation Therapy for DIPG,NEUROSURGERY,NEUROSURGERY,False,0.95,20,full_forename,1,majority,0.916,2026-08-01T18:01:32+00:00
11023044,K08NS125175,IPF1520001,"CHIARELLI, PETER",2025,193968.0,False,K08,K,Nanoparticle-Enhanced Radiation Therapy for DIPG,NEUROSURGERY,NEUROSURGERY,False,0.95,20,full_forename,1,majority,0.916,2026-08-01T18:01:32+00:00
10111466,R01CA137124,IPF1520001,"COBRINIK, DAVID",2021,328996.0,True,R01,R01,Successive responses to oncogenic aberrations in retinoblastoma genesis.,GENERAL_AND_UNSPECIFIED_SURGERY,SURGERY,True,1.0,8,full_forename,1,majority,0.916,2026-08-01T18:01:32+00:00
10333414,R01CA137124,IPF1520001,"COBRINIK, DAVID",2022,322416.0,True,R01,R01,Successive responses to oncogenic aberrations in retinoblastoma genesis.,GENERAL_AND_UNSPECIFIED_SURGERY,SURGERY,True,1.0,8,full_forename,1,majority,0.916,2026-08-01T18:01:32+00:00
10582627,R01CA137124,IPF1520001,"COBRINIK, DAVID",2023,322416.0,True,R01,R01,Successive responses to oncogenic aberrations in retinoblastoma genesis.,GENERAL_AND_UNSPECIFIED_SURGERY,SURGERY,True,1.0,8,full_forename,1,majority,0.916,2026-08-01T18:01:32+00:00
10981387,R01CA137124,IPF1520001,"COBRINIK, DAVID",2024,560196.0,True,R01,R01,Production and progression of premalignant retinoblastoma lesions.,GENERAL_AND_UNSPECIFIED_SURGERY,SURGERY,True,1.0,8,full_forename,1,majority,0.916,2026-08-01T18:01:32+00:00
11170656,R01CA137124,IPF1520001,"COBRINIK, DAVID",2025,560197.0,True,R01,R01,Production and progression of premalignant retinoblastoma lesions.,GENERAL_AND_UNSPECIFIED_SURGERY,SURGERY,True,1.0,8,full_forename,1,majority,0.916,2026-08-01T18:01:32+00:00
10115715,K08DK123377,IPF1520001,"GAYER, CHRISTOPHER",2021,170856.0,False,K08,K,The Role of FXR on the Intestinal Barrier in Acute Injury.,PEDIATRIC_SURGERY,SURGERY,True,1.0,20,full_forename,1,majority,0.916,2026-08-01T18:01:32+00:00
10319175,K08DK123377,IPF1520001,"GAYER, CHRISTOPHER",2022,170856.0,False,K08,K,The Role of FXR on the Intestinal Barrier in Acute Injury.,PEDIATRIC_SURGERY,SURGERY,True,1.0,20,full_forename,1,majority,0.916,2026-08-01T18:01:32+00:00
10548128,K08DK123377,IPF1520001,"GAYER, CHRISTOPHER",2023,170856.0,False,K08,K,The Role of FXR on the Intestinal Barrier in Acute Injury.,PEDIATRIC_SURGERY,SURGERY,True,1.0,20,full_forename,1,majority,0.916,2026-08-01T18:01:32+00:00
10754266,K08DK123377,IPF1520001,"GAYER, CHRISTOPHER",2024,170856.0,False,K08,K,The Role of FXR on the Intestinal Barrier in Acute Injury.,PEDIATRIC_SURGERY,SURGERY,True,1.0,20,full_forename,1,majority,0.916,2026-08-01T18:01:32+00:00
10249328,R01HL148706,IPF1520001,"LIEN, CHING-LING E",2021,423750.0,True,R01,R01,Cardiac lymphatic vessels in heart development and regeneration.,GENERAL_AND_UNSPECIFIED_SURGERY,SURGERY,True,1.0,2,full_forename,2,majority,0.916,2026-08-01T18:01:32+00:00
10460242,R01HL148706,IPF1520001,"LIEN, CHING-LING E",2022,423750.0,True,R01,R01,Cardiac lymphatic vessels in heart development and regeneration.,GENERAL_AND_UNSPECIFIED_SURGERY,SURGERY,True,1.0,2,full_forename,2,majority,0.916,2026-08-01T18:01:32+00:00
10513736,R01HL148706,IPF1520001,"LIEN, CHING-LING E",2022,17140.0,True,R01,R01,Cardiac lymphatic vessels in heart development and regeneration.,GENERAL_AND_UNSPECIFIED_SURGERY,SURGERY,True,1.0,2,full_forename,2,majority,0.916,2026-08-01T18:01:32+00:00
10627211,R01HL148706,IPF1520001,"LIEN, CHING-LING E",2022,48877.0,True,R01,R01,Cardiac lymphatic vessels in heart development and regeneration.,GENERAL_AND_UNSPECIFIED_SURGERY,SURGERY,True,1.0,2,full_forename,2,majority,0.916,2026-08-01T18:01:32+00:00
10683731,R01HL148706,IPF1520001,"LIEN, CHING-LING E",2023,423750.0,True,R01,R01,Cardiac lymphatic vessels in heart development and regeneration.,GENERAL_AND_UNSPECIFIED_SURGERY,SURGERY,True,1.0,2,full_forename,2,majority,0.916,2026-08-01T18:01:32+00:00
11000101,R01HL176018,IPF1520001,"LIEN, CHING-LING E",2024,737809.0,True,R01,R01,Chromatin remodeling factor CHD7 regulates cardiac and craniofacial lymphatic vessel development,GENERAL_AND_UNSPECIFIED_SURGERY,SURGERY,True,1.0,2,full_forename,2,majority,0.916,2026-08-01T18:01:32+00:00
11144611,R01HL176018,IPF1520001,"LIEN, CHING-LING E",2025,680065.0,True,R01,R01,Chromatin remodeling factor CHD7 regulates cardiac and craniofacial lymphatic vessel development,GENERAL_AND_UNSPECIFIED_SURGERY,SURGERY,True,1.0,2,full_forename,2,majority,0.916,2026-08-01T18:01:32+00:00
10168548,K08EY030924,IPF1520001,"NAGIEL, AARON",2021,221206.0,False,K08,K,Development and Maintenance of the Human Photoreceptor-Bipolar Cell Synapse.,GENERAL_AND_UNSPECIFIED_SURGERY,SURGERY,True,0.9556,45,full_forename,1,majority,0.916,2026-08-01T18:01:32+00:00
10412098,K08EY030924,IPF1520001,"NAGIEL, AARON",2022,221206.0,False,K08,K,Development and Maintenance of the Human Photoreceptor-Bipolar Cell Synapse.,GENERAL_AND_UNSPECIFIED_SURGERY,SURGERY,True,0.9556,45,full_forename,1,majority,0.916,2026-08-01T18:01:32+00:00
10692728,K08EY030924,IPF1520001,"NAGIEL, AARON",2023,221206.0,False,K08,K,Development and Maintenance of the Human Photoreceptor-Bipolar Cell Synapse.,GENERAL_AND_UNSPECIFIED_SURGERY,SURGERY,True,0.9556,45,full_forename,1,majority,0.916,2026-08-01T18:01:32+00:00
10863967,K08EY030924,IPF1520001,"NAGIEL, AARON",2024,221206.0,False,K08,K,Development and Maintenance of the Human Photoreceptor-Bipolar Cell Synapse.,GENERAL_AND_UNSPECIFIED_SURGERY,SURGERY,True,0.9556,45,full_forename,1,majority,0.916,2026-08-01T18:01:32+00:00
10135930,R01DK121037,IPF1520001,"PERIN, LAURA",2021,541893.0,True,R01,R01,Extracellular vesicles derived from amniotic fluid stem cells normalize glomerular function during progressive kidney disease.,UROLOGY,UROLOGY,False,1.0,29,full_forename,1,majority,0.916,2026-08-01T18:01:32+00:00
10348192,R01DK121037,IPF1520001,"PERIN, LAURA",2022,525260.0,True,R01,R01,Extracellular vesicles derived from amniotic fluid stem cells normalize glomerular function during progressive kidney disease.,UROLOGY,UROLOGY,False,1.0,29,full_forename,1,majority,0.916,2026-08-01T18:01:32+00:00
10503338,R01DK133459,IPF1520001,"PERIN, LAURA",2022,697416.0,True,R01,R01,Mechanisms involved in podocyte damage in Alport Syndrome,UROLOGY,UROLOGY,False,1.0,29,full_forename,1,majority,0.916,2026-08-01T18:01:32+00:00
10549376,R01DK121037,IPF1520001,"PERIN, LAURA",2023,525260.0,True,R01,R01,Extracellular vesicles derived from amniotic fluid stem cells normalize glomerular function during progressive kidney disease.,UROLOGY,UROLOGY,False,1.0,29,full_forename,1,majority,0.916,2026-08-01T18:01:32+00:00
10677742,R01DK133459,IPF1520001,"PERIN, LAURA",2023,641644.0,True,R01,R01,Mechanisms involved in podocyte damage in Alport Syndrome,UROLOGY,UROLOGY,False,1.0,29,full_forename,1,majority,0.916,2026-08-01T18:01:32+00:00
10839879,R01DK133459,IPF1520001,"PERIN, LAURA",2024,613580.0,True,R01,R01,Mechanisms involved in podocyte damage in Alport Syndrome,UROLOGY,UROLOGY,False,1.0,29,full_forename,1,majority,0.916,2026-08-01T18:01:32+00:00
11098508,R01DK133459,IPF1520001,"PERIN, LAURA",2025,633535.0,True,R01,R01,Mechanisms involved in podocyte damage in Alport Syndrome,UROLOGY,UROLOGY,False,1.0,29,full_forename,1,majority,0.916,2026-08-01T18:01:32+00:00
10804384,R01DK135806,IPF1520001,"SEDRAKYAN, SARGIS",2024,397066.0,True,R01,R01,Glomerular endothelial damage: a new role of the lipids in Alport syndrome,UROLOGY,UROLOGY,False,1.0,9,full_forename,1,majority,0.916,2026-08-01T18:01:32+00:00
11001584,R01DK135806,IPF1520001,"SEDRAKYAN, SARGIS",2025,335265.0,True,R01,R01,Glomerular endothelial damage: a new role of the lipids in Alport syndrome,UROLOGY,UROLOGY,False,1.0,9,full_forename,1,majority,0.916,2026-08-01T18:01:32+00:00
10087547,R01HL141352,IPF1520001,"SHI, WEI",2021,514405.0,True,R01,R01,Molecular mechanisms of pulmonary disease in Birt-Hogg-Dube syndrome,GENERAL_AND_UNSPECIFIED_SURGERY,SURGERY,True,1.0,9,full_forename,1,majority,0.916,2026-08-01T18:01:32+00:00
10125193,R01HL146541,IPF1520001,"SHI, WEI",2021,647500.0,True,R01,R01,Pathogenic Mechanisms of Pulmonary Lymphangioleiomyomatosis,GENERAL_AND_UNSPECIFIED_SURGERY,SURGERY,True,1.0,9,full_forename,1,majority,0.916,2026-08-01T18:01:32+00:00
10366936,R01HL151699,IPF1520001,"SHI, WEI",2022,513404.0,True,R01,R01,Lung Development and Diseases,GENERAL_AND_UNSPECIFIED_SURGERY,SURGERY,True,1.0,9,full_forename,1,majority,0.916,2026-08-01T18:01:32+00:00
10371888,R01HL146541,IPF1520001,"SHI, WEI",2022,341355.0,True,R01,R01,Pathogenic Mechanisms of Pulmonary Lymphangioleiomyomatosis,GENERAL_AND_UNSPECIFIED_SURGERY,SURGERY,True,1.0,9,full_forename,1,majority,0.916,2026-08-01T18:01:32+00:00
10201577,U01DK084538,IPF1520001,"WANG, KASPER SAONUN",2021,287292.0,False,U01,U,Limited Competition for the Continuation of the Childhood Liver Disease Research Network (ChilLDRen) Clinical Centers.,GENERAL_AND_UNSPECIFIED_SURGERY,SURGERY,True,0.75,4,full_forename,3,majority,0.916,2026-08-01T18:01:32+00:00
10161606,R01HD095456,IPF1520001,"WREN, TISHYA A L",2021,463143.0,True,R01,R01,Bone Deficits and Mechanical Loading in Ambulatory Cerebral Palsy,ORTHOPEDIC_SURGERY,ORTHOPEDICS,False,1.0,54,full_forename,1,majority,0.916,2026-08-01T18:01:32+00:00
10435524,R01HD095456,IPF1520001,"WREN, TISHYA A L",2022,401913.0,True,R01,R01,Bone Deficits and Mechanical Loading in Ambulatory Cerebral Palsy,ORTHOPEDIC_SURGERY,ORTHOPEDICS,False,1.0,54,full_forename,1,majority,0.916,2026-08-01T18:01:32+00:00
10811149,R03NS131977,IPF1520001,"WREN, TISHYA A L",2023,186250.0,False,R03,R_OTHER,Longitudinal Changes in Gait and Ankle Function in Youth with Charcot-Marie-Tooth Disease,ORTHOPEDIC_SURGERY,ORTHOPEDICS,False,1.0,54,full_forename,1,majority,0.916,2026-08-01T18:01:32+00:00
10729412,R01NR020918,IPF1525701,"ABDULLAH, FIZAN",2023,849863.0,True,R01,R01,Using the Fitbit for early detection of Infection and reduction of healthcare utilization after Discharge in Pediatric Surgical Patients,PEDIATRIC_SURGERY,SURGERY,True,1.0,57,full_forename,1,majority,0.916,2026-08-01T18:11:00+00:00
10933508,R01NR020918,IPF1525701,"ABDULLAH, FIZAN",2024,794848.0,True,R01,R01,Using the Fitbit for early detection of Infection and reduction of healthcare utilization after Discharge in Pediatric Surgical Patients,PEDIATRIC_SURGERY,SURGERY,True,1.0,57,full_forename,1,majority,0.916,2026-08-01T18:11:00+00:00
10205059,K23DK125670,IPF1525701,"CHU, DAVID",2021,190080.0,False,K23,K,Improving Kidney Health Assessment in Young Patients with Spina Bifida,UROLOGY,UROLOGY,False,1.0,53,full_forename,3,majority,0.916,2026-08-01T18:11:00+00:00
10378062,K23DK125670,IPF1525701,"CHU, DAVID",2022,190080.0,False,K23,K,Improving Kidney Health Assessment in Young Patients with Spina Bifida,UROLOGY,UROLOGY,False,1.0,53,full_forename,3,majority,0.916,2026-08-01T18:11:00+00:00
10597638,K23DK125670,IPF1525701,"CHU, DAVID",2023,190080.0,False,K23,K,Improving Kidney Health Assessment in Young Patients with Spina Bifida,UROLOGY,UROLOGY,False,1.0,53,full_forename,3,majority,0.916,2026-08-01T18:11:00+00:00
10820460,K23DK125670,IPF1525701,"CHU, DAVID",2024,190080.0,False,K23,K,Improving Kidney Health Assessment in Young Patients with Spina Bifida,UROLOGY,UROLOGY,False,1.0,53,full_forename,3,majority,0.916,2026-08-01T18:11:00+00:00
10206779,U01AR079113,IPF1525701,"JANICKI, JOSEPH A",2021,1722779.0,False,U01,U,IMPACCT: Infrastructure for Musculoskeletal Pediatric Acute Care Clinical Trials,ORTHOPEDIC_SURGERY,ORTHOPEDICS,False,1.0,5,full_forename,1,majority,0.916,2026-08-01T18:11:00+00:00
10477229,U01AR079113,IPF1525701,"JANICKI, JOSEPH A",2022,1439962.0,False,U01,U,IMPACCT: Infrastructure for Musculoskeletal Pediatric Acute Care Clinical Trials,ORTHOPEDIC_SURGERY,ORTHOPEDICS,False,1.0,5,full_forename,1,majority,0.916,2026-08-01T18:11:00+00:00
10684924,U01AR079113,IPF1525701,"JANICKI, JOSEPH A",2023,1355825.0,False,U01,U,IMPACCT: Infrastructure for Musculoskeletal Pediatric Acute Care Clinical Trials,ORTHOPEDIC_SURGERY,ORTHOPEDICS,False,1.0,5,full_forename,1,majority,0.916,2026-08-01T18:11:00+00:00
10906843,U01AR079113,IPF1525701,"JANICKI, JOSEPH A",2025,1023024.0,False,U01,U,IMPACCT: Infrastructure for Musculoskeletal Pediatric Acute Care Clinical Trials,ORTHOPEDIC_SURGERY,ORTHOPEDICS,False,1.0,5,full_forename,1,majority,0.916,2026-08-01T18:11:00+00:00
10117849,R01HL118491,IPF1525701,"KAUSHAL, SUNJAY",2021,643173.0,True,R01,R01,Mechanism of transplanted neonatal cardiac progenitor cells to repair ischemic myocardium,CARDIAC_CARDIOTHORACIC_SURGERY,SURGERY,True,0.6897,29,full_forename,3,majority,0.916,2026-08-01T18:11:00+00:00
10274833,UH3HL148318,IPF1525701,"KAUSHAL, SUNJAY",2021,1178321.0,False,UH3,U,1/2 Allogeneic Human Mesenchymal Stem Cell (MSC) Injection in Patients with Hypoplastic Left Heart Syndrome: A Phase IIb Clinical Trial,CARDIAC_CARDIOTHORACIC_SURGERY,SURGERY,True,0.6897,29,full_forename,3,majority,0.916,2026-08-01T18:11:00+00:00
10467907,R01HL141922,IPF1525701,"KAUSHAL, SUNJAY",2022,686112.0,True,R01,R01,Characterization of the Cardiac Progenitor Cell Exosomes for Optimal Therapeutics,CARDIAC_CARDIOTHORACIC_SURGERY,SURGERY,True,0.6897,29,full_forename,3,majority,0.916,2026-08-01T18:11:00+00:00
10217218,R03HD100657,IPF1525701,"KWON, SOYANG",2021,76500.0,False,R03,R_OTHER,The interactive effects of physical activity and sedentary behaviors during childhood on adiposity in early adulthood,PEDIATRIC_SURGERY,SURGERY,True,0.75,12,full_forename,2,majority,0.916,2026-08-01T18:11:00+00:00
10364946,R01HL155113,IPF1525701,"KWON, SOYANG",2022,402500.0,True,R01,R01,Physical Activity Measurement in Toddlers,PEDIATRIC_SURGERY,SURGERY,True,0.75,12,full_forename,2,majority,0.916,2026-08-01T18:11:00+00:00
10545040,R01HL155113,IPF1525701,"KWON, SOYANG",2023,387798.0,True,R01,R01,Physical Activity Measurement in Toddlers,PEDIATRIC_SURGERY,SURGERY,True,0.75,12,full_forename,2,majority,0.916,2026-08-01T18:11:00+00:00
10755310,R01HL155113,IPF1525701,"KWON, SOYANG",2024,383535.0,True,R01,R01,Physical Activity Measurement in Toddlers,PEDIATRIC_SURGERY,SURGERY,True,0.75,12,full_forename,2,majority,0.916,2026-08-01T18:11:00+00:00
10180721,R01HD104683,IPF1525701,"LARONDA, MONICA M",2021,293183.0,True,R01,R01,Defining the microenvironment that will enable a long-term bioprosthetic ovary transplant,PEDIATRIC_SURGERY,SURGERY,True,0.9167,12,full_forename,1,majority,0.916,2026-08-01T18:11:00+00:00
10394956,R01HD104683,IPF1525701,"LARONDA, MONICA M",2022,296055.0,True,R01,R01,Defining the microenvironment that will enable a long-term bioprosthetic ovary transplant,PEDIATRIC_SURGERY,SURGERY,True,0.9167,12,full_forename,1,majority,0.916,2026-08-01T18:11:00+00:00
10530993,U01HD110336,IPF1525701,"LARONDA, MONICA M",2022,423231.0,False,U01,U,Reverse Engineering the Extracellular Neighborhood to Support the Functional Tissue Unit: A Use Case to Restore Ovarian Function,PEDIATRIC_SURGERY,SURGERY,True,0.9167,12,full_forename,1,majority,0.916,2026-08-01T18:11:00+00:00
10593624,R21HD108710,IPF1525701,"LARONDA, MONICA M",2022,205233.0,False,R21,R_OTHER,"Releasing, activating, and maturing follicles from cortical tissue utilizing dynamic synthetic microenvironment",PEDIATRIC_SURGERY,SURGERY,True,0.9167,12,full_forename,1,majority,0.916,2026-08-01T18:11:00+00:00
10617189,R01HD104683,IPF1525701,"LARONDA, MONICA M",2023,328907.0,True,R01,R01,Defining the microenvironment that will enable a long-term bioprosthetic ovary transplant,PEDIATRIC_SURGERY,SURGERY,True,0.9167,12,full_forename,1,majority,0.916,2026-08-01T18:11:00+00:00
10689815,U01HD110336,IPF1525701,"LARONDA, MONICA M",2023,401979.0,False,U01,U,Reverse Engineering the Extracellular Neighborhood to Support the Functional Tissue Unit: A Use Case to Restore Ovarian Function,PEDIATRIC_SURGERY,SURGERY,True,0.9167,12,full_forename,1,majority,0.916,2026-08-01T18:11:00+00:00
10710212,R21HD108710,IPF1525701,"LARONDA, MONICA M",2023,230183.0,False,R21,R_OTHER,"Releasing, activating, and maturing follicles from cortical tissue utilizing dynamic synthetic microenvironment",PEDIATRIC_SURGERY,SURGERY,True,0.9167,12,full_forename,1,majority,0.916,2026-08-01T18:11:00+00:00
10814646,U01HD110336,IPF1525701,"LARONDA, MONICA M",2023,150000.0,False,U01,U,Admin. Supplement for  Reverse Engineering the Extracellular Neighborhood to Support the Functional Tissue Unit: A Use Case to Restore Ovarian Function,PEDIATRIC_SURGERY,SURGERY,True,0.9167,12,full_forename,1,majority,0.916,2026-08-01T18:11:00+00:00
10833072,R01HD104683,IPF1525701,"LARONDA, MONICA M",2024,323599.0,True,R01,R01,Defining the microenvironment that will enable a long-term bioprosthetic ovary transplant,PEDIATRIC_SURGERY,SURGERY,True,0.9167,12,full_forename,1,majority,0.916,2026-08-01T18:11:00+00:00
10886743,U01HD110336,IPF1525701,"LARONDA, MONICA M",2024,390806.0,False,U01,U,Reverse Engineering the Extracellular Neighborhood to Support the Functional Tissue Unit: A Use Case to Restore Ovarian Function,PEDIATRIC_SURGERY,SURGERY,True,0.9167,12,full_forename,1,majority,0.916,2026-08-01T18:11:00+00:00
11083573,R01HD104683,IPF1525701,"LARONDA, MONICA M",2025,291945.0,True,R01,R01,Defining the microenvironment that will enable a long-term bioprosthetic ovary transplant,PEDIATRIC_SURGERY,SURGERY,True,0.9167,12,full_forename,1,majority,0.916,2026-08-01T18:11:00+00:00
11170488,U01HD110336,IPF1525701,"LARONDA, MONICA M",2025,387310.0,False,U01,U,Reverse Engineering the Extracellular Neighborhood to Support the Functional Tissue Unit: A Use Case to Restore Ovarian Function,PEDIATRIC_SURGERY,SURGERY,True,0.9167,12,full_forename,1,majority,0.916,2026-08-01T18:11:00+00:00
10950155,K23AR084596,IPF1525701,"PATEL, NEERAJ M.",2024,168480.0,False,K23,K,RED KARD: Reducing Disparities in Knee Arthroscopy for Adolescents,ORTHOPEDIC_SURGERY,ORTHOPEDICS,False,1.0,12,full_forename,3,majority,0.916,2026-08-01T18:11:00+00:00
11129806,K23AR084596,IPF1525701,"PATEL, NEERAJ M.",2025,168480.0,False,K23,K,RED KARD: Reducing Disparities in Knee Arthroscopy for Adolescents,ORTHOPEDIC_SURGERY,ORTHOPEDICS,False,1.0,12,full_forename,3,majority,0.916,2026-08-01T18:11:00+00:00
10847271,T32HD111386,IPF1525701,"RAVAL, MEHUL V.",2024,196687.0,False,T32,T,Childrenâs Surgery Methodology And Research Training (C-SMART),PEDIATRIC_SURGERY,SURGERY,True,1.0,102,full_forename,1,majority,0.916,2026-08-01T18:11:00+00:00
11086731,T32HD111386,IPF1525701,"RAVAL, MEHUL V.",2025,395571.0,False,T32,T,Childrenâs Surgery Methodology And Research Training (C-SMART),PEDIATRIC_SURGERY,SURGERY,True,1.0,102,full_forename,1,majority,0.916,2026-08-01T18:11:00+00:00
10863048,R01DK127991,IPF1525701,"RYDER, JUSTIN R.",2023,716321.0,True,R01,R01,Adaptive Mechanisms Responsible for Weight Regain in Youth with Obesity and the Influence of Sex,GENERAL_AND_UNSPECIFIED_SURGERY,SURGERY,True,0.9412,17,full_forename,1,majority,0.916,2026-08-01T18:11:00+00:00
10799454,R01DK136207,IPF1525701,"RYDER, JUSTIN R.",2024,683996.0,True,R01,R01,Mechanisms of SGLT2 Inhibition in Pediatric NAFLD,GENERAL_AND_UNSPECIFIED_SURGERY,SURGERY,True,0.9412,17,full_forename,1,majority,0.916,2026-08-01T18:11:00+00:00
10922873,R01DK127991,IPF1525701,"RYDER, JUSTIN R.",2024,666790.0,True,R01,R01,Adaptive Mechanisms Responsible for Weight Regain in Youth with Obesity and the Influence of Sex,GENERAL_AND_UNSPECIFIED_SURGERY,SURGERY,True,0.9412,17,full_forename,1,majority,0.916,2026-08-01T18:11:00+00:00
11004328,R01DK127991,IPF1525701,"RYDER, JUSTIN R.",2025,691697.0,True,R01,R01,Adaptive Mechanisms Responsible for Weight Regain in Youth with Obesity and the Influence of Sex,GENERAL_AND_UNSPECIFIED_SURGERY,SURGERY,True,0.9412,17,full_forename,1,majority,0.916,2026-08-01T18:11:00+00:00
11039933,R01DK136207,IPF1525701,"RYDER, JUSTIN R.",2025,603223.0,True,R01,R01,Mechanisms of SGLT2 Inhibition in Pediatric NAFLD,GENERAL_AND_UNSPECIFIED_SURGERY,SURGERY,True,0.9412,17,full_forename,1,majority,0.916,2026-08-01T18:11:00+00:00
11048585,R01DK139139,IPF1525701,"SHARMA, ARUN",2025,708138.0,True,R01,R01,A Biomechanocompatible Small Molecule Releasing Scaffold for Bladder Augmentation,UROLOGY,UROLOGY,False,1.0,8,full_forename,5,majority,0.916,2026-08-01T18:11:00+00:00
10389393,F30HD107966,IPF1525701,"TSUI, ELIZABETH",2022,40352.0,False,F30,F,Understanding the microenvironment of the pediatric ovary across the pubertal transition: implications for fertility,PEDIATRIC_SURGERY,SURGERY,True,1.0,1,full_forename,1,majority,0.916,2026-08-01T18:11:00+00:00
10663059,F30HD107966,IPF1525701,"TSUI, ELIZABETH",2023,41294.0,False,F30,F,Understanding the microenvironment of the pediatric ovary across the pubertal transition: implications for fertility,PEDIATRIC_SURGERY,SURGERY,True,1.0,1,full_forename,1,majority,0.916,2026-08-01T18:11:00+00:00
10870081,F30HD107966,IPF1525701,"TSUI, ELIZABETH",2024,19031.0,False,F30,F,Understanding the microenvironment of the pediatric ovary across the pubertal transition: implications for fertility,PEDIATRIC_SURGERY,SURGERY,True,1.0,1,full_forename,1,majority,0.916,2026-08-01T18:11:00+00:00
10366962,R01DC019387,IPF1525701,"YOUNG, NANCY MELINDA",2022,698895.0,True,R01,R01,Neural Prediction to Enhance Language Outcomes in Children with Cochlear Implant,OTOLARYNGOLOGY_HNS,OTOLARYNGOLOGY,False,1.0,12,full_forename,2,majority,0.916,2026-08-01T18:11:00+00:00
10676076,R01DC019387,IPF1525701,"YOUNG, NANCY MELINDA",2023,602179.0,True,R01,R01,Neural Prediction to Enhance Language Outcomes in Children with Cochlear Implant,OTOLARYNGOLOGY_HNS,OTOLARYNGOLOGY,False,1.0,12,full_forename,2,majority,0.916,2026-08-01T18:11:00+00:00
10907462,R01DC019387,IPF1525701,"YOUNG, NANCY MELINDA",2024,602156.0,True,R01,R01,Neural Prediction to Enhance Language Outcomes in Children with Cochlear Implant,OTOLARYNGOLOGY_HNS,OTOLARYNGOLOGY,False,1.0,12,full_forename,2,majority,0.916,2026-08-01T18:11:00+00:00
11166648,R01DC019387,IPF1525701,"YOUNG, NANCY MELINDA",2025,597601.0,True,R01,R01,Neural Prediction to Enhance Language Outcomes in Children with Cochlear Implant,OTOLARYNGOLOGY_HNS,OTOLARYNGOLOGY,False,1.0,12,full_forename,2,majority,0.916,2026-08-01T18:11:00+00:00
10825252,F32HL172607,IPF1531401,"LOY, KELSEY ALEXANDRA",2024,66030.0,False,F32,F,Spatial Heterogeneity in PIK3CA-Mutated Lymphatic Malformations,OTOLARYNGOLOGY_HNS,OTOLARYNGOLOGY,False,1.0,2,full_forename,1,majority,0.916,2026-08-01T17:41:41+00:00
10263892,R01CA175216,IPF1531401,"SHNORHAVORIAN, MARGARETT",2021,803926.0,True,R01,R01,Testicular effects of modern chemotherapy regimens in osteosarcoma survivors,UROLOGY,UROLOGY,False,1.0,32,full_forename,1,majority,0.916,2026-08-01T17:41:41+00:00
10432092,R01CA175216,IPF1531401,"SHNORHAVORIAN, MARGARETT",2022,187641.0,True,R01,R01,Testicular effects of modern chemotherapy regimens in osteosarcoma survivors,UROLOGY,UROLOGY,False,1.0,32,full_forename,1,majority,0.916,2026-08-01T17:41:41+00:00
10120638,R01CA155769,IPF3058203,"BADIE, BEHNAM",2021,410877.0,True,R01,R01,Role of Receptor for Advanced Glycation End Product (RAGE) Pathway in Brain Tumors,NEUROSURGERY,NEUROSURGERY,False,0.931,29,full_forename,2,majority,0.916,2026-08-01T17:46:07+00:00
10750788,R01NS134116,IPF3058203,"BADIE, BEHNAM",2023,440000.0,True,R01,R01,Improving Glioma Immunotherapy Efficacy by Regulating Tumor Inflammation,NEUROSURGERY,NEUROSURGERY,False,0.931,29,full_forename,2,majority,0.916,2026-08-01T17:46:07+00:00
10912015,R01NS134116,IPF3058203,"BADIE, BEHNAM",2024,570541.0,True,R01,R01,Improving Glioma Immunotherapy Efficacy by Regulating Tumor Inflammation,NEUROSURGERY,NEUROSURGERY,False,0.931,29,full_forename,2,majority,0.916,2026-08-01T17:46:07+00:00
11140875,R01NS143100,IPF3058203,"BADIE, BEHNAM",2025,439239.0,True,R01,R01,Novel Neurosurgical Device for Evacuation of Intracerebral Hematoma,NEUROSURGERY,NEUROSURGERY,False,0.931,29,full_forename,2,majority,0.916,2026-08-01T17:46:07+00:00
11179213,R01NS134116,IPF3058203,"BADIE, BEHNAM",2025,571835.0,True,R01,R01,Improving Glioma Immunotherapy Efficacy by Regulating Tumor Inflammation,NEUROSURGERY,NEUROSURGERY,False,0.931,29,full_forename,2,majority,0.916,2026-08-01T17:46:07+00:00
11142256,R01NS138604,IPF3058203,"CHATTERJEE, SASWATI",2025,738182.0,True,R01,R01,High Fidelity Genome Editing for the Correction of MECP2 Mutations and Physiologic Regulation of Expression in Rett Syndrome,GENERAL_AND_UNSPECIFIED_SURGERY,SURGERY,True,1.0,4,full_forename,2,majority,0.916,2026-08-01T17:46:07+00:00
10859708,R37CA284040,IPF3058203,"ERHUNMWUNSEE, LORETTA",2024,1027816.0,True,R37,R01,Examining the Impact of Structural Racism on African American Non-Small Cell Lung Cancer Mutational Signatures and Outcomes,GENERAL_AND_UNSPECIFIED_SURGERY,SURGERY,True,1.0,38,full_forename,1,majority,0.916,2026-08-01T17:46:07+00:00
11088138,R37CA284040,IPF3058203,"ERHUNMWUNSEE, LORETTA",2025,1190046.0,True,R37,R01,Air Pollution and Neighborhood Stressors as Determinants of Non-Small Cell Lung Cancer (NSCLC) Mutation Patterns and Recurrence,GENERAL_AND_UNSPECIFIED_SURGERY,SURGERY,True,1.0,38,full_forename,1,majority,0.916,2026-08-01T17:46:07+00:00
10299473,R01CA241845,IPF3058203,"HAHN, MARIA",2021,958109.0,True,R01,R01,Validation of epigenomic biomarkers for thyroid cancer diagnostics,SURGICAL_ONCOLOGY,SURGERY,True,1.0,1,full_forename,2,majority,0.916,2026-08-01T17:46:07+00:00
10427442,R01CA241845,IPF3058203,"HAHN, MARIA",2023,823929.0,True,R01,R01,Validation of epigenomic biomarkers for thyroid cancer diagnostics,SURGICAL_ONCOLOGY,SURGERY,True,1.0,1,full_forename,2,majority,0.916,2026-08-01T17:46:07+00:00
10744177,R01CA241845,IPF3058203,"HAHN, MARIA",2024,779408.0,True,R01,R01,Validation of epigenomic biomarkers for thyroid cancer diagnostics,SURGICAL_ONCOLOGY,SURGERY,True,1.0,1,full_forename,2,majority,0.916,2026-08-01T17:46:07+00:00
11014853,R01CA241845,IPF3058203,"HAHN, MARIA",2024,267000.0,True,R01,R01,Validation of Epigenomic Biomarkers for Thyroid Cancer Diagnostics,SURGICAL_ONCOLOGY,SURGERY,True,1.0,1,full_forename,2,majority,0.916,2026-08-01T17:46:07+00:00
10991407,R01CA241845,IPF3058203,"HAHN, MARIA",2025,819119.0,True,R01,R01,Validation of epigenomic biomarkers for thyroid cancer diagnostics,SURGICAL_ONCOLOGY,SURGERY,True,1.0,1,full_forename,2,majority,0.916,2026-08-01T17:46:07+00:00
10715163,R01CA282505,IPF3058203,"LAI, LILY LAU",2023,643569.0,True,R01,R01,Advancing Photoacoustic Tomography in breast imaging to predict response in breast cancers treated with neoadjuvant therapy,GENERAL_AND_UNSPECIFIED_SURGERY,SURGERY,True,0.9655,29,full_forename,2,majority,0.916,2026-08-01T17:46:07+00:00
10880685,R01CA282505,IPF3058203,"LAI, LILY LAU",2024,626022.0,True,R01,R01,Advancing Photoacoustic Tomography in breast imaging to predict response in breast cancers treated with neoadjuvant therapy,GENERAL_AND_UNSPECIFIED_SURGERY,SURGERY,True,0.9655,29,full_forename,2,majority,0.916,2026-08-01T17:46:07+00:00
11124881,R01CA282505,IPF3058203,"LAI, LILY LAU",2025,690727.0,True,R01,R01,Advancing Photoacoustic Tomography in breast imaging to predict response in breast cancers treated with neoadjuvant therapy,GENERAL_AND_UNSPECIFIED_SURGERY,SURGERY,True,0.9655,29,full_forename,2,majority,0.916,2026-08-01T17:46:07+00:00
10189361,R21NR019866,IPF3058203,"MELSTROM, LALEH",2021,220000.0,False,R21,R_OTHER,Perioperative Telemonitoring to Optimize Cancer Care and Outcomes,GENERAL_AND_UNSPECIFIED_SURGERY,SURGERY,True,0.9674,92,full_forename,1,majority,0.916,2026-08-01T17:46:07+00:00
10392999,R21NR019866,IPF3058203,"MELSTROM, LALEH",2022,220000.0,False,R21,R_OTHER,Perioperative Telemonitoring to Optimize Cancer Care and Outcomes,GENERAL_AND_UNSPECIFIED_SURGERY,SURGERY,True,0.9674,92,full_forename,1,majority,0.916,2026-08-01T17:46:07+00:00
10289626,R21CA263751,IPF3058203,"RAZ, DAN J",2021,246840.0,False,R21,R_OTHER,Effects of tumor-microbial interactions on EGFR-targeted therapy resistance in lung cancer,CARDIAC_CARDIOTHORACIC_SURGERY,SURGERY,True,1.0,40,full_forename,1,majority,0.916,2026-08-01T17:46:07+00:00
10448358,R21CA263751,IPF3058203,"RAZ, DAN J",2022,201587.0,False,R21,R_OTHER,Effects of tumor-microbial interactions on EGFR-targeted therapy resistance in lung cancer,CARDIAC_CARDIOTHORACIC_SURGERY,SURGERY,True,1.0,40,full_forename,1,majority,0.916,2026-08-01T17:46:07+00:00
10137201,R01CA249501,IPF3058203,"SUN, VIRGINIA CHIH-YI",2021,847694.0,True,R01,R01,Self-Management to Optimize Survivorship Care and Outcomes in Lung and Colorectal Cancer,GENERAL_AND_UNSPECIFIED_SURGERY,SURGERY,True,1.0,4,full_forename,1,majority,0.916,2026-08-01T17:46:07+00:00
10248478,R01CA217841,IPF3058203,"SUN, VIRGINIA CHIH-YI",2021,706743.0,True,R01,R01,A Multimedia Self-Management Intervention to Prepare Family Caregivers and Patients for Lung Cancer Surgery,GENERAL_AND_UNSPECIFIED_SURGERY,SURGERY,True,1.0,4,full_forename,1,majority,0.916,2026-08-01T17:46:07+00:00
10411384,R01CA217841,IPF3058203,"SUN, VIRGINIA CHIH-YI",2021,110456.0,True,R01,R01,A Multimedia Self-Management Intervention to Prepare Family Caregivers and Patients for Lung Cancer Surgery,GENERAL_AND_UNSPECIFIED_SURGERY,SURGERY,True,1.0,4,full_forename,1,majority,0.916,2026-08-01T17:46:07+00:00
10376753,R01CA249501,IPF3058203,"SUN, VIRGINIA CHIH-YI",2022,821715.0,True,R01,R01,Self-Management to Optimize Survivorship Care and Outcomes in Lung and Colorectal Cancer,GENERAL_AND_UNSPECIFIED_SURGERY,SURGERY,True,1.0,4,full_forename,1,majority,0.916,2026-08-01T17:46:07+00:00
10472023,R01CA217841,IPF3058203,"SUN, VIRGINIA CHIH-YI",2022,717462.0,True,R01,R01,A Multimedia Self-Management Intervention to Prepare Family Caregivers and Patients for Lung Cancer Surgery,GENERAL_AND_UNSPECIFIED_SURGERY,SURGERY,True,1.0,4,full_forename,1,majority,0.916,2026-08-01T17:46:07+00:00
10524087,R01CA217841,IPF3058203,"SUN, VIRGINIA CHIH-YI",2022,108247.0,True,R01,R01,A Multimedia Self-Management Intervention to Prepare Family Caregivers and Patients for Lung Cancer Surgery,GENERAL_AND_UNSPECIFIED_SURGERY,SURGERY,True,1.0,4,full_forename,1,majority,0.916,2026-08-01T17:46:07+00:00
10606635,R01CA249501,IPF3058203,"SUN, VIRGINIA CHIH-YI",2023,801402.0,True,R01,R01,Self-Management to Optimize Survivorship Care and Outcomes in Lung and Colorectal Cancer,GENERAL_AND_UNSPECIFIED_SURGERY,SURGERY,True,1.0,4,full_forename,1,majority,0.916,2026-08-01T17:46:07+00:00
10836462,R01CA249501,IPF3058203,"SUN, VIRGINIA CHIH-YI",2024,746773.0,True,R01,R01,Self-Management to Optimize Survivorship Care and Outcomes in Lung and Colorectal Cancer,GENERAL_AND_UNSPECIFIED_SURGERY,SURGERY,True,1.0,4,full_forename,1,majority,0.916,2026-08-01T17:46:07+00:00
10186087,R01HL157626,IPF3058203,"WONG, ALEX K.",2021,631277.0,True,R01,R01,Retinoic Acid Induced Lymphangiogenesis for Post-surgical Lymphedema,PLASTIC_SURGERY,PLASTIC SURGERY,False,1.0,1,full_forename,3,majority,0.916,2026-08-01T17:46:07+00:00
10452437,R03HL154300,IPF3058203,"WONG, ALEX K.",2021,88000.0,False,R03,R_OTHER,Mitigation of lymphatic injury by retinoic acid therapyin a large animal model,PLASTIC_SURGERY,PLASTIC SURGERY,False,1.0,1,full_forename,3,majority,0.916,2026-08-01T17:46:07+00:00
10472024,R01HL157626,IPF3058203,"WONG, ALEX K.",2022,626724.0,True,R01,R01,Retinoic Acid Induced Lymphangiogenesis for Post-surgical Lymphedema,PLASTIC_SURGERY,PLASTIC SURGERY,False,1.0,1,full_forename,3,majority,0.916,2026-08-01T17:46:07+00:00
10685300,R01HL157626,IPF3058203,"WONG, ALEX K.",2023,703342.0,True,R01,R01,Retinoic Acid Induced Lymphangiogenesis for Post-surgical Lymphedema,PLASTIC_SURGERY,PLASTIC SURGERY,False,1.0,1,full_forename,3,majority,0.916,2026-08-01T17:46:07+00:00
10212368,R01DE029862,IPF3617301,"GRILLONE, GREGORY A",2021,682508.0,True,R01,R01,Validation of Light Scattering Spectroscopy for Intra-operative Margin Guidance during Oral Cancer Resection,OTOLARYNGOLOGY_HNS,OTOLARYNGOLOGY,False,1.0,8,full_forename,1,majority,0.916,2026-08-01T18:08:50+00:00
10410519,R01DE029862,IPF3617301,"GRILLONE, GREGORY A",2022,709868.0,True,R01,R01,Validation of Light Scattering Spectroscopy for Intra-operative Margin Guidance during Oral Cancer Resection,OTOLARYNGOLOGY_HNS,OTOLARYNGOLOGY,False,1.0,8,full_forename,1,majority,0.916,2026-08-01T18:08:50+00:00
10632045,R01DE029862,IPF3617301,"GRILLONE, GREGORY A",2023,717253.0,True,R01,R01,Validation of Light Scattering Spectroscopy for Intra-operative Margin Guidance during Oral Cancer Resection,OTOLARYNGOLOGY_HNS,OTOLARYNGOLOGY,False,1.0,8,full_forename,1,majority,0.916,2026-08-01T18:08:50+00:00
10854947,R01DE029862,IPF3617301,"GRILLONE, GREGORY A",2024,703116.0,True,R01,R01,Validation of Light Scattering Spectroscopy for Intra-operative Margin Guidance during Oral Cancer Resection,OTOLARYNGOLOGY_HNS,OTOLARYNGOLOGY,False,1.0,8,full_forename,1,majority,0.916,2026-08-01T18:08:50+00:00
10126226,K01HL151902,IPF3617301,"STREED, CARL G",2021,166320.0,False,K01,K,Building methods to assess and address cardiovascular health in transgender adults,OTHER_EXPLICIT_SURGERY,SURGERY,True,0.74,50,full_forename,1,majority,0.916,2026-08-01T18:08:50+00:00
10392856,K01HL151902,IPF3617301,"STREED, CARL G",2022,166320.0,False,K01,K,Building methods to assess and address cardiovascular health in transgender adults,OTHER_EXPLICIT_SURGERY,SURGERY,True,0.74,50,full_forename,1,majority,0.916,2026-08-01T18:08:50+00:00
10596603,K01HL151902,IPF3617301,"STREED, CARL G",2023,166320.0,False,K01,K,Building methods to assess and address cardiovascular health in transgender adults,OTHER_EXPLICIT_SURGERY,SURGERY,True,0.74,50,full_forename,1,majority,0.916,2026-08-01T18:08:50+00:00
10820423,K01HL151902,IPF3617301,"STREED, CARL G",2024,166277.0,False,K01,K,Building methods to assess and address cardiovascular health in transgender adults,OTHER_EXPLICIT_SURGERY,SURGERY,True,0.74,50,full_forename,1,majority,0.916,2026-08-01T18:08:50+00:00
10936826,K01HL151902,IPF3617301,"STREED, CARL G",2024,31691.0,False,K01,K,Assessing the burden of dementia in transgender populations,OTHER_EXPLICIT_SURGERY,SURGERY,True,0.74,50,full_forename,1,majority,0.916,2026-08-01T18:08:50+00:00
10829560,R01NS113893,IPF4155008,"FENOY, ALBERT J",2022,438502.0,True,R01,R01,Elucidating the Temporality of Structural and Functional Connectivity Changes in Essential Tremor after successful Deep Brain Stimulation to the dentato-rubrothalamic tract,NEUROSURGERY,NEUROSURGERY,False,1.0,2,full_forename,1,majority,0.916,2026-08-01T18:06:04+00:00
10704583,R01NS113893,IPF4155008,"FENOY, ALBERT J",2024,355560.0,True,R01,R01,Elucidating the Temporality of Structural and Functional Connectivity Changes in Essential Tremor after successful Deep Brain Stimulation to the dentato-rubrothalamic tract,NEUROSURGERY,NEUROSURGERY,False,1.0,2,full_forename,1,majority,0.916,2026-08-01T18:06:04+00:00
11029124,R01MH138636,IPF4155008,"FENOY, ALBERT J",2025,638872.0,True,R01,R01,Elucidating Reward Network Modulation in Medial Forebrain Bundle Deep Brain Stimulation for Treatment Resistant Depression,NEUROSURGERY,NEUROSURGERY,False,1.0,2,full_forename,1,majority,0.916,2026-08-01T18:06:04+00:00
10101481,R01AR072597,IPF4976101,"ABDEL, MATTHEW P",2021,339306.0,True,R01,R01,Pathologic Role of Inflammation and Mechanistic Analysis of Myofibroblastogenesis in Arthrofibrosis,ORTHOPEDIC_SURGERY,ORTHOPEDICS,False,1.0,108,full_forename,1,majority,0.916,2026-08-01T16:30:35+00:00
10359048,R01AR072597,IPF4976101,"ABDEL, MATTHEW P",2022,346302.0,True,R01,R01,Pathologic Role of Inflammation and Mechanistic Analysis of Myofibroblastogenesis in Arthrofibrosis,ORTHOPEDIC_SURGERY,ORTHOPEDICS,False,1.0,108,full_forename,1,majority,0.916,2026-08-01T16:30:35+00:00
11041613,R01AR083873,IPF4976101,"ABDEL, MATTHEW P",2025,342975.0,True,R01,R01,Local Delivery of AdipoRon to Treat Arthrofibrosis,ORTHOPEDIC_SURGERY,ORTHOPEDICS,False,1.0,108,full_forename,1,majority,0.916,2026-08-01T16:30:35+00:00
10236314,P30AR076312,IPF4976101,"BERRY, DANIEL",2021,629384.0,False,P30,P,CORE CENTER FOR CLINICAL RESEACH IN TOTAL JOINT ARTHROPLASTY (CORE-TJA),ORTHOPEDIC_SURGERY,ORTHOPEDICS,False,1.0,60,full_forename,2,majority,0.916,2026-08-01T16:30:35+00:00
10477000,P30AR076312,IPF4976101,"BERRY, DANIEL",2022,629384.0,False,P30,P,CORE CENTER FOR CLINICAL RESEACH IN TOTAL JOINT ARTHROPLASTY (CORE-TJA),ORTHOPEDIC_SURGERY,ORTHOPEDICS,False,1.0,60,full_forename,2,majority,0.916,2026-08-01T16:30:35+00:00
10703439,P30AR076312,IPF4976101,"BERRY, DANIEL",2023,629384.0,False,P30,P,CORE CENTER FOR CLINICAL RESEACH IN TOTAL JOINT ARTHROPLASTY (CORE-TJA),ORTHOPEDIC_SURGERY,ORTHOPEDICS,False,1.0,60,full_forename,2,majority,0.916,2026-08-01T16:30:35+00:00
10929871,P30AR076312,IPF4976101,"BERRY, DANIEL",2024,647503.0,False,P30,P,American Joint Replacement Research-Collaborative (AJRR-C),ORTHOPEDIC_SURGERY,ORTHOPEDICS,False,1.0,60,full_forename,2,majority,0.916,2026-08-01T16:30:35+00:00
11194982,P30AR076312,IPF4976101,"BERRY, DANIEL",2025,520826.0,False,P30,P,American Joint Replacement Research-Collaborative (AJRR-C),ORTHOPEDIC_SURGERY,ORTHOPEDICS,False,1.0,60,full_forename,2,majority,0.916,2026-08-01T16:30:35+00:00
10791879,UG1CA232760,IPF4976101,"BOUGHEY, JUDY CAROLINE",2024,886701.0,False,UG1,U,"NCI, National Clinical Trials Network Lead Academic Participating Site (LAPS) UG1",SURGICAL_ONCOLOGY,SURGERY,True,1.0,99,full_forename,1,majority,0.916,2026-08-01T16:30:35+00:00
11252049,UG1CA232760,IPF4976101,"BOUGHEY, JUDY CAROLINE",2025,934827.0,False,UG1,U,"NCI, National Clinical Trials Network Lead Academic Participating Site (LAPS) UG1 (funded extension)",SURGICAL_ONCOLOGY,SURGERY,True,1.0,99,full_forename,1,majority,0.916,2026-08-01T16:30:35+00:00
10358421,R61NS122096,IPF4976101,"BURNS, TERRY",2022,397500.0,False,R61,R_OTHER,Intracranial D-2-Hydroxyglutarate as a Monitoring Biomarker for IDH-mutant Glioma.,NEUROSURGERY,NEUROSURGERY,False,0.6727,55,full_forename,6,majority,0.916,2026-08-01T16:30:35+00:00
10566235,R37CA276851,IPF4976101,"BURNS, TERRY",2023,545993.0,True,R37,R01,Glioma intelligence from behind enemy lines,NEUROSURGERY,NEUROSURGERY,False,0.6727,55,full_forename,6,majority,0.916,2026-08-01T16:30:35+00:00
10591511,R61NS122096,IPF4976101,"BURNS, TERRY",2023,397500.0,False,R61,R_OTHER,Intracranial D-2-Hydroxyglutarate as a Monitoring Biomarker for IDH-mutant Glioma.,NEUROSURGERY,NEUROSURGERY,False,0.6727,55,full_forename,6,majority,0.916,2026-08-01T16:30:35+00:00
10792628,R61NS122096,IPF4976101,"BURNS, TERRY",2024,385574.0,False,R61,R_OTHER,Intracranial D-2-Hydroxyglutarate as a Monitoring Biomarker for IDH-mutant Glioma.,NEUROSURGERY,NEUROSURGERY,False,0.6727,55,full_forename,6,majority,0.916,2026-08-01T16:30:35+00:00
10794254,R37CA276851,IPF4976101,"BURNS, TERRY",2024,508690.0,True,R37,R01,Glioma intelligence from behind enemy lines,NEUROSURGERY,NEUROSURGERY,False,0.6727,55,full_forename,6,majority,0.916,2026-08-01T16:30:35+00:00
11036290,R37CA276851,IPF4976101,"BURNS, TERRY",2025,525455.0,True,R37,R01,Glioma intelligence from behind enemy lines,NEUROSURGERY,NEUROSURGERY,False,0.6727,55,full_forename,6,majority,0.916,2026-08-01T16:30:35+00:00
11036886,R33NS122096,IPF4976101,"BURNS, TERRY",2025,358007.0,False,R33,R_OTHER,Intracranial D-2-Hydroxyglutarate as a Monitoring Biomarker for IDH-mutant Glioma.,NEUROSURGERY,NEUROSURGERY,False,0.6727,55,full_forename,6,majority,0.916,2026-08-01T16:30:35+00:00
10067533,R01CA237607,IPF4976101,"DEGNIM, AMY C",2021,887829.0,True,R01,R01,Biomarkers to Improve Targeting of Breast Cancer Prevention in Women with Atypical Hyperplasia,GENERAL_AND_UNSPECIFIED_SURGERY,SURGERY,True,1.0,62,full_forename,1,majority,0.916,2026-08-01T16:30:35+00:00
10335816,R01CA237607,IPF4976101,"DEGNIM, AMY C",2022,861161.0,True,R01,R01,Biomarkers to Improve Targeting of Breast Cancer Prevention in Women with Atypical Hyperplasia,GENERAL_AND_UNSPECIFIED_SURGERY,SURGERY,True,1.0,62,full_forename,1,majority,0.916,2026-08-01T16:30:35+00:00
10542756,R01CA237607,IPF4976101,"DEGNIM, AMY C",2023,890696.0,True,R01,R01,Biomarkers to Improve Targeting of Breast Cancer Prevention in Women with Atypical Hyperplasia,GENERAL_AND_UNSPECIFIED_SURGERY,SURGERY,True,1.0,62,full_forename,1,majority,0.916,2026-08-01T16:30:35+00:00
10756139,R01CA237607,IPF4976101,"DEGNIM, AMY C",2024,637457.0,True,R01,R01,Biomarkers to Improve Targeting of Breast Cancer Prevention in Women with Atypical Hyperplasia,GENERAL_AND_UNSPECIFIED_SURGERY,SURGERY,True,1.0,62,full_forename,1,majority,0.916,2026-08-01T16:30:35+00:00
10261518,R01AR076347,IPF4976101,"GINGERY, ANNE",2023,670703.0,True,R01,R01,The Role of Cellular Senescence in Carpal Tunnel Syndrome,ORTHOPEDIC_SURGERY,ORTHOPEDICS,False,0.6667,24,full_forename,1,majority,0.916,2026-08-01T16:30:35+00:00
10755238,R01AR076347,IPF4976101,"GINGERY, ANNE",2024,650582.0,True,R01,R01,The Role of Cellular Senescence in Carpal Tunnel Syndrome,ORTHOPEDIC_SURGERY,ORTHOPEDICS,False,0.6667,24,full_forename,1,majority,0.916,2026-08-01T16:30:35+00:00
10905480,R13AR084329,IPF4976101,"GINGERY, ANNE",2024,15000.0,False,R13,R_OTHER,ORS Tendon Conference 2024: Mechanism to Therapy â Emerging Technologies and Therapeutic Outcomes,ORTHOPEDIC_SURGERY,ORTHOPEDICS,False,0.6667,24,full_forename,1,majority,0.916,2026-08-01T16:30:35+00:00
10996173,R01AR076347,IPF4976101,"GINGERY, ANNE",2025,650582.0,True,R01,R01,The Role of Cellular Senescence in Carpal Tunnel Syndrome,ORTHOPEDIC_SURGERY,ORTHOPEDICS,False,0.6667,24,full_forename,1,majority,0.916,2026-08-01T16:30:35+00:00
10144350,R01AG056255,IPF4976101,"HALLBECK, M. SUSAN",2021,570311.0,True,R01,R01,Development of Technologies to Increase In-Seat Movement to Prevent Sitting-Acquired Pressure Injuries in Wheelchair Users,GENERAL_AND_UNSPECIFIED_SURGERY,SURGERY,True,0.963,27,initials_only_unambiguous,0,majority,0.916,2026-08-01T16:30:35+00:00
10289178,R01AG056255,IPF4976101,"HALLBECK, M. SUSAN",2021,414697.0,True,R01,R01,Development of Technologies to Increase In-Seat Movement to Prevent Sitting-Acquired Pressure Injuries in Wheelchair Users,GENERAL_AND_UNSPECIFIED_SURGERY,SURGERY,True,0.963,27,initials_only_unambiguous,0,majority,0.916,2026-08-01T16:30:35+00:00
10192657,R01AR055563,IPF4976101,"KRYCH, AARON",2021,674940.0,True,R01,R01,Neuromuscular Intervention Targeted to Mechanisms of ACL Load in Female Athletes,ORTHOPEDIC_SURGERY,ORTHOPEDICS,False,1.0,107,full_forename,1,majority,0.916,2026-08-01T16:30:35+00:00
10443822,R01AR055563,IPF4976101,"KRYCH, AARON",2022,692585.0,True,R01,R01,Neuromuscular Intervention Targeted to Mechanisms of ACL Load in Female Athletes,ORTHOPEDIC_SURGERY,ORTHOPEDICS,False,1.0,107,full_forename,1,majority,0.916,2026-08-01T16:30:35+00:00
10131133,R01AR075037,IPF4976101,"LU, LICHUN",2021,472356.0,True,R01,R01,Injectable and Moldable Composite Bone Scaffolds for Spinal Fusion,ORTHOPEDIC_SURGERY,ORTHOPEDICS,False,0.5833,12,full_forename,6,majority,0.916,2026-08-01T16:30:35+00:00
10444098,R01AR075037,IPF4976101,"LU, LICHUN",2021,67282.0,True,R01,R01,Injectable and Moldable Composite Bone Scaffolds for Spinal Fusion,ORTHOPEDIC_SURGERY,ORTHOPEDICS,False,0.5833,12,full_forename,6,majority,0.916,2026-08-01T16:30:35+00:00
10364656,R01AR075037,IPF4976101,"LU, LICHUN",2022,523072.0,True,R01,R01,Injectable and Moldable Composite Bone Scaffolds for Spinal Fusion,ORTHOPEDIC_SURGERY,ORTHOPEDICS,False,0.5833,12,full_forename,6,majority,0.916,2026-08-01T16:30:35+00:00
10585673,R01AR056212,IPF4976101,"LU, LICHUN",2023,414424.0,True,R01,R01,Metastatic Spine Tumors: Minimally Invasive Fracture Risk Analysis and Treatment - Master,ORTHOPEDIC_SURGERY,ORTHOPEDICS,False,0.5833,12,full_forename,6,majority,0.916,2026-08-01T16:30:35+00:00
10614952,R01AR075037,IPF4976101,"LU, LICHUN",2023,482325.0,True,R01,R01,Injectable and Moldable Composite Bone Scaffolds for Spinal Fusion,ORTHOPEDIC_SURGERY,ORTHOPEDICS,False,0.5833,12,full_forename,6,majority,0.916,2026-08-01T16:30:35+00:00
10812228,R01AR056212,IPF4976101,"LU, LICHUN",2024,445734.0,True,R01,R01,Metastatic Spine Tumors: Minimally Invasive Fracture Risk Analysis and Treatment - Master,ORTHOPEDIC_SURGERY,ORTHOPEDICS,False,0.5833,12,full_forename,6,majority,0.916,2026-08-01T16:30:35+00:00
11016968,R01AR056212,IPF4976101,"LU, LICHUN",2025,475317.0,True,R01,R01,Metastatic Spine Tumors: Minimally Invasive Fracture Risk Analysis and Treatment - Master,ORTHOPEDIC_SURGERY,ORTHOPEDICS,False,0.5833,12,full_forename,6,majority,0.916,2026-08-01T16:30:35+00:00
10516471,U01NS128612,IPF4976101,"MILLER, KAI",2022,1175904.0,False,U01,U,An Ecosystem of Technology and Protocols for Adaptive Neuromodulation Research in Humans,NEUROSURGERY,NEUROSURGERY,False,0.5185,27,full_forename,8,majority,0.916,2026-08-01T16:30:35+00:00
10707462,U01NS128612,IPF4976101,"MILLER, KAI",2023,1330756.0,False,U01,U,An Ecosystem of Technology and Protocols for Adaptive Neuromodulation Research in Humans,NEUROSURGERY,NEUROSURGERY,False,0.5185,27,full_forename,8,majority,0.916,2026-08-01T16:30:35+00:00
10909108,U01NS128612,IPF4976101,"MILLER, KAI",2025,1072354.0,False,U01,U,An Ecosystem of Technology and Protocols for Adaptive Neuromodulation Research in Humans,NEUROSURGERY,NEUROSURGERY,False,0.5185,27,full_forename,8,majority,0.916,2026-08-01T16:30:35+00:00
11128957,R01DK140085,IPF4976101,"NYBERG, SCOTT LYLE",2025,322800.0,True,R01,R01,MKK4 Regulation of Liver Regeneration after Resection of Colorectal Metastasis or Hilar Cholangiocarcinoma,GENERAL_AND_UNSPECIFIED_SURGERY,SURGERY,True,1.0,27,full_forename,2,majority,0.916,2026-08-01T16:30:35+00:00
10172926,R01GM126086,IPF4976101,"PARK, MYUNG SOO",2021,703494.0,True,R01,R01,Predictors of Venous Thromboembolism: A Multicenter Prospective Cohort Study,GENERAL_AND_UNSPECIFIED_SURGERY,SURGERY,True,0.7143,7,full_forename,6,majority,0.916,2026-08-01T16:30:35+00:00
10401876,R01GM126086,IPF4976101,"PARK, MYUNG SOO",2022,627738.0,True,R01,R01,Predictors of Venous Thromboembolism: A Multicenter Prospective Cohort Study,GENERAL_AND_UNSPECIFIED_SURGERY,SURGERY,True,0.7143,7,full_forename,6,majority,0.916,2026-08-01T16:30:35+00:00
10655727,R01HL162729,IPF4976101,"PARK, MYUNG SOO",2023,684981.0,True,R01,R01,Venous Thrombosis After Traumatic Injury,GENERAL_AND_UNSPECIFIED_SURGERY,SURGERY,True,0.7143,7,full_forename,6,majority,0.916,2026-08-01T16:30:35+00:00
10904797,R01HL162729,IPF4976101,"PARK, MYUNG SOO",2024,648296.0,True,R01,R01,Venous Thrombosis After Traumatic Injury,GENERAL_AND_UNSPECIFIED_SURGERY,SURGERY,True,0.7143,7,full_forename,6,majority,0.916,2026-08-01T16:30:35+00:00
11142547,R01HL162729,IPF4976101,"PARK, MYUNG SOO",2025,656905.0,True,R01,R01,Venous Thrombosis After Traumatic Injury,GENERAL_AND_UNSPECIFIED_SURGERY,SURGERY,True,0.7143,7,full_forename,6,majority,0.916,2026-08-01T16:30:35+00:00
11004902,R21HD106162,IPF4976101,"SAMMARCO, MIMI C",2023,77914.0,False,R21,R_OTHER,Spatiotemporal regulation of digit regeneration by sensory nerves,ORTHOPEDIC_SURGERY,ORTHOPEDICS,False,1.0,4,full_forename,1,majority,0.916,2026-08-01T16:30:35+00:00
11005818,R01HD107034,IPF4976101,"SAMMARCO, MIMI C",2023,104436.0,True,R01,R01,Cellular metabolism at the crossroads of skeletal regeneration,ORTHOPEDIC_SURGERY,ORTHOPEDICS,False,1.0,4,full_forename,1,majority,0.916,2026-08-01T16:30:35+00:00
10847421,R01HD107034,IPF4976101,"SAMMARCO, MIMI C",2024,350019.0,True,R01,R01,Cellular metabolism at the crossroads of skeletal regeneration,ORTHOPEDIC_SURGERY,ORTHOPEDICS,False,1.0,4,full_forename,1,majority,0.916,2026-08-01T16:30:35+00:00
11116867,R01HD107034,IPF4976101,"SAMMARCO, MIMI C",2025,340993.0,True,R01,R01,Cellular metabolism at the crossroads of skeletal regeneration,ORTHOPEDIC_SURGERY,ORTHOPEDICS,False,1.0,4,full_forename,1,majority,0.916,2026-08-01T16:30:35+00:00
10131861,R01NS102360,IPF4976101,"SHIN, ALEXANDER Y.",2021,347813.0,True,R01,R01,Bridging the gap: Angiogenesis and stem cell seeding of processed nerve allograft,ORTHOPEDIC_SURGERY,ORTHOPEDICS,False,1.0,41,full_forename,3,majority,0.916,2026-08-01T16:30:35+00:00
10381652,R01NS102360,IPF4976101,"SHIN, ALEXANDER Y.",2022,347813.0,True,R01,R01,Bridging the gap: Angiogenesis and stem cell seeding of processed nerve allograft,ORTHOPEDIC_SURGERY,ORTHOPEDICS,False,1.0,41,full_forename,3,majority,0.916,2026-08-01T16:30:35+00:00
10263227,R01AG068007,IPF4976101,"SOHN, SUNGHWAN",2021,631170.0,True,R01,R01,"Early Detection of Mild Cognitive Impairment, Alzheimer's Disease and Other Dementias using EHR",ORTHOPEDIC_SURGERY,ORTHOPEDICS,False,1.0,2,full_forename,2,majority,0.916,2026-08-01T16:30:35+00:00
10417227,R01AG068007,IPF4976101,"SOHN, SUNGHWAN",2022,626848.0,True,R01,R01,"Early Detection of Mild Cognitive Impairment, Alzheimer's Disease and Other Dementias using EHR",ORTHOPEDIC_SURGERY,ORTHOPEDICS,False,1.0,2,full_forename,2,majority,0.916,2026-08-01T16:30:35+00:00
10634535,R01AG068007,IPF4976101,"SOHN, SUNGHWAN",2023,622274.0,True,R01,R01,"Early Detection of Mild Cognitive Impairment, Alzheimer's Disease and Other Dementias using EHR",ORTHOPEDIC_SURGERY,ORTHOPEDICS,False,1.0,2,full_forename,2,majority,0.916,2026-08-01T16:30:35+00:00
10847493,R01AG068007,IPF4976101,"SOHN, SUNGHWAN",2025,609829.0,True,R01,R01,"Early Detection of Mild Cognitive Impairment, Alzheimer's Disease and Other Dementias using EHR",ORTHOPEDIC_SURGERY,ORTHOPEDICS,False,1.0,2,full_forename,2,majority,0.916,2026-08-01T16:30:35+00:00
11221653,RF1AG090341,IPF4976101,"SOHN, SUNGHWAN",2025,3377863.0,False,RF1,R_OTHER,Advancing womenâs care in Alzheimerâs disease and other dementias through EHR,ORTHOPEDIC_SURGERY,ORTHOPEDICS,False,1.0,2,full_forename,2,majority,0.916,2026-08-01T16:30:35+00:00
10895712,R01HL164416,IPF4976101,"TANG, PAUL",2023,670914.0,True,R01,R01,Targeting Immune-Responsive Gene 1 (Irg1) and Itaconate for Cardioprotection of the Donor Heart for Transplantation,CARDIAC_CARDIOTHORACIC_SURGERY,SURGERY,True,0.8889,18,full_forename,1,majority,0.916,2026-08-01T16:30:35+00:00
10906125,R01HL164416,IPF4976101,"TANG, PAUL",2024,638627.0,True,R01,R01,Targeting Immune-Responsive Gene 1 (Irg1) and Itaconate for Cardioprotection of the Donor Heart for Transplantation,CARDIAC_CARDIOTHORACIC_SURGERY,SURGERY,True,0.8889,18,full_forename,1,majority,0.916,2026-08-01T16:30:35+00:00
10946424,R01HL166140,IPF4976101,"TANG, PAUL",2024,679137.0,True,R01,R01,Targeting Mineralocorticoid Receptor Condensates to Optimize Donor Heart Preservation,CARDIAC_CARDIOTHORACIC_SURGERY,SURGERY,True,0.8889,18,full_forename,1,majority,0.916,2026-08-01T16:30:35+00:00
11010868,R01HL166140,IPF4976101,"TANG, PAUL",2025,681850.0,True,R01,R01,Targeting Mineralocorticoid Receptor Condensates to Optimize Donor Heart Preservation,CARDIAC_CARDIOTHORACIC_SURGERY,SURGERY,True,0.8889,18,full_forename,1,majority,0.916,2026-08-01T16:30:35+00:00
11141004,R01HL164416,IPF4976101,"TANG, PAUL",2025,647639.0,True,R01,R01,Targeting Immune-Responsive Gene 1 (Irg1) and Itaconate for Cardioprotection of the Donor Heart for Transplantation,CARDIAC_CARDIOTHORACIC_SURGERY,SURGERY,True,0.8889,18,full_forename,1,majority,0.916,2026-08-01T16:30:35+00:00
10663602,K99AR080745,IPF4976101,"WEAVER, SAMANTHA R",2023,104867.0,False,K99,K,Girk3 in bone biology and disease,ORTHOPEDIC_SURGERY,ORTHOPEDICS,False,1.0,7,full_forename,2,majority,0.916,2026-08-01T16:30:35+00:00
10835072,K99AR080745,IPF4976101,"WEAVER, SAMANTHA R",2024,104867.0,False,K99,K,Girk3 in bone biology and disease,ORTHOPEDIC_SURGERY,ORTHOPEDICS,False,1.0,7,full_forename,2,majority,0.916,2026-08-01T16:30:35+00:00
10149246,T32AR056950,IPF4976101,"WESTENDORF, JENNIFER J",2021,495035.0,False,T32,T,Musculoskeletal Research Training Program,ORTHOPEDIC_SURGERY,ORTHOPEDICS,False,0.68,50,full_forename,1,majority,0.916,2026-08-01T16:30:35+00:00
10240503,R01AR049069,IPF4976101,"WESTENDORF, JENNIFER J",2021,339306.0,True,R01,R01,Molecular Control of Bone Formation,ORTHOPEDIC_SURGERY,ORTHOPEDICS,False,0.68,50,full_forename,1,majority,0.916,2026-08-01T16:30:35+00:00
10402540,T32AR056950,IPF4976101,"WESTENDORF, JENNIFER J",2021,126832.0,False,T32,T,Musculoskeletal Research Training Program,ORTHOPEDIC_SURGERY,ORTHOPEDICS,False,0.68,50,full_forename,1,majority,0.916,2026-08-01T16:30:35+00:00
10318360,R01AR078552,IPF4976101,"WESTENDORF, JENNIFER J",2022,397500.0,True,R01,R01,Phlpp phosphatases in osteoarthritis,ORTHOPEDIC_SURGERY,ORTHOPEDICS,False,0.68,50,full_forename,1,majority,0.916,2026-08-01T16:30:35+00:00
10403945,T32AR056950,IPF4976101,"WESTENDORF, JENNIFER J",2022,566294.0,False,T32,T,Musculoskeletal Research Training Program,ORTHOPEDIC_SURGERY,ORTHOPEDICS,False,0.68,50,full_forename,1,majority,0.916,2026-08-01T16:30:35+00:00
10581073,R21AR082134,IPF4976101,"WESTENDORF, JENNIFER J",2023,209880.0,False,R21,R_OTHER,PHLPP inhibition and Osteoarthritis-Associated Pain,ORTHOPEDIC_SURGERY,ORTHOPEDICS,False,0.68,50,full_forename,1,majority,0.916,2026-08-01T16:30:35+00:00
10615206,T32AR056950,IPF4976101,"WESTENDORF, JENNIFER J",2023,390162.0,False,T32,T,Musculoskeletal Research Training Program,ORTHOPEDIC_SURGERY,ORTHOPEDICS,False,0.68,50,full_forename,1,majority,0.916,2026-08-01T16:30:35+00:00
10707868,R01AR078552,IPF4976101,"WESTENDORF, JENNIFER J",2023,397500.0,True,R01,R01,Phlpp phosphatases in osteoarthritis,ORTHOPEDIC_SURGERY,ORTHOPEDICS,False,0.68,50,full_forename,1,majority,0.916,2026-08-01T16:30:35+00:00
10768679,R21AR082134,IPF4976101,"WESTENDORF, JENNIFER J",2024,169653.0,False,R21,R_OTHER,PHLPP inhibition and Osteoarthritis-Associated Pain,ORTHOPEDIC_SURGERY,ORTHOPEDICS,False,0.68,50,full_forename,1,majority,0.916,2026-08-01T16:30:35+00:00
10844822,T32AR056950,IPF4976101,"WESTENDORF, JENNIFER J",2024,500396.0,False,T32,T,Musculoskeletal Research Training Program,ORTHOPEDIC_SURGERY,ORTHOPEDICS,False,0.68,50,full_forename,1,majority,0.916,2026-08-01T16:30:35+00:00
10907707,R01AR078552,IPF4976101,"WESTENDORF, JENNIFER J",2024,385575.0,True,R01,R01,Phlpp phosphatases in osteoarthritis,ORTHOPEDIC_SURGERY,ORTHOPEDICS,False,0.68,50,full_forename,1,majority,0.916,2026-08-01T16:30:35+00:00
11099847,T32AR056950,IPF4976101,"WESTENDORF, JENNIFER J",2025,286409.0,False,T32,T,Musculoskeletal Research Training Program,ORTHOPEDIC_SURGERY,ORTHOPEDICS,False,0.68,50,full_forename,1,majority,0.916,2026-08-01T16:30:35+00:00
11168747,R01AR078552,IPF4976101,"WESTENDORF, JENNIFER J",2025,755250.0,True,R01,R01,Phlpp phosphatases in osteoarthritis,ORTHOPEDIC_SURGERY,ORTHOPEDICS,False,0.68,50,full_forename,1,majority,0.916,2026-08-01T16:30:35+00:00
11047864,R21AR084242,IPF4976101,"WYLES, CODY C",2025,377273.0,False,R21,R_OTHER,Leveraging Large Language Models to Automate and Improve Accuracy of Medical Registry Curation,ORTHOPEDIC_SURGERY,ORTHOPEDICS,False,0.96,75,full_forename,1,majority,0.916,2026-08-01T16:30:35+00:00
11230158,K23DK141902,IPF4976101,"WYMER, KEVIN M",2025,203676.0,False,K23,K,Choosing the Right BPH Procedure: Evaluating Patient Priorities and the Impact of Cost on BPH Surgical Preference,UROLOGY,UROLOGY,False,1.0,41,full_forename,1,majority,0.916,2026-08-01T16:30:35+00:00
10091306,R01AR073811,IPF4976101,"ZHAO, CHUNFENG",2021,339306.0,True,R01,R01,Tissue Engineered Tendon Complex for Rotator Cuff Repair and Regeneration,ORTHOPEDIC_SURGERY,ORTHOPEDICS,False,1.0,11,full_forename,6,majority,0.916,2026-08-01T16:30:35+00:00
10118466,R01AR076339,IPF4976101,"ZHAO, CHUNFENG",2021,513099.0,True,R01,R01,Flexor tendon intrinsic healing and intervention strategy development,ORTHOPEDIC_SURGERY,ORTHOPEDICS,False,1.0,11,full_forename,6,majority,0.916,2026-08-01T16:30:35+00:00
10319964,R01AR073811,IPF4976101,"ZHAO, CHUNFENG",2022,346302.0,True,R01,R01,Tissue Engineered Tendon Complex for Rotator Cuff Repair and Regeneration,ORTHOPEDIC_SURGERY,ORTHOPEDICS,False,1.0,11,full_forename,6,majority,0.916,2026-08-01T16:30:35+00:00
10436789,R01AR076339,IPF4976101,"ZHAO, CHUNFENG",2022,507965.0,True,R01,R01,Flexor tendon intrinsic healing and intervention strategy development,ORTHOPEDIC_SURGERY,ORTHOPEDICS,False,1.0,11,full_forename,6,majority,0.916,2026-08-01T16:30:35+00:00
10539274,R01AR073811,IPF4976101,"ZHAO, CHUNFENG",2023,349800.0,True,R01,R01,Tissue Engineered Tendon Complex for Rotator Cuff Repair and Regeneration,ORTHOPEDIC_SURGERY,ORTHOPEDICS,False,1.0,11,full_forename,6,majority,0.916,2026-08-01T16:30:35+00:00
10653161,R01AR076339,IPF4976101,"ZHAO, CHUNFENG",2023,523094.0,True,R01,R01,Flexor tendon intrinsic healing and intervention strategy development,ORTHOPEDIC_SURGERY,ORTHOPEDICS,False,1.0,11,full_forename,6,majority,0.916,2026-08-01T16:30:35+00:00
10896434,R01AR076339,IPF4976101,"ZHAO, CHUNFENG",2024,507400.0,True,R01,R01,Flexor tendon intrinsic healing and intervention strategy development,ORTHOPEDIC_SURGERY,ORTHOPEDICS,False,1.0,11,full_forename,6,majority,0.916,2026-08-01T16:30:35+00:00
11137576,R01AR076339,IPF4976101,"ZHAO, CHUNFENG",2025,470783.0,True,R01,R01,Flexor tendon intrinsic healing and intervention strategy development,ORTHOPEDIC_SURGERY,ORTHOPEDICS,False,1.0,11,full_forename,6,majority,0.916,2026-08-01T16:30:35+00:00
10988456,R21CA284153,IPF4976105,"SCHIAPPARELLI, PAULA V",2024,402401.0,False,R21,R_OTHER,Evaluating the role of SPAK and OSR1 kinases in glioblastoma chemotherapy resistance,NEUROSURGERY,NEUROSURGERY,False,0.7143,14,full_forename,1,majority,0.916,2026-08-01T17:51:46+00:00
10208821,R01CA235667,IPF5079202,"ADUSUMILLI, PRASAD S.",2021,1.0,True,R01,R01,A phase I/II combination immunotherapy clinical trial: mesothelin-targeted chimeric antigen receptor T cells and checkpoint blockade agent in pleural mesothelioma,GENERAL_AND_UNSPECIFIED_SURGERY,SURGERY,True,0.9573,117,full_forename,1,majority,0.916,2026-08-01T16:53:07+00:00
10221646,R01CA236615,IPF5079202,"ADUSUMILLI, PRASAD S.",2021,410835.0,True,R01,R01,Image-guided irreversible electroporation directed CAR T-cell delivery to solid tumors,GENERAL_AND_UNSPECIFIED_SURGERY,SURGERY,True,0.9573,117,full_forename,1,majority,0.916,2026-08-01T16:53:07+00:00
10445296,R01CA235667,IPF5079202,"ADUSUMILLI, PRASAD S.",2022,712796.0,True,R01,R01,A phase I/II combination immunotherapy clinical trial: mesothelin-targeted chimeric antigen receptor T cells and checkpoint blockade agent in pleural mesothelioma,GENERAL_AND_UNSPECIFIED_SURGERY,SURGERY,True,0.9573,117,full_forename,1,majority,0.916,2026-08-01T16:53:07+00:00
10478835,R01CA236615,IPF5079202,"ADUSUMILLI, PRASAD S.",2022,402618.0,True,R01,R01,Image-guided irreversible electroporation directed CAR T-cell delivery to solid tumors,GENERAL_AND_UNSPECIFIED_SURGERY,SURGERY,True,0.9573,117,full_forename,1,majority,0.916,2026-08-01T16:53:07+00:00
10658882,R01CA235667,IPF5079202,"ADUSUMILLI, PRASAD S.",2023,712796.0,True,R01,R01,A phase I/II combination immunotherapy clinical trial: mesothelin-targeted chimeric antigen receptor T cells and checkpoint blockade agent in pleural mesothelioma,GENERAL_AND_UNSPECIFIED_SURGERY,SURGERY,True,0.9573,117,full_forename,1,majority,0.916,2026-08-01T16:53:07+00:00
10857356,R01CA235667,IPF5079202,"ADUSUMILLI, PRASAD S.",2024,690978.0,True,R01,R01,A phase I/II combination immunotherapy clinical trial: mesothelin-targeted chimeric antigen receptor T cells and checkpoint blockade agent in pleural mesothelioma,GENERAL_AND_UNSPECIFIED_SURGERY,SURGERY,True,0.9573,117,full_forename,1,majority,0.916,2026-08-01T16:53:07+00:00
10876785,UG3CA290241,IPF5079202,"ADUSUMILLI, PRASAD S.",2024,1491519.0,False,UG3,U,CD28-KITv CAR T cells with PD-1 dominant negative receptor,GENERAL_AND_UNSPECIFIED_SURGERY,SURGERY,True,0.9573,117,full_forename,1,majority,0.916,2026-08-01T16:53:07+00:00
10943749,R01CA292664,IPF5079202,"ADUSUMILLI, PRASAD S.",2024,655042.0,True,R01,R01,Tuning KITv CAR T cells for the solid tumor environment,GENERAL_AND_UNSPECIFIED_SURGERY,SURGERY,True,0.9573,117,full_forename,1,majority,0.916,2026-08-01T16:53:07+00:00
11043413,UG3CA290241,IPF5079202,"ADUSUMILLI, PRASAD S.",2025,1570342.0,False,UG3,U,CD28-KITv CAR T cells with PD-1 dominant negative receptor,GENERAL_AND_UNSPECIFIED_SURGERY,SURGERY,True,0.9573,117,full_forename,1,majority,0.916,2026-08-01T16:53:07+00:00
11168905,R01CA292664,IPF5079202,"ADUSUMILLI, PRASAD S.",2025,655042.0,True,R01,R01,Tuning KITv CAR T cells for the solid tumor environment,GENERAL_AND_UNSPECIFIED_SURGERY,SURGERY,True,0.9573,117,full_forename,1,majority,0.916,2026-08-01T16:53:07+00:00
10000828,R25CA020449,IPF5079202,"ARIYAN, CHARLOTTE EIELSON",2021,303437.0,False,R25,R_OTHER,Summer research experiences for medical students supervised by faculty mentors,GENERAL_AND_UNSPECIFIED_SURGERY,SURGERY,True,1.0,42,full_forename,1,majority,0.916,2026-08-01T16:53:07+00:00
10782611,R25CA020449,IPF5079202,"ARIYAN, CHARLOTTE EIELSON",2024,348734.0,False,R25,R_OTHER,Summer research experiences for medical students supervised by faculty mentors,GENERAL_AND_UNSPECIFIED_SURGERY,SURGERY,True,1.0,42,full_forename,1,majority,0.916,2026-08-01T16:53:07+00:00
11032864,R25CA020449,IPF5079202,"ARIYAN, CHARLOTTE EIELSON",2025,348734.0,False,R25,R_OTHER,Summer research experiences for medical students supervised by faculty mentors,GENERAL_AND_UNSPECIFIED_SURGERY,SURGERY,True,1.0,42,full_forename,1,majority,0.916,2026-08-01T16:53:07+00:00
10266847,U01CA224175,IPF5079202,"BALACHANDRAN, VINOD P",2021,614801.0,False,U01,U,Defining neoantigen immunodominance for antigen selection and biomarker discovery in human pancreatic cancer immunotherapy,GENERAL_AND_UNSPECIFIED_SURGERY,SURGERY,True,0.8175,137,full_forename,1,majority,0.916,2026-08-01T16:53:07+00:00
10446222,R01CA262516,IPF5079202,"BALACHANDRAN, VINOD P",2022,623084.0,True,R01,R01,Group 2 Innate Lymphoid Cell Regulation of Pancreatic Cancer Immunity,GENERAL_AND_UNSPECIFIED_SURGERY,SURGERY,True,0.8175,137,full_forename,1,majority,0.916,2026-08-01T16:53:07+00:00
10693207,R01CA262516,IPF5079202,"BALACHANDRAN, VINOD P",2023,548714.0,True,R01,R01,Group 2 Innate Lymphoid Cell Regulation of Pancreatic Cancer Immunity,GENERAL_AND_UNSPECIFIED_SURGERY,SURGERY,True,0.8175,137,full_forename,1,majority,0.916,2026-08-01T16:53:07+00:00
10904895,R01CA262516,IPF5079202,"BALACHANDRAN, VINOD P",2024,533314.0,True,R01,R01,Group 2 Innate Lymphoid Cell Regulation of Pancreatic Cancer Immunity,GENERAL_AND_UNSPECIFIED_SURGERY,SURGERY,True,0.8175,137,full_forename,1,majority,0.916,2026-08-01T16:53:07+00:00
11143190,R01CA262516,IPF5079202,"BALACHANDRAN, VINOD P",2025,1123263.0,True,R01,R01,Group 2 Innate Lymphoid Cell Regulation of Pancreatic Cancer Immunity,GENERAL_AND_UNSPECIFIED_SURGERY,SURGERY,True,0.8175,137,full_forename,1,majority,0.916,2026-08-01T16:53:07+00:00
10502586,R03CA259648,IPF5079202,"BARRIO, ANDREA",2022,88500.0,False,R03,R_OTHER,Sentinel Lymph Node Biopsy after Neoadjuvant Chemotherapy in Patients Presenting with Locally Advanced Breast Cancer: A Prospective Study,GENERAL_AND_UNSPECIFIED_SURGERY,SURGERY,True,0.9821,56,full_forename,1,majority,0.916,2026-08-01T16:53:07+00:00
10656553,R03CA259648,IPF5079202,"BARRIO, ANDREA",2023,88500.0,False,R03,R_OTHER,Sentinel Lymph Node Biopsy after Neoadjuvant Chemotherapy in Patients Presenting with Locally Advanced Breast Cancer: A Prospective Study,GENERAL_AND_UNSPECIFIED_SURGERY,SURGERY,True,0.9821,56,full_forename,1,majority,0.916,2026-08-01T16:53:07+00:00
10125129,K08CA245206,IPF5079202,"BOTT, MATTHEW J",2021,260099.0,False,K08,K,Exploring the combinatorial efficacy between chemotherapy and T cell checkpoint inhibition and the role of cellular senescence,GENERAL_AND_UNSPECIFIED_SURGERY,SURGERY,True,0.94,100,full_forename,2,majority,0.916,2026-08-01T16:53:07+00:00
10443549,K08CA245206,IPF5079202,"BOTT, MATTHEW J",2022,260099.0,False,K08,K,Exploring the combinatorial efficacy between chemotherapy and T cell checkpoint inhibition and the role of cellular senescence,GENERAL_AND_UNSPECIFIED_SURGERY,SURGERY,True,0.94,100,full_forename,2,majority,0.916,2026-08-01T16:53:07+00:00
10650752,K08CA245206,IPF5079202,"BOTT, MATTHEW J",2023,260099.0,False,K08,K,Exploring the combinatorial efficacy between chemotherapy and T cell checkpoint inhibition and the role of cellular senescence,GENERAL_AND_UNSPECIFIED_SURGERY,SURGERY,True,0.94,100,full_forename,2,majority,0.916,2026-08-01T16:53:07+00:00
10871844,K08CA245206,IPF5079202,"BOTT, MATTHEW J",2024,260099.0,False,K08,K,Exploring the combinatorial efficacy between chemotherapy and T cell checkpoint inhibition and the role of cellular senescence,GENERAL_AND_UNSPECIFIED_SURGERY,SURGERY,True,0.94,100,full_forename,2,majority,0.916,2026-08-01T16:53:07+00:00
10246459,K22CA234400,IPF5079202,"CARLSSON, SIGRID",2021,234514.0,False,K22,K,Improving shared decision making in cancer screening,UROLOGY,UROLOGY,False,0.6341,164,full_forename,2,majority,0.916,2026-08-01T16:53:07+00:00
10468509,U01CA266535,IPF5079202,"CARLSSON, SIGRID",2022,463832.0,False,U01,U,Influence of intra-individual variability in serial screening samples on clinical decision-making for risk stratification and biopsy by a single PSA and additional markers,UROLOGY,UROLOGY,False,0.6341,164,full_forename,2,majority,0.916,2026-08-01T16:53:07+00:00
10708766,U01CA266535,IPF5079202,"CARLSSON, SIGRID",2023,386067.0,False,U01,U,Influence of intra-individual variability in serial screening samples on clinical decision-making for risk stratification and biopsy by a single PSA and additional markers,UROLOGY,UROLOGY,False,0.6341,164,full_forename,2,majority,0.916,2026-08-01T16:53:07+00:00
10210362,T32CA082088,IPF5079202,"CARVER, BRETT STEWART",2021,343500.0,False,T32,T,T32 Urologic Oncology Research Training Program,UROLOGY,UROLOGY,False,0.7297,37,full_forename,1,majority,0.916,2026-08-01T16:53:07+00:00
10474284,T32CA082088,IPF5079202,"CARVER, BRETT STEWART",2022,360808.0,False,T32,T,T32 Urologic Oncology Research Training Program,UROLOGY,UROLOGY,False,0.7297,37,full_forename,1,majority,0.916,2026-08-01T16:53:07+00:00
10674756,T32CA082088,IPF5079202,"CARVER, BRETT STEWART",2023,371627.0,False,T32,T,T32 Urologic Oncology Research Training Program,UROLOGY,UROLOGY,False,0.7297,37,full_forename,1,majority,0.916,2026-08-01T16:53:07+00:00
10906166,T32CA082088,IPF5079202,"CARVER, BRETT STEWART",2024,383552.0,False,T32,T,T32 Urologic Oncology Research Training Program,UROLOGY,UROLOGY,False,0.7297,37,full_forename,1,majority,0.916,2026-08-01T16:53:07+00:00
11094969,T32CA082088,IPF5079202,"CARVER, BRETT STEWART",2025,360828.0,False,T32,T,T32 Urologic Oncology Research Training Grant,UROLOGY,UROLOGY,False,0.7297,37,full_forename,1,majority,0.916,2026-08-01T16:53:07+00:00
10886331,K08CA283306,IPF5079202,"CRACCHIOLO, JENNIFER R",2024,210014.0,False,K08,K,Integrating Electronic Patient-Reported Outcomes into Discharge Planning,GENERAL_AND_UNSPECIFIED_SURGERY,SURGERY,True,0.9839,62,full_forename,3,majority,0.916,2026-08-01T16:53:07+00:00
11111347,K08CA283306,IPF5079202,"CRACCHIOLO, JENNIFER R",2025,210014.0,False,K08,K,Integrating Electronic Patient-Reported Outcomes into Discharge Planning,GENERAL_AND_UNSPECIFIED_SURGERY,SURGERY,True,0.9839,62,full_forename,3,majority,0.916,2026-08-01T16:53:07+00:00
10114252,R37CA241856,IPF5079202,"CRAGO, AIMEE MARIE",2021,558108.0,True,R37,R01,Investigating HIF1-alpha Signaling to Identify Predictive Markers and Therapeutic Targets in Desmoid-Type Fibromatosis,GENERAL_AND_UNSPECIFIED_SURGERY,SURGERY,True,1.0,29,full_forename,3,majority,0.916,2026-08-01T16:53:07+00:00
10357768,R37CA241856,IPF5079202,"CRAGO, AIMEE MARIE",2022,558108.0,True,R37,R01,Investigating HIF1-alpha Signaling to Identify Predictive Markers and Therapeutic Targets in Desmoid-Type Fibromatosis,GENERAL_AND_UNSPECIFIED_SURGERY,SURGERY,True,1.0,29,full_forename,3,majority,0.916,2026-08-01T16:53:07+00:00
10576913,R37CA241856,IPF5079202,"CRAGO, AIMEE MARIE",2023,546945.0,True,R37,R01,Investigating HIF1-alpha Signaling to Identify Predictive Markers and Therapeutic Targets in Desmoid-Type Fibromatosis,GENERAL_AND_UNSPECIFIED_SURGERY,SURGERY,True,1.0,29,full_forename,3,majority,0.916,2026-08-01T16:53:07+00:00
10778596,R37CA241856,IPF5079202,"CRAGO, AIMEE MARIE",2024,530202.0,True,R37,R01,Investigating HIF1-alpha Signaling to Identify Predictive Markers and Therapeutic Targets in Desmoid-Type Fibromatosis,GENERAL_AND_UNSPECIFIED_SURGERY,SURGERY,True,1.0,29,full_forename,3,majority,0.916,2026-08-01T16:53:07+00:00
10898687,U01CA266535,IPF5079202,"EASTHAM, JAMES A",2024,376647.0,False,U01,U,Influence of intra-individual variability in serial screening samples on clinical decision-making for risk stratification and biopsy by a single PSA and additional markers,UROLOGY,UROLOGY,False,0.9589,73,full_forename,1,majority,0.916,2026-08-01T16:53:07+00:00
11160736,U01CA266535,IPF5079202,"EASTHAM, JAMES A",2025,385834.0,False,U01,U,Influence of intra-individual variability in serial screening samples on clinical decision-making for risk stratification and biopsy by a single PSA and additional markers,UROLOGY,UROLOGY,False,0.9589,73,full_forename,1,majority,0.916,2026-08-01T16:53:07+00:00
10860344,R37CA288502,IPF5079202,"GOEL, NEHA",2024,582548.0,True,R37,R01,"Social Genomic Mechanisms Linking Structural Racism, Perceived Discrimination, and Breast Cancer Survival",GENERAL_AND_UNSPECIFIED_SURGERY,SURGERY,True,1.0,12,full_forename,1,majority,0.916,2026-08-01T16:53:07+00:00
11176104,R37CA288502,IPF5079202,"GOEL, NEHA",2025,478828.0,True,R37,R01,Social genomic mechanisms linking geographic location to breast cancer survival,GENERAL_AND_UNSPECIFIED_SURGERY,SURGERY,True,1.0,12,full_forename,1,majority,0.916,2026-08-01T16:53:07+00:00
10183803,R01CA258886,IPF5079202,"HAKIMI, ABRAHAM ARI",2021,526128.0,True,R01,R01,Macrophages as modulators of T cell function and therapeutic response in clear cell renal cell carcinoma,UROLOGY,UROLOGY,False,1.0,12,full_forename,2,majority,0.916,2026-08-01T16:53:07+00:00
10388371,R01CA258886,IPF5079202,"HAKIMI, ABRAHAM ARI",2022,495125.0,True,R01,R01,Macrophages as modulators of T cell function and therapeutic response in clear cell renal cell carcinoma,UROLOGY,UROLOGY,False,1.0,12,full_forename,2,majority,0.916,2026-08-01T16:53:07+00:00
10590646,R01CA258886,IPF5079202,"HAKIMI, ABRAHAM ARI",2023,493861.0,True,R01,R01,Macrophages as modulators of T cell function and therapeutic response in clear cell renal cell carcinoma,UROLOGY,UROLOGY,False,1.0,12,full_forename,2,majority,0.916,2026-08-01T16:53:07+00:00
10796925,R01CA258886,IPF5079202,"HAKIMI, ABRAHAM ARI",2024,461996.0,True,R01,R01,Macrophages as modulators of T cell function and therapeutic response in clear cell renal cell carcinoma,UROLOGY,UROLOGY,False,1.0,12,full_forename,2,majority,0.916,2026-08-01T16:53:07+00:00
11051217,R01CA258886,IPF5079202,"HAKIMI, ABRAHAM ARI",2025,465743.0,True,R01,R01,Macrophages as modulators of T cell function and therapeutic response in clear cell renal cell carcinoma,UROLOGY,UROLOGY,False,1.0,12,full_forename,2,majority,0.916,2026-08-01T16:53:07+00:00
10261418,U01CA238444,IPF5079202,"JARNAGIN, WILLIAM ROBERT",2021,665665.0,False,U01,U,Improving Outcome in Patients with Advanced Intrahepatic Cholangiocarcinoma: A Randomized Phase II Study of Gemcitabine and Oxaliplatin With or Without Regional Floxuridine (FUDR),GENERAL_AND_UNSPECIFIED_SURGERY,SURGERY,True,0.991,111,full_forename,1,majority,0.916,2026-08-01T16:53:07+00:00
10478946,U01CA238444,IPF5079202,"JARNAGIN, WILLIAM ROBERT",2022,649386.0,False,U01,U,Improving Outcome in Patients with Advanced Intrahepatic Cholangiocarcinoma: A Randomized Phase II Study of Gemcitabine and Oxaliplatin With or Without Regional Floxuridine (FUDR),GENERAL_AND_UNSPECIFIED_SURGERY,SURGERY,True,0.991,111,full_forename,1,majority,0.916,2026-08-01T16:53:07+00:00
10695133,U01CA238444,IPF5079202,"JARNAGIN, WILLIAM ROBERT",2023,642310.0,False,U01,U,Improving Outcome in Patients with Advanced Intrahepatic Cholangiocarcinoma: A Randomized Phase II Study of Gemcitabine and Oxaliplatin With or Without Regional Floxuridine (FUDR),GENERAL_AND_UNSPECIFIED_SURGERY,SURGERY,True,0.991,111,full_forename,1,majority,0.916,2026-08-01T16:53:07+00:00
10897008,U01CA238444,IPF5079202,"JARNAGIN, WILLIAM ROBERT",2024,623923.0,False,U01,U,Improving Outcome in Patients with Advanced Intrahepatic Cholangiocarcinoma: A Randomized Phase II Study of Gemcitabine and Oxaliplatin With or Without Regional Floxuridine (FUDR),GENERAL_AND_UNSPECIFIED_SURGERY,SURGERY,True,0.991,111,full_forename,1,majority,0.916,2026-08-01T16:53:07+00:00
10058246,R01CA217169,IPF5079202,"JONES, DAVID R",2021,559847.0,True,R01,R01,BRMS1-mediated suppression of metastases in p53 mutant lung adenocarcinoma,GENERAL_AND_UNSPECIFIED_SURGERY,SURGERY,True,0.9688,32,full_forename,3,majority,0.916,2026-08-01T16:53:07+00:00
10227114,R01CA240472,IPF5079202,"JONES, DAVID R",2021,484620.0,True,R01,R01,Targeting SNP BRMS1v2 A273V/A273V to reduce metastases in lung adenocarcinoma,GENERAL_AND_UNSPECIFIED_SURGERY,SURGERY,True,0.9688,32,full_forename,3,majority,0.916,2026-08-01T16:53:07+00:00
10308007,R01CA217169,IPF5079202,"JONES, DAVID R",2022,406527.0,True,R01,R01,BRMS1-mediated suppression of metastases in p53 mutant lung adenocarcinoma,GENERAL_AND_UNSPECIFIED_SURGERY,SURGERY,True,0.9688,32,full_forename,3,majority,0.916,2026-08-01T16:53:07+00:00
10460260,R01CA240472,IPF5079202,"JONES, DAVID R",2022,474928.0,True,R01,R01,Targeting SNP BRMS1v2 A273V/A273V to reduce metastases in lung adenocarcinoma,GENERAL_AND_UNSPECIFIED_SURGERY,SURGERY,True,0.9688,32,full_forename,3,majority,0.916,2026-08-01T16:53:07+00:00
10672461,R01CA240472,IPF5079202,"JONES, DAVID R",2023,474928.0,True,R01,R01,Targeting SNP BRMS1v2 A273V/A273V to reduce metastases in lung adenocarcinoma,GENERAL_AND_UNSPECIFIED_SURGERY,SURGERY,True,0.9688,32,full_forename,3,majority,0.916,2026-08-01T16:53:07+00:00
10982146,R01CA285856,IPF5079202,"JONES, DAVID R",2024,583127.0,True,R01,R01,Targeting the ROR2/p-GSK3bS9 pathway to suppress metastasis in SMARCA4-deficient lung adenocarcinoma,GENERAL_AND_UNSPECIFIED_SURGERY,SURGERY,True,0.9688,32,full_forename,3,majority,0.916,2026-08-01T16:53:07+00:00
11129917,R01CA285856,IPF5079202,"JONES, DAVID R",2025,544255.0,True,R01,R01,Targeting the ROR2/p-GSK3bS9 pathway to suppress metastasis in SMARCA4-deficient lung adenocarcinoma,GENERAL_AND_UNSPECIFIED_SURGERY,SURGERY,True,0.9688,32,full_forename,3,majority,0.916,2026-08-01T16:53:07+00:00
10741299,R21AG077150,IPF5079202,"KATARU, RAGHU PRASAD",2024,513957.0,False,R21,R_OTHER,Role of lymphatic endothelial cell NFkB signaling in adult lymph node homeostasis,PLASTIC_SURGERY,PLASTIC SURGERY,False,1.0,40,full_forename,1,majority,0.916,2026-08-01T16:53:07+00:00
11119563,R21AI190542,IPF5079202,"KATARU, RAGHU PRASAD",2025,497136.0,False,R21,R_OTHER,Role of Mast cells in regulating inflammatory pathology of secondary lymphedema,PLASTIC_SURGERY,PLASTIC SURGERY,False,1.0,40,full_forename,1,majority,0.916,2026-08-01T16:53:07+00:00
10371383,K08CA259452,IPF5079202,"MATULEWICZ, RICHARD STEVEN",2022,194124.0,False,K08,K,Optimizing Smoking Cessation Treatment for Patients with Bladder Cancer,UROLOGY,UROLOGY,False,1.0,69,full_forename,1,majority,0.916,2026-08-01T16:53:07+00:00
10690426,K08CA259452,IPF5079202,"MATULEWICZ, RICHARD STEVEN",2023,194124.0,False,K08,K,Optimizing Smoking Cessation Treatment for Patients with Bladder Cancer,UROLOGY,UROLOGY,False,1.0,69,full_forename,1,majority,0.916,2026-08-01T16:53:07+00:00
10914874,K08CA259452,IPF5079202,"MATULEWICZ, RICHARD STEVEN",2024,194124.0,False,K08,K,Optimizing Smoking Cessation Treatment for Patients with Bladder Cancer,UROLOGY,UROLOGY,False,1.0,69,full_forename,1,majority,0.916,2026-08-01T16:53:07+00:00
11141122,K08CA259452,IPF5079202,"MATULEWICZ, RICHARD STEVEN",2025,194124.0,False,K08,K,Optimizing Smoking Cessation Treatment for Patients with Bladder Cancer,UROLOGY,UROLOGY,False,1.0,69,full_forename,1,majority,0.916,2026-08-01T16:53:07+00:00
10063531,R01HL111130,IPF5079202,"MEHRARA, BABAK J",2021,897335.0,True,R01,R01,Mechanisms of fibrosis in post-surgical lymphedema,PLASTIC_SURGERY,PLASTIC SURGERY,False,0.9787,94,full_forename,1,majority,0.916,2026-08-01T16:53:07+00:00
10183174,T32CA009501,IPF5079202,"MEHRARA, BABAK J",2021,479844.0,False,T32,T,Surgical Oncology Research Training Grant,PLASTIC_SURGERY,PLASTIC SURGERY,False,0.9787,94,full_forename,1,majority,0.916,2026-08-01T16:53:07+00:00
10456823,T32CA009501,IPF5079202,"MEHRARA, BABAK J",2022,494637.0,False,T32,T,Surgical Oncology Research Training Grant,PLASTIC_SURGERY,PLASTIC SURGERY,False,0.9787,94,full_forename,1,majority,0.916,2026-08-01T16:53:07+00:00
10538995,R21AG076132,IPF5079202,"MEHRARA, BABAK J",2022,265500.0,False,R21,R_OTHER,Molecular mechanisms of age-related lymphatic dysfunction,PLASTIC_SURGERY,PLASTIC SURGERY,False,0.9787,94,full_forename,1,majority,0.916,2026-08-01T16:53:07+00:00
10606708,R01CA278599,IPF5079202,"MEHRARA, BABAK J",2023,734550.0,True,R01,R01,Mechanisms of racial disparity in breast cancer-related lymphedema,PLASTIC_SURGERY,PLASTIC SURGERY,False,0.9787,94,full_forename,1,majority,0.916,2026-08-01T16:53:07+00:00
10606927,R21AR081076,IPF5079202,"MEHRARA, BABAK J",2023,233640.0,False,R21,R_OTHER,Role of epidermis in regulating inflammatory skin manifestations of post-surgical lymphedema,PLASTIC_SURGERY,PLASTIC SURGERY,False,0.9787,94,full_forename,1,majority,0.916,2026-08-01T16:53:07+00:00
10665795,R21AG076132,IPF5079202,"MEHRARA, BABAK J",2023,221250.0,False,R21,R_OTHER,Molecular mechanisms of age-related lymphatic dysfunction,PLASTIC_SURGERY,PLASTIC SURGERY,False,0.9787,94,full_forename,1,majority,0.916,2026-08-01T16:53:07+00:00
10674795,T32CA009501,IPF5079202,"MEHRARA, BABAK J",2023,509307.0,False,T32,T,Surgical Oncology Research Training Grant,PLASTIC_SURGERY,PLASTIC SURGERY,False,0.9787,94,full_forename,1,majority,0.916,2026-08-01T16:53:07+00:00
10756571,R21AR081076,IPF5079202,"MEHRARA, BABAK J",2024,188859.0,False,R21,R_OTHER,Role of epidermis in regulating inflammatory skin manifestations of post-surgical lymphedema,PLASTIC_SURGERY,PLASTIC SURGERY,False,0.9787,94,full_forename,1,majority,0.916,2026-08-01T16:53:07+00:00
10757725,R01CA278599,IPF5079202,"MEHRARA, BABAK J",2024,697823.0,True,R01,R01,Mechanisms of racial disparity in breast cancer-related lymphedema,PLASTIC_SURGERY,PLASTIC SURGERY,False,0.9787,94,full_forename,1,majority,0.916,2026-08-01T16:53:07+00:00
11010772,R01CA278599,IPF5079202,"MEHRARA, BABAK J",2025,734550.0,True,R01,R01,Mechanisms of racial disparity in breast cancer-related lymphedema,PLASTIC_SURGERY,PLASTIC SURGERY,False,0.9787,94,full_forename,1,majority,0.916,2026-08-01T16:53:07+00:00
11196959,T32CA009501,IPF5079202,"MEHRARA, BABAK J",2025,536822.0,False,T32,T,Surgical Oncology Research Training Grant,PLASTIC_SURGERY,PLASTIC SURGERY,False,0.9787,94,full_forename,1,majority,0.916,2026-08-01T16:53:07+00:00
10112226,R01DE027738,IPF5079202,"MORRIS, LUC GORDON TRANG",2021,506762.0,True,R01,R01,Identifying and targeting neoantigens in aggressive salivary carcinomas,GENERAL_AND_UNSPECIFIED_SURGERY,SURGERY,True,0.931,29,full_forename,2,majority,0.916,2026-08-01T16:53:07+00:00
10377730,R01DE027738,IPF5079202,"MORRIS, LUC GORDON TRANG",2021,101802.0,True,R01,R01,Identifying and targeting neoantigens in aggressive salivary carcinomas,GENERAL_AND_UNSPECIFIED_SURGERY,SURGERY,True,0.931,29,full_forename,2,majority,0.916,2026-08-01T16:53:07+00:00
10374115,R01DE027738,IPF5079202,"MORRIS, LUC GORDON TRANG",2022,455430.0,True,R01,R01,Identifying and targeting neoantigens in aggressive salivary carcinomas,GENERAL_AND_UNSPECIFIED_SURGERY,SURGERY,True,0.931,29,full_forename,2,majority,0.916,2026-08-01T16:53:07+00:00
10798295,R01CA270018,IPF5079202,"MORROW, MONICA",2024,642556.0,True,R01,R01,Deciphering the Acidic Tumor Environment: A Phase I/IIa Study of Pre-Operative Multiparametric MRI and pHLIPÂ® ICG Intra-Operative Fluorescence Imaging of Primary Breast Cancer,GENERAL_AND_UNSPECIFIED_SURGERY,SURGERY,True,1.0,101,full_forename,1,majority,0.916,2026-08-01T16:53:07+00:00
11043438,R01CA270018,IPF5079202,"MORROW, MONICA",2025,651649.0,True,R01,R01,Deciphering the Acidic Tumor Environment: A Phase I/IIa Study of Pre-Operative Multiparametric MRI and pHLIPÂ® ICG Intra-Operative Fluorescence Imaging of Primary Breast Cancer,GENERAL_AND_UNSPECIFIED_SURGERY,SURGERY,True,1.0,101,full_forename,1,majority,0.916,2026-08-01T16:53:07+00:00
10734831,R37CA276322,IPF5079202,"OFFODILE, ANAEZE C",2023,624077.0,True,R37,R01,Examining the effects of Global Budget Revenue Program on the Costs and Quality of Care Provided to Cancer Patients Undergoing Chemotherapy,PLASTIC_SURGERY,PLASTIC SURGERY,False,1.0,7,full_forename,1,majority,0.916,2026-08-01T16:53:07+00:00
10928787,R37CA276322,IPF5079202,"OFFODILE, ANAEZE C",2024,494244.0,True,R37,R01,Examining the effects of Global Budget Revenue Program on the Costs and Quality of Care Provided to Cancer Patients Undergoing Chemotherapy,PLASTIC_SURGERY,PLASTIC SURGERY,False,1.0,7,full_forename,1,majority,0.916,2026-08-01T16:53:07+00:00
11159617,R37CA276322,IPF5079202,"OFFODILE, ANAEZE C",2025,529806.0,True,R37,R01,Examining the effects of Global Budget Revenue Program on the Costs and Quality of Care Provided to Cancer Patients Undergoing Chemotherapy,PLASTIC_SURGERY,PLASTIC SURGERY,False,1.0,7,full_forename,1,majority,0.916,2026-08-01T16:53:07+00:00
10567452,R37CA276946,IPF5079202,"PIETZAK, EUGENE",2023,514185.0,True,R37,R01,Defining Mechanisms of Progression and Treatment Resistance in Localized Bladder Cancer,UROLOGY,UROLOGY,False,1.0,47,full_forename,1,majority,0.916,2026-08-01T16:53:07+00:00
10739307,R37CA276946,IPF5079202,"PIETZAK, EUGENE",2024,488477.0,True,R37,R01,Defining Mechanisms of Progression and Treatment Resistance in Localized Bladder Cancer,UROLOGY,UROLOGY,False,1.0,47,full_forename,1,majority,0.916,2026-08-01T16:53:07+00:00
10980536,R37CA276946,IPF5079202,"PIETZAK, EUGENE",2025,514185.0,True,R37,R01,Defining Mechanisms of Progression and Treatment Resistance in Localized Bladder Cancer,UROLOGY,UROLOGY,False,1.0,47,full_forename,1,majority,0.916,2026-08-01T16:53:07+00:00
11105116,R21CA299070,IPF5079202,"ROCCO, GAETANO",2025,452540.0,False,R21,R_OTHER,Electronic Nose Technology to Predict and Assess Pathologic Response After Neoadjuvant Therapy and Recurrence for Non-Small Cell Lung Cancer,GENERAL_AND_UNSPECIFIED_SURGERY,SURGERY,True,1.0,101,full_forename,1,majority,0.916,2026-08-01T16:53:07+00:00
10247663,P50CA217694,IPF5079202,"SINGER, SAMUEL",2021,2126450.0,False,P50,P,SPORE in Soft Tissue Sarcoma,GENERAL_AND_UNSPECIFIED_SURGERY,SURGERY,True,0.9815,54,full_forename,4,majority,0.916,2026-08-01T16:53:07+00:00
10468957,P50CA217694,IPF5079202,"SINGER, SAMUEL",2022,2126450.0,False,P50,P,SPORE in Soft Tissue Sarcoma,GENERAL_AND_UNSPECIFIED_SURGERY,SURGERY,True,0.9815,54,full_forename,4,majority,0.916,2026-08-01T16:53:07+00:00
10912166,P50CA217694,IPF5079202,"SINGER, SAMUEL",2023,918606.0,False,P50,P,Singer SPORE Supplement,GENERAL_AND_UNSPECIFIED_SURGERY,SURGERY,True,0.9815,54,full_forename,4,majority,0.916,2026-08-01T16:53:07+00:00
10848812,P50CA217694,IPF5079202,"SINGER, SAMUEL",2024,2375406.0,False,P50,P,SPORE in Soft Tissue Sarcoma,GENERAL_AND_UNSPECIFIED_SURGERY,SURGERY,True,0.9815,54,full_forename,4,majority,0.916,2026-08-01T16:53:07+00:00
11181551,P50CA217694,IPF5079202,"SINGER, SAMUEL",2025,2453831.0,False,P50,P,SPORE in Soft Tissue Sarcoma,GENERAL_AND_UNSPECIFIED_SURGERY,SURGERY,True,0.9815,54,full_forename,4,majority,0.916,2026-08-01T16:53:07+00:00
10196469,R21NS121812,IPF5079202,"TABAR, VIVIANE",2021,486750.0,False,R21,R_OTHER,Functional analysis of the immune landscape in IDH mutant gliomas,NEUROSURGERY,NEUROSURGERY,False,0.9467,75,full_forename,2,majority,0.916,2026-08-01T16:53:07+00:00
10736403,R01NS126588,IPF5079202,"TABAR, VIVIANE",2023,689801.0,True,R01,R01,Human Dopamine Grafts in Alpha-Synuclein Models of Parkinson Disease,NEUROSURGERY,NEUROSURGERY,False,0.9467,75,full_forename,2,majority,0.916,2026-08-01T16:53:07+00:00
10872173,R01NS126588,IPF5079202,"TABAR, VIVIANE",2024,629095.0,True,R01,R01,Human Dopamine Grafts in Alpha-Synuclein Models of Parkinson Disease,NEUROSURGERY,NEUROSURGERY,False,0.9467,75,full_forename,2,majority,0.916,2026-08-01T16:53:07+00:00
11127717,R01NS126588,IPF5079202,"TABAR, VIVIANE",2025,648551.0,True,R01,R01,Human Dopamine Grafts in Alpha-Synuclein Models of Parkinson Disease,NEUROSURGERY,NEUROSURGERY,False,0.9467,75,full_forename,2,majority,0.916,2026-08-01T16:53:07+00:00
10319494,P30CA008748,IPF5079202,"VICKERS, SELWYN M",2022,13733523.0,False,P30,P,Cancer Center Support Grant,GENERAL_AND_UNSPECIFIED_SURGERY,SURGERY,True,1.0,1,full_forename,1,majority,0.916,2026-08-01T16:53:07+00:00
10514645,P30CA008748,IPF5079202,"VICKERS, SELWYN M",2022,59999.0,False,P30,P,Cancer Center Support Grant,GENERAL_AND_UNSPECIFIED_SURGERY,SURGERY,True,1.0,1,full_forename,1,majority,0.916,2026-08-01T16:53:07+00:00
10571799,P30CA008748,IPF5079202,"VICKERS, SELWYN M",2023,13733523.0,False,P30,P,Cancer Center Support Grant,GENERAL_AND_UNSPECIFIED_SURGERY,SURGERY,True,1.0,1,full_forename,1,majority,0.916,2026-08-01T16:53:07+00:00
10888730,P30CA008748,IPF5079202,"VICKERS, SELWYN M",2023,299999.0,False,P30,P,"Leveraging large language models and knowledge graphs on clinical, pathological, and sequencing data to inform precision cancer therapy",GENERAL_AND_UNSPECIFIED_SURGERY,SURGERY,True,1.0,1,full_forename,1,majority,0.916,2026-08-01T16:53:07+00:00
10953710,P30CA008748,IPF5079202,"VICKERS, SELWYN M",2024,13458241.0,False,P30,P,Cancer Center Support Grant,GENERAL_AND_UNSPECIFIED_SURGERY,SURGERY,True,1.0,1,full_forename,1,majority,0.916,2026-08-01T16:53:07+00:00
11055424,P30CA008748,IPF5079202,"VICKERS, SELWYN M",2025,13502009.0,False,P30,P,Cancer Center Support Grant,GENERAL_AND_UNSPECIFIED_SURGERY,SURGERY,True,1.0,1,full_forename,1,majority,0.916,2026-08-01T16:53:07+00:00
10166773,T32CA009685,IPF5079202,"WONG, RICHARD J",2021,163914.0,False,T32,T,Head and Neck Training Program in Surgical Oncology,GENERAL_AND_UNSPECIFIED_SURGERY,SURGERY,True,1.0,23,full_forename,3,majority,0.916,2026-08-01T16:53:07+00:00
10227704,R01CA219534,IPF5079202,"WONG, RICHARD J",2021,640689.0,True,R01,R01,Schwann Cell Reprogramming and Cancer Perineural Invasion,GENERAL_AND_UNSPECIFIED_SURGERY,SURGERY,True,1.0,23,full_forename,3,majority,0.916,2026-08-01T16:53:07+00:00
10429955,T32CA009685,IPF5079202,"WONG, RICHARD J",2022,158283.0,False,T32,T,Head and Neck Training Program in Surgical Oncology,GENERAL_AND_UNSPECIFIED_SURGERY,SURGERY,True,1.0,23,full_forename,3,majority,0.916,2026-08-01T16:53:07+00:00
10230050,F31DE030664,IPF615001,"BROOKS, EVAN CORTEZ",2021,39690.0,False,F31,F,Role of the Ciliary Protein C2CD3 in Mandibular Skelotogenesis,PLASTIC_SURGERY,PLASTIC SURGERY,False,0.6667,3,full_forename,2,majority,0.916,2026-08-01T17:02:02+00:00
10368944,F31DE030664,IPF615001,"BROOKS, EVAN CORTEZ",2022,40584.0,False,F31,F,Role of the Ciliary Protein C2CD3 in Mandibular Skelotogenesis,PLASTIC_SURGERY,PLASTIC SURGERY,False,0.6667,3,full_forename,2,majority,0.916,2026-08-01T17:02:02+00:00
10599872,F31DE030664,IPF615001,"BROOKS, EVAN CORTEZ",2023,41706.0,False,F31,F,Role of the Ciliary Protein C2CD3 in Mandibular Skelotogenesis,PLASTIC_SURGERY,PLASTIC SURGERY,False,0.6667,3,full_forename,2,majority,0.916,2026-08-01T17:02:02+00:00
10186461,R35DE027557,IPF615001,"BRUGMANN, SAMANTHA A",2021,955616.0,False,R35,R_OTHER,Harnessing the therapeutic potential of neural crest cells by manipulating the primary cilium,PLASTIC_SURGERY,PLASTIC SURGERY,False,0.7368,19,full_forename,1,majority,0.916,2026-08-01T17:02:02+00:00
10418644,R35DE027557,IPF615001,"BRUGMANN, SAMANTHA A",2022,932852.0,False,R35,R_OTHER,Harnessing the therapeutic potential of neural crest cells by manipulating the primary cilium,PLASTIC_SURGERY,PLASTIC SURGERY,False,0.7368,19,full_forename,1,majority,0.916,2026-08-01T17:02:02+00:00
10661606,R35DE027557,IPF615001,"BRUGMANN, SAMANTHA A",2023,922348.0,False,R35,R_OTHER,Harnessing the therapeutic potential of neural crest cells by manipulating the primary cilium,PLASTIC_SURGERY,PLASTIC SURGERY,False,0.7368,19,full_forename,1,majority,0.916,2026-08-01T17:02:02+00:00
10844482,R35DE027557,IPF615001,"BRUGMANN, SAMANTHA A",2024,883798.0,False,R35,R_OTHER,Harnessing the therapeutic potential of neural crest cells by manipulating the primary cilium,PLASTIC_SURGERY,PLASTIC SURGERY,False,0.7368,19,full_forename,1,majority,0.916,2026-08-01T17:02:02+00:00
11127195,R01DE033986,IPF615001,"BRUGMANN, SAMANTHA A",2025,493458.0,True,R01,R01,ARID1 proteins orchestrate cranial neural crest differentiation,PLASTIC_SURGERY,PLASTIC SURGERY,False,0.7368,19,full_forename,1,majority,0.916,2026-08-01T17:02:02+00:00
11244048,R01DE034357,IPF615001,"BRUGMANN, SAMANTHA A",2025,646212.0,True,R01,R01,The role of primary cilia and C2cd3 in craniofacial skeletogenesis,PLASTIC_SURGERY,PLASTIC SURGERY,False,0.7368,19,full_forename,1,majority,0.916,2026-08-01T17:02:02+00:00
10151474,R01MH090740,IPF615001,"CAMPBELL, KENNETH J",2021,578834.0,True,R01,R01,Molecular Mechanisms Controlling Formation of Basal Ganglia Circuitry,NEUROSURGERY,NEUROSURGERY,False,1.0,3,full_forename,5,majority,0.916,2026-08-01T17:02:02+00:00
10339513,R01NS124660,IPF615001,"CAMPBELL, KENNETH J",2022,623676.0,True,R01,R01,Roles of Gsx factors in basal ganglia development,NEUROSURGERY,NEUROSURGERY,False,1.0,3,full_forename,5,majority,0.916,2026-08-01T17:02:02+00:00
10390465,R01MH090740,IPF615001,"CAMPBELL, KENNETH J",2022,578834.0,True,R01,R01,Molecular Mechanisms Controlling Formation of Basal Ganglia Circuitry,NEUROSURGERY,NEUROSURGERY,False,1.0,3,full_forename,5,majority,0.916,2026-08-01T17:02:02+00:00
10544505,R01NS124660,IPF615001,"CAMPBELL, KENNETH J",2023,623676.0,True,R01,R01,Roles of Gsx factors in basal ganglia development,NEUROSURGERY,NEUROSURGERY,False,1.0,3,full_forename,5,majority,0.916,2026-08-01T17:02:02+00:00
10764915,R01NS124660,IPF615001,"CAMPBELL, KENNETH J",2024,599878.0,True,R01,R01,Roles of Gsx factors in basal ganglia development,NEUROSURGERY,NEUROSURGERY,False,1.0,3,full_forename,5,majority,0.916,2026-08-01T17:02:02+00:00
11004956,R01NS124660,IPF615001,"CAMPBELL, KENNETH J",2025,550588.0,True,R01,R01,Roles of Gsx factors in basal ganglia development,NEUROSURGERY,NEUROSURGERY,False,1.0,3,full_forename,5,majority,0.916,2026-08-01T17:02:02+00:00
10116437,R01HD098280,IPF615001,"CORNWALL, ROGER",2021,389550.0,True,R01,R01,Deciphering the pathophysiology of childhood neuromuscular contractures,ORTHOPEDIC_SURGERY,ORTHOPEDICS,False,1.0,24,full_forename,1,majority,0.916,2026-08-01T17:02:02+00:00
10360579,R01HD098280,IPF615001,"CORNWALL, ROGER",2022,389550.0,True,R01,R01,Deciphering the pathophysiology of childhood neuromuscular contractures,ORTHOPEDIC_SURGERY,ORTHOPEDICS,False,1.0,24,full_forename,1,majority,0.916,2026-08-01T17:02:02+00:00
10571924,R01HD098280,IPF615001,"CORNWALL, ROGER",2023,389550.0,True,R01,R01,Deciphering the pathophysiology of childhood neuromuscular contractures,ORTHOPEDIC_SURGERY,ORTHOPEDICS,False,1.0,24,full_forename,1,majority,0.916,2026-08-01T17:02:02+00:00
10155606,R01NS112255,IPF615001,"CRONE, STEVEN ALLEN",2021,347813.0,True,R01,R01,Spinal circuitry for ventilatory control and compensation,NEUROSURGERY,NEUROSURGERY,False,1.0,11,full_forename,1,majority,0.916,2026-08-01T17:02:02+00:00
10397050,R01NS112255,IPF615001,"CRONE, STEVEN ALLEN",2022,347813.0,True,R01,R01,Spinal circuitry for ventilatory control and compensation,NEUROSURGERY,NEUROSURGERY,False,1.0,11,full_forename,1,majority,0.916,2026-08-01T17:02:02+00:00
10597015,R01NS112255,IPF615001,"CRONE, STEVEN ALLEN",2023,347813.0,True,R01,R01,Spinal circuitry for ventilatory control and compensation,NEUROSURGERY,NEUROSURGERY,False,1.0,11,full_forename,1,majority,0.916,2026-08-01T17:02:02+00:00
10972862,R61NS138647,IPF615001,"GOTO, JUNE",2024,394544.0,False,R61,R_OTHER,Novel Biologics to ablate choroid plexus for the treatment of neonatal hydrocephalus,NEUROSURGERY,NEUROSURGERY,False,1.0,10,full_forename,1,majority,0.916,2026-08-01T17:02:02+00:00
11194484,R61NS138647,IPF615001,"GOTO, JUNE",2025,379463.0,False,R61,R_OTHER,Novel Biologics to Ablate Choroid Plexus for the Treatment of Neonatal Hydrocephalus,NEUROSURGERY,NEUROSURGERY,False,1.0,10,full_forename,1,majority,0.916,2026-08-01T17:02:02+00:00
10229471,U01DK103117,IPF615001,"HELMRATH, MICHAEL A.",2021,397275.0,False,U01,U,Defining the intestinal stem cell niche during organoid development into a functional human intestine,CARDIAC_CARDIOTHORACIC_SURGERY,SURGERY,True,0.9848,66,full_forename,1,majority,0.916,2026-08-01T17:02:02+00:00
10247673,R01DK119450,IPF615001,"HELMRATH, MICHAEL A.",2021,661485.0,True,R01,R01,Surgical or Medical Treatment for Pediatric Type 2 Diabetes (ST2OMP),CARDIAC_CARDIOTHORACIC_SURGERY,SURGERY,True,0.9848,66,full_forename,1,majority,0.916,2026-08-01T17:02:02+00:00
10470135,U01DK103117,IPF615001,"HELMRATH, MICHAEL A.",2022,397275.0,False,U01,U,Defining the intestinal stem cell niche during organoid development into a functional human intestine,CARDIAC_CARDIOTHORACIC_SURGERY,SURGERY,True,0.9848,66,full_forename,1,majority,0.916,2026-08-01T17:02:02+00:00
10477072,R01DK119450,IPF615001,"HELMRATH, MICHAEL A.",2022,655729.0,True,R01,R01,Surgical or Medical Treatment for Pediatric Type 2 Diabetes (ST2OMP),CARDIAC_CARDIOTHORACIC_SURGERY,SURGERY,True,0.9848,66,full_forename,1,majority,0.916,2026-08-01T17:02:02+00:00
10694310,U01DK103117,IPF615001,"HELMRATH, MICHAEL A.",2022,30175.0,False,U01,U,Defining the intestinal stem cell niche during organoid development into a functional human intestine,CARDIAC_CARDIOTHORACIC_SURGERY,SURGERY,True,0.9848,66,full_forename,1,majority,0.916,2026-08-01T17:02:02+00:00
10694891,U01DK103117,IPF615001,"HELMRATH, MICHAEL A.",2023,397275.0,False,U01,U,Defining the intestinal stem cell niche during organoid development into a functional human intestine,CARDIAC_CARDIOTHORACIC_SURGERY,SURGERY,True,0.9848,66,full_forename,1,majority,0.916,2026-08-01T17:02:02+00:00
10694998,R01DK119450,IPF615001,"HELMRATH, MICHAEL A.",2023,647956.0,True,R01,R01,Surgical or Medical Treatment for Pediatric Type 2 Diabetes (ST2OMP),CARDIAC_CARDIOTHORACIC_SURGERY,SURGERY,True,0.9848,66,full_forename,1,majority,0.916,2026-08-01T17:02:02+00:00
10194460,R01DE027046,IPF615001,"JIANG, RULANG",2021,641646.0,True,R01,R01,Mandible Development,PLASTIC_SURGERY,PLASTIC SURGERY,False,1.0,10,full_forename,2,majority,0.916,2026-08-01T17:02:02+00:00
10259802,R01DE029417,IPF615001,"JIANG, RULANG",2021,663200.0,True,R01,R01,Regulation of Craniofacial Development by ALX Transcription Factors,PLASTIC_SURGERY,PLASTIC SURGERY,False,1.0,10,full_forename,2,majority,0.916,2026-08-01T17:02:02+00:00
10461139,R01DE029417,IPF615001,"JIANG, RULANG",2022,656568.0,True,R01,R01,Regulation of Craniofacial Development by ALX Transcription Factors,PLASTIC_SURGERY,PLASTIC SURGERY,False,1.0,10,full_forename,2,majority,0.916,2026-08-01T17:02:02+00:00
10670507,R21DE032877,IPF615001,"JIANG, RULANG",2023,198750.0,False,R21,R_OTHER,Molecular Basis of SIX2-related Frontonasal Dysplasia,PLASTIC_SURGERY,PLASTIC SURGERY,False,1.0,10,full_forename,2,majority,0.916,2026-08-01T17:02:02+00:00
10672194,R01DE029417,IPF615001,"JIANG, RULANG",2023,663200.0,True,R01,R01,Regulation of Craniofacial Development by ALX Transcription Factors,PLASTIC_SURGERY,PLASTIC SURGERY,False,1.0,10,full_forename,2,majority,0.916,2026-08-01T17:02:02+00:00
10794374,R21DE032877,IPF615001,"JIANG, RULANG",2024,238500.0,False,R21,R_OTHER,Molecular Basis of SIX2-related Frontonasal Dysplasia,PLASTIC_SURGERY,PLASTIC SURGERY,False,1.0,10,full_forename,2,majority,0.916,2026-08-01T17:02:02+00:00
10893440,R01DE029417,IPF615001,"JIANG, RULANG",2024,649936.0,True,R01,R01,Regulation of Craniofacial Development by ALX Transcription Factors,PLASTIC_SURGERY,PLASTIC SURGERY,False,1.0,10,full_forename,2,majority,0.916,2026-08-01T17:02:02+00:00
10900885,R01DE033890,IPF615001,"JIANG, RULANG",2024,664175.0,True,R01,R01,Molecular Regulation of Palate Development,PLASTIC_SURGERY,PLASTIC SURGERY,False,1.0,10,full_forename,2,majority,0.916,2026-08-01T17:02:02+00:00
11045184,R01DE032558,IPF615001,"JIANG, RULANG",2024,622608.0,True,R01,R01,Genomic and Developmental Mechanisms of SIX2-Related Frontonasal Dysplasia,PLASTIC_SURGERY,PLASTIC SURGERY,False,1.0,10,full_forename,2,majority,0.916,2026-08-01T17:02:02+00:00
11047745,R01DE033890,IPF615001,"JIANG, RULANG",2025,664175.0,True,R01,R01,Molecular Regulation of Palate Development,PLASTIC_SURGERY,PLASTIC SURGERY,False,1.0,10,full_forename,2,majority,0.916,2026-08-01T17:02:02+00:00
11190931,R01DE032558,IPF615001,"JIANG, RULANG",2025,622607.0,True,R01,R01,Genomic and Developmental Mechanisms of SIX2-Related Frontonasal Dysplasia,PLASTIC_SURGERY,PLASTIC SURGERY,False,1.0,10,full_forename,2,majority,0.916,2026-08-01T17:02:02+00:00
10105940,R21DE030193,IPF615001,"LAN, YU",2021,238500.0,False,R21,R_OTHER,Function and Regulation of Sema3 Genes in Palate Development and Innervation,PLASTIC_SURGERY,PLASTIC SURGERY,False,1.0,12,full_forename,2,majority,0.916,2026-08-01T17:02:02+00:00
10380003,R21DE030193,IPF615001,"LAN, YU",2022,198750.0,False,R21,R_OTHER,Function and Regulation of Sema3 Genes in Palate Development and Innervation,PLASTIC_SURGERY,PLASTIC SURGERY,False,1.0,12,full_forename,2,majority,0.916,2026-08-01T17:02:02+00:00
10102130,R01DK120847,IPF615001,"PARK, JOO-SEOP",2021,403637.0,True,R01,R01,Retinoic acid gene regulatory networks in the mammalian kidney,UROLOGY,UROLOGY,False,1.0,2,full_forename,14,majority,0.916,2026-08-01T17:02:02+00:00
10187563,R01DK125577,IPF615001,"PARK, JOO-SEOP",2021,474365.0,True,R01,R01,Gene regulatory networks in the proximal tubules of the mammalian kidney,UROLOGY,UROLOGY,False,1.0,2,full_forename,14,majority,0.916,2026-08-01T17:02:02+00:00
10337216,R01DK120847,IPF615001,"PARK, JOO-SEOP",2022,29479.0,True,R01,R01,Retinoic acid gene regulatory networks in the mammalian kidney,UROLOGY,UROLOGY,False,1.0,2,full_forename,14,majority,0.916,2026-08-01T17:02:02+00:00
10344254,R01DK131052,IPF615001,"PARK, JOO-SEOP",2022,505892.0,True,R01,R01,Hedgehog gene regulatory networks in the mammalian kidney,UROLOGY,UROLOGY,False,1.0,2,full_forename,14,majority,0.916,2026-08-01T17:02:02+00:00
10404965,R01DK120842,IPF615001,"PARK, JOO-SEOP",2022,506052.0,True,R01,R01,Hox Genes & Lineage Infidelity,UROLOGY,UROLOGY,False,1.0,2,full_forename,14,majority,0.916,2026-08-01T17:02:02+00:00
10544169,R01DK131052,IPF615001,"PARK, JOO-SEOP",2023,35367.0,True,R01,R01,Hedgehog gene regulatory networks in the mammalian kidney,UROLOGY,UROLOGY,False,1.0,2,full_forename,14,majority,0.916,2026-08-01T17:02:02+00:00
10053327,R37CA225807,IPF615001,"SHIN, SOONA",2021,363713.0,True,R37,R01,Pathogenic Role of Foxl1+ Hepatic Progenitor Cells in Fibrotic Liver Disease,CARDIAC_CARDIOTHORACIC_SURGERY,SURGERY,True,1.0,8,full_forename,5,majority,0.916,2026-08-01T17:02:02+00:00
10300433,R37CA225807,IPF615001,"SHIN, SOONA",2022,363713.0,True,R37,R01,Pathogenic Role of Foxl1+ Hepatic Progenitor Cells in Fibrotic Liver Disease,CARDIAC_CARDIOTHORACIC_SURGERY,SURGERY,True,1.0,8,full_forename,5,majority,0.916,2026-08-01T17:02:02+00:00
10539259,R37CA225807,IPF615001,"SHIN, SOONA",2023,356438.0,True,R37,R01,Pathogenic Role of Foxl1+ Hepatic Progenitor Cells in Fibrotic Liver Disease,CARDIAC_CARDIOTHORACIC_SURGERY,SURGERY,True,1.0,8,full_forename,5,majority,0.916,2026-08-01T17:02:02+00:00
10652008,R37CA225807,IPF615001,"SHIN, SOONA",2024,359547.0,True,R37,R01,Pathogenic Role of Foxl1+ Hepatic Progenitor Cells in Fibrotic Liver Disease,CARDIAC_CARDIOTHORACIC_SURGERY,SURGERY,True,1.0,8,full_forename,5,majority,0.916,2026-08-01T17:02:02+00:00
11036242,R37CA225807,IPF615001,"SHIN, SOONA",2025,370131.0,True,R37,R01,Pathogenic Role of Foxl1+ Hepatic Progenitor Cells in Fibrotic Liver Disease,CARDIAC_CARDIOTHORACIC_SURGERY,SURGERY,True,1.0,8,full_forename,5,majority,0.916,2026-08-01T17:02:02+00:00
10218268,K08HL148551,IPF615001,"SMITH, DAVID F",2021,163583.0,False,K08,K,Circadian Clock Dysregulation in a Model of Obstructive Sleep Apnea,OTOLARYNGOLOGY_HNS,OTOLARYNGOLOGY,False,0.7143,7,full_forename,2,majority,0.916,2026-08-01T17:02:02+00:00
10461776,K08HL148551,IPF615001,"SMITH, DAVID F",2022,163458.0,False,K08,K,Circadian Clock Dysregulation in a Model of Obstructive Sleep Apnea,OTOLARYNGOLOGY_HNS,OTOLARYNGOLOGY,False,0.7143,7,full_forename,2,majority,0.916,2026-08-01T17:02:02+00:00
10642895,K08HL148551,IPF615001,"SMITH, DAVID F",2023,163539.0,False,K08,K,Circadian Clock Dysregulation in a Model of Obstructive Sleep Apnea,OTOLARYNGOLOGY_HNS,OTOLARYNGOLOGY,False,0.7143,7,full_forename,2,majority,0.916,2026-08-01T17:02:02+00:00
10076560,R01DK091566,IPF615001,"TIAO, GREGORY M",2021,450506.0,True,R01,R01,Genetic basis of virus induced Biliary Atresia,CARDIAC_CARDIOTHORACIC_SURGERY,SURGERY,True,1.0,29,full_forename,2,majority,0.916,2026-08-01T17:02:02+00:00
10328541,R01DK091566,IPF615001,"TIAO, GREGORY M",2022,445832.0,True,R01,R01,Genetic basis of virus induced Biliary Atresia,CARDIAC_CARDIOTHORACIC_SURGERY,SURGERY,True,1.0,29,full_forename,2,majority,0.916,2026-08-01T17:02:02+00:00
11045295,R01DK091566,IPF615001,"TIAO, GREGORY M",2025,637505.0,True,R01,R01,Genetic basis of virus induced Biliary Atresia,CARDIAC_CARDIOTHORACIC_SURGERY,SURGERY,True,1.0,29,full_forename,2,majority,0.916,2026-08-01T17:02:02+00:00
10631326,R01CA278834,IPF615001,"TIMCHENKO, NIKOLAI A.",2023,639994.0,True,R01,R01,The role of DNAJB1-PKAc-Î²-catenin axis in fibrolamellar HCC,CARDIAC_CARDIOTHORACIC_SURGERY,SURGERY,True,1.0,21,full_forename,1,majority,0.916,2026-08-01T17:02:02+00:00
10814969,R01CA278834,IPF615001,"TIMCHENKO, NIKOLAI A.",2024,618809.0,True,R01,R01,The role of DNAJB1-PKAc-Î²-catenin axis in fibrolamellar HCC,CARDIAC_CARDIOTHORACIC_SURGERY,SURGERY,True,1.0,21,full_forename,1,majority,0.916,2026-08-01T17:02:02+00:00
11054574,R01CA278834,IPF615001,"TIMCHENKO, NIKOLAI A.",2025,637299.0,True,R01,R01,The role of DNAJB1-PKAc-Î²-catenin axis in fibrolamellar HCC,CARDIAC_CARDIOTHORACIC_SURGERY,SURGERY,True,1.0,21,full_forename,1,majority,0.916,2026-08-01T17:02:02+00:00
10186802,R01HL147957,IPF615001,"ZAFAR, FARHAN",2021,653393.0,True,R01,R01,Novel Methods to Grow the Impact of Pediatric Thoracic Transplantation,CARDIAC_CARDIOTHORACIC_SURGERY,SURGERY,True,0.9231,39,full_forename,2,majority,0.916,2026-08-01T17:02:02+00:00
10380365,R01HL147957,IPF615001,"ZAFAR, FARHAN",2021,45849.0,True,R01,R01,Novel Methods to Grow the Impact of Pediatric Thoracic Transplantation,CARDIAC_CARDIOTHORACIC_SURGERY,SURGERY,True,0.9231,39,full_forename,2,majority,0.916,2026-08-01T17:02:02+00:00
10661281,R01HL147957,IPF615001,"ZAFAR, FARHAN",2022,45849.0,True,R01,R01,Novel Methods to Grow the Impact of Pediatric Thoracic Transplantation,CARDIAC_CARDIOTHORACIC_SURGERY,SURGERY,True,0.9231,39,full_forename,2,majority,0.916,2026-08-01T17:02:02+00:00
10705336,R56HL133624,IPF6959701,"ABID, RUHUL",2022,613235.0,False,R56,R_OTHER,Sub-cellular Targeting of Endothelial ROS in Myocardial Ischemia,CARDIAC_CARDIOTHORACIC_SURGERY,SURGERY,True,1.0,1,full_forename,1,majority,0.916,2026-08-01T17:59:25+00:00
11227835,R01HL175045,IPF6959701,"ABID, RUHUL",2025,651380.0,True,R01,R01,Coronary Vascular Resilience by Modulation of Mitochondrial ROS in Endothelium,CARDIAC_CARDIOTHORACIC_SURGERY,SURGERY,True,1.0,1,full_forename,1,majority,0.916,2026-08-01T17:59:25+00:00
10161789,T32GM065085,IPF6959701,"ALBINA, JORGE EUSEBIO",2021,146828.0,False,T32,T,Trauma and Inflammation Research Training,GENERAL_AND_UNSPECIFIED_SURGERY,SURGERY,True,1.0,1,full_forename,1,majority,0.916,2026-08-01T17:59:25+00:00
10173331,R35GM118097,IPF6959701,"AYALA, ALFRED",2021,561402.0,False,R35,R_OTHER,Mechanism of Immune Dysfunction and Morbid Outcomes in Response to Shock/Sepsis,GENERAL_AND_UNSPECIFIED_SURGERY,SURGERY,True,1.0,28,full_forename,1,majority,0.916,2026-08-01T17:59:25+00:00
10394306,R35GM118097,IPF6959701,"AYALA, ALFRED",2022,562793.0,False,R35,R_OTHER,Mechanism of Immune Dysfunction and Morbid Outcomes in Response to Shock/Sepsis,GENERAL_AND_UNSPECIFIED_SURGERY,SURGERY,True,1.0,28,full_forename,1,majority,0.916,2026-08-01T17:59:25+00:00
10405636,T32GM065085,IPF6959701,"AYALA, ALFRED",2022,154455.0,False,T32,T,Trauma and Inflammation Research Training,GENERAL_AND_UNSPECIFIED_SURGERY,SURGERY,True,1.0,28,full_forename,1,majority,0.916,2026-08-01T17:59:25+00:00
10596391,R35GM118097,IPF6959701,"AYALA, ALFRED",2022,77639.0,False,R35,R_OTHER,Mechanism of Immune Dysfunction and Morbid Outcomes in Response to Shock/Sepsis,GENERAL_AND_UNSPECIFIED_SURGERY,SURGERY,True,1.0,28,full_forename,1,majority,0.916,2026-08-01T17:59:25+00:00
10613889,R35GM118097,IPF6959701,"AYALA, ALFRED",2023,562793.0,False,R35,R_OTHER,Mechanism of Immune Dysfunction and Morbid Outcomes in Response to Shock/Sepsis,GENERAL_AND_UNSPECIFIED_SURGERY,SURGERY,True,1.0,28,full_forename,1,majority,0.916,2026-08-01T17:59:25+00:00
10616515,T32GM065085,IPF6959701,"AYALA, ALFRED",2023,158675.0,False,T32,T,Trauma and Inflammation Research Training,GENERAL_AND_UNSPECIFIED_SURGERY,SURGERY,True,1.0,28,full_forename,1,majority,0.916,2026-08-01T17:59:25+00:00
10728369,R35GM118097,IPF6959701,"AYALA, ALFRED",2023,84698.0,False,R35,R_OTHER,Mechanism of Immune Dysfunction and Morbid Outcomes in Response to Shock/Sepsis,GENERAL_AND_UNSPECIFIED_SURGERY,SURGERY,True,1.0,28,full_forename,1,majority,0.916,2026-08-01T17:59:25+00:00
10827895,T32GM065085,IPF6959701,"AYALA, ALFRED",2024,139406.0,False,T32,T,Trauma and Inflammation Research Training,GENERAL_AND_UNSPECIFIED_SURGERY,SURGERY,True,1.0,28,full_forename,1,majority,0.916,2026-08-01T17:59:25+00:00
10827954,R35GM118097,IPF6959701,"AYALA, ALFRED",2024,562793.0,False,R35,R_OTHER,Mechanism of Immune Dysfunction and Morbid Outcomes in Response to Shock/Sepsis,GENERAL_AND_UNSPECIFIED_SURGERY,SURGERY,True,1.0,28,full_forename,1,majority,0.916,2026-08-01T17:59:25+00:00
11071501,R35GM118097,IPF6959701,"AYALA, ALFRED",2024,7057.0,False,R35,R_OTHER,Mechanism of Immune Dysfunction and Morbid Outcomes in Response to Shock/Sepsis,GENERAL_AND_UNSPECIFIED_SURGERY,SURGERY,True,1.0,28,full_forename,1,majority,0.916,2026-08-01T17:59:25+00:00
11096266,R35GM118097,IPF6959701,"AYALA, ALFRED",2024,97849.0,False,R35,R_OTHER,Mechanism of Immune Dysfunction and Morbid Outcomes in Response to Shock/Sepsis,GENERAL_AND_UNSPECIFIED_SURGERY,SURGERY,True,1.0,28,full_forename,1,majority,0.916,2026-08-01T17:59:25+00:00
11009172,R35GM118097,IPF6959701,"AYALA, ALFRED",2025,37040.0,False,R35,R_OTHER,Mechanism of Immune Dysfunction and Morbid Outcomes in Response to Shock/Sepsis,GENERAL_AND_UNSPECIFIED_SURGERY,SURGERY,True,1.0,28,full_forename,1,majority,0.916,2026-08-01T17:59:25+00:00
11015235,T32GM065085,IPF6959701,"AYALA, ALFRED",2025,254748.0,False,T32,T,Trauma and Inflammation Research Training,GENERAL_AND_UNSPECIFIED_SURGERY,SURGERY,True,1.0,28,full_forename,1,majority,0.916,2026-08-01T17:59:25+00:00
11074542,R35GM118097,IPF6959701,"AYALA, ALFRED",2025,562793.0,False,R35,R_OTHER,Mechanism of Immune Dysfunction and Morbid Outcomes in Response to Shock/Sepsis,GENERAL_AND_UNSPECIFIED_SURGERY,SURGERY,True,1.0,28,full_forename,1,majority,0.916,2026-08-01T17:59:25+00:00
10776860,R00AR069094,IPF6959701,"BEVERIDGE, JILLIAN ELIZABETH",2021,69833.0,False,R00,R_OTHER,The Effects of Reduced ACL Stiffness on Dynamic In Vivo Joint Function,ORTHOPEDIC_SURGERY,ORTHOPEDICS,False,1.0,9,full_forename,1,majority,0.916,2026-08-01T17:59:25+00:00
10995417,R01AR083168,IPF6959701,"BEVERIDGE, JILLIAN ELIZABETH",2024,400526.0,True,R01,R01,Neuromuscular response to competing ACL surgeries,ORTHOPEDIC_SURGERY,ORTHOPEDICS,False,1.0,9,full_forename,1,majority,0.916,2026-08-01T17:59:25+00:00
11146762,R01AR083168,IPF6959701,"BEVERIDGE, JILLIAN ELIZABETH",2025,396114.0,True,R01,R01,Neuromuscular response to competing ACL surgeries,ORTHOPEDIC_SURGERY,ORTHOPEDICS,False,1.0,9,full_forename,1,majority,0.916,2026-08-01T17:59:25+00:00
11282935,R01AR083168,IPF6959701,"BEVERIDGE, JILLIAN ELIZABETH",2025,52347.0,True,R01,R01,Neuromuscular response to competing ACL surgeries,ORTHOPEDIC_SURGERY,ORTHOPEDICS,False,1.0,9,full_forename,1,majority,0.916,2026-08-01T17:59:25+00:00
10263335,P30GM122732,IPF6959701,"CHEN, QIAN",2021,1142700.0,False,P30,P,COBRE for Skeletal Health & Repair,ORTHOPEDIC_SURGERY,ORTHOPEDICS,False,1.0,7,full_forename,3,majority,0.916,2026-08-01T17:59:25+00:00
10372256,P30GM122732,IPF6959701,"CHEN, QIAN",2021,201416.0,False,P30,P,COBRE for Skeletal Health & Repair,ORTHOPEDIC_SURGERY,ORTHOPEDICS,False,1.0,7,full_forename,3,majority,0.916,2026-08-01T17:59:25+00:00
10485406,R33AR076807,IPF6959701,"CHEN, QIAN",2021,396670.0,False,R33,R_OTHER,Repressing Retrotransposon LINE-1: New Concepts for Osteoarthritis Treatment,ORTHOPEDIC_SURGERY,ORTHOPEDICS,False,1.0,7,full_forename,3,majority,0.916,2026-08-01T17:59:25+00:00
10489922,P30GM122732,IPF6959701,"CHEN, QIAN",2021,202428.0,False,P30,P,COBRE for Skeletal Health & Repair,ORTHOPEDIC_SURGERY,ORTHOPEDICS,False,1.0,7,full_forename,3,majority,0.916,2026-08-01T17:59:25+00:00
10567551,R01AG080141,IPF6959701,"CHEN, QIAN",2023,621363.0,True,R01,R01,Cell Senescence Regulating Osteoarthritis Progression: Sex-dependent Mechanisms,ORTHOPEDIC_SURGERY,ORTHOPEDICS,False,1.0,7,full_forename,3,majority,0.916,2026-08-01T17:59:25+00:00
10762454,R01AG080141,IPF6959701,"CHEN, QIAN",2024,615231.0,True,R01,R01,Cell Senescence Regulating Osteoarthritis Progression: Sex-dependent Mechanisms,ORTHOPEDIC_SURGERY,ORTHOPEDICS,False,1.0,7,full_forename,3,majority,0.916,2026-08-01T17:59:25+00:00
10939703,R01AG080141,IPF6959701,"CHEN, QIAN",2024,410000.0,True,R01,R01,Single-Cell Transposon Activation in the CNS during AD Progression: Sex-dependent Mechanisms,ORTHOPEDIC_SURGERY,ORTHOPEDICS,False,1.0,7,full_forename,3,majority,0.916,2026-08-01T17:59:25+00:00
10986987,R01AG080141,IPF6959701,"CHEN, QIAN",2025,598090.0,True,R01,R01,Cell Senescence Regulating Osteoarthritis Progression: Sex-dependent Mechanisms,ORTHOPEDIC_SURGERY,ORTHOPEDICS,False,1.0,7,full_forename,3,majority,0.916,2026-08-01T17:59:25+00:00
10132242,R21AR077201,IPF6959701,"CRISCO, JOSEPH J",2021,137429.0,False,R21,R_OTHER,Pre-Clinical Development of an Instrumented Trapezium Carpal Bone,ORTHOPEDIC_SURGERY,ORTHOPEDICS,False,1.0,28,full_forename,1,majority,0.916,2026-08-01T17:59:25+00:00
10367144,R01AR078924,IPF6959701,"CRISCO, JOSEPH J",2022,838819.0,True,R01,R01,Multi-modal Tracking of In Vivo Skeletal Structures and Implants,ORTHOPEDIC_SURGERY,ORTHOPEDICS,False,1.0,28,full_forename,1,majority,0.916,2026-08-01T17:59:25+00:00
10574928,R21AR082130,IPF6959701,"CRISCO, JOSEPH J",2023,180400.0,False,R21,R_OTHER,Validation of the Yucatan Minipig as a Preclinical Model for Wrist Bone Arthroplasty,ORTHOPEDIC_SURGERY,ORTHOPEDICS,False,1.0,28,full_forename,1,majority,0.916,2026-08-01T17:59:25+00:00
10610317,R01AR078924,IPF6959701,"CRISCO, JOSEPH J",2023,766417.0,True,R01,R01,Multi-modal Tracking of In Vivo Skeletal Structures and Implants,ORTHOPEDIC_SURGERY,ORTHOPEDICS,False,1.0,28,full_forename,1,majority,0.916,2026-08-01T17:59:25+00:00
10719393,R01AR082898,IPF6959701,"CRISCO, JOSEPH J",2023,730514.0,True,R01,R01,Advancing Hemiarthroplasty: Predicting in vivo performance of cartilage bearing systems through benchtop and ex vivo testing.,ORTHOPEDIC_SURGERY,ORTHOPEDICS,False,1.0,28,full_forename,1,majority,0.916,2026-08-01T17:59:25+00:00
10839518,R01AR078924,IPF6959701,"CRISCO, JOSEPH J",2023,256193.0,True,R01,R01,Multi-modal Tracking of In Vivo Skeletal Structures and Implants,ORTHOPEDIC_SURGERY,ORTHOPEDICS,False,1.0,28,full_forename,1,majority,0.916,2026-08-01T17:59:25+00:00
10758282,R21AR082130,IPF6959701,"CRISCO, JOSEPH J",2024,209986.0,False,R21,R_OTHER,Validation of the Yucatan Minipig as a Preclinical Model for Wrist Bone Arthroplasty,ORTHOPEDIC_SURGERY,ORTHOPEDICS,False,1.0,28,full_forename,1,majority,0.916,2026-08-01T17:59:25+00:00
10807048,R01AR078924,IPF6959701,"CRISCO, JOSEPH J",2024,720722.0,True,R01,R01,Multi-modal Tracking of In Vivo Skeletal Structures and Implants,ORTHOPEDIC_SURGERY,ORTHOPEDICS,False,1.0,28,full_forename,1,majority,0.916,2026-08-01T17:59:25+00:00
10899572,R01AR082898,IPF6959701,"CRISCO, JOSEPH J",2024,638180.0,True,R01,R01,Advancing Hemiarthroplasty: Predicting in vivo performance of cartilage bearing systems through benchtop and ex vivo testing.,ORTHOPEDIC_SURGERY,ORTHOPEDICS,False,1.0,28,full_forename,1,majority,0.916,2026-08-01T17:59:25+00:00
11144384,R01AR082898,IPF6959701,"CRISCO, JOSEPH J",2025,610578.0,True,R01,R01,Advancing Hemiarthroplasty: Predicting in vivo performance of cartilage bearing systems through benchtop and ex vivo testing.,ORTHOPEDIC_SURGERY,ORTHOPEDICS,False,1.0,28,full_forename,1,majority,0.916,2026-08-01T17:59:25+00:00
10930197,R56HL169501,IPF6959701,"FENG, JUN",2023,533302.0,False,R56,R_OTHER,CaMKIIÂ and Endothelial SK Channel Function in Diabetic Coronary Microcirculation,CARDIAC_CARDIOTHORACIC_SURGERY,SURGERY,True,1.0,26,full_forename,3,majority,0.916,2026-08-01T17:59:25+00:00
11024403,R01HL176640,IPF6959701,"FENG, JUN",2025,615301.0,True,R01,R01,CaMKII and Endothelial SK Channel Function in Diabetic Coronary Microcirculation,CARDIAC_CARDIOTHORACIC_SURGERY,SURGERY,True,1.0,26,full_forename,3,majority,0.916,2026-08-01T17:59:25+00:00
10159846,R01AR074973,IPF6959701,"FLEMING, BRADEN C",2021,309216.0,True,R01,R01,Knee Arthrosis after ACL Reconstruction: A Long-term Cohort Study with Matched Controls,ORTHOPEDIC_SURGERY,ORTHOPEDICS,False,1.0,44,full_forename,1,majority,0.916,2026-08-01T17:59:25+00:00
10424422,R01AR074973,IPF6959701,"FLEMING, BRADEN C",2022,315592.0,True,R01,R01,Knee Arthrosis after ACL Reconstruction: A Long-term Cohort Study with Matched Controls,ORTHOPEDIC_SURGERY,ORTHOPEDICS,False,1.0,44,full_forename,1,majority,0.916,2026-08-01T17:59:25+00:00
10195607,R03AI159776,IPF6959701,"GARCIA, DIOSCARIS",2021,81709.0,False,R03,R_OTHER,Silver Carboxylate-Eluting Titanium Dioxide/Polydimethyl Siloxane Antibiotic-Independent Antimicrobial Coating as a Safe and Efficacious Alternative for Antibiotic Resistance,ORTHOPEDIC_SURGERY,ORTHOPEDICS,False,1.0,21,full_forename,3,majority,0.916,2026-08-01T17:59:25+00:00
10374141,R03AI159776,IPF6959701,"GARCIA, DIOSCARIS",2022,82000.0,False,R03,R_OTHER,Silver Carboxylate-Eluting Titanium Dioxide/Polydimethyl Siloxane Antibiotic-Independent Antimicrobial Coating as a Safe and Efficacious Alternative for Antibiotic Resistance,ORTHOPEDIC_SURGERY,ORTHOPEDICS,False,1.0,21,full_forename,3,majority,0.916,2026-08-01T17:59:25+00:00
10132243,R21AR077326,IPF6959701,"JAYASURIYA, CHATHURAKA TEEKSHANA",2021,171787.0,False,R21,R_OTHER,Facilitating meniscus healing through SDF-1/CXCR4 axis modified cell-therapy,ORTHOPEDIC_SURGERY,ORTHOPEDICS,False,1.0,14,full_forename,1,majority,0.916,2026-08-01T17:59:25+00:00
10586596,R01AR080726,IPF6959701,"JAYASURIYA, CHATHURAKA TEEKSHANA",2023,282026.0,True,R01,R01,Bioactive Injectable Cell Scaffold for Meniscus Injury Repair in a Large Animal Model,ORTHOPEDIC_SURGERY,ORTHOPEDICS,False,1.0,14,full_forename,1,majority,0.916,2026-08-01T17:59:25+00:00
10919759,R01AR080726,IPF6959701,"JAYASURIYA, CHATHURAKA TEEKSHANA",2024,492673.0,True,R01,R01,Bioactive Injectable Cell Scaffold for Meniscus Injury Repair in a Large Animal Model,ORTHOPEDIC_SURGERY,ORTHOPEDICS,False,1.0,14,full_forename,1,majority,0.916,2026-08-01T17:59:25+00:00
11169039,R01AR080726,IPF6959701,"JAYASURIYA, CHATHURAKA TEEKSHANA",2025,470108.0,True,R01,R01,Bioactive Injectable Cell Scaffold for Meniscus Injury Repair in a Large Animal Model,ORTHOPEDIC_SURGERY,ORTHOPEDICS,False,1.0,14,full_forename,1,majority,0.916,2026-08-01T17:59:25+00:00
10220991,R35GM124911,IPF6959701,"LEFORT, CRAIG THOMAS",2021,402500.0,False,R35,R_OTHER,Selective modulation of neutrophils in critical illness,GENERAL_AND_UNSPECIFIED_SURGERY,SURGERY,True,1.0,10,full_forename,1,majority,0.916,2026-08-01T17:59:25+00:00
10551956,R35GM124911,IPF6959701,"LEFORT, CRAIG THOMAS",2023,424040.0,False,R35,R_OTHER,Selective Modulation of Neutrophils in Critical Illness,GENERAL_AND_UNSPECIFIED_SURGERY,SURGERY,True,1.0,10,full_forename,1,majority,0.916,2026-08-01T17:59:25+00:00
10752090,R13AI179146,IPF6959701,"LEFORT, CRAIG THOMAS",2023,20000.0,False,R13,R_OTHER,56th Annual Meeting of the Society for Leukocyte Biology,GENERAL_AND_UNSPECIFIED_SURGERY,SURGERY,True,1.0,10,full_forename,1,majority,0.916,2026-08-01T17:59:25+00:00
10767835,R35GM124911,IPF6959701,"LEFORT, CRAIG THOMAS",2024,423618.0,False,R35,R_OTHER,Selective Modulation of Neutrophils in Critical Illness,GENERAL_AND_UNSPECIFIED_SURGERY,SURGERY,True,1.0,10,full_forename,1,majority,0.916,2026-08-01T17:59:25+00:00
10999845,R13AI186425,IPF6959701,"LEFORT, CRAIG THOMAS",2024,13000.0,False,R13,R_OTHER,57th Annual Meeting of the Society for Leukocyte Biology,GENERAL_AND_UNSPECIFIED_SURGERY,SURGERY,True,1.0,10,full_forename,1,majority,0.916,2026-08-01T17:59:25+00:00
11012294,R35GM124911,IPF6959701,"LEFORT, CRAIG THOMAS",2025,423179.0,False,R35,R_OTHER,Selective Modulation of Neutrophils in Critical Illness,GENERAL_AND_UNSPECIFIED_SURGERY,SURGERY,True,1.0,10,full_forename,1,majority,0.916,2026-08-01T17:59:25+00:00
10274355,R35GM142638,IPF6959701,"MONAGHAN, SEAN FARRELL",2021,389143.0,False,R35,R_OTHER,Improving Sepsis Care with Deep RNA Sequencing Data,GENERAL_AND_UNSPECIFIED_SURGERY,SURGERY,True,1.0,16,full_forename,1,majority,0.916,2026-08-01T17:59:25+00:00
10477386,R35GM142638,IPF6959701,"MONAGHAN, SEAN FARRELL",2022,399018.0,False,R35,R_OTHER,Improving Sepsis Care with Deep RNA Sequencing Data,GENERAL_AND_UNSPECIFIED_SURGERY,SURGERY,True,1.0,16,full_forename,1,majority,0.916,2026-08-01T17:59:25+00:00
10665687,R35GM142638,IPF6959701,"MONAGHAN, SEAN FARRELL",2023,398579.0,False,R35,R_OTHER,Improving Sepsis Care with Deep RNA Sequencing Data,GENERAL_AND_UNSPECIFIED_SURGERY,SURGERY,True,1.0,16,full_forename,1,majority,0.916,2026-08-01T17:59:25+00:00
10863920,R35GM142638,IPF6959701,"MONAGHAN, SEAN FARRELL",2024,398122.0,False,R35,R_OTHER,Improving Sepsis Care with Deep RNA Sequencing Data,GENERAL_AND_UNSPECIFIED_SURGERY,SURGERY,True,1.0,16,full_forename,1,majority,0.916,2026-08-01T17:59:25+00:00
11035824,R35GM142638,IPF6959701,"MONAGHAN, SEAN FARRELL",2024,185656.0,False,R35,R_OTHER,Improving Sepsis Care with Deep RNA Sequencing Data,GENERAL_AND_UNSPECIFIED_SURGERY,SURGERY,True,1.0,16,full_forename,1,majority,0.916,2026-08-01T17:59:25+00:00
11124030,R35GM142638,IPF6959701,"MONAGHAN, SEAN FARRELL",2025,397648.0,False,R35,R_OTHER,Improving Sepsis Care with Deep RNA Sequencing Data,GENERAL_AND_UNSPECIFIED_SURGERY,SURGERY,True,1.0,16,full_forename,1,majority,0.916,2026-08-01T17:59:25+00:00
10179456,R01HL147525,IPF6959701,"REICHNER, JONATHAN S",2021,504012.0,True,R01,R01,Identification of a Damaging Subset of Neutrophils that Arises in Septic Patients,GENERAL_AND_UNSPECIFIED_SURGERY,SURGERY,True,1.0,7,full_forename,1,majority,0.916,2026-08-01T17:59:25+00:00
10318756,R13AI164788,IPF6959701,"REICHNER, JONATHAN S",2021,10000.0,False,R13,R_OTHER,54th Annual Meeting of the Society For Leukocyte Biology,GENERAL_AND_UNSPECIFIED_SURGERY,SURGERY,True,1.0,7,full_forename,1,majority,0.916,2026-08-01T17:59:25+00:00
10418694,R01HL147525,IPF6959701,"REICHNER, JONATHAN S",2022,504012.0,True,R01,R01,Identification of a Damaging Subset of Neutrophils that Arises in Septic Patients,GENERAL_AND_UNSPECIFIED_SURGERY,SURGERY,True,1.0,7,full_forename,1,majority,0.916,2026-08-01T17:59:25+00:00
10540463,R13AI172247,IPF6959701,"REICHNER, JONATHAN S",2022,18750.0,False,R13,R_OTHER,55th Annual Meeting of the Society for Leukocyte Biology,GENERAL_AND_UNSPECIFIED_SURGERY,SURGERY,True,1.0,7,full_forename,1,majority,0.916,2026-08-01T17:59:25+00:00
10648774,R03CA280714,IPF6959701,"REICHNER, JONATHAN S",2023,82000.0,False,R03,R_OTHER,Investigating the Ability of Human Blood Neutrophils to Kill Cancer,GENERAL_AND_UNSPECIFIED_SURGERY,SURGERY,True,1.0,7,full_forename,1,majority,0.916,2026-08-01T17:59:25+00:00
10821439,R03CA280714,IPF6959701,"REICHNER, JONATHAN S",2024,82000.0,False,R03,R_OTHER,Investigating the Ability of Human Blood Neutrophils to Kill Cancer,GENERAL_AND_UNSPECIFIED_SURGERY,SURGERY,True,1.0,7,full_forename,1,majority,0.916,2026-08-01T17:59:25+00:00
10314127,F32HL160063,IPF6959701,"SABE, SHARIF A.",2021,73062.0,False,F32,F,Impact of Glycemic Control on Extracellular Vesicle-Mediated Angiogenesis in a Porcine Model of Chronic Myocardial Ischemia and Metabolic Syndrome,CARDIAC_CARDIOTHORACIC_SURGERY,SURGERY,True,1.0,35,full_forename,1,majority,0.916,2026-08-01T17:59:25+00:00
10513302,F32HL160063,IPF6959701,"SABE, SHARIF A.",2022,76066.0,False,F32,F,Impact of Glycemic Control on Extracellular Vesicle-Mediated Angiogenesis in a Porcine Model of Chronic Myocardial Ischemia and Metabolic Syndrome,CARDIAC_CARDIOTHORACIC_SURGERY,SURGERY,True,1.0,35,full_forename,1,majority,0.916,2026-08-01T17:59:25+00:00
10139079,R01HL046716,IPF6959701,"SELLKE, FRANK W",2021,611958.0,True,R01,R01,Effect of Cardioplegia and Cardiopulmonary Bypass on Coronary Microvascular Reactivity,CARDIAC_CARDIOTHORACIC_SURGERY,SURGERY,True,1.0,103,full_forename,1,majority,0.916,2026-08-01T17:59:25+00:00
10370331,R01HL046716,IPF6959701,"SELLKE, FRANK W",2022,611958.0,True,R01,R01,Effect of Cardioplegia and Cardiopulmonary Bypass on Coronary Microvascular Reactivity,CARDIAC_CARDIOTHORACIC_SURGERY,SURGERY,True,1.0,103,full_forename,1,majority,0.916,2026-08-01T17:59:25+00:00
10495856,T32HL160517,IPF6959701,"SELLKE, FRANK W",2022,156399.0,False,T32,T,Cardiovascular Surgery Research Training,CARDIAC_CARDIOTHORACIC_SURGERY,SURGERY,True,1.0,103,full_forename,1,majority,0.916,2026-08-01T17:59:25+00:00
10520236,R01HL128831,IPF6959701,"SELLKE, FRANK W",2022,818360.0,True,R01,R01,Vascular Dysfunction in Myocardial Ischemia and Metabolic Syndrome,CARDIAC_CARDIOTHORACIC_SURGERY,SURGERY,True,1.0,103,full_forename,1,majority,0.916,2026-08-01T17:59:25+00:00
10594403,R01HL046716,IPF6959701,"SELLKE, FRANK W",2023,611958.0,True,R01,R01,Effect of Cardioplegia and Cardiopulmonary Bypass on Coronary Microvascular Reactivity,CARDIAC_CARDIOTHORACIC_SURGERY,SURGERY,True,1.0,103,full_forename,1,majority,0.916,2026-08-01T17:59:25+00:00
10614655,T32HL160517,IPF6959701,"SELLKE, FRANK W",2023,325852.0,False,T32,T,Cardiovascular Surgery Research Training,CARDIAC_CARDIOTHORACIC_SURGERY,SURGERY,True,1.0,103,full_forename,1,majority,0.916,2026-08-01T17:59:25+00:00
10632072,R01HL128831,IPF6959701,"SELLKE, FRANK W",2023,819895.0,True,R01,R01,Vascular Dysfunction in Myocardial Ischemia and Metabolic Syndrome,CARDIAC_CARDIOTHORACIC_SURGERY,SURGERY,True,1.0,103,full_forename,1,majority,0.916,2026-08-01T17:59:25+00:00
10863828,T32HL160517,IPF6959701,"SELLKE, FRANK W",2024,344271.0,False,T32,T,Cardiovascular Surgery Research Training,CARDIAC_CARDIOTHORACIC_SURGERY,SURGERY,True,1.0,103,full_forename,1,majority,0.916,2026-08-01T17:59:25+00:00
10886505,R01HL128831,IPF6959701,"SELLKE, FRANK W",2024,801993.0,True,R01,R01,Vascular Dysfunction in Myocardial Ischemia and Metabolic Syndrome,CARDIAC_CARDIOTHORACIC_SURGERY,SURGERY,True,1.0,103,full_forename,1,majority,0.916,2026-08-01T17:59:25+00:00
11097242,R01HL128831,IPF6959701,"SELLKE, FRANK W",2025,818360.0,True,R01,R01,Vascular Dysfunction in Myocardial Ischemia and Metabolic Syndrome,CARDIAC_CARDIOTHORACIC_SURGERY,SURGERY,True,1.0,103,full_forename,1,majority,0.916,2026-08-01T17:59:25+00:00
11125869,T32HL160517,IPF6959701,"SELLKE, FRANK W",2025,338318.0,False,T32,T,Cardiovascular Surgery Research Training,CARDIAC_CARDIOTHORACIC_SURGERY,SURGERY,True,1.0,103,full_forename,1,majority,0.916,2026-08-01T17:59:25+00:00
10587671,R01CA270795,IPF6959701,"TEREK, RICHARD M",2023,638644.0,True,R01,R01,ASPH Targeted Therapy for Chondrosarcoma,ORTHOPEDIC_SURGERY,ORTHOPEDICS,False,1.0,1,full_forename,1,majority,0.916,2026-08-01T17:59:25+00:00
10757016,R01CA270795,IPF6959701,"TEREK, RICHARD M",2024,623782.0,True,R01,R01,ASPH Targeted Therapy for Chondrosarcoma,ORTHOPEDIC_SURGERY,ORTHOPEDICS,False,1.0,1,full_forename,1,majority,0.916,2026-08-01T17:59:25+00:00
10993100,R01CA270795,IPF6959701,"TEREK, RICHARD M",2025,656612.0,True,R01,R01,ASPH Targeted Therapy for Chondrosarcoma,ORTHOPEDIC_SURGERY,ORTHOPEDICS,False,1.0,1,full_forename,1,majority,0.916,2026-08-01T17:59:25+00:00
10388883,R21AR079195,IPF6959701,"YANG, WENTIAN",2021,394064.0,False,R21,R_OTHER,Role of GI OSTERIX in Gut and Bone Biology,ORTHOPEDIC_SURGERY,ORTHOPEDICS,False,1.0,7,full_forename,1,majority,0.916,2026-08-01T17:59:25+00:00
10535540,R21AR081642,IPF6959701,"YANG, WENTIAN",2022,213664.0,False,R21,R_OTHER,Application of SHP2 PROTAC to Mitigate Articular Cartilage Degeneration,ORTHOPEDIC_SURGERY,ORTHOPEDICS,False,1.0,7,full_forename,1,majority,0.916,2026-08-01T17:59:25+00:00
10701128,R56DK134223,IPF6959701,"YANG, WENTIAN",2022,99999.0,False,R56,R_OTHER,SHP2 Regulation of the Plasticity of Bone Marrow Osterix+ Stroma,ORTHOPEDIC_SURGERY,ORTHOPEDICS,False,1.0,7,full_forename,1,majority,0.916,2026-08-01T17:59:25+00:00
10692898,R21AR081642,IPF6959701,"YANG, WENTIAN",2023,180400.0,False,R21,R_OTHER,Application of SHP2 PROTAC to Mitigate Articular Cartilage Degeneration,ORTHOPEDIC_SURGERY,ORTHOPEDICS,False,1.0,7,full_forename,1,majority,0.916,2026-08-01T17:59:25+00:00
10826307,R01DK138630,IPF6959701,"YANG, WENTIAN",2024,493310.0,True,R01,R01,SHP2's Regulation of the Bone Marrow Stroma and Hematopoietic Crosstalk,ORTHOPEDIC_SURGERY,ORTHOPEDICS,False,1.0,7,full_forename,1,majority,0.916,2026-08-01T17:59:25+00:00
11168685,R01DK138630,IPF6959701,"YANG, WENTIAN",2025,493310.0,True,R01,R01,SHP2's Regulation of the Bone Marrow Stroma and Hematopoietic Crosstalk,ORTHOPEDIC_SURGERY,ORTHOPEDICS,False,1.0,7,full_forename,1,majority,0.916,2026-08-01T17:59:25+00:00
10185587,R01GM141339,IPF6959701,"ZHAO, TING C",2021,411450.0,True,R01,R01,A novel protective mechanism in hemorrhagic shock,PLASTIC_SURGERY,PLASTIC SURGERY,False,1.0,25,full_forename,3,majority,0.916,2026-08-01T17:59:25+00:00
10434853,R01GM141339,IPF6959701,"ZHAO, TING C",2022,336202.0,True,R01,R01,A novel protective mechanism in hemorrhagic shock,PLASTIC_SURGERY,PLASTIC SURGERY,False,1.0,25,full_forename,3,majority,0.916,2026-08-01T17:59:25+00:00
10593236,R01GM141339,IPF6959701,"ZHAO, TING C",2022,222950.0,True,R01,R01,A novel protective mechanism in hemorrhagic shock,PLASTIC_SURGERY,PLASTIC SURGERY,False,1.0,25,full_forename,3,majority,0.916,2026-08-01T17:59:25+00:00
10610424,R01GM141339,IPF6959701,"ZHAO, TING C",2023,336202.0,True,R01,R01,A novel protective mechanism in hemorrhagic shock,PLASTIC_SURGERY,PLASTIC SURGERY,False,1.0,25,full_forename,3,majority,0.916,2026-08-01T17:59:25+00:00
10828372,R01GM141339,IPF6959701,"ZHAO, TING C",2025,348826.0,True,R01,R01,A novel protective mechanism in hemorrhagic shock,PLASTIC_SURGERY,PLASTIC SURGERY,False,1.0,25,full_forename,3,majority,0.916,2026-08-01T17:59:25+00:00
10063895,R01HL140295,IPF7893501,"DAVIDOFF, ANDREW M",2021,669282.0,True,R01,R01,Clinical trial of AAV8-mediated FVIII gene transfer for hemophilia A,GENERAL_AND_UNSPECIFIED_SURGERY,SURGERY,True,0.9908,109,full_forename,1,majority,0.916,2026-08-01T17:37:06+00:00
10304874,R01HL140295,IPF7893501,"DAVIDOFF, ANDREW M",2022,669282.0,True,R01,R01,Clinical trial of AAV8-mediated FVIII gene transfer for hemophilia A,GENERAL_AND_UNSPECIFIED_SURGERY,SURGERY,True,0.9908,109,full_forename,1,majority,0.916,2026-08-01T17:37:06+00:00
10105040,K08CA255569,IPF7893501,"MURPHY, ANDREW J",2021,265113.0,False,K08,K,WT1 as an oncogene and therapeutic target in anaplastic Wilms tumor,GENERAL_AND_UNSPECIFIED_SURGERY,SURGERY,True,1.0,74,full_forename,2,majority,0.916,2026-08-01T17:37:06+00:00
10320453,K08CA255569,IPF7893501,"MURPHY, ANDREW J",2022,265113.0,False,K08,K,WT1 as an oncogene and therapeutic target in anaplastic Wilms tumor,GENERAL_AND_UNSPECIFIED_SURGERY,SURGERY,True,1.0,74,full_forename,2,majority,0.916,2026-08-01T17:37:06+00:00
10552546,K08CA255569,IPF7893501,"MURPHY, ANDREW J",2023,265113.0,False,K08,K,WT1 as an oncogene and therapeutic target in anaplastic Wilms tumor,GENERAL_AND_UNSPECIFIED_SURGERY,SURGERY,True,1.0,74,full_forename,2,majority,0.916,2026-08-01T17:37:06+00:00
10754226,K08CA255569,IPF7893501,"MURPHY, ANDREW J",2024,194741.0,False,K08,K,WT1 as an oncogene and therapeutic target in anaplastic Wilms tumor,GENERAL_AND_UNSPECIFIED_SURGERY,SURGERY,True,1.0,74,full_forename,2,majority,0.916,2026-08-01T17:37:06+00:00
11003706,K08CA255569,IPF7893501,"MURPHY, ANDREW J",2025,194741.0,False,K08,K,WT1 as an oncogene and therapeutic target in anaplastic Wilms tumor,GENERAL_AND_UNSPECIFIED_SURGERY,SURGERY,True,1.0,74,full_forename,2,majority,0.916,2026-08-01T17:37:06+00:00
10188460,R01CA229739,IPF7893501,"YANG, JUN",2021,410606.0,True,R01,R01,Development of small molecules to target KDM4B,GENERAL_AND_UNSPECIFIED_SURGERY,SURGERY,True,0.6667,12,full_forename,10,majority,0.916,2026-08-01T17:37:06+00:00
10521711,R01CA266600,IPF7893501,"YANG, JUN",2022,691425.0,True,R01,R01,EXPLORE AND TARGET THE EPIGENETIC VULNERABILITY OF PAX3-FOXO1-DRIVEN RHABDOMYOSARCOMA,GENERAL_AND_UNSPECIFIED_SURGERY,SURGERY,True,0.6667,12,full_forename,10,majority,0.916,2026-08-01T17:37:06+00:00
10649516,R01CA266600,IPF7893501,"YANG, JUN",2023,677596.0,True,R01,R01,EXPLORE AND TARGET THE EPIGENETIC VULNERABILITY OF PAX3-FOXO1-DRIVEN RHABDOMYOSARCOMA,GENERAL_AND_UNSPECIFIED_SURGERY,SURGERY,True,0.6667,12,full_forename,10,majority,0.916,2026-08-01T17:37:06+00:00
10878910,R01CA266600,IPF7893501,"YANG, JUN",2024,656854.0,True,R01,R01,EXPLORE AND TARGET THE EPIGENETIC VULNERABILITY OF PAX3-FOXO1-DRIVEN RHABDOMYOSARCOMA,GENERAL_AND_UNSPECIFIED_SURGERY,SURGERY,True,0.6667,12,full_forename,10,majority,0.916,2026-08-01T17:37:06+00:00
11050940,R01CA289881,IPF7893501,"YANG, JUN",2025,718113.0,True,R01,R01,Targetable epigenetic modifiers that promote neuroblastoma malignancy and plasticity,GENERAL_AND_UNSPECIFIED_SURGERY,SURGERY,True,0.6667,12,full_forename,10,majority,0.916,2026-08-01T17:37:06+00:00
11122258,R01CA266600,IPF7893501,"YANG, JUN",2025,691425.0,True,R01,R01,EXPLORE AND TARGET THE EPIGENETIC VULNERABILITY OF PAX3-FOXO1-DRIVEN RHABDOMYOSARCOMA,GENERAL_AND_UNSPECIFIED_SURGERY,SURGERY,True,0.6667,12,full_forename,10,majority,0.916,2026-08-01T17:37:06+00:00
11207884,R01CA303799,IPF7893501,"YANG, JUN",2025,767328.0,True,R01,R01,Targeting splicing vulnerability of neuroblastoma,GENERAL_AND_UNSPECIFIED_SURGERY,SURGERY,True,0.6667,12,full_forename,10,majority,0.916,2026-08-01T17:37:06+00:00
10206445,R35GM141947,IPF7893501,"YANG, JUN J.",2021,574400.0,False,R35,R_OTHER,Pharmacogenetics of Nucleobase and Nucleoside Analog Drugs,GENERAL_AND_UNSPECIFIED_SURGERY,SURGERY,True,0.6667,12,full_forename,10,majority,0.916,2026-08-01T17:37:06+00:00
10312610,R01CA264837,IPF7893501,"YANG, JUN J.",2021,619047.0,True,R01,R01,Biomarkers of dasatinib response and resistance in T-cell acute lymphoblastic leukemia,GENERAL_AND_UNSPECIFIED_SURGERY,SURGERY,True,0.6667,12,full_forename,10,majority,0.916,2026-08-01T17:37:06+00:00
10382375,R35GM141947,IPF7893501,"YANG, JUN J.",2022,574400.0,False,R35,R_OTHER,Pharmacogenetics of Nucleobase and Nucleoside Analog Drugs,GENERAL_AND_UNSPECIFIED_SURGERY,SURGERY,True,0.6667,12,full_forename,10,majority,0.916,2026-08-01T17:37:06+00:00
10390748,R56CA258856,IPF7893501,"YANG, JUN J.",2022,299999.0,False,R56,R_OTHER,Effects of germline GATA3 variants on ALL somatic genomics and prognosis in multi-ethnic populations,GENERAL_AND_UNSPECIFIED_SURGERY,SURGERY,True,0.6667,12,full_forename,10,majority,0.916,2026-08-01T17:37:06+00:00
10438869,R01CA264837,IPF7893501,"YANG, JUN J.",2022,587189.0,True,R01,R01,Biomarkers of dasatinib response and resistance in T-cell acute lymphoblastic leukemia,GENERAL_AND_UNSPECIFIED_SURGERY,SURGERY,True,0.6667,12,full_forename,10,majority,0.916,2026-08-01T17:37:06+00:00
10557097,R35GM141947,IPF7893501,"YANG, JUN J.",2023,574400.0,False,R35,R_OTHER,Pharmacogenetics of Nucleobase and Nucleoside Analog Drugs,GENERAL_AND_UNSPECIFIED_SURGERY,SURGERY,True,0.6667,12,full_forename,10,majority,0.916,2026-08-01T17:37:06+00:00
10660941,R01CA264837,IPF7893501,"YANG, JUN J.",2023,587189.0,True,R01,R01,Biomarkers of dasatinib response and resistance in T-cell acute lymphoblastic leukemia,GENERAL_AND_UNSPECIFIED_SURGERY,SURGERY,True,0.6667,12,full_forename,10,majority,0.916,2026-08-01T17:37:06+00:00
10863906,R35GM141947,IPF7893501,"YANG, JUN J.",2024,574400.0,False,R35,R_OTHER,Pharmacogenetics of Nucleobase and Nucleoside Analog Drugs,GENERAL_AND_UNSPECIFIED_SURGERY,SURGERY,True,0.6667,12,full_forename,10,majority,0.916,2026-08-01T17:37:06+00:00
10873128,R01CA264837,IPF7893501,"YANG, JUN J.",2024,569213.0,True,R01,R01,Biomarkers of dasatinib response and resistance in T-cell acute lymphoblastic leukemia,GENERAL_AND_UNSPECIFIED_SURGERY,SURGERY,True,0.6667,12,full_forename,10,majority,0.916,2026-08-01T17:37:06+00:00
11026431,R35GM141947,IPF7893501,"YANG, JUN J.",2025,574400.0,False,R35,R_OTHER,Pharmacogenetics of Nucleobase and Nucleoside Analog Drugs,GENERAL_AND_UNSPECIFIED_SURGERY,SURGERY,True,0.6667,12,full_forename,10,majority,0.916,2026-08-01T17:37:06+00:00
11126071,R01CA264837,IPF7893501,"YANG, JUN J.",2025,599172.0,True,R01,R01,Biomarkers of dasatinib response and resistance in T-cell acute lymphoblastic leukemia,GENERAL_AND_UNSPECIFIED_SURGERY,SURGERY,True,0.6667,12,full_forename,10,majority,0.916,2026-08-01T17:37:06+00:00
10223310,U01ES029516,IPF861001,"HOLLAND, ERIC C.",2021,152307.0,False,U01,U,Precision disease prevention via somatic mutagenesis enumeration (PREDICTION),NEUROSURGERY,NEUROSURGERY,False,1.0,1,full_forename,2,majority,0.916,2026-08-01T16:16:54+00:00
10294170,R35CA253119,IPF861001,"HOLLAND, ERIC C.",2021,485162.0,False,R35,R_OTHER,The role and mechanism of alternative RNA splice variants and gene fusions as drivers of cancer,NEUROSURGERY,NEUROSURGERY,False,1.0,1,full_forename,2,majority,0.916,2026-08-01T16:16:54+00:00
10394666,U54CA243125,IPF861001,"HOLLAND, ERIC C.",2021,41230.0,False,U54,U,Biology and therapy of C11orf95-RELA fusion-driven ependymoma,NEUROSURGERY,NEUROSURGERY,False,1.0,1,full_forename,2,majority,0.916,2026-08-01T16:16:54+00:00
10129935,R01DC012142,MEEI,"ARENBERG, JULIE G",2021,361250.0,True,R01,R01,Perceptual consequences of cochlear implant,OTOLARYNGOLOGY_HNS,OTOLARYNGOLOGY,False,1.0,10,full_forename,1,majority,0.916,2026-08-01T18:12:44+00:00
10604526,R01DC012142,MEEI,"ARENBERG, JULIE G",2022,562403.0,True,R01,R01,Perceptual implications of cochlear implant electrode-neuron interfaces,OTOLARYNGOLOGY_HNS,OTOLARYNGOLOGY,False,1.0,10,full_forename,1,majority,0.916,2026-08-01T18:12:44+00:00
10705794,R01DC012142,MEEI,"ARENBERG, JULIE G",2023,601151.0,True,R01,R01,Perceptual implications of cochlear implant electrode-neuron interfaces,OTOLARYNGOLOGY_HNS,OTOLARYNGOLOGY,False,1.0,10,full_forename,1,majority,0.916,2026-08-01T18:12:44+00:00
10825043,R01DC021606,MEEI,"ARENBERG, JULIE G",2023,453502.0,True,R01,R01,Improving Cochlear Implant Outcomes Through Modeling and Programming Strategies Based on Human Inner Ear Pathology,OTOLARYNGOLOGY_HNS,OTOLARYNGOLOGY,False,1.0,10,full_forename,1,majority,0.916,2026-08-01T18:12:44+00:00
10894270,R01DC012142,MEEI,"ARENBERG, JULIE G",2024,578121.0,True,R01,R01,Perceptual implications of cochlear implant electrode-neuron interfaces,OTOLARYNGOLOGY_HNS,OTOLARYNGOLOGY,False,1.0,10,full_forename,1,majority,0.916,2026-08-01T18:12:44+00:00
10931685,R01DC021606,MEEI,"ARENBERG, JULIE G",2024,489110.0,True,R01,R01,Improving Cochlear Implant Outcomes Through Modeling and Programming Strategies Based on Human Inner Ear Pathology,OTOLARYNGOLOGY_HNS,OTOLARYNGOLOGY,False,1.0,10,full_forename,1,majority,0.916,2026-08-01T18:12:44+00:00
11103277,R01DC012142,MEEI,"ARENBERG, JULIE G",2025,582301.0,True,R01,R01,Perceptual implications of cochlear implant electrode-neuron interfaces,OTOLARYNGOLOGY_HNS,OTOLARYNGOLOGY,False,1.0,10,full_forename,1,majority,0.916,2026-08-01T18:12:44+00:00
11141859,R01DC021606,MEEI,"ARENBERG, JULIE G",2025,600809.0,True,R01,R01,Improving Cochlear Implant Outcomes Through Modeling and Programming Strategies Based on Human Inner Ear Pathology,OTOLARYNGOLOGY_HNS,OTOLARYNGOLOGY,False,1.0,10,full_forename,1,majority,0.916,2026-08-01T18:12:44+00:00
10067576,R01NS108968,MEEI,"BLEIER, BENJAMIN",2021,527042.0,True,R01,R01,Direct CNS Delivery System for BDNF AntagoNATs using Heterotopic Mucosal Grafting for the Treatment of Parkinson's Disease,OTOLARYNGOLOGY_HNS,OTOLARYNGOLOGY,False,1.0,78,full_forename,1,majority,0.916,2026-08-01T18:12:44+00:00
10308678,R01NS108968,MEEI,"BLEIER, BENJAMIN",2022,504376.0,True,R01,R01,Direct CNS Delivery System for BDNF AntagoNATs using Heterotopic Mucosal Grafting for the Treatment of Parkinson's Disease,OTOLARYNGOLOGY_HNS,OTOLARYNGOLOGY,False,1.0,78,full_forename,1,majority,0.916,2026-08-01T18:12:44+00:00
10534663,R01NS108968,MEEI,"BLEIER, BENJAMIN",2023,504376.0,True,R01,R01,Direct CNS Delivery System for BDNF AntagoNATs using Heterotopic Mucosal Grafting for the Treatment of Parkinson's Disease,OTOLARYNGOLOGY_HNS,OTOLARYNGOLOGY,False,1.0,78,full_forename,1,majority,0.916,2026-08-01T18:12:44+00:00
11113588,K08DC022696,MEEI,"CHARI, DIVYA A.",2025,194400.0,False,K08,K,The Phex Pathway: Mechanisms Underlying a Meniere's Disease Subtype,OTOLARYNGOLOGY_HNS,OTOLARYNGOLOGY,False,0.9394,33,full_forename,1,majority,0.916,2026-08-01T18:12:44+00:00
10066340,R01DC016875,MEEI,"CHEN, ZHENG-YI",2021,520571.0,True,R01,R01,Development of Genome Editing as Treatment for Genetic Hearing Loss,OTOLARYNGOLOGY_HNS,OTOLARYNGOLOGY,False,1.0,2,full_forename,3,majority,0.916,2026-08-01T18:12:44+00:00
10288164,R01DC016875,MEEI,"CHEN, ZHENG-YI",2021,425000.0,True,R01,R01,Development of Genome Editing as Treatment for Genetic Hearing Loss,OTOLARYNGOLOGY_HNS,OTOLARYNGOLOGY,False,1.0,2,full_forename,3,majority,0.916,2026-08-01T18:12:44+00:00
10387120,UH3TR002636,MEEI,"CHEN, ZHENG-YI",2021,1638192.0,False,UH3,U,Efficient in Vivo RNP-based Gene Editing in the Sensory Organ Inner Ear Using Bioreducible Lipid Nanoparticles,OTOLARYNGOLOGY_HNS,OTOLARYNGOLOGY,False,1.0,2,full_forename,3,majority,0.916,2026-08-01T18:12:44+00:00
10326343,R01DC016875,MEEI,"CHEN, ZHENG-YI",2022,520571.0,True,R01,R01,Development of Genome Editing as Treatment for Genetic Hearing Loss,OTOLARYNGOLOGY_HNS,OTOLARYNGOLOGY,False,1.0,2,full_forename,3,majority,0.916,2026-08-01T18:12:44+00:00
10470326,UH3TR002636,MEEI,"CHEN, ZHENG-YI",2022,1639716.0,False,UH3,U,Efficient in Vivo RNP-based Gene Editing in the Sensory Organ Inner Ear Using Bioreducible Lipid Nanoparticles,OTOLARYNGOLOGY_HNS,OTOLARYNGOLOGY,False,1.0,2,full_forename,3,majority,0.916,2026-08-01T18:12:44+00:00
10620471,UH3TR002636,MEEI,"CHEN, ZHENG-YI",2022,505567.0,False,UH3,U,SCGE Disease Models Studies Supplement: Development of LNP-mediated based editing to treat Leber Congenital Amaurosis (LCA) for vision restoration in mouse model,OTOLARYNGOLOGY_HNS,OTOLARYNGOLOGY,False,1.0,2,full_forename,3,majority,0.916,2026-08-01T18:12:44+00:00
10542663,R01DC016875,MEEI,"CHEN, ZHENG-YI",2023,520571.0,True,R01,R01,Development of Genome Editing as Treatment for Genetic Hearing Loss,OTOLARYNGOLOGY_HNS,OTOLARYNGOLOGY,False,1.0,2,full_forename,3,majority,0.916,2026-08-01T18:12:44+00:00
11041663,U01TR005352,MEEI,"CHEN, ZHENG-YI",2024,3314560.0,False,U01,U,AAV-mediated editing to treat human autosomal dominant hearing loss DFNA41 and DFNA2,OTOLARYNGOLOGY_HNS,OTOLARYNGOLOGY,False,1.0,2,full_forename,3,majority,0.916,2026-08-01T18:12:44+00:00
11195632,U01TR005352,MEEI,"CHEN, ZHENG-YI",2025,3227062.0,False,U01,U,AAV-mediated editing to treat human autosomal dominant hearing loss DFNA41 and DFNA2,OTOLARYNGOLOGY_HNS,OTOLARYNGOLOGY,False,1.0,2,full_forename,3,majority,0.916,2026-08-01T18:12:44+00:00
10089435,R01DC016079,MEEI,"CHENG, JEFFREY TAO",2021,408421.0,True,R01,R01,Eardrum function in live and cadaveric ears: Research and clinical relevance,OTOLARYNGOLOGY_HNS,OTOLARYNGOLOGY,False,0.75,4,full_forename,2,majority,0.916,2026-08-01T18:12:44+00:00
10443501,R01DC016079,MEEI,"CHENG, JEFFREY TAO",2022,420645.0,True,R01,R01,Middle Ear Nonlinearity in High Intensity Sound: Impact on Hearing Damage and Protection,OTOLARYNGOLOGY_HNS,OTOLARYNGOLOGY,False,0.75,4,full_forename,2,majority,0.916,2026-08-01T18:12:44+00:00
10591539,R01DC016079,MEEI,"CHENG, JEFFREY TAO",2023,403444.0,True,R01,R01,Middle Ear Nonlinearity in High Intensity Sound: Impact on Hearing Damage and Protection,OTOLARYNGOLOGY_HNS,OTOLARYNGOLOGY,False,0.75,4,full_forename,2,majority,0.916,2026-08-01T18:12:44+00:00
10791842,R01DC016079,MEEI,"CHENG, JEFFREY TAO",2024,403234.0,True,R01,R01,Middle Ear Nonlinearity in High Intensity Sound: Impact on Hearing Damage and Protection,OTOLARYNGOLOGY_HNS,OTOLARYNGOLOGY,False,0.75,4,full_forename,2,majority,0.916,2026-08-01T18:12:44+00:00
11046546,R01DC016079,MEEI,"CHENG, JEFFREY TAO",2025,403012.0,True,R01,R01,Middle Ear Nonlinearity in High Intensity Sound: Impact on Hearing Damage and Protection,OTOLARYNGOLOGY_HNS,OTOLARYNGOLOGY,False,0.75,4,full_forename,2,majority,0.916,2026-08-01T18:12:44+00:00
10435013,R01DC020322,MEEI,"EDGE, ALBERT",2022,617363.0,True,R01,R01,Determination of Hair Cell Fate from Postnatal Cochlear Supporting Cells,OTOLARYNGOLOGY_HNS,OTOLARYNGOLOGY,False,1.0,4,full_forename,1,majority,0.916,2026-08-01T18:12:44+00:00
10617788,R01DC020322,MEEI,"EDGE, ALBERT",2023,617363.0,True,R01,R01,Determination of Hair Cell Fate from Postnatal Cochlear Supporting Cells,OTOLARYNGOLOGY_HNS,OTOLARYNGOLOGY,False,1.0,4,full_forename,1,majority,0.916,2026-08-01T18:12:44+00:00
10829378,R01DC020322,MEEI,"EDGE, ALBERT",2024,617363.0,True,R01,R01,Determination of Hair Cell Fate from Postnatal Cochlear Supporting Cells,OTOLARYNGOLOGY_HNS,OTOLARYNGOLOGY,False,1.0,4,full_forename,1,majority,0.916,2026-08-01T18:12:44+00:00
11076780,R01DC020322,MEEI,"EDGE, ALBERT",2025,617363.0,True,R01,R01,Determination of Hair Cell Fate from Postnatal Cochlear Supporting Cells,OTOLARYNGOLOGY_HNS,OTOLARYNGOLOGY,False,1.0,4,full_forename,1,majority,0.916,2026-08-01T18:12:44+00:00
10215652,K23DE029811,MEEI,"FADEN, DANIEL",2021,173772.0,False,K23,K,Dissecting temporal and spatial dynamics of immunotherapy resistance,OTOLARYNGOLOGY_HNS,OTOLARYNGOLOGY,False,1.0,46,full_forename,1,majority,0.916,2026-08-01T18:12:44+00:00
10373210,R03DE030550,MEEI,"FADEN, DANIEL",2022,168000.0,False,R03,R_OTHER,Cell free HPV DNA detection in the diagnostic and surgical settings,OTOLARYNGOLOGY_HNS,OTOLARYNGOLOGY,False,1.0,46,full_forename,1,majority,0.916,2026-08-01T18:12:44+00:00
10374916,K23DE029811,MEEI,"FADEN, DANIEL",2022,173772.0,False,K23,K,Dissecting temporal and spatial dynamics of immunotherapy resistance,OTOLARYNGOLOGY_HNS,OTOLARYNGOLOGY,False,1.0,46,full_forename,1,majority,0.916,2026-08-01T18:12:44+00:00
10584473,R03DE030550,MEEI,"FADEN, DANIEL",2023,168000.0,False,R03,R_OTHER,Cell free HPV DNA detection in the diagnostic and surgical settings,OTOLARYNGOLOGY_HNS,OTOLARYNGOLOGY,False,1.0,46,full_forename,1,majority,0.916,2026-08-01T18:12:44+00:00
10584610,K23DE029811,MEEI,"FADEN, DANIEL",2023,173772.0,False,K23,K,Dissecting temporal and spatial dynamics of immunotherapy resistance,OTOLARYNGOLOGY_HNS,OTOLARYNGOLOGY,False,1.0,46,full_forename,1,majority,0.916,2026-08-01T18:12:44+00:00
10811752,K23DE029811,MEEI,"FADEN, DANIEL",2024,173772.0,False,K23,K,Dissecting temporal and spatial dynamics of immunotherapy resistance,OTOLARYNGOLOGY_HNS,OTOLARYNGOLOGY,False,1.0,46,full_forename,1,majority,0.916,2026-08-01T18:12:44+00:00
11060027,K23DE029811,MEEI,"FADEN, DANIEL",2025,173772.0,False,K23,K,Dissecting temporal and spatial dynamics of immunotherapy resistance,OTOLARYNGOLOGY_HNS,OTOLARYNGOLOGY,False,1.0,46,full_forename,1,majority,0.916,2026-08-01T18:12:44+00:00
10263291,U01DC019279,MEEI,"HARTNICK, CHRISTOPHER J",2021,760778.0,False,U01,U,Effects of Hypoglossal Nerve Stimulation on Cognition & Language in Down Syndrome,OTOLARYNGOLOGY_HNS,OTOLARYNGOLOGY,False,0.9833,60,full_forename,1,majority,0.916,2026-08-01T18:12:44+00:00
10470820,U01DC019279,MEEI,"HARTNICK, CHRISTOPHER J",2022,760778.0,False,U01,U,Effects of Hypoglossal Nerve Stimulation on Cognition & Language in Down Syndrome,OTOLARYNGOLOGY_HNS,OTOLARYNGOLOGY,False,0.9833,60,full_forename,1,majority,0.916,2026-08-01T18:12:44+00:00
10691250,U01DC019279,MEEI,"HARTNICK, CHRISTOPHER J",2023,744407.0,False,U01,U,Effects of Hypoglossal Nerve Stimulation on Cognition & Language in Down Syndrome,OTOLARYNGOLOGY_HNS,OTOLARYNGOLOGY,False,0.9833,60,full_forename,1,majority,0.916,2026-08-01T18:12:44+00:00
10905009,U01DC019279,MEEI,"HARTNICK, CHRISTOPHER J",2024,694646.0,False,U01,U,Effects of Hypoglossal Nerve Stimulation on Cognition & Language in Down Syndrome,OTOLARYNGOLOGY_HNS,OTOLARYNGOLOGY,False,0.9833,60,full_forename,1,majority,0.916,2026-08-01T18:12:44+00:00
10219805,R01DC017166,MEEI,"INDZHYKULIAN, ARTUR",2021,577854.0,True,R01,R01,Molecular Basis of Hair Cell Stereocilia Bundle Morphology,OTOLARYNGOLOGY_HNS,OTOLARYNGOLOGY,False,1.0,13,full_forename,1,majority,0.916,2026-08-01T18:12:44+00:00
10410746,R01DC017166,MEEI,"INDZHYKULIAN, ARTUR",2021,306359.0,True,R01,R01,Molecular Basis of Hair Cell Stereocilia Bundle Morphology,OTOLARYNGOLOGY_HNS,OTOLARYNGOLOGY,False,1.0,13,full_forename,1,majority,0.916,2026-08-01T18:12:44+00:00
10422064,R01DC020190,MEEI,"INDZHYKULIAN, ARTUR",2022,662410.0,True,R01,R01,Development of Gene Therapy for Hereditary Deafness using Rational Protein Engineering,OTOLARYNGOLOGY_HNS,OTOLARYNGOLOGY,False,1.0,13,full_forename,1,majority,0.916,2026-08-01T18:12:44+00:00
10454135,R01DC017166,MEEI,"INDZHYKULIAN, ARTUR",2022,577854.0,True,R01,R01,Molecular Basis of Hair Cell Stereocilia Bundle Morphology,OTOLARYNGOLOGY_HNS,OTOLARYNGOLOGY,False,1.0,13,full_forename,1,majority,0.916,2026-08-01T18:12:44+00:00
10499078,R01DC017166,MEEI,"INDZHYKULIAN, ARTUR",2022,44127.0,True,R01,R01,Molecular Basis of Hair Cell Stereocilia Bundle Morphology,OTOLARYNGOLOGY_HNS,OTOLARYNGOLOGY,False,1.0,13,full_forename,1,majority,0.916,2026-08-01T18:12:44+00:00
10594618,R01DC017166,MEEI,"INDZHYKULIAN, ARTUR",2022,52954.0,True,R01,R01,Molecular Basis of Hair Cell Stereocilia Bundle Morphology,OTOLARYNGOLOGY_HNS,OTOLARYNGOLOGY,False,1.0,13,full_forename,1,majority,0.916,2026-08-01T18:12:44+00:00
10649587,R01DC020190,MEEI,"INDZHYKULIAN, ARTUR",2023,622863.0,True,R01,R01,Development of Gene Therapy for Hereditary Deafness using Rational Protein Engineering,OTOLARYNGOLOGY_HNS,OTOLARYNGOLOGY,False,1.0,13,full_forename,1,majority,0.916,2026-08-01T18:12:44+00:00
10848426,R01DC020190,MEEI,"INDZHYKULIAN, ARTUR",2024,614272.0,True,R01,R01,Development of Gene Therapy for Hereditary Deafness using Rational Protein Engineering,OTOLARYNGOLOGY_HNS,OTOLARYNGOLOGY,False,1.0,13,full_forename,1,majority,0.916,2026-08-01T18:12:44+00:00
11170076,R01DC020190,MEEI,"INDZHYKULIAN, ARTUR",2024,44776.0,True,R01,R01,Development of Gene Therapy for Hereditary Deafness using Rational Protein Engineering,OTOLARYNGOLOGY_HNS,OTOLARYNGOLOGY,False,1.0,13,full_forename,1,majority,0.916,2026-08-01T18:12:44+00:00
11105969,R01DC020190,MEEI,"INDZHYKULIAN, ARTUR",2025,655725.0,True,R01,R01,Development of Gene Therapy for Hereditary Deafness using Rational Protein Engineering,OTOLARYNGOLOGY_HNS,OTOLARYNGOLOGY,False,1.0,13,full_forename,1,majority,0.916,2026-08-01T18:12:44+00:00
11139658,R21DC022085,MEEI,"INDZHYKULIAN, ARTUR",2025,473749.0,False,R21,R_OTHER,In-silico screen and in-vivo evaluation of FDA-approved drugs to treat noise-induced hearing loss,OTOLARYNGOLOGY_HNS,OTOLARYNGOLOGY,False,1.0,13,full_forename,1,majority,0.916,2026-08-01T18:12:44+00:00
10867464,T32DC000020,MEEI,"JUNG, DAVID H",2024,173089.0,False,T32,T,Research Training in Otolaryngology,OTOLARYNGOLOGY_HNS,OTOLARYNGOLOGY,False,0.95,20,full_forename,1,majority,0.916,2026-08-01T18:12:44+00:00
11143688,T32DC000020,MEEI,"JUNG, DAVID H",2025,88420.0,False,T32,T,Research Training in Otolaryngology,OTOLARYNGOLOGY_HNS,OTOLARYNGOLOGY,False,0.95,20,full_forename,1,majority,0.916,2026-08-01T18:12:44+00:00
10949379,K08DC022004,MEEI,"KEMPFLE, JUDITH",2024,194400.0,False,K08,K,Plasticity of auditory cortex microglia and perineuronal nets after hearing loss,OTOLARYNGOLOGY_HNS,OTOLARYNGOLOGY,False,1.0,14,full_forename,1,majority,0.916,2026-08-01T18:12:44+00:00
11109685,K08DC022004,MEEI,"KEMPFLE, JUDITH",2025,194400.0,False,K08,K,Plasticity of auditory cortex microglia and perineuronal nets after hearing loss,OTOLARYNGOLOGY_HNS,OTOLARYNGOLOGY,False,1.0,14,full_forename,1,majority,0.916,2026-08-01T18:12:44+00:00
10104624,K08DC019128,MEEI,"KOZIN, ELLIOTT",2021,186095.0,False,K08,K,Neural Mechanisms Underlying the Auditory Phenotype of Mild Traumatic Brain Injury,OTOLARYNGOLOGY_HNS,OTOLARYNGOLOGY,False,1.0,52,full_forename,1,majority,0.916,2026-08-01T18:12:44+00:00
10295788,K08DC019128,MEEI,"KOZIN, ELLIOTT",2022,186095.0,False,K08,K,Neural Mechanisms Underlying the Auditory Phenotype of Mild Traumatic Brain Injury,OTOLARYNGOLOGY_HNS,OTOLARYNGOLOGY,False,1.0,52,full_forename,1,majority,0.916,2026-08-01T18:12:44+00:00
10531215,K08DC019128,MEEI,"KOZIN, ELLIOTT",2023,186095.0,False,K08,K,Neural Mechanisms Underlying the Auditory Phenotype of Mild Traumatic Brain Injury,OTOLARYNGOLOGY_HNS,OTOLARYNGOLOGY,False,1.0,52,full_forename,1,majority,0.916,2026-08-01T18:12:44+00:00
10862947,K08DC019128,MEEI,"KOZIN, ELLIOTT",2023,75600.0,False,K08,K,Neural Mechanisms Underlying the Auditory Phenotype of Mild Traumatic Brain Injury,OTOLARYNGOLOGY_HNS,OTOLARYNGOLOGY,False,1.0,52,full_forename,1,majority,0.916,2026-08-01T18:12:44+00:00
10744216,K08DC019128,MEEI,"KOZIN, ELLIOTT",2024,186095.0,False,K08,K,Neural Mechanisms Underlying the Auditory Phenotype of Mild Traumatic Brain Injury,OTOLARYNGOLOGY_HNS,OTOLARYNGOLOGY,False,1.0,52,full_forename,1,majority,0.916,2026-08-01T18:12:44+00:00
10986133,K08DC019128,MEEI,"KOZIN, ELLIOTT",2025,186095.0,False,K08,K,Neural Mechanisms Underlying the Auditory Phenotype of Mild Traumatic Brain Injury,OTOLARYNGOLOGY_HNS,OTOLARYNGOLOGY,False,1.0,52,full_forename,1,majority,0.916,2026-08-01T18:12:44+00:00
10222641,P50DC015857,MEEI,"KUJAWA, SHARON G",2021,2361915.0,False,P50,P,"Cochlear Synaptopathy: Prevalence, Diagnosis and Functional Consequences",OTOLARYNGOLOGY_HNS,OTOLARYNGOLOGY,False,1.0,4,full_forename,1,majority,0.916,2026-08-01T18:12:44+00:00
10422246,P50DC015857,MEEI,"KUJAWA, SHARON G",2022,2701343.0,False,P50,P,"Cochlear Synaptopathy: Prevalence, Diagnosis and Functional Consequences",OTOLARYNGOLOGY_HNS,OTOLARYNGOLOGY,False,1.0,4,full_forename,1,majority,0.916,2026-08-01T18:12:44+00:00
10641746,P50DC015857,MEEI,"KUJAWA, SHARON G",2023,2684344.0,False,P50,P,"Cochlear Synaptopathy: Prevalence, Diagnosis and Functional Consequences",OTOLARYNGOLOGY_HNS,OTOLARYNGOLOGY,False,1.0,4,full_forename,1,majority,0.916,2026-08-01T18:12:44+00:00
10896017,P50DC015857,MEEI,"KUJAWA, SHARON G",2024,2684343.0,False,P50,P,"Cochlear Synaptopathy: Prevalence, Diagnosis and Functional Consequences",OTOLARYNGOLOGY_HNS,OTOLARYNGOLOGY,False,1.0,4,full_forename,1,majority,0.916,2026-08-01T18:12:44+00:00
11158987,P50DC015857,MEEI,"KUJAWA, SHARON G",2025,2684343.0,False,P50,P,"Cochlear Synaptopathy: Prevalence, Diagnosis and Functional Consequences",OTOLARYNGOLOGY_HNS,OTOLARYNGOLOGY,False,1.0,4,full_forename,1,majority,0.916,2026-08-01T18:12:44+00:00
10982678,R01DE033427,MEEI,"KUMAR, ANAND T.N.",2023,565919.0,True,R01,R01,Fluorescence lifetime-based tumor contrast enhancement using exogenous probes,OTOLARYNGOLOGY_HNS,OTOLARYNGOLOGY,False,1.0,5,full_forename,5,majority,0.916,2026-08-01T18:12:44+00:00
10983625,R01CA260857,MEEI,"KUMAR, ANAND T.N.",2023,205000.0,True,R01,R01,Multiplexed time domain fluorescence tomography of tumor biomarkers during immunotherapy,OTOLARYNGOLOGY_HNS,OTOLARYNGOLOGY,False,1.0,5,full_forename,5,majority,0.916,2026-08-01T18:12:44+00:00
10810859,R01CA260857,MEEI,"KUMAR, ANAND T.N.",2024,436422.0,True,R01,R01,Multiplexed time domain fluorescence tomography of tumor biomarkers during immunotherapy,OTOLARYNGOLOGY_HNS,OTOLARYNGOLOGY,False,1.0,5,full_forename,5,majority,0.916,2026-08-01T18:12:44+00:00
10931674,R01DE033427,MEEI,"KUMAR, ANAND T.N.",2024,456031.0,True,R01,R01,Fluorescence lifetime-based tumor contrast enhancement using exogenous probes,OTOLARYNGOLOGY_HNS,OTOLARYNGOLOGY,False,1.0,5,full_forename,5,majority,0.916,2026-08-01T18:12:44+00:00
11101953,R01EB036978,MEEI,"KUMAR, ANAND T.N.",2025,637950.0,True,R01,R01,Fluorescence lifetime-based intraoperative imaging system for sarcoma surgeries,OTOLARYNGOLOGY_HNS,OTOLARYNGOLOGY,False,1.0,5,full_forename,5,majority,0.916,2026-08-01T18:12:44+00:00
11114011,R01CA260857,MEEI,"KUMAR, ANAND T.N.",2025,457001.0,True,R01,R01,Multiplexed time domain fluorescence tomography of tumor biomarkers during immunotherapy,OTOLARYNGOLOGY_HNS,OTOLARYNGOLOGY,False,1.0,5,full_forename,5,majority,0.916,2026-08-01T18:12:44+00:00
11195591,R01DE033427,MEEI,"KUMAR, ANAND T.N.",2025,450915.0,True,R01,R01,Fluorescence lifetime-based tumor contrast enhancement using exogenous probes,OTOLARYNGOLOGY_HNS,OTOLARYNGOLOGY,False,1.0,5,full_forename,5,majority,0.916,2026-08-01T18:12:44+00:00
10073496,R01DC017425,MEEI,"LEWIS, RICHARD F",2021,528669.0,True,R01,R01,Temporal Synthesis of Vestibular and Extra-Vestibular Sensory Signals,OTOLARYNGOLOGY_HNS,OTOLARYNGOLOGY,False,0.5882,17,full_forename,2,majority,0.916,2026-08-01T18:12:44+00:00
10192695,R01DC018287,MEEI,"LEWIS, RICHARD F",2021,436541.0,True,R01,R01,Vestibular Precision: Physiology and Pathophysiology,OTOLARYNGOLOGY_HNS,OTOLARYNGOLOGY,False,0.5882,17,full_forename,2,majority,0.916,2026-08-01T18:12:44+00:00
10319581,R01DC017425,MEEI,"LEWIS, RICHARD F",2022,528669.0,True,R01,R01,Temporal Synthesis of Vestibular and Extra-Vestibular Sensory Signals,OTOLARYNGOLOGY_HNS,OTOLARYNGOLOGY,False,0.5882,17,full_forename,2,majority,0.916,2026-08-01T18:12:44+00:00
10610119,R01DC018287,MEEI,"LEWIS, RICHARD F",2022,86870.0,True,R01,R01,Vestibular Precision: Physiology and Pathophysiology,OTOLARYNGOLOGY_HNS,OTOLARYNGOLOGY,False,0.5882,17,full_forename,2,majority,0.916,2026-08-01T18:12:44+00:00
10542672,R01DC017425,MEEI,"LEWIS, RICHARD F",2023,528669.0,True,R01,R01,Temporal Synthesis of Vestibular and Extra-Vestibular Sensory Signals,OTOLARYNGOLOGY_HNS,OTOLARYNGOLOGY,False,0.5882,17,full_forename,2,majority,0.916,2026-08-01T18:12:44+00:00
10942166,R01DC021981,MEEI,"LEWIS, RICHARD F",2024,651779.0,True,R01,R01,"Vestibular implant tested in patients with peripheral vestibular damage: effects on spatial orientation, navigation, and neuropsychologic function",OTOLARYNGOLOGY_HNS,OTOLARYNGOLOGY,False,0.5882,17,full_forename,2,majority,0.916,2026-08-01T18:12:44+00:00
11047133,R01DC021434,MEEI,"LEWIS, RICHARD F",2025,620240.0,True,R01,R01,Vestibular dysfunction in patients with sporadic vestibular schwannomas and NF2-related schwannomatosis.,OTOLARYNGOLOGY_HNS,OTOLARYNGOLOGY,False,0.5882,17,full_forename,2,majority,0.916,2026-08-01T18:12:44+00:00
11177904,R01DC021981,MEEI,"LEWIS, RICHARD F",2025,509361.0,True,R01,R01,"Vestibular implant tested in patients with peripheral vestibular damage: effects on spatial orientation, navigation, and neuropsychologic function",OTOLARYNGOLOGY_HNS,OTOLARYNGOLOGY,False,0.5882,17,full_forename,2,majority,0.916,2026-08-01T18:12:44+00:00
11371741,R01DC021981,MEEI,"LEWIS, RICHARD F",2025,112008.0,True,R01,R01,"Vestibular implant tested in patients with peripheral vestibular damage: effects on spatial orientation, navigation, and neuropsychologic function",OTOLARYNGOLOGY_HNS,OTOLARYNGOLOGY,False,0.5882,17,full_forename,2,majority,0.916,2026-08-01T18:12:44+00:00
10112882,R01DC016874,MEEI,"NAKAJIMA, HIDEKO HEIDI",2021,327896.0,True,R01,R01,Implantable Microphones for Fully Implantable Hearing Prosthetics,OTOLARYNGOLOGY_HNS,OTOLARYNGOLOGY,False,1.0,7,full_forename,2,majority,0.916,2026-08-01T18:12:44+00:00
10124372,R01DC013303,MEEI,"NAKAJIMA, HIDEKO HEIDI",2021,491613.0,True,R01,R01,Human Cochlear Structure & Function,OTOLARYNGOLOGY_HNS,OTOLARYNGOLOGY,False,1.0,7,full_forename,2,majority,0.916,2026-08-01T18:12:44+00:00
10360143,R01DC016874,MEEI,"NAKAJIMA, HIDEKO HEIDI",2021,40277.0,True,R01,R01,Implantable Microphones for Fully Implantable Hearing Prosthetics,OTOLARYNGOLOGY_HNS,OTOLARYNGOLOGY,False,1.0,7,full_forename,2,majority,0.916,2026-08-01T18:12:44+00:00
10347331,R01DC013303,MEEI,"NAKAJIMA, HIDEKO HEIDI",2022,491613.0,True,R01,R01,Human Cochlear Structure & Function,OTOLARYNGOLOGY_HNS,OTOLARYNGOLOGY,False,1.0,7,full_forename,2,majority,0.916,2026-08-01T18:12:44+00:00
10376031,R01DC016874,MEEI,"NAKAJIMA, HIDEKO HEIDI",2022,326757.0,True,R01,R01,Implantable Microphones for Fully Implantable Hearing Prosthetics,OTOLARYNGOLOGY_HNS,OTOLARYNGOLOGY,False,1.0,7,full_forename,2,majority,0.916,2026-08-01T18:12:44+00:00
10558874,R01DC016874,MEEI,"NAKAJIMA, HIDEKO HEIDI",2022,59102.0,True,R01,R01,Implantable Microphones for Fully Implantable Hearing Prosthetics,OTOLARYNGOLOGY_HNS,OTOLARYNGOLOGY,False,1.0,7,full_forename,2,majority,0.916,2026-08-01T18:12:44+00:00
10569061,R01DC013303,MEEI,"NAKAJIMA, HIDEKO HEIDI",2023,491614.0,True,R01,R01,Human Cochlear Structure & Function,OTOLARYNGOLOGY_HNS,OTOLARYNGOLOGY,False,1.0,7,full_forename,2,majority,0.916,2026-08-01T18:12:44+00:00
10599323,R01DC016874,MEEI,"NAKAJIMA, HIDEKO HEIDI",2023,325527.0,True,R01,R01,Implantable Microphones for Fully Implantable Hearing Prosthetics,OTOLARYNGOLOGY_HNS,OTOLARYNGOLOGY,False,1.0,7,full_forename,2,majority,0.916,2026-08-01T18:12:44+00:00
10792485,R01DC013303,MEEI,"NAKAJIMA, HIDEKO HEIDI",2024,491614.0,True,R01,R01,Human Cochlear Structure & Function,OTOLARYNGOLOGY_HNS,OTOLARYNGOLOGY,False,1.0,7,full_forename,2,majority,0.916,2026-08-01T18:12:44+00:00
11122733,R01DC021996,MEEI,"NAKAJIMA, HIDEKO HEIDI",2025,674021.0,True,R01,R01,Advancement of an Implantable Microphone,OTOLARYNGOLOGY_HNS,OTOLARYNGOLOGY,False,1.0,7,full_forename,2,majority,0.916,2026-08-01T18:12:44+00:00
11212715,K01EB037630,MEEI,"PAL, RAHUL",2025,169543.0,False,K01,K,Developing a library of near-infrared fluorophores for multiplexed in vivo fluorescence lifetime imaging of disease biomarkers.,OTOLARYNGOLOGY_HNS,OTOLARYNGOLOGY,False,1.0,5,full_forename,1,majority,0.916,2026-08-01T18:12:44+00:00
10105318,R01DC017078,MEEI,"POLLEY, DANIEL B.",2021,423266.0,True,R01,R01,Corticofugal Circuits for Active Listening,OTOLARYNGOLOGY_HNS,OTOLARYNGOLOGY,False,1.0,2,full_forename,1,majority,0.916,2026-08-01T18:12:44+00:00
10134311,R01DC009836,MEEI,"POLLEY, DANIEL B.",2021,579981.0,True,R01,R01,Activity-Dependent Influences on Auditory Circuits,OTOLARYNGOLOGY_HNS,OTOLARYNGOLOGY,False,1.0,2,full_forename,1,majority,0.916,2026-08-01T18:12:44+00:00
10350654,R01DC017078,MEEI,"POLLEY, DANIEL B.",2022,410243.0,True,R01,R01,Corticofugal Circuits for Active Listening,OTOLARYNGOLOGY_HNS,OTOLARYNGOLOGY,False,1.0,2,full_forename,1,majority,0.916,2026-08-01T18:12:44+00:00
10375528,R01DC009836,MEEI,"POLLEY, DANIEL B.",2022,601314.0,True,R01,R01,Activity-Dependent Influences on Auditory Circuits,OTOLARYNGOLOGY_HNS,OTOLARYNGOLOGY,False,1.0,2,full_forename,1,majority,0.916,2026-08-01T18:12:44+00:00
10530181,R01DC017078,MEEI,"POLLEY, DANIEL B.",2022,703354.0,True,R01,R01,Corticofugal Circuits for Active Listening,OTOLARYNGOLOGY_HNS,OTOLARYNGOLOGY,False,1.0,2,full_forename,1,majority,0.916,2026-08-01T18:12:44+00:00
10611996,R01DC009836,MEEI,"POLLEY, DANIEL B.",2023,601314.0,True,R01,R01,Activity-Dependent Influences on Auditory Circuits,OTOLARYNGOLOGY_HNS,OTOLARYNGOLOGY,False,1.0,2,full_forename,1,majority,0.916,2026-08-01T18:12:44+00:00
10668486,R01DC017078,MEEI,"POLLEY, DANIEL B.",2023,703354.0,True,R01,R01,Corticofugal Circuits for Active Listening,OTOLARYNGOLOGY_HNS,OTOLARYNGOLOGY,False,1.0,2,full_forename,1,majority,0.916,2026-08-01T18:12:44+00:00
10808056,R01DC009836,MEEI,"POLLEY, DANIEL B.",2024,601314.0,True,R01,R01,Activity-Dependent Influences on Auditory Circuits,OTOLARYNGOLOGY_HNS,OTOLARYNGOLOGY,False,1.0,2,full_forename,1,majority,0.916,2026-08-01T18:12:44+00:00
10888327,R01DC017078,MEEI,"POLLEY, DANIEL B.",2024,703354.0,True,R01,R01,Corticofugal Circuits for Active Listening,OTOLARYNGOLOGY_HNS,OTOLARYNGOLOGY,False,1.0,2,full_forename,1,majority,0.916,2026-08-01T18:12:44+00:00
11131292,R01DC017078,MEEI,"POLLEY, DANIEL B.",2025,703354.0,True,R01,R01,Corticofugal Circuits for Active Listening,OTOLARYNGOLOGY_HNS,OTOLARYNGOLOGY,False,1.0,2,full_forename,1,majority,0.916,2026-08-01T18:12:44+00:00
10065431,R01DC007910,MEEI,"PURIA, SUNIL",2021,545800.0,True,R01,R01,Measuring and Modeling the Cochlear Motions that Drive the Inner and Outer Hair Cells and Produce Otoacoustic Emissions,OTOLARYNGOLOGY_HNS,OTOLARYNGOLOGY,False,1.0,3,full_forename,1,majority,0.916,2026-08-01T18:12:44+00:00
10318935,R01DC007910,MEEI,"PURIA, SUNIL",2022,542910.0,True,R01,R01,Measuring and Modeling the Cochlear Motions that Drive the Inner and Outer Hair Cells and Produce Otoacoustic Emissions,OTOLARYNGOLOGY_HNS,OTOLARYNGOLOGY,False,1.0,3,full_forename,1,majority,0.916,2026-08-01T18:12:44+00:00
10596240,R01DC007910,MEEI,"PURIA, SUNIL",2022,117133.0,True,R01,R01,Measuring and Modeling the Cochlear Motions that Drive the Inner and Outer Hair Cells and Produce Otoacoustic Emissions,OTOLARYNGOLOGY_HNS,OTOLARYNGOLOGY,False,1.0,3,full_forename,1,majority,0.916,2026-08-01T18:12:44+00:00
10736914,R01DC007910,MEEI,"PURIA, SUNIL",2023,701481.0,True,R01,R01,Measuring and Modeling the Cochlear Organ-of-Corti Motions Responsible for Inner-and Outer-Hair-Cell Drives and Amplification,OTOLARYNGOLOGY_HNS,OTOLARYNGOLOGY,False,1.0,3,full_forename,1,majority,0.916,2026-08-01T18:12:44+00:00
10827738,R13DC013748,MEEI,"PURIA, SUNIL",2024,60000.0,False,R13,R_OTHER,International Hearing Aid Conference (IHCON) 2024,OTOLARYNGOLOGY_HNS,OTOLARYNGOLOGY,False,1.0,3,full_forename,1,majority,0.916,2026-08-01T18:12:44+00:00
10881980,R01DC007910,MEEI,"PURIA, SUNIL",2024,696198.0,True,R01,R01,Measuring and Modeling the Cochlear Organ-of-Corti Motions Responsible for Inner-and Outer-Hair-Cell Drives and Amplification,OTOLARYNGOLOGY_HNS,OTOLARYNGOLOGY,False,1.0,3,full_forename,1,majority,0.916,2026-08-01T18:12:44+00:00
11017789,R13DC013748,MEEI,"PURIA, SUNIL",2025,100.0,False,R13,R_OTHER,International Hearing Aid Conference (IHCON) 2024,OTOLARYNGOLOGY_HNS,OTOLARYNGOLOGY,False,1.0,3,full_forename,1,majority,0.916,2026-08-01T18:12:44+00:00
11117030,R01DC007910,MEEI,"PURIA, SUNIL",2025,696198.0,True,R01,R01,Measuring and Modeling the Cochlear Organ-of-Corti Motions Responsible for Inner-and Outer-Hair-Cell Drives and Amplification,OTOLARYNGOLOGY_HNS,OTOLARYNGOLOGY,False,1.0,3,full_forename,1,majority,0.916,2026-08-01T18:12:44+00:00
10601808,U24DC020849,MEEI,"QUESNEL, ALICIA M",2022,829573.0,False,U24,U,Massachusetts Eye and Ear/ Harvard Initiative for the NIDCD National Human Ear Resource Network,OTOLARYNGOLOGY_HNS,OTOLARYNGOLOGY,False,0.9655,29,full_forename,1,majority,0.916,2026-08-01T18:12:44+00:00
10705823,U24DC020849,MEEI,"QUESNEL, ALICIA M",2023,595000.0,False,U24,U,Massachusetts Eye and Ear/ Harvard Initiative for the NIDCD National Human Ear Resource Network,OTOLARYNGOLOGY_HNS,OTOLARYNGOLOGY,False,0.9655,29,full_forename,1,majority,0.916,2026-08-01T18:12:44+00:00
10888240,U24DC020849,MEEI,"QUESNEL, ALICIA M",2024,595000.0,False,U24,U,Massachusetts Eye and Ear/ Harvard Initiative for the NIDCD National Human Ear Resource Network,OTOLARYNGOLOGY_HNS,OTOLARYNGOLOGY,False,0.9655,29,full_forename,1,majority,0.916,2026-08-01T18:12:44+00:00
11141178,U24DC020849,MEEI,"QUESNEL, ALICIA M",2025,595000.0,False,U24,U,Massachusetts Eye and Ear/ Harvard Initiative for the NIDCD National Human Ear Resource Network,OTOLARYNGOLOGY_HNS,OTOLARYNGOLOGY,False,0.9655,29,full_forename,1,majority,0.916,2026-08-01T18:12:44+00:00
10182022,T32DC000020,MEEI,"RAUCH, STEVEN D.",2021,152876.0,False,T32,T,Research Training in Otolaryngology,OTOLARYNGOLOGY_HNS,OTOLARYNGOLOGY,False,1.0,16,full_forename,1,majority,0.916,2026-08-01T18:12:44+00:00
10414072,T32DC000020,MEEI,"RAUCH, STEVEN D.",2022,160503.0,False,T32,T,Research Training in Otolaryngology,OTOLARYNGOLOGY_HNS,OTOLARYNGOLOGY,False,1.0,16,full_forename,1,majority,0.916,2026-08-01T18:12:44+00:00
10649499,T32DC000020,MEEI,"RAUCH, STEVEN D.",2023,164723.0,False,T32,T,Research Training in Otolaryngology,OTOLARYNGOLOGY_HNS,OTOLARYNGOLOGY,False,1.0,16,full_forename,1,majority,0.916,2026-08-01T18:12:44+00:00
10133615,K08DC018575,MEEI,"REMENSCHNEIDER, AARON KYLE",2021,190080.0,False,K08,K,Mechanisms of Conductive Presbycusis in Humans,OTOLARYNGOLOGY_HNS,OTOLARYNGOLOGY,False,1.0,41,full_forename,1,majority,0.916,2026-08-01T18:12:44+00:00
10375453,K08DC018575,MEEI,"REMENSCHNEIDER, AARON KYLE",2022,190080.0,False,K08,K,Mechanisms of Conductive Presbycusis in Humans,OTOLARYNGOLOGY_HNS,OTOLARYNGOLOGY,False,1.0,41,full_forename,1,majority,0.916,2026-08-01T18:12:44+00:00
10595084,K08DC018575,MEEI,"REMENSCHNEIDER, AARON KYLE",2023,190080.0,False,K08,K,Mechanisms of Conductive Presbycusis in Humans,OTOLARYNGOLOGY_HNS,OTOLARYNGOLOGY,False,1.0,41,full_forename,1,majority,0.916,2026-08-01T18:12:44+00:00
10814287,K08DC018575,MEEI,"REMENSCHNEIDER, AARON KYLE",2024,190080.0,False,K08,K,Mechanisms of Conductive Presbycusis in Humans,OTOLARYNGOLOGY_HNS,OTOLARYNGOLOGY,False,1.0,41,full_forename,1,majority,0.916,2026-08-01T18:12:44+00:00
10239103,U24DC013983,MEEI,"SANTOS, FELIPE",2021,707742.0,False,U24,U,NIDCD National Temporal Bone Hearing and Balance Pathology Resource Registry,OTOLARYNGOLOGY_HNS,OTOLARYNGOLOGY,False,0.9375,16,full_forename,1,majority,0.916,2026-08-01T18:12:44+00:00
10440169,U24DC013983,MEEI,"SANTOS, FELIPE",2021,58886.0,False,U24,U,NIDCD National Temporal Bone Hearing and Balance Pathology Resource Registry,OTOLARYNGOLOGY_HNS,OTOLARYNGOLOGY,False,0.9375,16,full_forename,1,majority,0.916,2026-08-01T18:12:44+00:00
10466865,U24DC013983,MEEI,"SANTOS, FELIPE",2022,766628.0,False,U24,U,NIDCD National Temporal Bone Hearing and Balance Pathology Resource Registry,OTOLARYNGOLOGY_HNS,OTOLARYNGOLOGY,False,0.9375,16,full_forename,1,majority,0.916,2026-08-01T18:12:44+00:00
10673034,U24DC013983,MEEI,"SANTOS, FELIPE",2023,766628.0,False,U24,U,NIDCD National Temporal Bone Hearing and Balance Pathology Resource Registry,OTOLARYNGOLOGY_HNS,OTOLARYNGOLOGY,False,0.9375,16,full_forename,1,majority,0.916,2026-08-01T18:12:44+00:00
11240400,U24DC013983,MEEI,"SANTOS, FELIPE",2025,127582.0,False,U24,U,NIDCD National Temporal Bone Hearing and Balance Pathology Resource Registry,OTOLARYNGOLOGY_HNS,OTOLARYNGOLOGY,False,0.9375,16,full_forename,1,majority,0.916,2026-08-01T18:12:44+00:00
10112878,R01DC011805,MEEI,"SIMONYAN, KRISTINA",2021,696730.0,True,R01,R01,Imaging genetics of spasmodic dysphonia,OTOLARYNGOLOGY_HNS,OTOLARYNGOLOGY,False,1.0,38,full_forename,1,majority,0.916,2026-08-01T18:12:44+00:00
10176816,R01DC019353,MEEI,"SIMONYAN, KRISTINA",2021,361250.0,True,R01,R01,Adaptive closed-loop brain-computer interface therapeutic intervention in laryngeal dystonia,OTOLARYNGOLOGY_HNS,OTOLARYNGOLOGY,False,1.0,38,full_forename,1,majority,0.916,2026-08-01T18:12:44+00:00
10240318,R01DC012545,MEEI,"SIMONYAN, KRISTINA",2021,614041.0,True,R01,R01,Central mechanisms and treatment response of sodium oxybate in spasmodic dysphonia and voice tremor,OTOLARYNGOLOGY_HNS,OTOLARYNGOLOGY,False,1.0,38,full_forename,1,majority,0.916,2026-08-01T18:12:44+00:00
10340118,P50DC019900,MEEI,"SIMONYAN, KRISTINA",2021,2478460.0,False,P50,P,Next-generation clinical phenotyping and pathophysiology of laryngeal dystonia and voice tremor,OTOLARYNGOLOGY_HNS,OTOLARYNGOLOGY,False,1.0,38,full_forename,1,majority,0.916,2026-08-01T18:12:44+00:00
10371128,R01DC019353,MEEI,"SIMONYAN, KRISTINA",2022,361250.0,True,R01,R01,Adaptive closed-loop brain-computer interface therapeutic intervention in laryngeal dystonia,OTOLARYNGOLOGY_HNS,OTOLARYNGOLOGY,False,1.0,38,full_forename,1,majority,0.916,2026-08-01T18:12:44+00:00
10391712,R01NS124228,MEEI,"SIMONYAN, KRISTINA",2022,679279.0,True,R01,R01,Clinical Validation of DystoniaNet Deep Learning Platform for Diagnosis of Isolated Dystonia,OTOLARYNGOLOGY_HNS,OTOLARYNGOLOGY,False,1.0,38,full_forename,1,majority,0.916,2026-08-01T18:12:44+00:00
10465004,R01DC011805,MEEI,"SIMONYAN, KRISTINA",2022,611364.0,True,R01,R01,Imaging genetics of laryngeal dystonia,OTOLARYNGOLOGY_HNS,OTOLARYNGOLOGY,False,1.0,38,full_forename,1,majority,0.916,2026-08-01T18:12:44+00:00
10488248,P50DC019900,MEEI,"SIMONYAN, KRISTINA",2022,2365586.0,False,P50,P,Next-generation clinical phenotyping and pathophysiology of laryngeal dystonia and voice tremor,OTOLARYNGOLOGY_HNS,OTOLARYNGOLOGY,False,1.0,38,full_forename,1,majority,0.916,2026-08-01T18:12:44+00:00
10556419,R01NS124228,MEEI,"SIMONYAN, KRISTINA",2023,676261.0,True,R01,R01,Clinical Validation of DystoniaNet Deep Learning Platform for Diagnosis of Isolated Dystonia,OTOLARYNGOLOGY_HNS,OTOLARYNGOLOGY,False,1.0,38,full_forename,1,majority,0.916,2026-08-01T18:12:44+00:00
10671090,R01DC011805,MEEI,"SIMONYAN, KRISTINA",2023,594364.0,True,R01,R01,Imaging genetics of laryngeal dystonia,OTOLARYNGOLOGY_HNS,OTOLARYNGOLOGY,False,1.0,38,full_forename,1,majority,0.916,2026-08-01T18:12:44+00:00
10686800,R01DC019353,MEEI,"SIMONYAN, KRISTINA",2023,361250.0,True,R01,R01,Adaptive closed-loop brain-computer interface therapeutic intervention in laryngeal dystonia,OTOLARYNGOLOGY_HNS,OTOLARYNGOLOGY,False,1.0,38,full_forename,1,majority,0.916,2026-08-01T18:12:44+00:00
10689281,P50DC019900,MEEI,"SIMONYAN, KRISTINA",2023,2353405.0,False,P50,P,Next-generation clinical phenotyping and pathophysiology of laryngeal dystonia and voice tremor,OTOLARYNGOLOGY_HNS,OTOLARYNGOLOGY,False,1.0,38,full_forename,1,majority,0.916,2026-08-01T18:12:44+00:00
10889993,R01DC011805,MEEI,"SIMONYAN, KRISTINA",2024,1.0,True,R01,R01,Imaging genetics of laryngeal dystonia,OTOLARYNGOLOGY_HNS,OTOLARYNGOLOGY,False,1.0,38,full_forename,1,majority,0.916,2026-08-01T18:12:44+00:00
10912668,R01DC019353,MEEI,"SIMONYAN, KRISTINA",2024,361250.0,True,R01,R01,Adaptive closed-loop brain-computer interface therapeutic intervention in laryngeal dystonia,OTOLARYNGOLOGY_HNS,OTOLARYNGOLOGY,False,1.0,38,full_forename,1,majority,0.916,2026-08-01T18:12:44+00:00
10915594,P50DC019900,MEEI,"SIMONYAN, KRISTINA",2024,2358689.0,False,P50,P,Next-generation clinical phenotyping and pathophysiology of laryngeal dystonia and voice tremor,OTOLARYNGOLOGY_HNS,OTOLARYNGOLOGY,False,1.0,38,full_forename,1,majority,0.916,2026-08-01T18:12:44+00:00
10834006,R01NS124228,MEEI,"SIMONYAN, KRISTINA",2025,674349.0,True,R01,R01,Clinical Validation of DystoniaNet Deep Learning Platform for Diagnosis of Isolated Dystonia,OTOLARYNGOLOGY_HNS,OTOLARYNGOLOGY,False,1.0,38,full_forename,1,majority,0.916,2026-08-01T18:12:44+00:00
11140438,R01DC011805,MEEI,"SIMONYAN, KRISTINA",2025,594364.0,True,R01,R01,Imaging genetics of laryngeal dystonia,OTOLARYNGOLOGY_HNS,OTOLARYNGOLOGY,False,1.0,38,full_forename,1,majority,0.916,2026-08-01T18:12:44+00:00
11159412,R01DC019353,MEEI,"SIMONYAN, KRISTINA",2025,361250.0,True,R01,R01,Adaptive closed-loop brain-computer interface therapeutic intervention in laryngeal dystonia,OTOLARYNGOLOGY_HNS,OTOLARYNGOLOGY,False,1.0,38,full_forename,1,majority,0.916,2026-08-01T18:12:44+00:00
11161195,P50DC019900,MEEI,"SIMONYAN, KRISTINA",2025,682489.0,False,P50,P,Next-generation clinical phenotyping and pathophysiology of laryngeal dystonia and voice tremor,OTOLARYNGOLOGY_HNS,OTOLARYNGOLOGY,False,1.0,38,full_forename,1,majority,0.916,2026-08-01T18:12:44+00:00
10058833,R01DC018353,MEEI,"TAKESIAN, ANNE E",2021,512062.0,True,R01,R01,Differential Control of Auditory Cortex by Two Populations of Layer 1 Interneurons,OTOLARYNGOLOGY_HNS,OTOLARYNGOLOGY,False,1.0,3,full_forename,1,majority,0.916,2026-08-01T18:12:44+00:00
10292982,R01DC018353,MEEI,"TAKESIAN, ANNE E",2022,512062.0,True,R01,R01,Differential Control of Auditory Cortex by Two Populations of Layer 1 Interneurons,OTOLARYNGOLOGY_HNS,OTOLARYNGOLOGY,False,1.0,3,full_forename,1,majority,0.916,2026-08-01T18:12:44+00:00
10531214,R01DC018353,MEEI,"TAKESIAN, ANNE E",2023,512062.0,True,R01,R01,Differential Control of Auditory Cortex by Two Populations of Layer 1 Interneurons,OTOLARYNGOLOGY_HNS,OTOLARYNGOLOGY,False,1.0,3,full_forename,1,majority,0.916,2026-08-01T18:12:44+00:00
10862101,R01DC018353,MEEI,"TAKESIAN, ANNE E",2023,118952.0,True,R01,R01,Differential Control of Auditory Cortex by Two Populations of Layer 1 Interneurons,OTOLARYNGOLOGY_HNS,OTOLARYNGOLOGY,False,1.0,3,full_forename,1,majority,0.916,2026-08-01T18:12:44+00:00
10741765,R01DC018353,MEEI,"TAKESIAN, ANNE E",2024,512062.0,True,R01,R01,Differential Control of Auditory Cortex by Two Populations of Layer 1 Interneurons,OTOLARYNGOLOGY_HNS,OTOLARYNGOLOGY,False,1.0,3,full_forename,1,majority,0.916,2026-08-01T18:12:44+00:00
11070464,F32DC022491,MEEI,"YEH, FRANK",2024,73828.0,False,F32,F,Investigating the role of tip link biophysics on MET function,OTOLARYNGOLOGY_HNS,OTOLARYNGOLOGY,False,1.0,1,full_forename,1,majority,0.916,2026-08-01T18:12:44+00:00
11194235,F32DC022491,MEEI,"YEH, FRANK",2025,75520.0,False,F32,F,Investigating the role of tip link biophysics on MET function,OTOLARYNGOLOGY_HNS,OTOLARYNGOLOGY,False,1.0,1,full_forename,1,majority,0.916,2026-08-01T18:12:44+00:00
10165717,R01EY024046,MGH,"ADINI, IRIT",2021,373207.0,True,R01,R01,Elucidation of the Regulation of Angiogenesis by Melanocytes in Age Related Macular Degeneration,GENERAL_AND_UNSPECIFIED_SURGERY,SURGERY,True,1.0,10,full_forename,1,majority,0.916,2026-08-01T15:46:11+00:00
10795020,R01CA239078,MGH,"BALAJ, LEONORA",2024,578593.0,True,R01,R01,Imaging and Liquid Biopsy for Glioma Diagnosis and Treatment Monitoring,NEUROSURGERY,NEUROSURGERY,False,1.0,33,full_forename,1,majority,0.916,2026-08-01T15:46:11+00:00
11130843,R01CA291826,MGH,"BALAJ, LEONORA",2025,678228.0,True,R01,R01,Molecular subtyping of brain tumors using a blood-based multiplexed assay,NEUROSURGERY,NEUROSURGERY,False,1.0,33,full_forename,1,majority,0.916,2026-08-01T15:46:11+00:00
10909480,R56DE033520,MGH,"BEI, MARIANNA",2023,384100.0,False,R56,R_OTHER,Molecular mechanisms controlling tooth development,GENERAL_AND_UNSPECIFIED_SURGERY,SURGERY,True,1.0,7,full_forename,1,majority,0.916,2026-08-01T15:46:11+00:00
10792982,R01DE033520,MGH,"BEI, MARIANNA",2024,379925.0,True,R01,R01,Molecular mechanisms controlling tooth development,GENERAL_AND_UNSPECIFIED_SURGERY,SURGERY,True,1.0,7,full_forename,1,majority,0.916,2026-08-01T15:46:11+00:00
11170483,R01DE033520,MGH,"BEI, MARIANNA",2025,379925.0,True,R01,R01,Molecular mechanisms controlling tooth development,GENERAL_AND_UNSPECIFIED_SURGERY,SURGERY,True,1.0,7,full_forename,1,majority,0.916,2026-08-01T15:46:11+00:00
10899231,F32HL174327,MGH,"BELLOMO, TIFFANY",2024,92756.0,False,F32,F,Genetics of carotid artery disease progression among patients who have failed non-operative management,VASCULAR_SURGERY,SURGERY,True,0.9149,47,full_forename,1,majority,0.916,2026-08-01T15:46:11+00:00
11116833,F32HL174327,MGH,"BELLOMO, TIFFANY",2025,96224.0,False,F32,F,Genetics of carotid artery disease progression among patients who have failed non-operative management,VASCULAR_SURGERY,SURGERY,True,0.9149,47,full_forename,1,majority,0.916,2026-08-01T15:46:11+00:00
10062499,R01DK115618,MGH,"BENICHOU, GILLES A",2021,454391.0,True,R01,R01,Exosomes and Donor Antigen Cross-dressing in Pancreatic Islet Transplantation,GENERAL_AND_UNSPECIFIED_SURGERY,SURGERY,True,1.0,10,full_forename,1,majority,0.916,2026-08-01T15:46:11+00:00
10114237,R01CA227821,MGH,"CAHILL, DANIEL P.",2021,480143.0,True,R01,R01,Targeting Nicotinamide Adenine Dinucleotide (NAD+) metabolism in IDH mutant gliomas,NEUROSURGERY,NEUROSURGERY,False,0.8955,67,full_forename,2,majority,0.916,2026-08-01T15:46:11+00:00
10361197,R01CA227821,MGH,"CAHILL, DANIEL P.",2022,470540.0,True,R01,R01,Targeting Nicotinamide Adenine Dinucleotide (NAD+) metabolism in IDH mutant gliomas,NEUROSURGERY,NEUROSURGERY,False,0.8955,67,full_forename,2,majority,0.916,2026-08-01T15:46:11+00:00
10858973,R01CA289485,MGH,"CAHILL, DANIEL P.",2024,396982.0,True,R01,R01,Analyzing DNA replication and damage vulnerability in IDH mutant glioma,NEUROSURGERY,NEUROSURGERY,False,0.8955,67,full_forename,2,majority,0.916,2026-08-01T15:46:11+00:00
11045750,R01CA289485,MGH,"CAHILL, DANIEL P.",2025,401140.0,True,R01,R01,Analyzing DNA replication and damage vulnerability in IDH mutant glioma,NEUROSURGERY,NEUROSURGERY,False,0.8955,67,full_forename,2,majority,0.916,2026-08-01T15:46:11+00:00
10117076,R01CA239078,MGH,"CARTER, BOB S",2021,635399.0,True,R01,R01,Imaging and Liquid Biopsy for Glioma Diagnosis and Treatment Monitoring,NEUROSURGERY,NEUROSURGERY,False,1.0,32,full_forename,5,majority,0.916,2026-08-01T15:46:11+00:00
10194419,R01CA237500,MGH,"CARTER, BOB S",2021,624914.0,True,R01,R01,Standardized Molecular Analyses of Glioma EVs,NEUROSURGERY,NEUROSURGERY,False,1.0,32,full_forename,5,majority,0.916,2026-08-01T15:46:11+00:00
10224135,U01CA230697,MGH,"CARTER, BOB S",2021,808800.0,False,U01,U,Liquid Biopsy for treatment stratification of IDH1.R132H and EGFRvIII mutant gliomas,NEUROSURGERY,NEUROSURGERY,False,1.0,32,full_forename,5,majority,0.916,2026-08-01T15:46:11+00:00
10359166,R01CA239078,MGH,"CARTER, BOB S",2022,614253.0,True,R01,R01,Imaging and Liquid Biopsy for Glioma Diagnosis and Treatment Monitoring,NEUROSURGERY,NEUROSURGERY,False,1.0,32,full_forename,5,majority,0.916,2026-08-01T15:46:11+00:00
10439719,R01CA237500,MGH,"CARTER, BOB S",2022,602790.0,True,R01,R01,Standardized Molecular Analyses of Glioma EVs,NEUROSURGERY,NEUROSURGERY,False,1.0,32,full_forename,5,majority,0.916,2026-08-01T15:46:11+00:00
10462493,U01CA230697,MGH,"CARTER, BOB S",2022,773953.0,False,U01,U,Liquid Biopsy for treatment stratification of IDH1.R132H and EGFRvIII mutant gliomas,NEUROSURGERY,NEUROSURGERY,False,1.0,32,full_forename,5,majority,0.916,2026-08-01T15:46:11+00:00
10565900,R01CA239078,MGH,"CARTER, BOB S",2023,605638.0,True,R01,R01,Imaging and Liquid Biopsy for Glioma Diagnosis and Treatment Monitoring,NEUROSURGERY,NEUROSURGERY,False,1.0,32,full_forename,5,majority,0.916,2026-08-01T15:46:11+00:00
10661710,R01CA237500,MGH,"CARTER, BOB S",2023,577860.0,True,R01,R01,Standardized Molecular Analyses of Glioma EVs,NEUROSURGERY,NEUROSURGERY,False,1.0,32,full_forename,5,majority,0.916,2026-08-01T15:46:11+00:00
10893518,R01CA237500,MGH,"CARTER, BOB S",2024,557524.0,True,R01,R01,Standardized Molecular Analyses of Glioma EVs,NEUROSURGERY,NEUROSURGERY,False,1.0,32,full_forename,5,majority,0.916,2026-08-01T15:46:11+00:00
10953829,K76AG088346,MGH,"CAULEY, CHRISTY ELAINE",2024,243000.0,False,K76,K,Improving Biopsychosocial Outcomes of Older Adults Facing Fecal Ostomy Surgery,GENERAL_AND_UNSPECIFIED_SURGERY,SURGERY,True,1.0,60,full_forename,1,majority,0.916,2026-08-01T15:46:11+00:00
11177680,K76AG088346,MGH,"CAULEY, CHRISTY ELAINE",2025,242933.0,False,K76,K,Improving Biopsychosocial Outcomes of Older Adults Facing Fecal Ostomy Surgery,GENERAL_AND_UNSPECIFIED_SURGERY,SURGERY,True,1.0,60,full_forename,1,majority,0.916,2026-08-01T15:46:11+00:00
10427408,U19AI090959,MGH,"COOPER, DAVID KC",2022,1593760.0,False,U19,U,Genetically-engineered pig organ transplantation in baboons: immunological and functional studies,GENERAL_AND_UNSPECIFIED_SURGERY,SURGERY,True,1.0,28,full_forename,2,majority,0.916,2026-08-01T15:46:11+00:00
10621195,U19AI090959,MGH,"COOPER, DAVID KC",2023,1576760.0,False,U19,U,Genetically-engineered pig organ transplantation in baboons: immunological and functional studies,GENERAL_AND_UNSPECIFIED_SURGERY,SURGERY,True,1.0,28,full_forename,2,majority,0.916,2026-08-01T15:46:11+00:00
10893940,U19AI090959,MGH,"COOPER, DAVID KC",2024,1576760.0,False,U19,U,Genetically-engineered pig organ transplantation in baboons: immunological and functional studies,GENERAL_AND_UNSPECIFIED_SURGERY,SURGERY,True,1.0,28,full_forename,2,majority,0.916,2026-08-01T15:46:11+00:00
10315615,F32DK128981,MGH,"CRON, DAVID COULTON",2021,71262.0,False,F32,F,A mixed-methods approach to identify factors determining utilization of marginal quality deceased donor livers for transplantation,GENERAL_AND_UNSPECIFIED_SURGERY,SURGERY,True,1.0,28,full_forename,1,majority,0.916,2026-08-01T15:46:11+00:00
10457283,F32DK128981,MGH,"CRON, DAVID COULTON",2022,74434.0,False,F32,F,A mixed-methods approach to identify factors determining utilization of marginal quality deceased donor livers for transplantation,GENERAL_AND_UNSPECIFIED_SURGERY,SURGERY,True,1.0,28,full_forename,1,majority,0.916,2026-08-01T15:46:11+00:00
10222616,R37CA231957,MGH,"CUNNINGHAM, CARRIE ELIZABETH",2021,502816.0,True,R37,R01,Thyroid Nodule Treatment Optimization: A Personalized Approach,GENERAL_AND_UNSPECIFIED_SURGERY,SURGERY,True,1.0,11,full_forename,7,majority,0.916,2026-08-01T15:46:11+00:00
10475609,R37CA231957,MGH,"CUNNINGHAM, CARRIE ELIZABETH",2022,502816.0,True,R37,R01,Thyroid Nodule Treatment Optimization: A Personalized Approach,GENERAL_AND_UNSPECIFIED_SURGERY,SURGERY,True,1.0,11,full_forename,7,majority,0.916,2026-08-01T15:46:11+00:00
10667526,R37CA231957,MGH,"CUNNINGHAM, CARRIE ELIZABETH",2023,492760.0,True,R37,R01,Thyroid Nodule Treatment Optimization: A Personalized Approach,GENERAL_AND_UNSPECIFIED_SURGERY,SURGERY,True,1.0,11,full_forename,7,majority,0.916,2026-08-01T15:46:11+00:00
10799193,R37CA231957,MGH,"CUNNINGHAM, CARRIE ELIZABETH",2024,474833.0,True,R37,R01,Thyroid Nodule Treatment Optimization: A Personalized Approach,GENERAL_AND_UNSPECIFIED_SURGERY,SURGERY,True,1.0,11,full_forename,7,majority,0.916,2026-08-01T15:46:11+00:00
11179274,R37CA231957,MGH,"CUNNINGHAM, CARRIE ELIZABETH",2025,499823.0,True,R37,R01,Thyroid Nodule Treatment Optimization: A Personalized Approach,GENERAL_AND_UNSPECIFIED_SURGERY,SURGERY,True,1.0,11,full_forename,7,majority,0.916,2026-08-01T15:46:11+00:00
10723316,K23AA031068,MGH,"DAGEFORDE, LEIGH ANNE",2023,197640.0,False,K23,K,Development and Testing of an Integrated Care Coordination Intervention for Alcohol Use Disorder Recovery after Liver Transplantation,GENERAL_AND_UNSPECIFIED_SURGERY,SURGERY,True,1.0,35,full_forename,2,majority,0.916,2026-08-01T15:46:11+00:00
10912818,K23AA031068,MGH,"DAGEFORDE, LEIGH ANNE",2024,197640.0,False,K23,K,Development and Testing of an Integrated Care Coordination Intervention for Alcohol Use Disorder Recovery after Liver Transplantation,GENERAL_AND_UNSPECIFIED_SURGERY,SURGERY,True,1.0,35,full_forename,2,majority,0.916,2026-08-01T15:46:11+00:00
10159737,P01HD068250,MGH,"DONAHOE, PATRICIA K",2021,1630686.0,False,P01,P,Gene Mutation and Rescue in Human Diaphragmatic Hernia,PEDIATRIC_SURGERY,SURGERY,True,1.0,24,full_forename,1,majority,0.916,2026-08-01T15:46:11+00:00
10596873,P01HD068250,MGH,"DONAHOE, PATRICIA K",2022,374455.0,False,P01,P,Gene Mutation and Rescue in Human Diaphragmatic Hernia,PEDIATRIC_SURGERY,SURGERY,True,1.0,24,full_forename,1,majority,0.916,2026-08-01T15:46:11+00:00
10590991,R21AG077310,MGH,"DUA, ANAHITA",2022,210000.0,False,R21,R_OTHER,Preventing Graft Thrombosis in the Elderly through Development of a Risk Prediction Tool,VASCULAR_SURGERY,SURGERY,True,1.0,97,full_forename,5,majority,0.916,2026-08-01T15:46:11+00:00
10710221,R21AG077310,MGH,"DUA, ANAHITA",2023,266178.0,False,R21,R_OTHER,Preventing Graft Thrombosis in the Elderly through Development of a Risk Prediction Tool,VASCULAR_SURGERY,SURGERY,True,1.0,97,full_forename,5,majority,0.916,2026-08-01T15:46:11+00:00
10584342,R01NS112712,MGH,"DUNN, GAVIN PETER",2023,482595.0,True,R01,R01,Targeting Neoantigens in Glioblastoma,NEUROSURGERY,NEUROSURGERY,False,0.9429,35,full_forename,1,majority,0.916,2026-08-01T15:46:11+00:00
10752995,R01NS130209,MGH,"DUNN, GAVIN PETER",2023,658407.0,True,R01,R01,Engineering T Cell Adoptive Therapy for Glioblastoma,NEUROSURGERY,NEUROSURGERY,False,0.9429,35,full_forename,1,majority,0.916,2026-08-01T15:46:11+00:00
10456986,R01NS112712,MGH,"DUNN, GAVIN PETER",2024,447405.0,True,R01,R01,Targeting Neoantigens in Glioblastoma,NEUROSURGERY,NEUROSURGERY,False,0.9429,35,full_forename,1,majority,0.916,2026-08-01T15:46:11+00:00
10896406,R01NS130209,MGH,"DUNN, GAVIN PETER",2024,624543.0,True,R01,R01,Engineering T Cell Adoptive Therapy for Glioblastoma,NEUROSURGERY,NEUROSURGERY,False,0.9429,35,full_forename,1,majority,0.916,2026-08-01T15:46:11+00:00
11091578,R01NS130209,MGH,"DUNN, GAVIN PETER",2025,642482.0,True,R01,R01,Engineering T Cell Adoptive Therapy for Glioblastoma,NEUROSURGERY,NEUROSURGERY,False,0.9429,35,full_forename,1,majority,0.916,2026-08-01T15:46:11+00:00
11205541,R01NS144029,MGH,"DUNN, GAVIN PETER",2025,628373.0,True,R01,R01,Unlocking the Immunobiology of Conventional Dendritic Cells to Augment T Cell Activation in Glioblastoma,NEUROSURGERY,NEUROSURGERY,False,0.9429,35,full_forename,1,majority,0.916,2026-08-01T15:46:11+00:00
10572843,R21NS130147,MGH,"ELLETT, FELIX",2023,252000.0,False,R21,R_OTHER,Correlating neutrophil function and plasma cytokine profiles with progression of ME/CFS and Long-Covid/PASC,GENERAL_AND_UNSPECIFIED_SURGERY,SURGERY,True,1.0,19,full_forename,1,majority,0.916,2026-08-01T15:46:11+00:00
10747979,R21NS130147,MGH,"ELLETT, FELIX",2024,210000.0,False,R21,R_OTHER,Correlating neutrophil function and plasma cytokine profiles with progression of ME/CFS and Long-Covid/PASC,GENERAL_AND_UNSPECIFIED_SURGERY,SURGERY,True,1.0,19,full_forename,1,majority,0.916,2026-08-01T15:46:11+00:00
10996895,F32HL176334,MGH,"ELLIS, BRADLEY WAYNE",2024,76984.0,False,F32,F,Development of Capillary-on-Chip for the Study of Preservation Injury on Microvascular Endothelial Cells,GENERAL_AND_UNSPECIFIED_SURGERY,SURGERY,True,1.0,6,full_forename,2,majority,0.916,2026-08-01T15:46:11+00:00
11223305,F32HL176334,MGH,"ELLIS, BRADLEY WAYNE",2025,80740.0,False,F32,F,Development of Capillary-on-Chip for the Study of Preservation Injury on Microvascular Endothelial Cells,GENERAL_AND_UNSPECIFIED_SURGERY,SURGERY,True,1.0,6,full_forename,2,majority,0.916,2026-08-01T15:46:11+00:00
11242770,F32CA306127,MGH,"ERUCHALU, CHUKWUMA N",2025,94040.0,False,F32,F,Enhancing Access in Pancreatic Cancer: Examining Facilitators and Barriers to Tertiary Referral for Complex Oncologic Surgical Care.,GENERAL_AND_UNSPECIFIED_SURGERY,SURGERY,True,1.0,5,full_forename,1,majority,0.916,2026-08-01T15:46:11+00:00
10114056,R03CA249542,MGH,"FERRONE, SOLDANO",2021,167163.0,False,R03,R_OTHER,B7-H3 CAR T cell-based immunotherapy combined with Losartan to counteract desmoplasia for the treatment of Pancreatic Ductal Adenocarcinoma (PDAC),GENERAL_AND_UNSPECIFIED_SURGERY,SURGERY,True,1.0,31,full_forename,1,majority,0.916,2026-08-01T15:46:11+00:00
10220943,R01DE028172,MGH,"FERRONE, SOLDANO",2021,386970.0,True,R01,R01,"T cell plasticity, fusion proteins and CAR T cell-based immunotherapy of head and neck cancer",GENERAL_AND_UNSPECIFIED_SURGERY,SURGERY,True,1.0,31,full_forename,1,majority,0.916,2026-08-01T15:46:11+00:00
10290575,R03CA256764,MGH,"FERRONE, SOLDANO",2021,83660.0,False,R03,R_OTHER,Radiation and CSPG4-specifc CAR T cell based combinatorial therapy for the in vivo treatment of TNBC,GENERAL_AND_UNSPECIFIED_SURGERY,SURGERY,True,1.0,31,full_forename,1,majority,0.916,2026-08-01T15:46:11+00:00
10168669,R01NS110575,MGH,"FRIED, SHELLEY",2022,901162.0,True,R01,R01,Investigating the response of CNS neurons to electric and magnetic stimulation,NEUROSURGERY,NEUROSURGERY,False,1.0,22,full_forename,2,majority,0.916,2026-08-01T15:46:11+00:00
10362524,R01EY029022,MGH,"FRIED, SHELLEY",2022,407124.0,True,R01,R01,Optimization of micro-coil arrays for precise stimulation of visual cortex,NEUROSURGERY,NEUROSURGERY,False,1.0,22,full_forename,2,majority,0.916,2026-08-01T15:46:11+00:00
10658004,R01DC019916,MGH,"FRIED, SHELLEY",2023,553832.0,True,R01,R01,Development of a Micro-coil Based Cochlear Implant,NEUROSURGERY,NEUROSURGERY,False,1.0,22,full_forename,2,majority,0.916,2026-08-01T15:46:11+00:00
10673590,R01NS110575,MGH,"FRIED, SHELLEY",2023,598255.0,True,R01,R01,Investigating the Response of CNS Neurons to Electric and Magnetic Stimulation,NEUROSURGERY,NEUROSURGERY,False,1.0,22,full_forename,2,majority,0.916,2026-08-01T15:46:11+00:00
10828411,R01DC019916,MGH,"FRIED, SHELLEY",2024,522057.0,True,R01,R01,Development of a Micro-coil Based Cochlear Implant,NEUROSURGERY,NEUROSURGERY,False,1.0,22,full_forename,2,majority,0.916,2026-08-01T15:46:11+00:00
11061330,R01DC019916,MGH,"FRIED, SHELLEY",2025,522057.0,True,R01,R01,Development of a Micro-coil Based Cochlear Implant,NEUROSURGERY,NEUROSURGERY,False,1.0,22,full_forename,2,majority,0.916,2026-08-01T15:46:11+00:00
10061555,R01AR074541,MGH,"GALLOWAY, JENNA L",2021,358512.0,True,R01,R01,Mechanisms underlying tendon regeneration and attachment site pattern restoration,ORTHOPEDIC_SURGERY,ORTHOPEDICS,False,1.0,12,full_forename,1,majority,0.916,2026-08-01T15:46:11+00:00
10324589,R01AR074541,MGH,"GALLOWAY, JENNA L",2022,365904.0,True,R01,R01,Mechanisms underlying tendon regeneration and attachment site pattern restoration,ORTHOPEDIC_SURGERY,ORTHOPEDICS,False,1.0,12,full_forename,1,majority,0.916,2026-08-01T15:46:11+00:00
10442925,R01AR079495,MGH,"GALLOWAY, JENNA L",2022,493542.0,True,R01,R01,Regulation of Axin2-expressing cells in the adult tendon,ORTHOPEDIC_SURGERY,ORTHOPEDICS,False,1.0,12,full_forename,1,majority,0.916,2026-08-01T15:46:11+00:00
10532361,R01AR074541,MGH,"GALLOWAY, JENNA L",2023,369600.0,True,R01,R01,Mechanisms underlying tendon regeneration and attachment site pattern restoration,ORTHOPEDIC_SURGERY,ORTHOPEDICS,False,1.0,12,full_forename,1,majority,0.916,2026-08-01T15:46:11+00:00
10642749,R01AR079495,MGH,"GALLOWAY, JENNA L",2023,476542.0,True,R01,R01,Regulation of Axin2-expressing cells in the adult tendon,ORTHOPEDIC_SURGERY,ORTHOPEDICS,False,1.0,12,full_forename,1,majority,0.916,2026-08-01T15:46:11+00:00
10843283,R01AR079495,MGH,"GALLOWAY, JENNA L",2024,462245.0,True,R01,R01,Regulation of Axin2-expressing cells in the adult tendon,ORTHOPEDIC_SURGERY,ORTHOPEDICS,False,1.0,12,full_forename,1,majority,0.916,2026-08-01T15:46:11+00:00
11037272,R21AR085241,MGH,"GALLOWAY, JENNA L",2024,359133.0,False,R21,R_OTHER,Generation of intersectional genetic tools for advancing tendon and musculoskeletal research,ORTHOPEDIC_SURGERY,ORTHOPEDICS,False,1.0,12,full_forename,1,majority,0.916,2026-08-01T15:46:11+00:00
11048308,R01AR083979,MGH,"GALLOWAY, JENNA L",2025,499229.0,True,R01,R01,Mechanisms underlying adult tendon regeneration in the zebrafish,ORTHOPEDIC_SURGERY,ORTHOPEDICS,False,1.0,12,full_forename,1,majority,0.916,2026-08-01T15:46:11+00:00
11092168,R01AR079495,MGH,"GALLOWAY, JENNA L",2025,437131.0,True,R01,R01,Regulation of Axin2-expressing cells in the adult tendon,ORTHOPEDIC_SURGERY,ORTHOPEDICS,False,1.0,12,full_forename,1,majority,0.916,2026-08-01T15:46:11+00:00
10723486,K99DC021235,MGH,"GHASEMZADEH, HAMZEH",2023,132840.0,False,K99,K,Objective assessment of vocal fatigue in laboratory and real-world settings,OTHER_EXPLICIT_SURGERY,SURGERY,True,1.0,11,full_forename,1,majority,0.916,2026-08-01T15:46:11+00:00
10868684,K99DC021235,MGH,"GHASEMZADEH, HAMZEH",2024,132840.0,False,K99,K,Objective assessment of vocal fatigue in laboratory and real-world settings,OTHER_EXPLICIT_SURGERY,SURGERY,True,1.0,11,full_forename,1,majority,0.916,2026-08-01T15:46:11+00:00
10066349,R01DK119210,MGH,"GOLDSTEIN, ALLAN M",2021,363312.0,True,R01,R01,Characterizing neurogenic progenitors in the adult intestine,PEDIATRIC_SURGERY,SURGERY,True,1.0,20,full_forename,7,majority,0.916,2026-08-01T15:46:11+00:00
10319974,R01DK119210,MGH,"GOLDSTEIN, ALLAN M",2022,363312.0,True,R01,R01,Characterizing neurogenic progenitors in the adult intestine,PEDIATRIC_SURGERY,SURGERY,True,1.0,20,full_forename,7,majority,0.916,2026-08-01T15:46:11+00:00
10545000,R01DK119210,MGH,"GOLDSTEIN, ALLAN M",2023,363312.0,True,R01,R01,Characterizing neurogenic progenitors in the adult intestine,PEDIATRIC_SURGERY,SURGERY,True,1.0,20,full_forename,7,majority,0.916,2026-08-01T15:46:11+00:00
10802625,R01DK119210,MGH,"GOLDSTEIN, ALLAN M",2024,356230.0,True,R01,R01,Characterizing neurogenic progenitors in the adult intestine,PEDIATRIC_SURGERY,SURGERY,True,1.0,20,full_forename,7,majority,0.916,2026-08-01T15:46:11+00:00
11039953,R01DK119210,MGH,"GOLDSTEIN, ALLAN M",2025,320607.0,True,R01,R01,Characterizing neurogenic progenitors in the adult intestine,PEDIATRIC_SURGERY,SURGERY,True,1.0,20,full_forename,7,majority,0.916,2026-08-01T15:46:11+00:00
10149823,F32DK121440,MGH,"GUYER, RICHARD A",2021,72630.0,False,F32,F,Transcription factors mediate postnatal neurogenesis from enteric glial cells,PEDIATRIC_SURGERY,SURGERY,True,1.0,24,full_forename,1,majority,0.916,2026-08-01T15:46:11+00:00
10518442,F32DK121440,MGH,"GUYER, RICHARD A",2022,2500.0,False,F32,F,Transcription factors mediate postnatal neurogenesis from enteric glial cells,PEDIATRIC_SURGERY,SURGERY,True,1.0,24,full_forename,1,majority,0.916,2026-08-01T15:46:11+00:00
10133599,P50DC015446,MGH,"HILLMAN, ROBERT E",2021,2198264.0,False,P50,P,"Clinical Research Center for the Improved Prevention, Diagnosis, and Treatment of Vocal Hyperfunction",OTHER_EXPLICIT_SURGERY,SURGERY,True,1.0,39,full_forename,1,majority,0.916,2026-08-01T15:46:11+00:00
10639609,P50DC015446,MGH,"HILLMAN, ROBERT E",2023,2989995.0,False,P50,P,"Clinical Research Center for the Improved Prevention, Diagnosis, and Treatment of Vocal Hyperfunction",OTHER_EXPLICIT_SURGERY,SURGERY,True,1.0,39,full_forename,1,majority,0.916,2026-08-01T15:46:11+00:00
10829469,P50DC015446,MGH,"HILLMAN, ROBERT E",2024,2882399.0,False,P50,P,"Clinical Research Center for the Improved Prevention, Diagnosis, and Treatment of Vocal Hyperfunction",OTHER_EXPLICIT_SURGERY,SURGERY,True,1.0,39,full_forename,1,majority,0.916,2026-08-01T15:46:11+00:00
11067826,P50DC015446,MGH,"HILLMAN, ROBERT E",2025,2849071.0,False,P50,P,"Clinical Research Center for the Improved Prevention, Diagnosis, and Treatment of Vocal Hyperfunction",OTHER_EXPLICIT_SURGERY,SURGERY,True,1.0,39,full_forename,1,majority,0.916,2026-08-01T15:46:11+00:00
10178593,T32DK007754,MGH,"HODIN, RICHARD A.",2021,384645.0,False,T32,T,Research Training in Alimentary Tract Surgery,GENERAL_AND_UNSPECIFIED_SURGERY,SURGERY,True,0.9545,22,full_forename,1,majority,0.916,2026-08-01T15:46:11+00:00
10348360,T32DK007754,MGH,"HODIN, RICHARD A.",2021,81675.0,False,T32,T,Research Training in Alimentary Tract Surgery,GENERAL_AND_UNSPECIFIED_SURGERY,SURGERY,True,0.9545,22,full_forename,1,majority,0.916,2026-08-01T15:46:11+00:00
10407379,T32DK007754,MGH,"HODIN, RICHARD A.",2021,77827.0,False,T32,T,Research Training in Alimentary Tract Surgery,GENERAL_AND_UNSPECIFIED_SURGERY,SURGERY,True,0.9545,22,full_forename,1,majority,0.916,2026-08-01T15:46:11+00:00
10394963,T32DK007754,MGH,"HODIN, RICHARD A.",2022,378985.0,False,T32,T,Research Training in Alimentary Tract Surgery,GENERAL_AND_UNSPECIFIED_SURGERY,SURGERY,True,0.9545,22,full_forename,1,majority,0.916,2026-08-01T15:46:11+00:00
10530800,T32DK007754,MGH,"HODIN, RICHARD A.",2022,83753.0,False,T32,T,Research Training in Alimentary Tract Surgery,GENERAL_AND_UNSPECIFIED_SURGERY,SURGERY,True,0.9545,22,full_forename,1,majority,0.916,2026-08-01T15:46:11+00:00
10627746,T32DK007754,MGH,"HODIN, RICHARD A.",2023,387520.0,False,T32,T,Research Training in Alimentary Tract Surgery,GENERAL_AND_UNSPECIFIED_SURGERY,SURGERY,True,0.9545,22,full_forename,1,majority,0.916,2026-08-01T15:46:11+00:00
10844645,T32DK007754,MGH,"HODIN, RICHARD A.",2024,390378.0,False,T32,T,Research Training in Alimentary Tract Surgery,GENERAL_AND_UNSPECIFIED_SURGERY,SURGERY,True,0.9545,22,full_forename,1,majority,0.916,2026-08-01T15:46:11+00:00
11114002,T32DK007754,MGH,"HODIN, RICHARD A.",2025,450966.0,False,T32,T,Research Training in Alimentary Tract Surgery,GENERAL_AND_UNSPECIFIED_SURGERY,SURGERY,True,0.9545,22,full_forename,1,majority,0.916,2026-08-01T15:46:11+00:00
10862259,R01CA275993,MGH,"HOLLENBECK, BRENT K.",2023,530886.0,True,R01,R01,Physician dispensing of oral specialty drugs for advanced prostate cancer and its implications for patients,UROLOGY,UROLOGY,False,1.0,20,full_forename,2,majority,0.916,2026-08-01T15:46:11+00:00
10862329,R01AG068074,MGH,"HOLLENBECK, BRENT K.",2023,325346.0,True,R01,R01,Accelerating the Shift to Downside Risk in Medicare Accountable Care Organizations: Effects on Clinical Quality and Costs among Older Patients,UROLOGY,UROLOGY,False,1.0,20,full_forename,2,majority,0.916,2026-08-01T15:46:11+00:00
10772988,R01CA275993,MGH,"HOLLENBECK, BRENT K.",2024,94664.0,True,R01,R01,Physician dispensing of oral specialty drugs for advanced prostate cancer and its implications for patients,UROLOGY,UROLOGY,False,1.0,20,full_forename,2,majority,0.916,2026-08-01T15:46:11+00:00
10830313,R01AG068074,MGH,"HOLLENBECK, BRENT K.",2024,158794.0,True,R01,R01,Accelerating the Shift to Downside Risk in Medicare Accountable Care Organizations: Effects on Clinical Quality and Costs among Older Patients,UROLOGY,UROLOGY,False,1.0,20,full_forename,2,majority,0.916,2026-08-01T15:46:11+00:00
10128804,R03HD100762,MGH,"HOTTA, RYO",2021,77472.0,False,R03,R_OTHER,Autologous cell transplantation for the treatment of colorectal aganglionosis,PEDIATRIC_SURGERY,SURGERY,True,1.0,33,full_forename,1,majority,0.916,2026-08-01T15:46:11+00:00
10195754,R03HD104877,MGH,"HOTTA, RYO",2021,82640.0,False,R03,R_OTHER,Regulation of Experimental Colitis by Enteric Neurons,PEDIATRIC_SURGERY,SURGERY,True,1.0,33,full_forename,1,majority,0.916,2026-08-01T15:46:11+00:00
10308113,R03HD100762,MGH,"HOTTA, RYO",2022,77472.0,False,R03,R_OTHER,Autologous cell transplantation for the treatment of colorectal aganglionosis,PEDIATRIC_SURGERY,SURGERY,True,1.0,33,full_forename,1,majority,0.916,2026-08-01T15:46:11+00:00
10393593,R03HD104877,MGH,"HOTTA, RYO",2022,82640.0,False,R03,R_OTHER,Regulation of Experimental Colitis by Enteric Neurons,PEDIATRIC_SURGERY,SURGERY,True,1.0,33,full_forename,1,majority,0.916,2026-08-01T15:46:11+00:00
11057068,R21AI183051,MGH,"HOTTA, RYO",2025,439216.0,False,R21,R_OTHER,Role of cholinergic neuroimmune signaling pathway disruption in the pathogenesis of Hirschsprung-associated enterocolitis,PEDIATRIC_SURGERY,SURGERY,True,1.0,33,full_forename,1,majority,0.916,2026-08-01T15:46:11+00:00
10110423,R21AI156723,MGH,"IRIMIA, DANIEL",2021,252000.0,False,R21,R_OTHER,Microfluidic Assays for Probing Neutrophil-Borrelia Interactions in Blood during Acute Lyme Disease,GENERAL_AND_UNSPECIFIED_SURGERY,SURGERY,True,1.0,50,full_forename,1,majority,0.916,2026-08-01T15:46:11+00:00
10131206,R01GM092804,MGH,"IRIMIA, DANIEL",2021,361200.0,True,R01,R01,Neutrophil Decision Making in Confined Environments in Health and Disease,GENERAL_AND_UNSPECIFIED_SURGERY,SURGERY,True,1.0,50,full_forename,1,majority,0.916,2026-08-01T15:46:11+00:00
10379279,R21AI156723,MGH,"IRIMIA, DANIEL",2022,210000.0,False,R21,R_OTHER,Microfluidic Assays for Probing Neutrophil-Borrelia Interactions in Blood during Acute Lyme Disease,GENERAL_AND_UNSPECIFIED_SURGERY,SURGERY,True,1.0,50,full_forename,1,majority,0.916,2026-08-01T15:46:11+00:00
10379440,R01GM092804,MGH,"IRIMIA, DANIEL",2022,361200.0,True,R01,R01,Neutrophil Decision Making in Confined Environments in Health and Disease,GENERAL_AND_UNSPECIFIED_SURGERY,SURGERY,True,1.0,50,full_forename,1,majority,0.916,2026-08-01T15:46:11+00:00
10679553,R01AI176658,MGH,"IRIMIA, DANIEL",2023,817016.0,True,R01,R01,In vivo Monitoring of Neutrophil Function in Patients after Stem Cell Transplant,GENERAL_AND_UNSPECIFIED_SURGERY,SURGERY,True,1.0,50,full_forename,1,majority,0.916,2026-08-01T15:46:11+00:00
10784755,R01AI176658,MGH,"IRIMIA, DANIEL",2024,817016.0,True,R01,R01,In vivo Monitoring of Neutrophil Function in Patients after Stem Cell Transplant,GENERAL_AND_UNSPECIFIED_SURGERY,SURGERY,True,1.0,50,full_forename,1,majority,0.916,2026-08-01T15:46:11+00:00
11011430,R01AI176658,MGH,"IRIMIA, DANIEL",2025,792505.0,True,R01,R01,In vivo Monitoring of Neutrophil Function in Patients after Stem Cell Transplant,GENERAL_AND_UNSPECIFIED_SURGERY,SURGERY,True,1.0,50,full_forename,1,majority,0.916,2026-08-01T15:46:11+00:00
10423126,R01NS117609,MGH,"KAHLE, KRISTOPHER",2021,475627.0,True,R01,R01,Human genetics and molecular mechanisms of Vein of Galen aneurysmal malformation,NEUROSURGERY,NEUROSURGERY,False,1.0,67,full_forename,1,majority,0.916,2026-08-01T15:46:11+00:00
10488808,R01NS117609,MGH,"KAHLE, KRISTOPHER",2022,553785.0,True,R01,R01,Human genetics and molecular mechanisms of Vein of Galen aneurysmal malformation,NEUROSURGERY,NEUROSURGERY,False,1.0,67,full_forename,1,majority,0.916,2026-08-01T15:46:11+00:00
10533644,R01NS111029,MGH,"KAHLE, KRISTOPHER",2022,504606.0,True,R01,R01,Human genetics and molecular mechanisms of congenital hydrocephalus,NEUROSURGERY,NEUROSURGERY,False,1.0,67,full_forename,1,majority,0.916,2026-08-01T15:46:11+00:00
10348658,R01NS111029,MGH,"KAHLE, KRISTOPHER",2023,487606.0,True,R01,R01,Human genetics and molecular mechanisms of congenital hydrocephalus,NEUROSURGERY,NEUROSURGERY,False,1.0,67,full_forename,1,majority,0.916,2026-08-01T15:46:11+00:00
10673038,R01NS117609,MGH,"KAHLE, KRISTOPHER",2023,552967.0,True,R01,R01,Human Genetics and Molecular Mechanisms of Vein of Galen Aneurysmal Malformation,NEUROSURGERY,NEUROSURGERY,False,1.0,67,full_forename,1,majority,0.916,2026-08-01T15:46:11+00:00
10808500,R01NS109358,MGH,"KAHLE, KRISTOPHER",2023,270671.0,True,R01,R01,Modulation of Choroid Plexus Immuno-secretory Function to Restore Cerebrospinal Fluid Homeostasis in Hydrocephalus,NEUROSURGERY,NEUROSURGERY,False,1.0,67,full_forename,1,majority,0.916,2026-08-01T15:46:11+00:00
10833995,R01NS111029,MGH,"KAHLE, KRISTOPHER",2024,472978.0,True,R01,R01,Human Genetics and Molecular Mechanisms of Congenital Hydrocephalus,NEUROSURGERY,NEUROSURGERY,False,1.0,67,full_forename,1,majority,0.916,2026-08-01T15:46:11+00:00
10854853,R01NS117609,MGH,"KAHLE, KRISTOPHER",2024,532195.0,True,R01,R01,Human Genetics and Molecular Mechanisms of Vein of Galen Aneurysmal Malformation,NEUROSURGERY,NEUROSURGERY,False,1.0,67,full_forename,1,majority,0.916,2026-08-01T15:46:11+00:00
11036901,R21AI188227,MGH,"KARABACAK, NEZIHI MURAT",2025,473937.0,False,R21,R_OTHER,Novel point-of-care liquid biopsy for early detection of sepsis-associated organ damage,OTHER_EXPLICIT_SURGERY,SURGERY,True,1.0,3,full_forename,1,majority,0.916,2026-08-01T15:46:11+00:00
10288014,R21AI163806,MGH,"KAWAI, TATSUO",2021,245795.0,False,R21,R_OTHER,Mcl-1 inhibition for induction of hematopoietic chimerism without nonselective myeloablative treatments in nonhuman primates,GENERAL_AND_UNSPECIFIED_SURGERY,SURGERY,True,1.0,31,full_forename,2,majority,0.916,2026-08-01T15:46:11+00:00
10408176,R21AI163806,MGH,"KAWAI, TATSUO",2022,203795.0,False,R21,R_OTHER,Mcl-1 inhibition for induction of hematopoietic chimerism without nonselective myeloablative treatments in nonhuman primates,GENERAL_AND_UNSPECIFIED_SURGERY,SURGERY,True,1.0,31,full_forename,2,majority,0.916,2026-08-01T15:46:11+00:00
10520602,R01AI155714,MGH,"KAWAI, TATSUO",2022,922719.0,True,R01,R01,Bcl-2 and Mcl-1 inhibition for induction of hematopoietic chimerism and renal allograft tolerance without myelosuppression in nonhuman primates,GENERAL_AND_UNSPECIFIED_SURGERY,SURGERY,True,1.0,31,full_forename,2,majority,0.916,2026-08-01T15:46:11+00:00
10622050,U01AI174968,MGH,"KAWAI, TATSUO",2023,1075240.0,False,U01,U,Targeting innate immunity for induction of robust renal allograft tolerance,GENERAL_AND_UNSPECIFIED_SURGERY,SURGERY,True,1.0,31,full_forename,2,majority,0.916,2026-08-01T15:46:11+00:00
10634698,R01AI155714,MGH,"KAWAI, TATSUO",2023,922719.0,True,R01,R01,Bcl-2 and Mcl-1 inhibition for induction of hematopoietic chimerism and renal allograft tolerance without myelosuppression in nonhuman primates,GENERAL_AND_UNSPECIFIED_SURGERY,SURGERY,True,1.0,31,full_forename,2,majority,0.916,2026-08-01T15:46:11+00:00
10839303,R01AI155714,MGH,"KAWAI, TATSUO",2024,922719.0,True,R01,R01,Bcl-2 and Mcl-1 inhibition for induction of hematopoietic chimerism and renal allograft tolerance without myelosuppression in nonhuman primates,GENERAL_AND_UNSPECIFIED_SURGERY,SURGERY,True,1.0,31,full_forename,2,majority,0.916,2026-08-01T15:46:11+00:00
10893598,U01AI174968,MGH,"KAWAI, TATSUO",2024,1074783.0,False,U01,U,Targeting innate immunity for induction of robust renal allograft tolerance,GENERAL_AND_UNSPECIFIED_SURGERY,SURGERY,True,1.0,31,full_forename,2,majority,0.916,2026-08-01T15:46:11+00:00
11074069,U01AI174968,MGH,"KAWAI, TATSUO",2025,1074143.0,False,U01,U,Targeting innate immunity for induction of robust renal allograft tolerance,GENERAL_AND_UNSPECIFIED_SURGERY,SURGERY,True,1.0,31,full_forename,2,majority,0.916,2026-08-01T15:46:11+00:00
11084499,R01AI155714,MGH,"KAWAI, TATSUO",2025,1845438.0,True,R01,R01,Bcl-2 and Mcl-1 inhibition for induction of hematopoietic chimerism and renal allograft tolerance without myelosuppression in nonhuman primates,GENERAL_AND_UNSPECIFIED_SURGERY,SURGERY,True,1.0,31,full_forename,2,majority,0.916,2026-08-01T15:46:11+00:00
10176407,R21AI153967,MGH,"KIMURA, SHOKO",2021,206600.0,False,R21,R_OTHER,Liver allograft tolerance induction by Bcl-2 inhibition and delayed donor bone marrow infusion,GENERAL_AND_UNSPECIFIED_SURGERY,SURGERY,True,1.0,15,full_forename,5,majority,0.916,2026-08-01T15:46:11+00:00
10657989,R01CA272876,MGH,"LISS, ANDREW",2023,378947.0,True,R01,R01,Epigenetic regulation of pancreatic cancer subtype identity and tumorigenesis by PHF2,GENERAL_AND_UNSPECIFIED_SURGERY,SURGERY,True,0.8974,39,full_forename,1,majority,0.916,2026-08-01T15:46:11+00:00
10884412,R01CA272876,MGH,"LISS, ANDREW",2024,360000.0,True,R01,R01,Epigenetic regulation of pancreatic cancer subtype identity and tumorigenesis by PHF2,GENERAL_AND_UNSPECIFIED_SURGERY,SURGERY,True,0.8974,39,full_forename,1,majority,0.916,2026-08-01T15:46:11+00:00
11114003,R01CA272876,MGH,"LISS, ANDREW",2025,378947.0,True,R01,R01,Epigenetic regulation of pancreatic cancer subtype identity and tumorigenesis by PHF2,GENERAL_AND_UNSPECIFIED_SURGERY,SURGERY,True,0.8974,39,full_forename,1,majority,0.916,2026-08-01T15:46:11+00:00
11132057,R01CA293063,MGH,"LISS, ANDREW",2025,654197.0,True,R01,R01,Pancreatic cancer patient-derived xenograft tumors for translational studies in precision cancer medicine,GENERAL_AND_UNSPECIFIED_SURGERY,SURGERY,True,0.8974,39,full_forename,1,majority,0.916,2026-08-01T15:46:11+00:00
10122154,R01AI148554,MGH,"MADSEN, JOREN C",2021,808124.0,True,R01,R01,Achieving Clinically Relevant Tolerance in NHP Heart Allograft Recipients,CARDIAC_CARDIOTHORACIC_SURGERY,SURGERY,True,1.0,63,full_forename,5,majority,0.916,2026-08-01T15:46:11+00:00
10149237,U01AI136816,MGH,"MADSEN, JOREN C",2021,1.0,False,U01,U,Targeting Inflammation and Alloimmunity in Heart Transplant Recipients with Tocilizumab,CARDIAC_CARDIOTHORACIC_SURGERY,SURGERY,True,1.0,63,full_forename,5,majority,0.916,2026-08-01T15:46:11+00:00
10174713,U01AI131470,MGH,"MADSEN, JOREN C",2021,858721.0,False,U01,U,Mixed chimerism induced tolerance in heart recipients requires donor kidney cotransplantation,CARDIAC_CARDIOTHORACIC_SURGERY,SURGERY,True,1.0,63,full_forename,5,majority,0.916,2026-08-01T15:46:11+00:00
10198707,T32AI007529,MGH,"MADSEN, JOREN C",2021,306384.0,False,T32,T,Training in Transplantation Biology,CARDIAC_CARDIOTHORACIC_SURGERY,SURGERY,True,1.0,63,full_forename,5,majority,0.916,2026-08-01T15:46:11+00:00
10265632,U01AI136816,MGH,"MADSEN, JOREN C",2021,44565.0,False,U01,U,Targeting Inflammation and Alloimmunity in Heart Transplant Recipients with Tocilizumab,CARDIAC_CARDIOTHORACIC_SURGERY,SURGERY,True,1.0,63,full_forename,5,majority,0.916,2026-08-01T15:46:11+00:00
10270357,P01HL158504,MGH,"MADSEN, JOREN C",2021,2462802.0,False,P01,P,New Approaches to Inducing Cardiac Allograft Tolerance,CARDIAC_CARDIOTHORACIC_SURGERY,SURGERY,True,1.0,63,full_forename,5,majority,0.916,2026-08-01T15:46:11+00:00
10282620,U01AI163086,MGH,"MADSEN, JOREN C",2021,2710272.0,False,U01,U,Targeting Inflammation and Alloimmunity in Lung Transplant Recipients With Clazakizumab,CARDIAC_CARDIOTHORACIC_SURGERY,SURGERY,True,1.0,63,full_forename,5,majority,0.916,2026-08-01T15:46:11+00:00
10417185,T32AI007529,MGH,"MADSEN, JOREN C",2022,321296.0,False,T32,T,Training in Transplantation Biology,CARDIAC_CARDIOTHORACIC_SURGERY,SURGERY,True,1.0,63,full_forename,5,majority,0.916,2026-08-01T15:46:11+00:00
10418616,U01AI136816,MGH,"MADSEN, JOREN C",2022,1996091.0,False,U01,U,Targeting Inflammation and Alloimmunity in Heart Transplant Recipients with Tocilizumab,CARDIAC_CARDIOTHORACIC_SURGERY,SURGERY,True,1.0,63,full_forename,5,majority,0.916,2026-08-01T15:46:11+00:00
10457397,P01HL158504,MGH,"MADSEN, JOREN C",2022,2428802.0,False,P01,P,New Approaches to Inducing Cardiac Allograft Tolerance,CARDIAC_CARDIOTHORACIC_SURGERY,SURGERY,True,1.0,63,full_forename,5,majority,0.916,2026-08-01T15:46:11+00:00
10488647,U01AI163086,MGH,"MADSEN, JOREN C",2022,3063266.0,False,U01,U,Targeting Inflammation and Alloimmunity in Lung Transplant Recipients With Clazakizumab,CARDIAC_CARDIOTHORACIC_SURGERY,SURGERY,True,1.0,63,full_forename,5,majority,0.916,2026-08-01T15:46:11+00:00
10518435,U01AI131470,MGH,"MADSEN, JOREN C",2022,608912.0,False,U01,U,Mixed chimerism induced tolerance in heart recipients requires donor kidney cotransplantation,CARDIAC_CARDIOTHORACIC_SURGERY,SURGERY,True,1.0,63,full_forename,5,majority,0.916,2026-08-01T15:46:11+00:00
10614591,U01AI136816,MGH,"MADSEN, JOREN C",2023,2426322.0,False,U01,U,Targeting Inflammation and Alloimmunity in Heart Transplant Recipients with Tocilizumab,CARDIAC_CARDIOTHORACIC_SURGERY,SURGERY,True,1.0,63,full_forename,5,majority,0.916,2026-08-01T15:46:11+00:00
10622123,U19AI174967,MGH,"MADSEN, JOREN C",2023,3485857.0,False,U19,U,Novel Approaches to Inducing Lung Allograft Tolerance in NHPs,CARDIAC_CARDIOTHORACIC_SURGERY,SURGERY,True,1.0,63,full_forename,5,majority,0.916,2026-08-01T15:46:11+00:00
10629447,T32AI007529,MGH,"MADSEN, JOREN C",2023,332452.0,False,T32,T,Training in Transplantation Biology,CARDIAC_CARDIOTHORACIC_SURGERY,SURGERY,True,1.0,63,full_forename,5,majority,0.916,2026-08-01T15:46:11+00:00
10666651,U01AI163086,MGH,"MADSEN, JOREN C",2023,3130730.0,False,U01,U,Targeting Inflammation and Alloimmunity in Lung Transplant Recipients With Clazakizumab,CARDIAC_CARDIOTHORACIC_SURGERY,SURGERY,True,1.0,63,full_forename,5,majority,0.916,2026-08-01T15:46:11+00:00
10673071,P01HL158504,MGH,"MADSEN, JOREN C",2023,2428802.0,False,P01,P,New Approaches to Inducing Cardiac Allograft Tolerance,CARDIAC_CARDIOTHORACIC_SURGERY,SURGERY,True,1.0,63,full_forename,5,majority,0.916,2026-08-01T15:46:11+00:00
10814255,U19AI174967,MGH,"MADSEN, JOREN C",2024,3401842.0,False,U19,U,Novel Approaches to Inducing Lung Allograft Tolerance in NHPs,CARDIAC_CARDIOTHORACIC_SURGERY,SURGERY,True,1.0,63,full_forename,5,majority,0.916,2026-08-01T15:46:11+00:00
10829374,T32AI007529,MGH,"MADSEN, JOREN C",2024,344653.0,False,T32,T,Training in Transplantation Biology,CARDIAC_CARDIOTHORACIC_SURGERY,SURGERY,True,1.0,63,full_forename,5,majority,0.916,2026-08-01T15:46:11+00:00
10879069,U01AI163086,MGH,"MADSEN, JOREN C",2024,3256574.0,False,U01,U,Targeting Inflammation and Alloimmunity in Lung Transplant Recipients With Clazakizumab,CARDIAC_CARDIOTHORACIC_SURGERY,SURGERY,True,1.0,63,full_forename,5,majority,0.916,2026-08-01T15:46:11+00:00
10889209,P01HL158504,MGH,"MADSEN, JOREN C",2024,2377801.0,False,P01,P,New Approaches to Inducing Cardiac Allograft Tolerance,CARDIAC_CARDIOTHORACIC_SURGERY,SURGERY,True,1.0,63,full_forename,5,majority,0.916,2026-08-01T15:46:11+00:00
11139860,U19AI174967,MGH,"MADSEN, JOREN C",2024,400000.0,False,U19,U,Novel Approaches to Inducing Lung Allograft Tolerance in NHPs,CARDIAC_CARDIOTHORACIC_SURGERY,SURGERY,True,1.0,63,full_forename,5,majority,0.916,2026-08-01T15:46:11+00:00
11035223,U19AI174967,MGH,"MADSEN, JOREN C",2025,3299788.0,False,U19,U,Novel Approaches to Inducing Lung Allograft Tolerance in NHPs,CARDIAC_CARDIOTHORACIC_SURGERY,SURGERY,True,1.0,63,full_forename,5,majority,0.916,2026-08-01T15:46:11+00:00
11120969,U01AI163086,MGH,"MADSEN, JOREN C",2025,3310755.0,False,U01,U,Targeting Inflammation and Alloimmunity in Lung Transplant Recipients With Clazakizumab,CARDIAC_CARDIOTHORACIC_SURGERY,SURGERY,True,1.0,63,full_forename,5,majority,0.916,2026-08-01T15:46:11+00:00
11140408,P01HL158504,MGH,"MADSEN, JOREN C",2025,2423933.0,False,P01,P,New Approaches to Inducing Cardiac Allograft Tolerance,CARDIAC_CARDIOTHORACIC_SURGERY,SURGERY,True,1.0,63,full_forename,5,majority,0.916,2026-08-01T15:46:11+00:00
11395675,U19AI174967,MGH,"MADSEN, JOREN C",2025,865000.0,False,U19,U,Novel Approaches to Inducing Lung Allograft Tolerance in NHPs,CARDIAC_CARDIOTHORACIC_SURGERY,SURGERY,True,1.0,63,full_forename,5,majority,0.916,2026-08-01T15:46:11+00:00
10062841,R01AI057851,MGH,"MARKMANN, JAMES FRANCIS",2021,508916.0,True,R01,R01,Mechanisms of B cell-Dependent Transplantation Tolerance,GENERAL_AND_UNSPECIFIED_SURGERY,SURGERY,True,1.0,69,full_forename,2,majority,0.916,2026-08-01T15:46:11+00:00
10089398,U01AI146248,MGH,"MARKMANN, JAMES FRANCIS",2021,754875.0,False,U01,U,Liver Xenotransplantation using CRISPR-modified Porcine Organs,GENERAL_AND_UNSPECIFIED_SURGERY,SURGERY,True,1.0,69,full_forename,2,majority,0.916,2026-08-01T15:46:11+00:00
10308033,R01AI057851,MGH,"MARKMANN, JAMES FRANCIS",2022,508916.0,True,R01,R01,Mechanisms of B cell-Dependent Transplantation Tolerance,GENERAL_AND_UNSPECIFIED_SURGERY,SURGERY,True,1.0,69,full_forename,2,majority,0.916,2026-08-01T15:46:11+00:00
10333323,U01AI146248,MGH,"MARKMANN, JAMES FRANCIS",2022,754875.0,False,U01,U,Liver Xenotransplantation using CRISPR-modified Porcine Organs,GENERAL_AND_UNSPECIFIED_SURGERY,SURGERY,True,1.0,69,full_forename,2,majority,0.916,2026-08-01T15:46:11+00:00
10561616,U01AI146248,MGH,"MARKMANN, JAMES FRANCIS",2023,754875.0,False,U01,U,Liver Xenotransplantation using CRISPR-modified Porcine Organs,GENERAL_AND_UNSPECIFIED_SURGERY,SURGERY,True,1.0,69,full_forename,2,majority,0.916,2026-08-01T15:46:11+00:00
10585245,R01AI057851,MGH,"MARKMANN, JAMES FRANCIS",2023,637715.0,True,R01,R01,"Mechanisms of action, optimization and application of Bregs",GENERAL_AND_UNSPECIFIED_SURGERY,SURGERY,True,1.0,69,full_forename,2,majority,0.916,2026-08-01T15:46:11+00:00
10066369,R01NS032677,MGH,"MARTUZA, ROBERT L",2021,548365.0,True,R01,R01,Genetically Engineered Viruses for Brain Tumor Therapy,NEUROSURGERY,NEUROSURGERY,False,1.0,11,full_forename,1,majority,0.916,2026-08-01T15:46:11+00:00
10310433,R01NS032677,MGH,"MARTUZA, ROBERT L",2022,548365.0,True,R01,R01,Genetically Engineered Viruses for Brain Tumor Therapy,NEUROSURGERY,NEUROSURGERY,False,1.0,11,full_forename,1,majority,0.916,2026-08-01T15:46:11+00:00
10954384,R01CA285657,MGH,"MARTUZA, ROBERT L",2024,627061.0,True,R01,R01,Oncolytic HSV Immunovirotherapy for brain tumors,NEUROSURGERY,NEUROSURGERY,False,1.0,11,full_forename,1,majority,0.916,2026-08-01T15:46:11+00:00
11136472,R01CA285657,MGH,"MARTUZA, ROBERT L",2025,627491.0,True,R01,R01,Oncolytic HSV Immunovirotherapy for brain tumors,NEUROSURGERY,NEUROSURGERY,False,1.0,11,full_forename,1,majority,0.916,2026-08-01T15:46:11+00:00
10295970,R01DC019083,MGH,"MEHTA, DARYUSH DINYAR",2021,357000.0,True,R01,R01,Ambulatory monitoring of a vocal efficiency index to improve the clinical management of voice disorders,OTHER_EXPLICIT_SURGERY,SURGERY,True,1.0,7,full_forename,3,majority,0.916,2026-08-01T15:46:11+00:00
10474472,R01DC019083,MGH,"MEHTA, DARYUSH DINYAR",2022,357000.0,True,R01,R01,Ambulatory monitoring of a vocal efficiency index to improve the clinical management of voice disorders,OTHER_EXPLICIT_SURGERY,SURGERY,True,1.0,7,full_forename,3,majority,0.916,2026-08-01T15:46:11+00:00
10629293,R01DC019083,MGH,"MEHTA, DARYUSH DINYAR",2023,357000.0,True,R01,R01,Ambulatory monitoring of a vocal efficiency index to improve the clinical management of voice disorders,OTHER_EXPLICIT_SURGERY,SURGERY,True,1.0,7,full_forename,3,majority,0.916,2026-08-01T15:46:11+00:00
10844493,R01DC019083,MGH,"MEHTA, DARYUSH DINYAR",2024,357000.0,True,R01,R01,Ambulatory monitoring of a vocal efficiency index to improve the clinical management of voice disorders,OTHER_EXPLICIT_SURGERY,SURGERY,True,1.0,7,full_forename,3,majority,0.916,2026-08-01T15:46:11+00:00
11086008,R01DC019083,MGH,"MEHTA, DARYUSH DINYAR",2025,357000.0,True,R01,R01,Ambulatory monitoring of a vocal efficiency index to improve the clinical management of voice disorders,OTHER_EXPLICIT_SURGERY,SURGERY,True,1.0,7,full_forename,3,majority,0.916,2026-08-01T15:46:11+00:00
10723247,K25HL169816,MGH,"MISHRA, AVANISH",2023,133943.0,False,K25,K,Precision Apheresis: stem cell isolation from patients with sickle cell disease for gene therapy using high-throughput microfluidics,OTHER_EXPLICIT_SURGERY,SURGERY,True,1.0,14,full_forename,8,majority,0.916,2026-08-01T15:46:11+00:00
10899569,K25HL169816,MGH,"MISHRA, AVANISH",2024,137183.0,False,K25,K,Precision Apheresis: stem cell isolation from patients with sickle cell disease for gene therapy using high-throughput microfluidics,OTHER_EXPLICIT_SURGERY,SURGERY,True,1.0,14,full_forename,8,majority,0.916,2026-08-01T15:46:11+00:00
11145976,K25HL169816,MGH,"MISHRA, AVANISH",2025,139343.0,False,K25,K,Precision Apheresis: stem cell isolation from patients with sickle cell disease for gene therapy using high-throughput microfluidics,OTHER_EXPLICIT_SURGERY,SURGERY,True,1.0,14,full_forename,8,majority,0.916,2026-08-01T15:46:11+00:00
10537414,F32DK131792,MGH,"MUELLER, JESSICA",2022,76934.0,False,F32,F,Modifying the intestinal extracellular matrix to optimize enteric neuronal stem cell therapy for Hirschsprung disease,PEDIATRIC_SURGERY,SURGERY,True,1.0,10,full_forename,2,majority,0.916,2026-08-01T15:46:11+00:00
10731056,F32DK131792,MGH,"MUELLER, JESSICA",2023,83052.0,False,F32,F,Modifying the intestinal extracellular matrix to optimize enteric neuronal stem cell therapy for Hirschsprung disease,PEDIATRIC_SURGERY,SURGERY,True,1.0,10,full_forename,2,majority,0.916,2026-08-01T15:46:11+00:00
10127583,R01AR077023,MGH,"ORAL, EBRU",2021,364184.0,True,R01,R01,Drug-eluting joint implants with synergistic antimicrobial release and risk stratified models of preclinical efficacy testing,ORTHOPEDIC_SURGERY,ORTHOPEDICS,False,1.0,33,full_forename,3,majority,0.916,2026-08-01T15:46:11+00:00
10372936,R01AR077023,MGH,"ORAL, EBRU",2022,363789.0,True,R01,R01,Drug-eluting joint implants with synergistic antimicrobial release and risk stratified models of preclinical efficacy testing,ORTHOPEDIC_SURGERY,ORTHOPEDICS,False,1.0,33,full_forename,3,majority,0.916,2026-08-01T15:46:11+00:00
10593923,R01AR077023,MGH,"ORAL, EBRU",2023,367366.0,True,R01,R01,Drug-eluting joint implants with synergistic antimicrobial release and risk stratified models of preclinical efficacy testing,ORTHOPEDIC_SURGERY,ORTHOPEDICS,False,1.0,33,full_forename,3,majority,0.916,2026-08-01T15:46:11+00:00
10809703,R01AR077023,MGH,"ORAL, EBRU",2024,356247.0,True,R01,R01,Drug-eluting joint implants with synergistic antimicrobial release and risk stratified models of preclinical efficacy testing,ORTHOPEDIC_SURGERY,ORTHOPEDICS,False,1.0,33,full_forename,3,majority,0.916,2026-08-01T15:46:11+00:00
10251168,P01CA240239,MGH,"PAI, SARA ISABEL",2021,1747687.0,False,P01,P,Strategies to Overcome Immune Resistance in Head and Neck Cancers,SURGICAL_ONCOLOGY,SURGERY,True,1.0,20,full_forename,4,majority,0.916,2026-08-01T15:46:11+00:00
10478890,P01CA240239,MGH,"PAI, SARA ISABEL",2022,1702538.0,False,P01,P,Strategies to Overcome Immune Resistance in Head and Neck Cancers,SURGICAL_ONCOLOGY,SURGERY,True,1.0,20,full_forename,4,majority,0.916,2026-08-01T15:46:11+00:00
10766467,U01DE033324,MGH,"PAI, SARA ISABEL",2023,2.0,False,U01,U,Early detection and risk of head and neck cancer through immune based spatial omics,SURGICAL_ONCOLOGY,SURGERY,True,1.0,20,full_forename,4,majority,0.916,2026-08-01T15:46:11+00:00
10145750,R01HD102014,MGH,"PEPIN, DAVID",2021,361443.0,True,R01,R01,Methods of fertility protection by Mullerian inhibiting substance in the female reproductive tract during chemotherapy,PEDIATRIC_SURGERY,SURGERY,True,0.9,10,full_forename,1,majority,0.916,2026-08-01T15:46:11+00:00
10349549,R01HD102014,MGH,"PEPIN, DAVID",2022,361443.0,True,R01,R01,Methods of fertility protection by Mullerian inhibiting substance in the female reproductive tract during chemotherapy,PEDIATRIC_SURGERY,SURGERY,True,0.9,10,full_forename,1,majority,0.916,2026-08-01T15:46:11+00:00
10560626,R01HD102014,MGH,"PEPIN, DAVID",2023,361443.0,True,R01,R01,Methods of fertility protection by Mullerian inhibiting substance in the female reproductive tract during chemotherapy,PEDIATRIC_SURGERY,SURGERY,True,0.9,10,full_forename,1,majority,0.916,2026-08-01T15:46:11+00:00
10809575,R01HD102014,MGH,"PEPIN, DAVID",2024,357829.0,True,R01,R01,Methods of fertility protection by Mullerian inhibiting substance in the female reproductive tract during chemotherapy,PEDIATRIC_SURGERY,SURGERY,True,0.9,10,full_forename,1,majority,0.916,2026-08-01T15:46:11+00:00
11141413,R01HD115719,MGH,"PEPIN, DAVID",2025,724714.0,True,R01,R01,Evaluation of the effect of exogenous AMH on ovarian function and fertility,PEDIATRIC_SURGERY,SURGERY,True,0.9,10,full_forename,1,majority,0.916,2026-08-01T15:46:11+00:00
11068084,F32AR085460,MGH,"PETERSON, BENJAMIN",2025,79456.0,False,F32,F,Investigating the Role of Wnt Signaling in the Mechanical Maturation of Tendon,ORTHOPEDIC_SURGERY,ORTHOPEDICS,False,1.0,1,full_forename,4,majority,0.916,2026-08-01T15:46:11+00:00
10785801,R21CA286215,MGH,"PETTI, ALLEGRA ADELE",2024,249832.0,False,R21,R_OTHER,A multimodal single-cell approach to developing personalized combinatorial treatments for glioblastoma,NEUROSURGERY,NEUROSURGERY,False,1.0,9,full_forename,1,majority,0.916,2026-08-01T15:46:11+00:00
11013886,R21CA286215,MGH,"PETTI, ALLEGRA ADELE",2025,156145.0,False,R21,R_OTHER,A multimodal single-cell approach to developing personalized combinatorial treatments for glioblastoma,NEUROSURGERY,NEUROSURGERY,False,1.0,9,full_forename,1,majority,0.916,2026-08-01T15:46:11+00:00
10222696,R01EY027888,MGH,"PEZARIS, JOHN S.",2021,397796.0,True,R01,R01,Phosphene Characteristics and Artificial Sight,NEUROSURGERY,NEUROSURGERY,False,1.0,11,full_forename,1,majority,0.916,2026-08-01T15:46:11+00:00
10414001,R01EY027888,MGH,"PEZARIS, JOHN S.",2022,405908.0,True,R01,R01,Phosphene Characteristics and Artificial Sight,NEUROSURGERY,NEUROSURGERY,False,1.0,11,full_forename,1,majority,0.916,2026-08-01T15:46:11+00:00
11233078,R21EY037012,MGH,"PEZARIS, JOHN S.",2025,453750.0,False,R21,R_OTHER,Finessing the details: subclasses of LGN neurons and the richness of spatial transcriptomics,NEUROSURGERY,NEUROSURGERY,False,1.0,11,full_forename,1,majority,0.916,2026-08-01T15:46:11+00:00
10188418,U01AI153612,MGH,"PIERSON, RICHARD N",2021,795705.0,False,U01,U,CRISPR-Modified Cardiac Xenograft Transplantation,GENERAL_AND_UNSPECIFIED_SURGERY,SURGERY,True,1.0,54,full_forename,2,majority,0.916,2026-08-01T15:46:11+00:00
10403525,U01AI153612,MGH,"PIERSON, RICHARD N",2022,795705.0,False,U01,U,CRISPR-Modified Cardiac Xenograft Transplantation,GENERAL_AND_UNSPECIFIED_SURGERY,SURGERY,True,1.0,54,full_forename,2,majority,0.916,2026-08-01T15:46:11+00:00
10632137,U01AI153612,MGH,"PIERSON, RICHARD N",2023,795705.0,False,U01,U,CRISPR-Modified Cardiac Xenograft Transplantation,GENERAL_AND_UNSPECIFIED_SURGERY,SURGERY,True,1.0,54,full_forename,2,majority,0.916,2026-08-01T15:46:11+00:00
10853206,S10OD034375,MGH,"PIERSON, RICHARD N",2024,252500.0,False,S10,OTHER,Versatile high-throughput Alinity ci assay platform to support multiple laboratory animal users,GENERAL_AND_UNSPECIFIED_SURGERY,SURGERY,True,1.0,54,full_forename,2,majority,0.916,2026-08-01T15:46:11+00:00
10867278,U01AI153612,MGH,"PIERSON, RICHARD N",2024,795705.0,False,U01,U,CRISPR-Modified Cardiac Xenograft Transplantation,GENERAL_AND_UNSPECIFIED_SURGERY,SURGERY,True,1.0,54,full_forename,2,majority,0.916,2026-08-01T15:46:11+00:00
11165682,U19AI191384,MGH,"PIERSON, RICHARD N",2025,3426920.0,False,U19,U,"Preclinical Translation of Kidney, Heart, and Lung Xenotransplantation",GENERAL_AND_UNSPECIFIED_SURGERY,SURGERY,True,1.0,54,full_forename,2,majority,0.916,2026-08-01T15:46:11+00:00
10107664,F32CA236417,MGH,"RABE, DANIEL CHRISTOPHER",2021,69612.0,False,F32,F,The role of extracellular vesicles in regulating response to immunotherapy,OTHER_EXPLICIT_SURGERY,SURGERY,True,0.75,8,full_forename,1,majority,0.916,2026-08-01T15:46:11+00:00
10299629,F32CA236417,MGH,"RABE, DANIEL CHRISTOPHER",2022,71734.0,False,F32,F,The role of extracellular vesicles in regulating response to immunotherapy,OTHER_EXPLICIT_SURGERY,SURGERY,True,0.75,8,full_forename,1,majority,0.916,2026-08-01T15:46:11+00:00
10085206,R01CA160762,MGH,"RABKIN, SAMUEL DAVID",2021,395770.0,True,R01,R01,Targeting tumorigenic pathways in glioblastoma with oncolytic HSV,NEUROSURGERY,NEUROSURGERY,False,1.0,20,full_forename,1,majority,0.916,2026-08-01T15:46:11+00:00
10332759,R01CA160762,MGH,"RABKIN, SAMUEL DAVID",2022,387855.0,True,R01,R01,Targeting tumorigenic pathways in glioblastoma with oncolytic HSV,NEUROSURGERY,NEUROSURGERY,False,1.0,20,full_forename,1,majority,0.916,2026-08-01T15:46:11+00:00
10559590,R01CA160762,MGH,"RABKIN, SAMUEL DAVID",2023,387855.0,True,R01,R01,Targeting tumorigenic pathways in glioblastoma with oncolytic HSV,NEUROSURGERY,NEUROSURGERY,False,1.0,20,full_forename,1,majority,0.916,2026-08-01T15:46:11+00:00
10949136,R03AI185293,MGH,"RAHMAN, AHMED AYEDUR",2024,81096.0,False,R03,R_OTHER,Optogenetic activation of enteric cholinergic neurons to treat colitis,PEDIATRIC_SURGERY,SURGERY,True,1.0,17,full_forename,5,majority,0.916,2026-08-01T15:46:11+00:00
11123467,R03AI185293,MGH,"RAHMAN, AHMED AYEDUR",2025,80091.0,False,R03,R_OTHER,Optogenetic activation of enteric cholinergic neurons to treat colitis,PEDIATRIC_SURGERY,SURGERY,True,1.0,17,full_forename,5,majority,0.916,2026-08-01T15:46:11+00:00
10080028,R01AI134857,MGH,"RAHME, LAURENCE G",2021,670954.0,True,R01,R01,Molecular and Metabolic inter-kingdom actions of a bacterial quorum sensing signal in promotion of host tolerance/resilience.,GENERAL_AND_UNSPECIFIED_SURGERY,SURGERY,True,1.0,21,full_forename,1,majority,0.916,2026-08-01T15:46:11+00:00
10455798,R56AI155505,MGH,"RAHME, LAURENCE G",2021,844817.0,False,R56,R_OTHER,Predictive Approaches and Technology Development for Identification of Susceptibility to Multiple Independent Infections in Trauma Patients,GENERAL_AND_UNSPECIFIED_SURGERY,SURGERY,True,1.0,21,full_forename,1,majority,0.916,2026-08-01T15:46:11+00:00
10326383,R01AI134857,MGH,"RAHME, LAURENCE G",2022,670954.0,True,R01,R01,Molecular and Metabolic inter-kingdom actions of a bacterial quorum sensing signal in promotion of host tolerance/resilience.,GENERAL_AND_UNSPECIFIED_SURGERY,SURGERY,True,1.0,21,full_forename,1,majority,0.916,2026-08-01T15:46:11+00:00
10716869,R01AI177555,MGH,"RAHME, LAURENCE G",2023,753257.0,True,R01,R01,A comprehensive investigation of Pseudomonas quorum sensing regulatory relationships and the consequences on quorum sensing inhibitors in complex communities,GENERAL_AND_UNSPECIFIED_SURGERY,SURGERY,True,1.0,21,full_forename,1,majority,0.916,2026-08-01T15:46:11+00:00
10877911,R01AI177555,MGH,"RAHME, LAURENCE G",2024,750050.0,True,R01,R01,A comprehensive investigation of Pseudomonas quorum sensing regulatory relationships and the consequences on quorum sensing inhibitors in complex communities,GENERAL_AND_UNSPECIFIED_SURGERY,SURGERY,True,1.0,21,full_forename,1,majority,0.916,2026-08-01T15:46:11+00:00
11127504,R01AI177555,MGH,"RAHME, LAURENCE G",2025,729425.0,True,R01,R01,A comprehensive investigation of Pseudomonas quorum sensing regulatory relationships and the consequences on quorum sensing inhibitors in complex communities,GENERAL_AND_UNSPECIFIED_SURGERY,SURGERY,True,1.0,21,full_forename,1,majority,0.916,2026-08-01T15:46:11+00:00
10265463,U01NS117836,MGH,"RICHARDSON, ROBERT MARK",2021,1152521.0,False,U01,U,Cortical-Basal Ganglia Speech Networks,NEUROSURGERY,NEUROSURGERY,False,0.9767,43,full_forename,1,majority,0.916,2026-08-01T15:46:11+00:00
10475681,U01NS117836,MGH,"RICHARDSON, ROBERT MARK",2022,1174479.0,False,U01,U,Cortical-Basal Ganglia Speech Networks,NEUROSURGERY,NEUROSURGERY,False,0.9767,43,full_forename,1,majority,0.916,2026-08-01T15:46:11+00:00
10652094,R61NS126776,MGH,"RICHARDSON, ROBERT MARK",2023,836917.0,False,R61,R_OTHER,Electrographic Seizure Pattern Modulation Biomarkers in Responsive Neurostimulation for Epilepsy,NEUROSURGERY,NEUROSURGERY,False,0.9767,43,full_forename,1,majority,0.916,2026-08-01T15:46:11+00:00
10663277,U01NS117836,MGH,"RICHARDSON, ROBERT MARK",2023,1197337.0,False,U01,U,Cortical-Basal Ganglia Speech Networks,NEUROSURGERY,NEUROSURGERY,False,0.9767,43,full_forename,1,majority,0.916,2026-08-01T15:46:11+00:00
10868624,R61NS126776,MGH,"RICHARDSON, ROBERT MARK",2024,763037.0,False,R61,R_OTHER,Electrographic Seizure Pattern Modulation Biomarkers in Responsive Neurostimulation for Epilepsy,NEUROSURGERY,NEUROSURGERY,False,0.9767,43,full_forename,1,majority,0.916,2026-08-01T15:46:11+00:00
10872252,U01NS117836,MGH,"RICHARDSON, ROBERT MARK",2024,1098710.0,False,U01,U,Cortical-Basal Ganglia Speech Networks,NEUROSURGERY,NEUROSURGERY,False,0.9767,43,full_forename,1,majority,0.916,2026-08-01T15:46:11+00:00
11106023,R61NS126776,MGH,"RICHARDSON, ROBERT MARK",2025,579997.0,False,R61,R_OTHER,Electrographic Seizure Pattern Modulation Biomarkers in Responsive Neurostimulation for Epilepsy,NEUROSURGERY,NEUROSURGERY,False,0.9767,43,full_forename,1,majority,0.916,2026-08-01T15:46:11+00:00
10313448,R01AI143887,MGH,"RIELLA, LEONARDO V.",2021,434120.0,True,R01,R01,Role of Siglec-E in Regulating Alloimmunity,GENERAL_AND_UNSPECIFIED_SURGERY,SURGERY,True,0.5433,127,full_forename,2,majority,0.916,2026-08-01T15:46:11+00:00
10392512,R01AI143887,MGH,"RIELLA, LEONARDO V.",2022,411000.0,True,R01,R01,Role of Siglec-E in Regulating Alloimmunity,GENERAL_AND_UNSPECIFIED_SURGERY,SURGERY,True,0.5433,127,full_forename,2,majority,0.916,2026-08-01T15:46:11+00:00
10599987,R01AI143887,MGH,"RIELLA, LEONARDO V.",2023,411000.0,True,R01,R01,Role of Siglec-E in Regulating Alloimmunity,GENERAL_AND_UNSPECIFIED_SURGERY,SURGERY,True,0.5433,127,full_forename,2,majority,0.916,2026-08-01T15:46:11+00:00
10726411,R03HD112717,MGH,"ROWBOTHAM, SAMUEL PHILIP",2023,167000.0,False,R03,R_OTHER,Understanding the impact of targeting the epigenetic regulation of lung stem cells in congenital lung disease,PEDIATRIC_SURGERY,SURGERY,True,1.0,1,full_forename,1,majority,0.916,2026-08-01T15:46:11+00:00
10899827,F32CA290759,MGH,"RUDASILL, SARAH ELIZABETH",2024,81256.0,False,F32,F,Optimizing treatment decisions and quality-adjusted life years through improved lung cancer staging,GENERAL_AND_UNSPECIFIED_SURGERY,SURGERY,True,1.0,10,full_forename,1,majority,0.916,2026-08-01T15:46:11+00:00
11141554,F32CA290759,MGH,"RUDASILL, SARAH ELIZABETH",2025,84724.0,False,F32,F,Optimizing treatment decisions and quality-adjusted life years through improved lung cancer staging,GENERAL_AND_UNSPECIFIED_SURGERY,SURGERY,True,1.0,10,full_forename,1,majority,0.916,2026-08-01T15:46:11+00:00
11163916,F32HL179865,MGH,"SABATINO, MARLENA ELODIE",2025,97040.0,False,F32,F,Regionalization of Care for Acute Type A Aortic Dissection: Utilizing Mixed Methods Toward Bottom-Up Health System Interventions in Emergent Surgical Care,GENERAL_AND_UNSPECIFIED_SURGERY,SURGERY,True,1.0,4,full_forename,1,majority,0.916,2026-08-01T15:46:11+00:00
10172894,R01DK123219,MGH,"SAEIDI, NIMA",2021,448271.0,True,R01,R01,Central and direct role of the small intestine in the improvement of type 2 diabetes following RYGB,GENERAL_AND_UNSPECIFIED_SURGERY,SURGERY,True,1.0,11,full_forename,1,majority,0.916,2026-08-01T15:46:11+00:00
10222698,R01EY028234,MGH,"SAEIDI, NIMA",2021,416236.0,True,R01,R01,A Cell-free Approach to the Engineering of Corneal Stroma,GENERAL_AND_UNSPECIFIED_SURGERY,SURGERY,True,1.0,11,full_forename,1,majority,0.916,2026-08-01T15:46:11+00:00
10455311,R01EY028234,MGH,"SAEIDI, NIMA",2021,120000.0,True,R01,R01,A Cell-free Approach to the Engineering of Corneal Stroma,GENERAL_AND_UNSPECIFIED_SURGERY,SURGERY,True,1.0,11,full_forename,1,majority,0.916,2026-08-01T15:46:11+00:00
10594758,R21OD029996,MGH,"SAEIDI, NIMA",2021,91679.0,False,R21,R_OTHER,The Burmese Python as a Model System for the Study of Metabolism and Organ Regeneration,GENERAL_AND_UNSPECIFIED_SURGERY,SURGERY,True,1.0,11,full_forename,1,majority,0.916,2026-08-01T15:46:11+00:00
10398156,R01DK123219,MGH,"SAEIDI, NIMA",2022,448271.0,True,R01,R01,Central and direct role of the small intestine in the improvement of type 2 diabetes following RYGB,GENERAL_AND_UNSPECIFIED_SURGERY,SURGERY,True,1.0,11,full_forename,1,majority,0.916,2026-08-01T15:46:11+00:00
10624230,R01DK123219,MGH,"SAEIDI, NIMA",2023,448271.0,True,R01,R01,Central and direct role of the small intestine in the improvement of type 2 diabetes following RYGB,GENERAL_AND_UNSPECIFIED_SURGERY,SURGERY,True,1.0,11,full_forename,1,majority,0.916,2026-08-01T15:46:11+00:00
10980981,R01DK138040,MGH,"SAEIDI, NIMA",2024,631208.0,True,R01,R01,The Role of GLUT1 and Glucose in Intestinal Stem Cell Homeostasis and Regeneration,GENERAL_AND_UNSPECIFIED_SURGERY,SURGERY,True,1.0,11,full_forename,1,majority,0.916,2026-08-01T15:46:11+00:00
11139535,R01DK138040,MGH,"SAEIDI, NIMA",2025,631208.0,True,R01,R01,The Role of GLUT1 and Glucose in Intestinal Stem Cell Homeostasis and Regeneration,GENERAL_AND_UNSPECIFIED_SURGERY,SURGERY,True,1.0,11,full_forename,1,majority,0.916,2026-08-01T15:46:11+00:00
11227200,R01AG090583,MGH,"SAEIDI, NIMA",2025,629562.0,True,R01,R01,The Role of Mechanoaging in the Deterioration of Intestinal Homeostasis with Age,GENERAL_AND_UNSPECIFIED_SURGERY,SURGERY,True,1.0,11,full_forename,1,majority,0.916,2026-08-01T15:46:11+00:00
10163222,R21GM137186,MGH,"SANDLIN, REBECCA",2021,210000.0,False,R21,R_OTHER,Optimization of vitrification methods for Drosophila embryos,GENERAL_AND_UNSPECIFIED_SURGERY,SURGERY,True,1.0,16,full_forename,1,majority,0.916,2026-08-01T15:46:11+00:00
10186701,R21AI154026,MGH,"SANDLIN, REBECCA",2021,208050.0,False,R21,R_OTHER,Optimizing and expanding cryopreservation of Cryptosporidium oocysts,GENERAL_AND_UNSPECIFIED_SURGERY,SURGERY,True,1.0,16,full_forename,1,majority,0.916,2026-08-01T15:46:11+00:00
10288287,R21AI163950,MGH,"SANDLIN, REBECCA",2021,252000.0,False,R21,R_OTHER,Cryopreservation of functional neutrophils by vitrification,GENERAL_AND_UNSPECIFIED_SURGERY,SURGERY,True,1.0,16,full_forename,1,majority,0.916,2026-08-01T15:46:11+00:00
10408182,R21AI163950,MGH,"SANDLIN, REBECCA",2022,210000.0,False,R21,R_OTHER,Cryopreservation of functional neutrophils by vitrification,GENERAL_AND_UNSPECIFIED_SURGERY,SURGERY,True,1.0,16,full_forename,1,majority,0.916,2026-08-01T15:46:11+00:00
10776161,R01GM152809,MGH,"SANDLIN, REBECCA",2024,567229.0,True,R01,R01,Automated technology for the preservation of Drosophila embryos,GENERAL_AND_UNSPECIFIED_SURGERY,SURGERY,True,1.0,16,full_forename,1,majority,0.916,2026-08-01T15:46:11+00:00
11014402,R01GM152809,MGH,"SANDLIN, REBECCA",2025,567229.0,True,R01,R01,Automated technology for the preservation of Drosophila embryos,GENERAL_AND_UNSPECIFIED_SURGERY,SURGERY,True,1.0,16,full_forename,1,majority,0.916,2026-08-01T15:46:11+00:00
10524268,K99AI167063,MGH,"SEVENLER, DERIN",2022,136350.0,False,K99,K,Intracellular delivery of DNA-editing proteins by viscoelastic cell stretching,OTHER_EXPLICIT_SURGERY,SURGERY,True,1.0,10,full_forename,1,majority,0.916,2026-08-01T15:46:11+00:00
10675729,K99AI167063,MGH,"SEVENLER, DERIN",2023,136350.0,False,K99,K,Intracellular delivery of DNA-editing proteins by viscoelastic cell stretching,OTHER_EXPLICIT_SURGERY,SURGERY,True,1.0,10,full_forename,1,majority,0.916,2026-08-01T15:46:11+00:00
10145814,K08NS107634,MGH,"SHANKAR, GANESH",2021,193298.0,False,K08,K,Perioperative Targeted Genotyping in Glioma,NEUROSURGERY,NEUROSURGERY,False,1.0,61,full_forename,1,majority,0.916,2026-08-01T15:46:11+00:00
10355513,K08NS107634,MGH,"SHANKAR, GANESH",2022,193298.0,False,K08,K,Perioperative Targeted Genotyping in Glioma,NEUROSURGERY,NEUROSURGERY,False,1.0,61,full_forename,1,majority,0.916,2026-08-01T15:46:11+00:00
10578703,K08NS107634,MGH,"SHANKAR, GANESH",2023,193298.0,False,K08,K,Perioperative Targeted Genotyping in Glioma,NEUROSURGERY,NEUROSURGERY,False,1.0,61,full_forename,1,majority,0.916,2026-08-01T15:46:11+00:00
10452149,R21HD106036,MGH,"STAVELY, RHIAN",2022,245880.0,False,R21,R_OTHER,Uncovering the therapeutic potential of adipose tissue derived neural stem cells for Hirschsprung's disease.,PEDIATRIC_SURGERY,SURGERY,True,1.0,45,full_forename,1,majority,0.916,2026-08-01T15:46:11+00:00
10580052,R21HD106036,MGH,"STAVELY, RHIAN",2023,206192.0,False,R21,R_OTHER,Uncovering the therapeutic potential of adipose tissue derived neural stem cells for Hirschsprung's disease.,PEDIATRIC_SURGERY,SURGERY,True,1.0,45,full_forename,1,majority,0.916,2026-08-01T15:46:11+00:00
10250364,R01CA226871,MGH,"STOTT, SHANNON L",2021,454640.0,True,R01,R01,A microfluidic blood-based test to monitor treatment response in glioblastoma,GENERAL_AND_UNSPECIFIED_SURGERY,SURGERY,True,0.7917,24,full_forename,2,majority,0.916,2026-08-01T15:46:11+00:00
10266342,U18TR003793,MGH,"STOTT, SHANNON L",2021,999860.0,False,U18,U,Microfluidic Isolation and Characterization of SARS-CoV-2 and Virus Related Exosomes,GENERAL_AND_UNSPECIFIED_SURGERY,SURGERY,True,0.7917,24,full_forename,2,majority,0.916,2026-08-01T15:46:11+00:00
10321009,U18TR003793,MGH,"STOTT, SHANNON L",2022,999104.0,False,U18,U,Microfluidic Isolation and Characterization of SARS-CoV-2 and Virus Related Exosomes,GENERAL_AND_UNSPECIFIED_SURGERY,SURGERY,True,0.7917,24,full_forename,2,majority,0.916,2026-08-01T15:46:11+00:00
10476377,R01CA226871,MGH,"STOTT, SHANNON L",2022,458136.0,True,R01,R01,A microfluidic blood-based test to monitor treatment response in glioblastoma,GENERAL_AND_UNSPECIFIED_SURGERY,SURGERY,True,0.7917,24,full_forename,2,majority,0.916,2026-08-01T15:46:11+00:00
10891904,R01CA226871,MGH,"STOTT, SHANNON L",2023,26857.0,True,R01,R01,Benchmarking the Sensitivity and Specificity of the Herringbone Microfluidic Device for Rare Particle Capture,GENERAL_AND_UNSPECIFIED_SURGERY,SURGERY,True,0.7917,24,full_forename,2,majority,0.916,2026-08-01T15:46:11+00:00
11057776,R01DE033741,MGH,"STOTT, SHANNON L",2024,701699.0,True,R01,R01,Precision imaging of the spatial regulators of the hybrid epithelial/mesenchymal state in head and neck cancer,GENERAL_AND_UNSPECIFIED_SURGERY,SURGERY,True,0.7917,24,full_forename,2,majority,0.916,2026-08-01T15:46:11+00:00
10183964,R01HL157803,MGH,"TESSIER, SHANNON NOELLA",2021,420000.0,True,R01,R01,High subzero heart preservation: from zebrafish to mammals,OTHER_EXPLICIT_SURGERY,SURGERY,True,1.0,46,full_forename,1,majority,0.916,2026-08-01T15:46:11+00:00
10336180,R00HL143149,MGH,"TESSIER, SHANNON NOELLA",2021,249000.0,False,R00,R_OTHER,Whole heart suspended animation: leveraging the zebrafish to solve the organ shortage,OTHER_EXPLICIT_SURGERY,SURGERY,True,1.0,46,full_forename,1,majority,0.916,2026-08-01T15:46:11+00:00
10366091,R00HL143149,MGH,"TESSIER, SHANNON NOELLA",2022,249000.0,False,R00,R_OTHER,Whole heart suspended animation: leveraging the zebrafish to solve the organ shortage,OTHER_EXPLICIT_SURGERY,SURGERY,True,1.0,46,full_forename,1,majority,0.916,2026-08-01T15:46:11+00:00
10370426,R01HL157803,MGH,"TESSIER, SHANNON NOELLA",2022,420000.0,True,R01,R01,High subzero heart preservation: from zebrafish to mammals,OTHER_EXPLICIT_SURGERY,SURGERY,True,1.0,46,full_forename,1,majority,0.916,2026-08-01T15:46:11+00:00
10562740,R01DK134590,MGH,"TESSIER, SHANNON NOELLA",2023,514564.0,True,R01,R01,A quantitative viability metric for liver transplantation using Resonance Raman Spectroscopy,OTHER_EXPLICIT_SURGERY,SURGERY,True,1.0,46,full_forename,1,majority,0.916,2026-08-01T15:46:11+00:00
10599244,R00HL143149,MGH,"TESSIER, SHANNON NOELLA",2023,249000.0,False,R00,R_OTHER,Whole heart suspended animation: leveraging the zebrafish to solve the organ shortage,OTHER_EXPLICIT_SURGERY,SURGERY,True,1.0,46,full_forename,1,majority,0.916,2026-08-01T15:46:11+00:00
10601049,R01HL157803,MGH,"TESSIER, SHANNON NOELLA",2023,420000.0,True,R01,R01,High subzero heart preservation: from zebrafish to mammals,OTHER_EXPLICIT_SURGERY,SURGERY,True,1.0,46,full_forename,1,majority,0.916,2026-08-01T15:46:11+00:00
10626493,R24OD034189,MGH,"TESSIER, SHANNON NOELLA",2023,645888.0,False,R24,R_OTHER,Cryopreservation of zebrafish larvae and embryos for biomedical research,OTHER_EXPLICIT_SURGERY,SURGERY,True,1.0,46,full_forename,1,majority,0.916,2026-08-01T15:46:11+00:00
10802432,R01HL157803,MGH,"TESSIER, SHANNON NOELLA",2024,420000.0,True,R01,R01,High subzero heart preservation: from zebrafish to mammals,OTHER_EXPLICIT_SURGERY,SURGERY,True,1.0,46,full_forename,1,majority,0.916,2026-08-01T15:46:11+00:00
10823334,R01DK134590,MGH,"TESSIER, SHANNON NOELLA",2024,477662.0,True,R01,R01,A quantitative viability metric for liver transplantation using Resonance Raman Spectroscopy,OTHER_EXPLICIT_SURGERY,SURGERY,True,1.0,46,full_forename,1,majority,0.916,2026-08-01T15:46:11+00:00
10866392,R24OD034189,MGH,"TESSIER, SHANNON NOELLA",2024,642272.0,False,R24,R_OTHER,Cryopreservation of zebrafish larvae and embryos for biomedical research,OTHER_EXPLICIT_SURGERY,SURGERY,True,1.0,46,full_forename,1,majority,0.916,2026-08-01T15:46:11+00:00
11051898,R01DK134590,MGH,"TESSIER, SHANNON NOELLA",2025,447809.0,True,R01,R01,A quantitative viability metric for liver transplantation using Resonance Raman Spectroscopy,OTHER_EXPLICIT_SURGERY,SURGERY,True,1.0,46,full_forename,1,majority,0.916,2026-08-01T15:46:11+00:00
11064008,R01HL157803,MGH,"TESSIER, SHANNON NOELLA",2025,420000.0,True,R01,R01,High subzero heart preservation: from zebrafish to mammals,OTHER_EXPLICIT_SURGERY,SURGERY,True,1.0,46,full_forename,1,majority,0.916,2026-08-01T15:46:11+00:00
11136465,R24OD034189,MGH,"TESSIER, SHANNON NOELLA",2025,642272.0,False,R24,R_OTHER,Cryopreservation of zebrafish larvae and embryos for biomedical research,OTHER_EXPLICIT_SURGERY,SURGERY,True,1.0,46,full_forename,1,majority,0.916,2026-08-01T15:46:11+00:00
10102300,R01CA255602,MGH,"TONER, MEHMET",2021,644804.0,True,R01,R01,High-flow microfluidics of leukapheresis blood products for functional analysis of breast circulating tumor cells,GENERAL_AND_UNSPECIFIED_SURGERY,SURGERY,True,0.9429,70,full_forename,1,majority,0.916,2026-08-01T15:46:11+00:00
10152522,U01CA214297,MGH,"TONER, MEHMET",2021,534584.0,False,U01,U,Metastasis and biophysics of clusters of circulating tumor cells in the microcirculation,GENERAL_AND_UNSPECIFIED_SURGERY,SURGERY,True,0.9429,70,full_forename,1,majority,0.916,2026-08-01T15:46:11+00:00
10199185,R01CA260304,MGH,"TONER, MEHMET",2021,452315.0,True,R01,R01,Microfluidic sorting of lung cancer cells from leukapheresis product as an alternative to metastatic tumor biopsy,GENERAL_AND_UNSPECIFIED_SURGERY,SURGERY,True,0.9429,70,full_forename,1,majority,0.916,2026-08-01T15:46:11+00:00
10220401,R01DK114506,MGH,"TONER, MEHMET",2021,551075.0,True,R01,R01,High subzero preservation of liver for transplantation,GENERAL_AND_UNSPECIFIED_SURGERY,SURGERY,True,0.9429,70,full_forename,1,majority,0.916,2026-08-01T15:46:11+00:00
10327299,R01CA255602,MGH,"TONER, MEHMET",2022,631907.0,True,R01,R01,High-flow microfluidics of leukapheresis blood products for functional analysis of breast circulating tumor cells,GENERAL_AND_UNSPECIFIED_SURGERY,SURGERY,True,0.9429,70,full_forename,1,majority,0.916,2026-08-01T15:46:11+00:00
10360549,R01DK114506,MGH,"TONER, MEHMET",2022,551075.0,True,R01,R01,High subzero preservation of liver for transplantation,GENERAL_AND_UNSPECIFIED_SURGERY,SURGERY,True,0.9429,70,full_forename,1,majority,0.916,2026-08-01T15:46:11+00:00
10380192,R21CA260989,MGH,"TONER, MEHMET",2022,235620.0,False,R21,R_OTHER,Microfluidic Apheresis to Isolate Circulating Tumor Clusters,GENERAL_AND_UNSPECIFIED_SURGERY,SURGERY,True,0.9429,70,full_forename,1,majority,0.916,2026-08-01T15:46:11+00:00
10399782,U01CA268933,MGH,"TONER, MEHMET",2022,611138.0,False,U01,U,Microfluidic isolation and molecular analysis of circulating tumor cells for the study of neuroendocrine transdifferentiation in prostate cancer,GENERAL_AND_UNSPECIFIED_SURGERY,SURGERY,True,0.9429,70,full_forename,1,majority,0.916,2026-08-01T15:46:11+00:00
10429911,U01CA214297,MGH,"TONER, MEHMET",2022,594889.0,False,U01,U,Metastasis and biophysics of clusters of circulating tumor cells in the microcirculation,GENERAL_AND_UNSPECIFIED_SURGERY,SURGERY,True,0.9429,70,full_forename,1,majority,0.916,2026-08-01T15:46:11+00:00
10455704,R01CA260304,MGH,"TONER, MEHMET",2022,443269.0,True,R01,R01,Microfluidic sorting of lung cancer cells from leukapheresis product as an alternative to metastatic tumor biopsy,GENERAL_AND_UNSPECIFIED_SURGERY,SURGERY,True,0.9429,70,full_forename,1,majority,0.916,2026-08-01T15:46:11+00:00
10534769,R01DK114506,MGH,"TONER, MEHMET",2023,551075.0,True,R01,R01,High subzero preservation of liver for transplantation,GENERAL_AND_UNSPECIFIED_SURGERY,SURGERY,True,0.9429,70,full_forename,1,majority,0.916,2026-08-01T15:46:11+00:00
10544808,R01CA255602,MGH,"TONER, MEHMET",2023,634675.0,True,R01,R01,High-flow microfluidics of leukapheresis blood products for functional analysis of breast circulating tumor cells,GENERAL_AND_UNSPECIFIED_SURGERY,SURGERY,True,0.9429,70,full_forename,1,majority,0.916,2026-08-01T15:46:11+00:00
10551311,R21CA260989,MGH,"TONER, MEHMET",2023,192424.0,False,R21,R_OTHER,Microfluidic Apheresis to Isolate Circulating Tumor Clusters,GENERAL_AND_UNSPECIFIED_SURGERY,SURGERY,True,0.9429,70,full_forename,1,majority,0.916,2026-08-01T15:46:11+00:00
10597026,U01CA268933,MGH,"TONER, MEHMET",2023,592252.0,False,U01,U,Microfluidic isolation and molecular analysis of circulating tumor cells for the study of neuroendocrine transdifferentiation in prostate cancer,GENERAL_AND_UNSPECIFIED_SURGERY,SURGERY,True,0.9429,70,full_forename,1,majority,0.916,2026-08-01T15:46:11+00:00
10673075,R01CA260304,MGH,"TONER, MEHMET",2023,443269.0,True,R01,R01,Microfluidic sorting of lung cancer cells from leukapheresis product as an alternative to metastatic tumor biopsy,GENERAL_AND_UNSPECIFIED_SURGERY,SURGERY,True,0.9429,70,full_forename,1,majority,0.916,2026-08-01T15:46:11+00:00
10815970,R01DK114506,MGH,"TONER, MEHMET",2023,43912.0,True,R01,R01,High subzero preservation of liver for transplantation,GENERAL_AND_UNSPECIFIED_SURGERY,SURGERY,True,0.9429,70,full_forename,1,majority,0.916,2026-08-01T15:46:11+00:00
10767792,R01DK114506,MGH,"TONER, MEHMET",2024,529033.0,True,R01,R01,High subzero preservation of liver for transplantation,GENERAL_AND_UNSPECIFIED_SURGERY,SURGERY,True,0.9429,70,full_forename,1,majority,0.916,2026-08-01T15:46:11+00:00
10770398,R01CA255602,MGH,"TONER, MEHMET",2024,615247.0,True,R01,R01,High-flow microfluidics of leukapheresis blood products for functional analysis of breast circulating tumor cells,GENERAL_AND_UNSPECIFIED_SURGERY,SURGERY,True,0.9429,70,full_forename,1,majority,0.916,2026-08-01T15:46:11+00:00
10818395,U01CA268933,MGH,"TONER, MEHMET",2024,591227.0,False,U01,U,Microfluidic isolation and molecular analysis of circulating tumor cells for the study of neuroendocrine transdifferentiation in prostate cancer,GENERAL_AND_UNSPECIFIED_SURGERY,SURGERY,True,0.9429,70,full_forename,1,majority,0.916,2026-08-01T15:46:11+00:00
10894200,R01CA260304,MGH,"TONER, MEHMET",2024,430769.0,True,R01,R01,Microfluidic sorting of lung cancer cells from leukapheresis product as an alternative to metastatic tumor biopsy,GENERAL_AND_UNSPECIFIED_SURGERY,SURGERY,True,0.9429,70,full_forename,1,majority,0.916,2026-08-01T15:46:11+00:00
10932528,R01DK114506,MGH,"TONER, MEHMET",2024,131979.0,True,R01,R01,High subzero preservation of liver for transplantation,GENERAL_AND_UNSPECIFIED_SURGERY,SURGERY,True,0.9429,70,full_forename,1,majority,0.916,2026-08-01T15:46:11+00:00
11003309,R01DK114506,MGH,"TONER, MEHMET",2025,495967.0,True,R01,R01,High subzero preservation of liver for transplantation,GENERAL_AND_UNSPECIFIED_SURGERY,SURGERY,True,0.9429,70,full_forename,1,majority,0.916,2026-08-01T15:46:11+00:00
11003696,R01CA255602,MGH,"TONER, MEHMET",2025,647628.0,True,R01,R01,High-flow microfluidics of leukapheresis blood products for functional analysis of breast circulating tumor cells,GENERAL_AND_UNSPECIFIED_SURGERY,SURGERY,True,0.9429,70,full_forename,1,majority,0.916,2026-08-01T15:46:11+00:00
11061351,U01CA268933,MGH,"TONER, MEHMET",2025,611570.0,False,U01,U,Microfluidic isolation and molecular analysis of circulating tumor cells for the study of neuroendocrine transdifferentiation in prostate cancer,GENERAL_AND_UNSPECIFIED_SURGERY,SURGERY,True,0.9429,70,full_forename,1,majority,0.916,2026-08-01T15:46:11+00:00
11159704,R01CA260304,MGH,"TONER, MEHMET",2025,453440.0,True,R01,R01,Microfluidic sorting of lung cancer cells from leukapheresis product as an alternative to metastatic tumor biopsy,GENERAL_AND_UNSPECIFIED_SURGERY,SURGERY,True,0.9429,70,full_forename,1,majority,0.916,2026-08-01T15:46:11+00:00
11212224,R01DK114506,MGH,"TONER, MEHMET",2025,43912.0,True,R01,R01,High subzero preservation of liver for transplantation,GENERAL_AND_UNSPECIFIED_SURGERY,SURGERY,True,0.9429,70,full_forename,1,majority,0.916,2026-08-01T15:46:11+00:00
10126230,R03AI151499,MGH,"TSURUMI, AMY",2021,84000.0,False,R03,R_OTHER,Multi Biomarker-based prediction tool development to determine risk of infections-related outcomes among severe blunt trauma patients,GENERAL_AND_UNSPECIFIED_SURGERY,SURGERY,True,1.0,10,full_forename,1,majority,0.916,2026-08-01T15:46:11+00:00
10322737,R03AI151499,MGH,"TSURUMI, AMY",2022,84000.0,False,R03,R_OTHER,Multi Biomarker-based prediction tool development to determine risk of infections-related outcomes among severe blunt trauma patients,GENERAL_AND_UNSPECIFIED_SURGERY,SURGERY,True,1.0,10,full_forename,1,majority,0.916,2026-08-01T15:46:11+00:00
10161871,R01NS105875,MGH,"TZIKA, A ARIA",2021,671936.0,True,R01,R01,Evaluation of brain recovery of stroke patients using a novel magnetic resonance compatible hand induced robotic device combined with magnetic resonance imaging,GENERAL_AND_UNSPECIFIED_SURGERY,SURGERY,True,0.6429,14,initials_only_unambiguous,0,majority,0.916,2026-08-01T15:46:11+00:00
10408129,R01NS105875,MGH,"TZIKA, A ARIA",2022,671936.0,True,R01,R01,Evaluation of brain recovery of stroke patients using a novel magnetic resonance compatible hand induced robotic device combined with magnetic resonance imaging,GENERAL_AND_UNSPECIFIED_SURGERY,SURGERY,True,0.6429,14,initials_only_unambiguous,0,majority,0.916,2026-08-01T15:46:11+00:00
10130602,R01HL145031,MGH,"USTA, OSMAN BERK",2021,377785.0,True,R01,R01,Deep Supercooling of Red Blood Cells: Towards Practical Long Term Storage,OTHER_EXPLICIT_SURGERY,SURGERY,True,1.0,22,full_forename,1,majority,0.916,2026-08-01T15:46:11+00:00
10383717,R01HL145031,MGH,"USTA, OSMAN BERK",2022,377785.0,True,R01,R01,Deep Supercooling of Red Blood Cells: Towards Practical Long Term Storage,OTHER_EXPLICIT_SURGERY,SURGERY,True,1.0,22,full_forename,1,majority,0.916,2026-08-01T15:46:11+00:00
10450330,R21GM140656,MGH,"USTA, OSMAN BERK",2022,252000.0,False,R21,R_OTHER,Early Toxicity Detection Technologies via Exosomal Signatures in 3D Hepatic Tissues,OTHER_EXPLICIT_SURGERY,SURGERY,True,1.0,22,full_forename,1,majority,0.916,2026-08-01T15:46:11+00:00
10600827,R01HL145031,MGH,"USTA, OSMAN BERK",2023,377785.0,True,R01,R01,Deep Supercooling of Red Blood Cells: Towards Practical Long Term Storage,OTHER_EXPLICIT_SURGERY,SURGERY,True,1.0,22,full_forename,1,majority,0.916,2026-08-01T15:46:11+00:00
10658220,R01AR081529,MGH,"USTA, OSMAN BERK",2023,487248.0,True,R01,R01,On Demand Dissoluble Supramolecular Hydrogels: Towards Pain Free Burn Dressings,OTHER_EXPLICIT_SURGERY,SURGERY,True,1.0,22,full_forename,1,majority,0.916,2026-08-01T15:46:11+00:00
10675730,R21GM140656,MGH,"USTA, OSMAN BERK",2023,210000.0,False,R21,R_OTHER,Early Toxicity Detection Technologies via Exosomal Signatures in 3D Hepatic Tissues,OTHER_EXPLICIT_SURGERY,SURGERY,True,1.0,22,full_forename,1,majority,0.916,2026-08-01T15:46:11+00:00
10815793,R01AR081529,MGH,"USTA, OSMAN BERK",2024,468627.0,True,R01,R01,On Demand Dissoluble Supramolecular Hydrogels: Towards Pain Free Burn Dressings,OTHER_EXPLICIT_SURGERY,SURGERY,True,1.0,22,full_forename,1,majority,0.916,2026-08-01T15:46:11+00:00
11045657,R01AR081529,MGH,"USTA, OSMAN BERK",2025,476778.0,True,R01,R01,On Demand Dissoluble Supramolecular Hydrogels: Towards Pain Free Burn Dressings,OTHER_EXPLICIT_SURGERY,SURGERY,True,1.0,22,full_forename,1,majority,0.916,2026-08-01T15:46:11+00:00
10715063,R01AR082825,MGH,"UYGUN, BASAK ELIF",2023,367400.0,True,R01,R01,Development of engineered fasciocutaneous skin flaps,OTHER_EXPLICIT_SURGERY,SURGERY,True,1.0,35,full_forename,1,majority,0.916,2026-08-01T15:46:11+00:00
10885133,R01AR082825,MGH,"UYGUN, BASAK ELIF",2024,356378.0,True,R01,R01,Development of engineered fasciocutaneous skin flaps,OTHER_EXPLICIT_SURGERY,SURGERY,True,1.0,35,full_forename,1,majority,0.916,2026-08-01T15:46:11+00:00
11079600,R01AR082825,MGH,"UYGUN, BASAK ELIF",2025,356378.0,True,R01,R01,Development of engineered fasciocutaneous skin flaps,OTHER_EXPLICIT_SURGERY,SURGERY,True,1.0,35,full_forename,1,majority,0.916,2026-08-01T15:46:11+00:00
10205042,R01DK096075,MGH,"UYGUN, KORKUT",2021,379125.0,True,R01,R01,Development of a liver viability index for transplantation,GENERAL_AND_UNSPECIFIED_SURGERY,SURGERY,True,1.0,103,full_forename,1,majority,0.916,2026-08-01T15:46:11+00:00
10210711,R01EB028782,MGH,"UYGUN, KORKUT",2021,476128.0,True,R01,R01,Genetic-engineered control of the immunogeneic state of vascular composite allografts during preservation,GENERAL_AND_UNSPECIFIED_SURGERY,SURGERY,True,1.0,103,full_forename,1,majority,0.916,2026-08-01T15:46:11+00:00
10435519,R01EB028782,MGH,"UYGUN, KORKUT",2022,459128.0,True,R01,R01,Genetic-engineered control of the immunogeneic state of vascular composite allografts during preservation,GENERAL_AND_UNSPECIFIED_SURGERY,SURGERY,True,1.0,103,full_forename,1,majority,0.916,2026-08-01T15:46:11+00:00
10436293,R01DK096075,MGH,"UYGUN, KORKUT",2022,379125.0,True,R01,R01,Development of a liver viability index for transplantation,GENERAL_AND_UNSPECIFIED_SURGERY,SURGERY,True,1.0,103,full_forename,1,majority,0.916,2026-08-01T15:46:11+00:00
10451256,R21GM143659,MGH,"UYGUN, KORKUT",2022,252000.0,False,R21,R_OTHER,Subzero Non-freezing preservation of whole mammalian organisms,GENERAL_AND_UNSPECIFIED_SURGERY,SURGERY,True,1.0,103,full_forename,1,majority,0.916,2026-08-01T15:46:11+00:00
10664308,R56AI171958,MGH,"UYGUN, KORKUT",2022,546000.0,False,R56,R_OTHER,Subzero preservation of vascular composite allografts,GENERAL_AND_UNSPECIFIED_SURGERY,SURGERY,True,1.0,103,full_forename,1,majority,0.916,2026-08-01T15:46:11+00:00
10629431,R01EB028782,MGH,"UYGUN, KORKUT",2023,459128.0,True,R01,R01,Genetic-engineered control of the immunogeneic state of vascular composite allografts during preservation,GENERAL_AND_UNSPECIFIED_SURGERY,SURGERY,True,1.0,103,full_forename,1,majority,0.916,2026-08-01T15:46:11+00:00
10705577,R21GM143659,MGH,"UYGUN, KORKUT",2023,210000.0,False,R21,R_OTHER,Subzero Non-freezing preservation of whole mammalian organisms,GENERAL_AND_UNSPECIFIED_SURGERY,SURGERY,True,1.0,103,full_forename,1,majority,0.916,2026-08-01T15:46:11+00:00
10814361,R01EB028782,MGH,"UYGUN, KORKUT",2024,449944.0,True,R01,R01,Genetic-engineered control of the immunogeneic state of vascular composite allografts during preservation,GENERAL_AND_UNSPECIFIED_SURGERY,SURGERY,True,1.0,103,full_forename,1,majority,0.916,2026-08-01T15:46:11+00:00
11131352,R01EB028782,MGH,"UYGUN, KORKUT",2025,627238.0,True,R01,R01,Genetic-engineered control of the immunogeneic state of vascular composite allografts during preservation,GENERAL_AND_UNSPECIFIED_SURGERY,SURGERY,True,1.0,103,full_forename,1,majority,0.916,2026-08-01T15:46:11+00:00
10133549,R01CA226981,MGH,"WANG, XINHUI",2021,372346.0,True,R01,R01,Prevention of post-therapy breast cancer metastasis,SURGICAL_ONCOLOGY,SURGERY,True,1.0,1,full_forename,11,majority,0.916,2026-08-01T15:46:11+00:00
10380153,R01CA226981,MGH,"WANG, XINHUI",2022,364898.0,True,R01,R01,Prevention of post-therapy breast cancer metastasis,SURGICAL_ONCOLOGY,SURGERY,True,1.0,1,full_forename,11,majority,0.916,2026-08-01T15:46:11+00:00
10455452,R01DE028172,MGH,"WANG, XINHUI",2022,383100.0,True,R01,R01,"T cell plasticity, fusion proteins and CAR T cell-based immunotherapy of head and neck cancer",SURGICAL_ONCOLOGY,SURGERY,True,1.0,1,full_forename,11,majority,0.916,2026-08-01T15:46:11+00:00
10606639,R01CA226981,MGH,"WANG, XINHUI",2023,364899.0,True,R01,R01,Prevention of post-therapy breast cancer metastasis,SURGICAL_ONCOLOGY,SURGERY,True,1.0,1,full_forename,11,majority,0.916,2026-08-01T15:46:11+00:00
10197791,R01MH112846,MGH,"WILLIAMS, ZIV",2021,409750.0,True,R01,R01,Using game theory in primates to study the distributed neuronal and time-casual underpinnings of interactive social behavior,NEUROSURGERY,NEUROSURGERY,False,0.9167,12,full_forename,1,majority,0.916,2026-08-01T15:46:11+00:00
10200517,U01NS121616,MGH,"WILLIAMS, ZIV",2021,886347.0,False,U01,U,"An integrated single-neuronal, population-, local network- and stimulation-based prefrontal investigation of human social cognition",NEUROSURGERY,NEUROSURGERY,False,0.9167,12,full_forename,1,majority,0.916,2026-08-01T15:46:11+00:00
10280022,R01DC019653,MGH,"WILLIAMS, ZIV",2022,548856.0,True,R01,R01,Studying semantic processing during language comprehension in humans at the single-cellular level,NEUROSURGERY,NEUROSURGERY,False,0.9167,12,full_forename,1,majority,0.916,2026-08-01T15:46:11+00:00
10396104,U01NS121616,MGH,"WILLIAMS, ZIV",2022,827904.0,False,U01,U,"An integrated single-neuronal, population-, local network- and stimulation-based prefrontal investigation of human social cognition",NEUROSURGERY,NEUROSURGERY,False,0.9167,12,full_forename,1,majority,0.916,2026-08-01T15:46:11+00:00
10567456,R01MH131664,MGH,"WILLIAMS, ZIV",2023,500511.0,True,R01,R01,A formal group theory-based model in primates for studying interactive social behavior and its dysfunction,NEUROSURGERY,NEUROSURGERY,False,0.9167,12,full_forename,1,majority,0.916,2026-08-01T15:46:11+00:00
10591471,R01DC019653,MGH,"WILLIAMS, ZIV",2023,548856.0,True,R01,R01,Studying semantic processing during language comprehension in humans at the single-cellular level,NEUROSURGERY,NEUROSURGERY,False,0.9167,12,full_forename,1,majority,0.916,2026-08-01T15:46:11+00:00
10615632,U01NS121616,MGH,"WILLIAMS, ZIV",2023,812638.0,False,U01,U,"An integrated single-neuronal, population-, local network- and stimulation-based prefrontal investigation of human social cognition",NEUROSURGERY,NEUROSURGERY,False,0.9167,12,full_forename,1,majority,0.916,2026-08-01T15:46:11+00:00
10784740,R01DC019653,MGH,"WILLIAMS, ZIV",2024,531720.0,True,R01,R01,Studying semantic processing during language comprehension in humans at the single-cellular level,NEUROSURGERY,NEUROSURGERY,False,0.9167,12,full_forename,1,majority,0.916,2026-08-01T15:46:11+00:00
10796829,R01MH131664,MGH,"WILLIAMS, ZIV",2024,500511.0,True,R01,R01,A formal group theory-based model in primates for studying interactive social behavior and its dysfunction,NEUROSURGERY,NEUROSURGERY,False,0.9167,12,full_forename,1,majority,0.916,2026-08-01T15:46:11+00:00
10834042,U01NS121616,MGH,"WILLIAMS, ZIV",2024,737118.0,False,U01,U,"An Integrated Single-Neuronal, Population-, Local Network- and Stimulation-Based Prefrontal Investigation of Human Social Cognition",NEUROSURGERY,NEUROSURGERY,False,0.9167,12,full_forename,1,majority,0.916,2026-08-01T15:46:11+00:00
11014980,R01MH131664,MGH,"WILLIAMS, ZIV",2025,480351.0,True,R01,R01,A formal group theory-based model in primates for studying interactive social behavior and its dysfunction,NEUROSURGERY,NEUROSURGERY,False,0.9167,12,full_forename,1,majority,0.916,2026-08-01T15:46:11+00:00
11030722,R01DC019653,MGH,"WILLIAMS, ZIV",2025,531720.0,True,R01,R01,Studying semantic processing during language comprehension in humans at the single-cellular level,NEUROSURGERY,NEUROSURGERY,False,0.9167,12,full_forename,1,majority,0.916,2026-08-01T15:46:11+00:00
11083561,U01NS121616,MGH,"WILLIAMS, ZIV",2025,743093.0,False,U01,U,"An Integrated Single-Neuronal, Population-, Local Network- and Stimulation-Based Prefrontal Investigation of Human Social Cognition",NEUROSURGERY,NEUROSURGERY,False,0.9167,12,full_forename,1,majority,0.916,2026-08-01T15:46:11+00:00
10522199,R01HL159170,MGH,"YANG, CHI-FU",2022,748852.0,True,R01,R01,Using Wearable Technology to Assess Recovery and Detect Post-Operative Complications Following Cardiothoracic Surgery,GENERAL_AND_UNSPECIFIED_SURGERY,SURGERY,True,1.0,3,full_forename,4,majority,0.916,2026-08-01T15:46:11+00:00
10646328,R01HL159170,MGH,"YANG, CHI-FU",2023,731402.0,True,R01,R01,Using Wearable Technology to Assess Recovery and Detect Post-Operative Complications Following Cardiothoracic Surgery,GENERAL_AND_UNSPECIFIED_SURGERY,SURGERY,True,1.0,3,full_forename,4,majority,0.916,2026-08-01T15:46:11+00:00
10886018,R01HL159170,MGH,"YANG, CHI-FU",2024,687140.0,True,R01,R01,Using Wearable Technology to Assess Recovery and Detect Post-Operative Complications Following Cardiothoracic Surgery,GENERAL_AND_UNSPECIFIED_SURGERY,SURGERY,True,1.0,3,full_forename,4,majority,0.916,2026-08-01T15:46:11+00:00
11110904,R21CA301039,MGH,"YANG, CHI-FU",2025,429399.0,False,R21,R_OTHER,Recalibrating the Lung Cancer Policy Model to Address Lung Cancer Risk and Lung Cancer Screening Practices in Real-World Populations,GENERAL_AND_UNSPECIFIED_SURGERY,SURGERY,True,1.0,3,full_forename,4,majority,0.916,2026-08-01T15:46:11+00:00
11127704,R01HL159170,MGH,"YANG, CHI-FU",2025,670922.0,True,R01,R01,Using Wearable Technology to Assess Recovery and Detect Post-Operative Complications Following Cardiothoracic Surgery,GENERAL_AND_UNSPECIFIED_SURGERY,SURGERY,True,1.0,3,full_forename,4,majority,0.916,2026-08-01T15:46:11+00:00
10803003,R01DK131543,MGH,"YEH, HEIDI",2024,268000.0,True,R01,R01,Normothermic perfusion of steatotic livers for transplantation,GENERAL_AND_UNSPECIFIED_SURGERY,SURGERY,True,1.0,21,full_forename,3,majority,0.916,2026-08-01T15:46:11+00:00
11019818,R01DK131543,MGH,"YEH, HEIDI",2025,241200.0,True,R01,R01,Normothermic perfusion of steatotic livers for transplantation,GENERAL_AND_UNSPECIFIED_SURGERY,SURGERY,True,1.0,21,full_forename,3,majority,0.916,2026-08-01T15:46:11+00:00
