2026-08-01 02:09:22,114 INFO    acquire                archived RePORTER_PRJ_C_FY2021.zip  63.3 MB  sha256=aa8c596afa6b
2026-08-01 02:09:22,147 INFO    acquire                archived RePORTER_PRJ_C_FY2022.zip  65.9 MB  sha256=5ae867a9ba8b
2026-08-01 02:09:22,181 INFO    acquire                archived RePORTER_PRJ_C_FY2023.zip  68.0 MB  sha256=dac83610346e
2026-08-01 02:09:22,214 INFO    acquire                archived RePORTER_PRJ_C_FY2024.zip  67.4 MB  sha256=4a7b69091dae
2026-08-01 02:09:22,248 INFO    acquire                archived RePORTER_PRJ_C_FY2025.zip  62.2 MB  sha256=feab4e89ef7e
2026-08-01 02:09:22,359 INFO    driver                 done: acquire
2026-08-01 02:09:27,323 INFO    schema                 FY2021: 17 columns present but unused: ARRA_FUNDED, AWARD_NOTICE_DATE, CFDA_CODE, ED_INST_TYPE, FUNDING_ICs, NIH_SPENDING_CATS, OPPORTUNITY NUMBER, ORG_DISTRICT, ORG_FIPS, ORG_ZIPCODE, PHR, PROGRAM_OFFICER_NAME, PROJECT_TERMS, SERIAL_NUMBER, STUDY_SECTION, STUDY_SECTION_NAME, SUFFIX
2026-08-01 02:09:27,381 INFO    load                   FY2021: read 82,940 rows from RePORTER_PRJ_C_FY2021.csv
2026-08-01 02:09:27,541 INFO    load                   FY2021: 82,940 -> 63,107 award-years after inclusion rules
2026-08-01 02:09:29,866 INFO    schema                 FY2022: 17 columns present but unused: ARRA_FUNDED, AWARD_NOTICE_DATE, CFDA_CODE, ED_INST_TYPE, FUNDING_ICs, NIH_SPENDING_CATS, OPPORTUNITY NUMBER, ORG_DISTRICT, ORG_FIPS, ORG_ZIPCODE, PHR, PROGRAM_OFFICER_NAME, PROJECT_TERMS, SERIAL_NUMBER, STUDY_SECTION, STUDY_SECTION_NAME, SUFFIX
2026-08-01 02:09:29,929 INFO    load                   FY2022: read 83,877 rows from RePORTER_PRJ_C_FY2022.csv
2026-08-01 02:09:30,098 INFO    load                   FY2022: 83,877 -> 64,368 award-years after inclusion rules
2026-08-01 02:09:32,472 INFO    schema                 FY2023: 17 columns present but unused: ARRA_FUNDED, AWARD_NOTICE_DATE, CFDA_CODE, ED_INST_TYPE, FUNDING_ICs, NIH_SPENDING_CATS, OPPORTUNITY NUMBER, ORG_DISTRICT, ORG_FIPS, ORG_ZIPCODE, PHR, PROGRAM_OFFICER_NAME, PROJECT_TERMS, SERIAL_NUMBER, STUDY_SECTION, STUDY_SECTION_NAME, SUFFIX
2026-08-01 02:09:32,525 INFO    load                   FY2023: read 85,024 rows from RePORTER_PRJ_C_FY2023.csv
2026-08-01 02:09:32,699 INFO    load                   FY2023: 85,024 -> 65,398 award-years after inclusion rules
2026-08-01 02:09:35,091 INFO    schema                 FY2024: 17 columns present but unused: ARRA_FUNDED, AWARD_NOTICE_DATE, CFDA_CODE, ED_INST_TYPE, FUNDING_ICs, NIH_SPENDING_CATS, OPPORTUNITY NUMBER, ORG_DISTRICT, ORG_FIPS, ORG_ZIPCODE, PHR, PROGRAM_OFFICER_NAME, PROJECT_TERMS, SERIAL_NUMBER, STUDY_SECTION, STUDY_SECTION_NAME, SUFFIX
2026-08-01 02:09:35,146 INFO    load                   FY2024: read 83,314 rows from RePORTER_PRJ_C_FY2024.csv
2026-08-01 02:09:35,319 INFO    load                   FY2024: 83,314 -> 64,078 award-years after inclusion rules
2026-08-01 02:09:37,384 INFO    schema                 FY2025: 17 columns present but unused: ARRA_FUNDED, ASSISTANCE_LISTING_NUMBER, AWARD_NOTICE_DATE, ED_INST_TYPE, FUNDING_ICs, NIH_SPENDING_CATS, OPPORTUNITY NUMBER, ORG_DISTRICT, ORG_FIPS, ORG_ZIPCODE, PHR, PROGRAM_OFFICER_NAME, PROJECT_TERMS, SERIAL_NUMBER, STUDY_SECTION, STUDY_SECTION_NAME, SUFFIX
2026-08-01 02:09:37,431 INFO    load                   FY2025: read 76,224 rows from RePORTER_PRJ_C_FY2025.csv
2026-08-01 02:09:37,591 INFO    load                   FY2025: 76,224 -> 58,767 award-years after inclusion rules
2026-08-01 02:09:48,797 INFO    schema                 FY2021: 17 columns present but unused: ARRA_FUNDED, AWARD_NOTICE_DATE, CFDA_CODE, ED_INST_TYPE, FUNDING_ICs, NIH_SPENDING_CATS, OPPORTUNITY NUMBER, ORG_DISTRICT, ORG_FIPS, ORG_ZIPCODE, PHR, PROGRAM_OFFICER_NAME, PROJECT_TERMS, SERIAL_NUMBER, STUDY_SECTION, STUDY_SECTION_NAME, SUFFIX
2026-08-01 02:09:48,856 INFO    load                   FY2021: read 82,940 rows from RePORTER_PRJ_C_FY2021.csv
2026-08-01 02:09:49,014 INFO    load                   FY2021: 82,940 -> 63,107 award-years after inclusion rules
2026-08-01 02:09:51,266 INFO    schema                 FY2022: 17 columns present but unused: ARRA_FUNDED, AWARD_NOTICE_DATE, CFDA_CODE, ED_INST_TYPE, FUNDING_ICs, NIH_SPENDING_CATS, OPPORTUNITY NUMBER, ORG_DISTRICT, ORG_FIPS, ORG_ZIPCODE, PHR, PROGRAM_OFFICER_NAME, PROJECT_TERMS, SERIAL_NUMBER, STUDY_SECTION, STUDY_SECTION_NAME, SUFFIX
2026-08-01 02:09:51,329 INFO    load                   FY2022: read 83,877 rows from RePORTER_PRJ_C_FY2022.csv
2026-08-01 02:09:51,496 INFO    load                   FY2022: 83,877 -> 64,368 award-years after inclusion rules
2026-08-01 02:09:53,812 INFO    schema                 FY2023: 17 columns present but unused: ARRA_FUNDED, AWARD_NOTICE_DATE, CFDA_CODE, ED_INST_TYPE, FUNDING_ICs, NIH_SPENDING_CATS, OPPORTUNITY NUMBER, ORG_DISTRICT, ORG_FIPS, ORG_ZIPCODE, PHR, PROGRAM_OFFICER_NAME, PROJECT_TERMS, SERIAL_NUMBER, STUDY_SECTION, STUDY_SECTION_NAME, SUFFIX
2026-08-01 02:09:53,864 INFO    load                   FY2023: read 85,024 rows from RePORTER_PRJ_C_FY2023.csv
2026-08-01 02:09:54,034 INFO    load                   FY2023: 85,024 -> 65,398 award-years after inclusion rules
2026-08-01 02:09:56,244 INFO    schema                 FY2024: 17 columns present but unused: ARRA_FUNDED, AWARD_NOTICE_DATE, CFDA_CODE, ED_INST_TYPE, FUNDING_ICs, NIH_SPENDING_CATS, OPPORTUNITY NUMBER, ORG_DISTRICT, ORG_FIPS, ORG_ZIPCODE, PHR, PROGRAM_OFFICER_NAME, PROJECT_TERMS, SERIAL_NUMBER, STUDY_SECTION, STUDY_SECTION_NAME, SUFFIX
2026-08-01 02:09:56,299 INFO    load                   FY2024: read 83,314 rows from RePORTER_PRJ_C_FY2024.csv
2026-08-01 02:09:56,476 INFO    load                   FY2024: 83,314 -> 64,078 award-years after inclusion rules
2026-08-01 02:09:58,512 INFO    schema                 FY2025: 17 columns present but unused: ARRA_FUNDED, ASSISTANCE_LISTING_NUMBER, AWARD_NOTICE_DATE, ED_INST_TYPE, FUNDING_ICs, NIH_SPENDING_CATS, OPPORTUNITY NUMBER, ORG_DISTRICT, ORG_FIPS, ORG_ZIPCODE, PHR, PROGRAM_OFFICER_NAME, PROJECT_TERMS, SERIAL_NUMBER, STUDY_SECTION, STUDY_SECTION_NAME, SUFFIX
2026-08-01 02:09:58,559 INFO    load                   FY2025: read 76,224 rows from RePORTER_PRJ_C_FY2025.csv
2026-08-01 02:09:58,731 INFO    load                   FY2025: 76,224 -> 58,767 award-years after inclusion rules
2026-08-01 02:10:32,845 INFO    schema                 FY2021: 17 columns present but unused: ARRA_FUNDED, AWARD_NOTICE_DATE, CFDA_CODE, ED_INST_TYPE, FUNDING_ICs, NIH_SPENDING_CATS, OPPORTUNITY NUMBER, ORG_DISTRICT, ORG_FIPS, ORG_ZIPCODE, PHR, PROGRAM_OFFICER_NAME, PROJECT_TERMS, SERIAL_NUMBER, STUDY_SECTION, STUDY_SECTION_NAME, SUFFIX
2026-08-01 02:10:32,902 INFO    load                   FY2021: read 82,940 rows from RePORTER_PRJ_C_FY2021.csv
2026-08-01 02:10:33,058 INFO    load                   FY2021: 82,940 -> 63,107 award-years after inclusion rules
2026-08-01 02:10:35,203 INFO    schema                 FY2022: 17 columns present but unused: ARRA_FUNDED, AWARD_NOTICE_DATE, CFDA_CODE, ED_INST_TYPE, FUNDING_ICs, NIH_SPENDING_CATS, OPPORTUNITY NUMBER, ORG_DISTRICT, ORG_FIPS, ORG_ZIPCODE, PHR, PROGRAM_OFFICER_NAME, PROJECT_TERMS, SERIAL_NUMBER, STUDY_SECTION, STUDY_SECTION_NAME, SUFFIX
2026-08-01 02:10:35,263 INFO    load                   FY2022: read 83,877 rows from RePORTER_PRJ_C_FY2022.csv
2026-08-01 02:10:35,429 INFO    load                   FY2022: 83,877 -> 64,368 award-years after inclusion rules
2026-08-01 02:10:37,607 INFO    schema                 FY2023: 17 columns present but unused: ARRA_FUNDED, AWARD_NOTICE_DATE, CFDA_CODE, ED_INST_TYPE, FUNDING_ICs, NIH_SPENDING_CATS, OPPORTUNITY NUMBER, ORG_DISTRICT, ORG_FIPS, ORG_ZIPCODE, PHR, PROGRAM_OFFICER_NAME, PROJECT_TERMS, SERIAL_NUMBER, STUDY_SECTION, STUDY_SECTION_NAME, SUFFIX
2026-08-01 02:10:37,657 INFO    load                   FY2023: read 85,024 rows from RePORTER_PRJ_C_FY2023.csv
2026-08-01 02:10:37,825 INFO    load                   FY2023: 85,024 -> 65,398 award-years after inclusion rules
2026-08-01 02:10:39,988 INFO    schema                 FY2024: 17 columns present but unused: ARRA_FUNDED, AWARD_NOTICE_DATE, CFDA_CODE, ED_INST_TYPE, FUNDING_ICs, NIH_SPENDING_CATS, OPPORTUNITY NUMBER, ORG_DISTRICT, ORG_FIPS, ORG_ZIPCODE, PHR, PROGRAM_OFFICER_NAME, PROJECT_TERMS, SERIAL_NUMBER, STUDY_SECTION, STUDY_SECTION_NAME, SUFFIX
2026-08-01 02:10:40,041 INFO    load                   FY2024: read 83,314 rows from RePORTER_PRJ_C_FY2024.csv
2026-08-01 02:10:40,212 INFO    load                   FY2024: 83,314 -> 64,078 award-years after inclusion rules
2026-08-01 02:10:42,341 INFO    schema                 FY2025: 17 columns present but unused: ARRA_FUNDED, ASSISTANCE_LISTING_NUMBER, AWARD_NOTICE_DATE, ED_INST_TYPE, FUNDING_ICs, NIH_SPENDING_CATS, OPPORTUNITY NUMBER, ORG_DISTRICT, ORG_FIPS, ORG_ZIPCODE, PHR, PROGRAM_OFFICER_NAME, PROJECT_TERMS, SERIAL_NUMBER, STUDY_SECTION, STUDY_SECTION_NAME, SUFFIX
2026-08-01 02:10:42,388 INFO    load                   FY2025: read 76,224 rows from RePORTER_PRJ_C_FY2025.csv
2026-08-01 02:10:42,551 INFO    load                   FY2025: 76,224 -> 58,767 award-years after inclusion rules
2026-08-01 02:10:44,132 WARNING load                   resolved 1 application(s) appearing in multiple annual files; dropped 1 row(s). See logs/duplicate_application_resolution.csv
2026-08-01 02:10:56,145 INFO    schema                 FY2021: 17 columns present but unused: ARRA_FUNDED, AWARD_NOTICE_DATE, CFDA_CODE, ED_INST_TYPE, FUNDING_ICs, NIH_SPENDING_CATS, OPPORTUNITY NUMBER, ORG_DISTRICT, ORG_FIPS, ORG_ZIPCODE, PHR, PROGRAM_OFFICER_NAME, PROJECT_TERMS, SERIAL_NUMBER, STUDY_SECTION, STUDY_SECTION_NAME, SUFFIX
2026-08-01 02:10:56,223 INFO    load                   FY2021: read 82,940 rows from RePORTER_PRJ_C_FY2021.csv
2026-08-01 02:10:56,425 INFO    load                   FY2021: 82,940 -> 63,107 award-years after inclusion rules
2026-08-01 02:10:58,996 INFO    schema                 FY2022: 17 columns present but unused: ARRA_FUNDED, AWARD_NOTICE_DATE, CFDA_CODE, ED_INST_TYPE, FUNDING_ICs, NIH_SPENDING_CATS, OPPORTUNITY NUMBER, ORG_DISTRICT, ORG_FIPS, ORG_ZIPCODE, PHR, PROGRAM_OFFICER_NAME, PROJECT_TERMS, SERIAL_NUMBER, STUDY_SECTION, STUDY_SECTION_NAME, SUFFIX
2026-08-01 02:10:59,063 INFO    load                   FY2022: read 83,877 rows from RePORTER_PRJ_C_FY2022.csv
2026-08-01 02:10:59,249 INFO    load                   FY2022: 83,877 -> 64,368 award-years after inclusion rules
2026-08-01 02:11:01,864 INFO    schema                 FY2023: 17 columns present but unused: ARRA_FUNDED, AWARD_NOTICE_DATE, CFDA_CODE, ED_INST_TYPE, FUNDING_ICs, NIH_SPENDING_CATS, OPPORTUNITY NUMBER, ORG_DISTRICT, ORG_FIPS, ORG_ZIPCODE, PHR, PROGRAM_OFFICER_NAME, PROJECT_TERMS, SERIAL_NUMBER, STUDY_SECTION, STUDY_SECTION_NAME, SUFFIX
2026-08-01 02:11:01,923 INFO    load                   FY2023: read 85,024 rows from RePORTER_PRJ_C_FY2023.csv
2026-08-01 02:11:02,117 INFO    load                   FY2023: 85,024 -> 65,398 award-years after inclusion rules
2026-08-01 02:11:04,561 INFO    schema                 FY2024: 17 columns present but unused: ARRA_FUNDED, AWARD_NOTICE_DATE, CFDA_CODE, ED_INST_TYPE, FUNDING_ICs, NIH_SPENDING_CATS, OPPORTUNITY NUMBER, ORG_DISTRICT, ORG_FIPS, ORG_ZIPCODE, PHR, PROGRAM_OFFICER_NAME, PROJECT_TERMS, SERIAL_NUMBER, STUDY_SECTION, STUDY_SECTION_NAME, SUFFIX
2026-08-01 02:11:04,621 INFO    load                   FY2024: read 83,314 rows from RePORTER_PRJ_C_FY2024.csv
2026-08-01 02:11:04,820 INFO    load                   FY2024: 83,314 -> 64,078 award-years after inclusion rules
2026-08-01 02:11:07,266 INFO    schema                 FY2025: 17 columns present but unused: ARRA_FUNDED, ASSISTANCE_LISTING_NUMBER, AWARD_NOTICE_DATE, ED_INST_TYPE, FUNDING_ICs, NIH_SPENDING_CATS, OPPORTUNITY NUMBER, ORG_DISTRICT, ORG_FIPS, ORG_ZIPCODE, PHR, PROGRAM_OFFICER_NAME, PROJECT_TERMS, SERIAL_NUMBER, STUDY_SECTION, STUDY_SECTION_NAME, SUFFIX
2026-08-01 02:11:07,319 INFO    load                   FY2025: read 76,224 rows from RePORTER_PRJ_C_FY2025.csv
2026-08-01 02:11:07,501 INFO    load                   FY2025: 76,224 -> 58,767 award-years after inclusion rules
2026-08-01 02:11:09,055 WARNING load                   resolved 1 application(s) appearing in multiple annual files; dropped 1 row(s). See logs/duplicate_application_resolution.csv
2026-08-01 02:11:12,541 INFO    load                   built 315,717 award-years and 426,481 PI links across FY2021-FY2025
2026-08-01 02:11:12,779 WARNING annotate               1,572 award-years carry 7 activity codes absent from the crosswalk: FM1, K00, R90, S15, SB1, U3R, UL1. They are classified UNMAPPED and reported separately, never folded into OTHER.
2026-08-01 02:11:13,031 WARNING annotate               1 award-years carry department values absent from the crosswalk: NO CODE ASSIGNED. Classified UNKNOWN; never counted as surgical.
2026-08-01 02:11:13,949 INFO    annotate               annotated 315,717 award-years | 9 mechanism families | 33 specialties | 5007 canonical orgs
2026-08-01 02:11:14,699 INFO    driver                 done: build
2026-08-01 02:11:41,426 INFO    schema                 FY2021: 17 columns present but unused: ARRA_FUNDED, AWARD_NOTICE_DATE, CFDA_CODE, ED_INST_TYPE, FUNDING_ICs, NIH_SPENDING_CATS, OPPORTUNITY NUMBER, ORG_DISTRICT, ORG_FIPS, ORG_ZIPCODE, PHR, PROGRAM_OFFICER_NAME, PROJECT_TERMS, SERIAL_NUMBER, STUDY_SECTION, STUDY_SECTION_NAME, SUFFIX
2026-08-01 02:11:41,485 INFO    load                   FY2021: read 82,940 rows from RePORTER_PRJ_C_FY2021.csv
2026-08-01 02:11:41,643 INFO    load                   FY2021: 82,940 -> 63,107 award-years after inclusion rules
2026-08-01 02:11:43,893 INFO    schema                 FY2022: 17 columns present but unused: ARRA_FUNDED, AWARD_NOTICE_DATE, CFDA_CODE, ED_INST_TYPE, FUNDING_ICs, NIH_SPENDING_CATS, OPPORTUNITY NUMBER, ORG_DISTRICT, ORG_FIPS, ORG_ZIPCODE, PHR, PROGRAM_OFFICER_NAME, PROJECT_TERMS, SERIAL_NUMBER, STUDY_SECTION, STUDY_SECTION_NAME, SUFFIX
2026-08-01 02:11:43,958 INFO    load                   FY2022: read 83,877 rows from RePORTER_PRJ_C_FY2022.csv
2026-08-01 02:11:44,136 INFO    load                   FY2022: 83,877 -> 64,368 award-years after inclusion rules
2026-08-01 02:11:47,051 INFO    schema                 FY2023: 17 columns present but unused: ARRA_FUNDED, AWARD_NOTICE_DATE, CFDA_CODE, ED_INST_TYPE, FUNDING_ICs, NIH_SPENDING_CATS, OPPORTUNITY NUMBER, ORG_DISTRICT, ORG_FIPS, ORG_ZIPCODE, PHR, PROGRAM_OFFICER_NAME, PROJECT_TERMS, SERIAL_NUMBER, STUDY_SECTION, STUDY_SECTION_NAME, SUFFIX
2026-08-01 02:11:47,120 INFO    load                   FY2023: read 85,024 rows from RePORTER_PRJ_C_FY2023.csv
2026-08-01 02:11:47,336 INFO    load                   FY2023: 85,024 -> 65,398 award-years after inclusion rules
2026-08-01 02:11:50,425 INFO    schema                 FY2024: 17 columns present but unused: ARRA_FUNDED, AWARD_NOTICE_DATE, CFDA_CODE, ED_INST_TYPE, FUNDING_ICs, NIH_SPENDING_CATS, OPPORTUNITY NUMBER, ORG_DISTRICT, ORG_FIPS, ORG_ZIPCODE, PHR, PROGRAM_OFFICER_NAME, PROJECT_TERMS, SERIAL_NUMBER, STUDY_SECTION, STUDY_SECTION_NAME, SUFFIX
2026-08-01 02:11:50,499 INFO    load                   FY2024: read 83,314 rows from RePORTER_PRJ_C_FY2024.csv
2026-08-01 02:11:50,769 INFO    load                   FY2024: 83,314 -> 64,078 award-years after inclusion rules
2026-08-01 02:11:53,647 INFO    schema                 FY2025: 17 columns present but unused: ARRA_FUNDED, ASSISTANCE_LISTING_NUMBER, AWARD_NOTICE_DATE, ED_INST_TYPE, FUNDING_ICs, NIH_SPENDING_CATS, OPPORTUNITY NUMBER, ORG_DISTRICT, ORG_FIPS, ORG_ZIPCODE, PHR, PROGRAM_OFFICER_NAME, PROJECT_TERMS, SERIAL_NUMBER, STUDY_SECTION, STUDY_SECTION_NAME, SUFFIX
2026-08-01 02:11:53,710 INFO    load                   FY2025: read 76,224 rows from RePORTER_PRJ_C_FY2025.csv
2026-08-01 02:11:53,923 INFO    load                   FY2025: 76,224 -> 58,767 award-years after inclusion rules
2026-08-01 02:11:55,775 WARNING load                   resolved 1 application(s) appearing in multiple annual files; dropped 1 row(s). See logs/duplicate_application_resolution.csv
2026-08-01 02:12:00,085 INFO    load                   built 315,717 award-years and 426,481 PI links across FY2021-FY2025
2026-08-01 02:12:01,730 INFO    annotate               annotated 315,717 award-years | 8 mechanism families | 33 specialties | 5007 canonical orgs
2026-08-01 02:12:02,685 INFO    driver                 done: build
2026-08-01 02:12:04,917 INFO    rank                   FY2025: 62,780 award-year rows (incl. roll-up duplicates)
2026-08-01 02:12:05,136 INFO    rank                     wrote rank_institution_FY2025.csv (2,590 rows)
2026-08-01 02:12:05,274 INFO    rank                     wrote rank_department_FY2025.csv (47 rows)
2026-08-01 02:12:05,597 INFO    rank                     wrote rank_institution_department_FY2025.csv (6,203 rows)
2026-08-01 02:12:05,845 INFO    rank                   FY2024_FY2025: 131,120 award-year rows (incl. roll-up duplicates)
2026-08-01 02:12:06,191 INFO    rank                     wrote rank_institution_FY2024_FY2025.csv (3,387 rows)
2026-08-01 02:12:06,475 INFO    rank                     wrote rank_department_FY2024_FY2025.csv (47 rows)
2026-08-01 02:12:06,984 INFO    rank                     wrote rank_institution_department_FY2024_FY2025.csv (7,398 rows)
2026-08-01 02:12:07,554 INFO    rank                   FY2021_FY2025: 336,656 award-year rows (incl. roll-up duplicates)
2026-08-01 02:12:08,316 INFO    rank                     wrote rank_institution_FY2021_FY2025.csv (5,010 rows)
2026-08-01 02:12:08,913 INFO    rank                     wrote rank_department_FY2021_FY2025.csv (48 rows)
2026-08-01 02:12:09,841 INFO    rank                     wrote rank_institution_department_FY2021_FY2025.csv (9,683 rows)
2026-08-01 02:12:10,047 INFO    driver                 done: rank
2026-08-01 02:14:03,468 INFO    affiliation            identity table: 82,168 investigators (82,168 by NIH profile ID, 0 name-only)
2026-08-01 02:14:03,915 INFO    affiliation            tier A spells from NIH ORG_DEPT: 232,899
2026-08-01 02:14:04,367 INFO    affiliation            tier B: 12,186 of 82,818 uncoded contact-PI award-years resolved by linked NIH evidence (14.7%); 70,632 remain unknown
2026-08-01 02:15:15,763 INFO    pubmed                 MGH: 67,659 PubMed records to scan (2020-2026)
2026-08-01 02:15:17,192 INFO    pubmed                   MGH: 0/67,659 records, 585 affiliations
2026-08-01 02:15:36,274 INFO    pubmed                   MGH: 2,000/67,659 records, 7,130 affiliations
2026-08-01 02:15:55,245 INFO    pubmed                   MGH: 4,000/67,659 records, 13,706 affiliations
2026-08-01 02:16:17,756 INFO    pubmed                   MGH: 6,000/67,659 records, 20,281 affiliations
2026-08-01 02:16:39,247 INFO    pubmed                   MGH: 8,000/67,659 records, 27,263 affiliations
2026-08-01 02:17:45,999 INFO    figures                figures for FY2025
2026-08-01 02:17:46,463 INFO    figures                  FY2025/1_surgery_total_funding.png
2026-08-01 02:17:46,611 INFO    figures                  FY2025/2_surgery_award_years.png
2026-08-01 02:17:46,768 INFO    figures                  FY2025/3_surgery_projects.png
2026-08-01 02:17:46,919 INFO    figures                  FY2025/4_surgery_r01_funding.png
2026-08-01 02:17:47,087 INFO    figures                  FY2025/5_surgery_r01_count.png
2026-08-01 02:17:47,252 INFO    figures                  FY2025/6_surgery_investigators.png
2026-08-01 02:17:47,477 INFO    figures                  FY2025/7_surgery_mechanism_mix.png
2026-08-01 02:17:47,679 INFO    figures                  FY2025/8_specialty_totals.png
2026-08-01 02:17:48,015 INFO    figures                  FY2025/9_all_institution_department_pairs.png
2026-08-01 02:17:48,231 INFO    figures                  FY2025/10_top_institutions.png
2026-08-01 02:17:48,385 INFO    figures                  FY2025/11_surgery_r01_vs_non_r01.png
2026-08-01 02:17:48,385 INFO    figures                figures for FY2024_FY2025
2026-08-01 02:17:48,590 INFO    figures                  FY2024_FY2025/1_surgery_total_funding.png
2026-08-01 02:17:48,742 INFO    figures                  FY2024_FY2025/2_surgery_award_years.png
2026-08-01 02:17:48,923 INFO    figures                  FY2024_FY2025/3_surgery_projects.png
2026-08-01 02:17:49,094 INFO    figures                  FY2024_FY2025/4_surgery_r01_funding.png
2026-08-01 02:17:49,250 INFO    figures                  FY2024_FY2025/5_surgery_r01_count.png
2026-08-01 02:17:49,409 INFO    figures                  FY2024_FY2025/6_surgery_investigators.png
2026-08-01 02:17:49,650 INFO    figures                  FY2024_FY2025/7_surgery_mechanism_mix.png
2026-08-01 02:17:49,819 INFO    figures                  FY2024_FY2025/8_specialty_totals.png
2026-08-01 02:17:50,121 INFO    figures                  FY2024_FY2025/9_all_institution_department_pairs.png
2026-08-01 02:17:50,351 INFO    figures                  FY2024_FY2025/10_top_institutions.png
2026-08-01 02:17:50,518 INFO    figures                  FY2024_FY2025/11_surgery_r01_vs_non_r01.png
2026-08-01 02:17:50,519 INFO    figures                figures for FY2021_FY2025
2026-08-01 02:17:50,707 INFO    figures                  FY2021_FY2025/1_surgery_total_funding.png
2026-08-01 02:17:50,881 INFO    figures                  FY2021_FY2025/2_surgery_award_years.png
2026-08-01 02:17:51,035 INFO    figures                  FY2021_FY2025/3_surgery_projects.png
2026-08-01 02:17:51,295 INFO    figures                  FY2021_FY2025/4_surgery_r01_funding.png
2026-08-01 02:17:51,460 INFO    figures                  FY2021_FY2025/5_surgery_r01_count.png
2026-08-01 02:17:51,611 INFO    figures                  FY2021_FY2025/6_surgery_investigators.png
2026-08-01 02:17:51,846 INFO    figures                  FY2021_FY2025/7_surgery_mechanism_mix.png
2026-08-01 02:17:52,048 INFO    figures                  FY2021_FY2025/8_specialty_totals.png
2026-08-01 02:17:52,334 INFO    figures                  FY2021_FY2025/9_all_institution_department_pairs.png
2026-08-01 02:17:52,546 INFO    figures                  FY2021_FY2025/10_top_institutions.png
2026-08-01 02:17:52,710 INFO    figures                  FY2021_FY2025/11_surgery_r01_vs_non_r01.png
2026-08-01 02:17:52,711 INFO    figures                comparison figures
2026-08-01 02:17:52,890 INFO    figures                  comparisons/12_surgery_fy2024_to_fy2025.png
2026-08-01 02:17:53,146 INFO    figures                  comparisons/13_surgery_period_comparison.png
2026-08-01 02:17:53,247 INFO    figures                  comparisons/0_department_evidence_coverage.png
2026-08-01 02:17:53,292 INFO    driver                 done: figures
2026-08-01 02:18:46,985 INFO    pubmed                   MGH 2020: 2,126 candidate records
2026-08-01 02:18:47,669 INFO    pubmed                   MGH 2021: 2,387 candidate records
2026-08-01 02:18:48,337 INFO    pubmed                   MGH 2022: 2,300 candidate records
2026-08-01 02:18:49,096 INFO    pubmed                   MGH 2023: 2,279 candidate records
2026-08-01 02:18:50,036 INFO    pubmed                   MGH 2024: 2,443 candidate records
2026-08-01 02:18:50,853 INFO    pubmed                   MGH 2025: 2,803 candidate records
2026-08-01 02:18:51,660 INFO    pubmed                   MGH 2026: 1,902 candidate records
2026-08-01 02:18:52,005 INFO    pubmed                 MGH: 13,831 distinct candidate records
2026-08-01 02:18:53,719 INFO    pubmed                   MGH: 0/13,831 records, 692 affiliations
2026-08-01 02:19:12,680 INFO    pubmed                   MGH: 2,000/13,831 records, 7,824 affiliations
2026-08-01 02:19:33,741 INFO    pubmed                   MGH: 4,000/13,831 records, 15,232 affiliations
2026-08-01 02:19:59,564 INFO    pubmed                   MGH: 6,000/13,831 records, 22,751 affiliations
2026-08-01 02:20:21,199 INFO    pubmed                   MGH: 8,000/13,831 records, 29,514 affiliations
2026-08-01 02:20:42,877 INFO    pubmed                   MGH: 10,000/13,831 records, 36,963 affiliations
2026-08-01 02:21:03,891 INFO    pubmed                   MGH: 12,000/13,831 records, 43,700 affiliations
2026-08-01 02:21:20,592 INFO    pubmed                 MGH: harvested 49,735 author-affiliation records
2026-08-01 02:21:20,880 INFO    pubmed                   BWH 2020: 1,933 candidate records
2026-08-01 02:21:21,584 INFO    pubmed                   BWH 2021: 2,110 candidate records
2026-08-01 02:21:22,246 INFO    pubmed                   BWH 2022: 2,047 candidate records
2026-08-01 02:21:22,907 INFO    pubmed                   BWH 2023: 1,960 candidate records
2026-08-01 02:21:23,549 INFO    pubmed                   BWH 2024: 2,033 candidate records
2026-08-01 02:21:24,218 INFO    pubmed                   BWH 2025: 2,080 candidate records
2026-08-01 02:21:24,832 INFO    pubmed                   BWH 2026: 1,330 candidate records
2026-08-01 02:21:25,176 INFO    pubmed                 BWH: 11,532 distinct candidate records
2026-08-01 02:21:26,990 INFO    pubmed                   BWH: 0/11,532 records, 699 affiliations
2026-08-01 02:21:31,712 INFO    validate               validation: 15 checks, 1 failed
2026-08-01 02:21:31,713 WARNING validate                 FAILED direct_plus_indirect_equals_total -> 24,324 of 311,276 rows off by more than $1 (direct + indirect should reconcile to total where NIH reports all three)
2026-08-01 02:21:32,027 INFO    driver                 done: validate
2026-08-01 02:21:47,831 INFO    pubmed                   BWH: 2,000/11,532 records, 6,879 affiliations
2026-08-01 02:22:11,654 INFO    pubmed                   BWH: 4,000/11,532 records, 13,557 affiliations
2026-08-01 02:22:34,517 INFO    pubmed                   BWH: 6,000/11,532 records, 19,660 affiliations
2026-08-01 02:22:44,473 INFO    validate               validation: 16 checks, 0 failed
2026-08-01 02:22:44,736 INFO    driver                 done: validate
2026-08-01 02:22:58,520 INFO    pubmed                   BWH: 8,000/11,532 records, 25,878 affiliations
2026-08-01 02:23:21,335 INFO    pubmed                   BWH: 10,000/11,532 records, 31,804 affiliations
2026-08-01 02:23:36,161 INFO    pubmed                 BWH: harvested 35,585 author-affiliation records
2026-08-01 02:24:11,270 INFO    mgb_surgery            surgical author-affiliation records: 47,516 (1,768 ambiguous name keys)
2026-08-01 02:24:11,386 INFO    mgb_surgery            MGH+BWH contact-PI award-years: 8,446
2026-08-01 02:24:11,431 INFO    mgb_surgery            resolved 1,333 of 8,446 MGH+BWH contact-PI award-years to a surgical department (15.8%); 7,113 carry no surgical evidence and stay UNKNOWN
2026-08-01 02:24:33,598 INFO    mgb_surgery            surgical author-affiliation records: 47,516 (1,768 ambiguous name keys)
2026-08-01 02:24:33,765 INFO    mgb_surgery            MGH+BWH contact-PI award-years: 8,446
2026-08-01 02:24:33,806 INFO    mgb_surgery            resolved 1,333 of 8,446 MGH+BWH contact-PI award-years to a surgical department (15.8%); 7,113 carry no surgical evidence and stay UNKNOWN
2026-08-01 02:25:42,150 INFO    mgb_surgery            surgical author-affiliation records: 46,042 (1,682 ambiguous name keys)
2026-08-01 02:25:42,303 INFO    mgb_surgery            MGH+BWH contact-PI award-years: 8,446
2026-08-01 02:25:42,338 INFO    mgb_surgery            resolved 985 of 8,446 MGH+BWH contact-PI award-years to a surgical department (11.7%); 7,461 carry no surgical evidence and stay UNKNOWN
2026-08-01 02:27:18,205 INFO    mgb_surgery            rejected 7,375 composite affiliation blocks (multi-institution strings PubMed attaches to every author)
2026-08-01 02:27:18,332 INFO    mgb_surgery            surgical author-affiliation records: 39,195 (1,427 ambiguous name keys)
2026-08-01 02:27:18,472 INFO    mgb_surgery            MGH+BWH contact-PI award-years: 8,446
2026-08-01 02:27:18,510 INFO    mgb_surgery            resolved 591 of 8,446 MGH+BWH contact-PI award-years to a surgical department (7.0%); 7,855 carry no surgical evidence and stay UNKNOWN
2026-08-01 02:27:59,937 INFO    mgb_surgery            rejected 7,375 composite affiliation blocks (multi-institution strings PubMed attaches to every author)
2026-08-01 02:28:00,063 INFO    mgb_surgery            surgical author-affiliation records: 39,195 (1,427 ambiguous name keys)
2026-08-01 02:28:00,209 INFO    mgb_surgery            MGH+BWH contact-PI award-years: 8,446
2026-08-01 02:28:00,259 INFO    mgb_surgery            resolved 591 of 8,446 MGH+BWH contact-PI award-years to a surgical department (7.0%); 7,855 carry no surgical evidence and stay UNKNOWN
2026-08-01 02:28:42,580 INFO    mgb_context            wrote surgery_ranking_with_mgb_FY2025_corroborated.csv (80 rows)
2026-08-01 02:28:42,874 INFO    mgb_context              mgb/surgery_ranking_with_mgb_FY2025_corroborated.png
2026-08-01 02:28:42,901 INFO    mgb_context            wrote surgery_ranking_with_mgb_FY2025_all_evidence.csv (80 rows)
2026-08-01 02:28:43,144 INFO    mgb_context              mgb/surgery_ranking_with_mgb_FY2025_all_evidence.png
2026-08-01 02:28:43,171 INFO    mgb_context            wrote surgery_ranking_with_mgb_FY2024_FY2025_corroborated.csv (85 rows)
2026-08-01 02:28:43,386 INFO    mgb_context              mgb/surgery_ranking_with_mgb_FY2024_FY2025_corroborated.png
2026-08-01 02:28:43,423 INFO    mgb_context            wrote surgery_ranking_with_mgb_FY2024_FY2025_all_evidence.csv (85 rows)
2026-08-01 02:28:43,707 INFO    mgb_context              mgb/surgery_ranking_with_mgb_FY2024_FY2025_all_evidence.png
2026-08-01 02:28:43,773 INFO    mgb_context            wrote surgery_ranking_with_mgb_FY2021_FY2025_corroborated.csv (96 rows)
2026-08-01 02:28:44,002 INFO    mgb_context              mgb/surgery_ranking_with_mgb_FY2021_FY2025_corroborated.png
2026-08-01 02:28:44,037 INFO    mgb_context            wrote surgery_ranking_with_mgb_FY2021_FY2025_all_evidence.csv (96 rows)
2026-08-01 02:28:44,225 INFO    mgb_context              mgb/surgery_ranking_with_mgb_FY2021_FY2025_all_evidence.png
2026-08-01 02:29:08,098 INFO    acquire                RePORTER_PRJ_C_FY2021.zip already archived and verified (aa8c596afa6b)
2026-08-01 02:29:08,150 INFO    acquire                RePORTER_PRJ_C_FY2022.zip already archived and verified (5ae867a9ba8b)
2026-08-01 02:29:08,195 INFO    acquire                RePORTER_PRJ_C_FY2023.zip already archived and verified (dac83610346e)
2026-08-01 02:29:08,232 INFO    acquire                RePORTER_PRJ_C_FY2024.zip already archived and verified (4a7b69091dae)
2026-08-01 02:29:08,278 INFO    acquire                RePORTER_PRJ_C_FY2025.zip already archived and verified (feab4e89ef7e)
2026-08-01 02:29:10,726 INFO    schema                 FY2021: 17 columns present but unused: ARRA_FUNDED, AWARD_NOTICE_DATE, CFDA_CODE, ED_INST_TYPE, FUNDING_ICs, NIH_SPENDING_CATS, OPPORTUNITY NUMBER, ORG_DISTRICT, ORG_FIPS, ORG_ZIPCODE, PHR, PROGRAM_OFFICER_NAME, PROJECT_TERMS, SERIAL_NUMBER, STUDY_SECTION, STUDY_SECTION_NAME, SUFFIX
2026-08-01 02:29:10,805 INFO    load                   FY2021: read 82,940 rows from RePORTER_PRJ_C_FY2021.csv
2026-08-01 02:29:11,001 INFO    load                   FY2021: 82,940 -> 63,107 award-years after inclusion rules
2026-08-01 02:29:13,926 INFO    schema                 FY2022: 17 columns present but unused: ARRA_FUNDED, AWARD_NOTICE_DATE, CFDA_CODE, ED_INST_TYPE, FUNDING_ICs, NIH_SPENDING_CATS, OPPORTUNITY NUMBER, ORG_DISTRICT, ORG_FIPS, ORG_ZIPCODE, PHR, PROGRAM_OFFICER_NAME, PROJECT_TERMS, SERIAL_NUMBER, STUDY_SECTION, STUDY_SECTION_NAME, SUFFIX
2026-08-01 02:29:13,997 INFO    load                   FY2022: read 83,877 rows from RePORTER_PRJ_C_FY2022.csv
2026-08-01 02:29:14,186 INFO    load                   FY2022: 83,877 -> 64,368 award-years after inclusion rules
2026-08-01 02:29:16,548 INFO    schema                 FY2023: 17 columns present but unused: ARRA_FUNDED, AWARD_NOTICE_DATE, CFDA_CODE, ED_INST_TYPE, FUNDING_ICs, NIH_SPENDING_CATS, OPPORTUNITY NUMBER, ORG_DISTRICT, ORG_FIPS, ORG_ZIPCODE, PHR, PROGRAM_OFFICER_NAME, PROJECT_TERMS, SERIAL_NUMBER, STUDY_SECTION, STUDY_SECTION_NAME, SUFFIX
2026-08-01 02:29:16,605 INFO    load                   FY2023: read 85,024 rows from RePORTER_PRJ_C_FY2023.csv
2026-08-01 02:29:16,775 INFO    load                   FY2023: 85,024 -> 65,398 award-years after inclusion rules
2026-08-01 02:29:18,971 INFO    schema                 FY2024: 17 columns present but unused: ARRA_FUNDED, AWARD_NOTICE_DATE, CFDA_CODE, ED_INST_TYPE, FUNDING_ICs, NIH_SPENDING_CATS, OPPORTUNITY NUMBER, ORG_DISTRICT, ORG_FIPS, ORG_ZIPCODE, PHR, PROGRAM_OFFICER_NAME, PROJECT_TERMS, SERIAL_NUMBER, STUDY_SECTION, STUDY_SECTION_NAME, SUFFIX
2026-08-01 02:29:19,051 INFO    load                   FY2024: read 83,314 rows from RePORTER_PRJ_C_FY2024.csv
2026-08-01 02:29:19,234 INFO    load                   FY2024: 83,314 -> 64,078 award-years after inclusion rules
2026-08-01 02:29:21,595 INFO    schema                 FY2025: 17 columns present but unused: ARRA_FUNDED, ASSISTANCE_LISTING_NUMBER, AWARD_NOTICE_DATE, ED_INST_TYPE, FUNDING_ICs, NIH_SPENDING_CATS, OPPORTUNITY NUMBER, ORG_DISTRICT, ORG_FIPS, ORG_ZIPCODE, PHR, PROGRAM_OFFICER_NAME, PROJECT_TERMS, SERIAL_NUMBER, STUDY_SECTION, STUDY_SECTION_NAME, SUFFIX
2026-08-01 02:29:21,646 INFO    load                   FY2025: read 76,224 rows from RePORTER_PRJ_C_FY2025.csv
2026-08-01 02:29:21,814 INFO    load                   FY2025: 76,224 -> 58,767 award-years after inclusion rules
2026-08-01 02:29:23,451 WARNING load                   resolved 1 application(s) appearing in multiple annual files; dropped 1 row(s). See logs/duplicate_application_resolution.csv
2026-08-01 02:29:27,470 INFO    load                   built 315,717 award-years and 426,481 PI links across FY2021-FY2025
2026-08-01 02:29:29,063 INFO    annotate               annotated 315,717 award-years | 8 mechanism families | 33 specialties | 5007 canonical orgs
2026-08-01 02:29:31,208 INFO    rank                   FY2025: 62,780 award-year rows (incl. roll-up duplicates)
2026-08-01 02:29:31,423 INFO    rank                     wrote rank_institution_FY2025.csv (2,590 rows)
2026-08-01 02:29:31,581 INFO    rank                     wrote rank_department_FY2025.csv (47 rows)
2026-08-01 02:29:31,945 INFO    rank                     wrote rank_institution_department_FY2025.csv (6,203 rows)
2026-08-01 02:29:32,192 INFO    rank                   FY2024_FY2025: 131,120 award-year rows (incl. roll-up duplicates)
2026-08-01 02:29:32,559 INFO    rank                     wrote rank_institution_FY2024_FY2025.csv (3,387 rows)
2026-08-01 02:29:32,831 INFO    rank                     wrote rank_department_FY2024_FY2025.csv (47 rows)
2026-08-01 02:29:33,405 INFO    rank                     wrote rank_institution_department_FY2024_FY2025.csv (7,398 rows)
2026-08-01 02:29:33,988 INFO    rank                   FY2021_FY2025: 336,656 award-year rows (incl. roll-up duplicates)
2026-08-01 02:29:34,782 INFO    rank                     wrote rank_institution_FY2021_FY2025.csv (5,010 rows)
2026-08-01 02:29:35,303 INFO    rank                     wrote rank_department_FY2021_FY2025.csv (48 rows)
2026-08-01 02:29:36,300 INFO    rank                     wrote rank_institution_department_FY2021_FY2025.csv (9,683 rows)
2026-08-01 02:29:38,123 INFO    affiliation            identity table: 82,168 investigators (82,168 by NIH profile ID, 0 name-only)
2026-08-01 02:29:38,574 INFO    affiliation            tier A spells from NIH ORG_DEPT: 232,899
2026-08-01 02:29:39,038 INFO    affiliation            tier B: 12,186 of 82,818 uncoded contact-PI award-years resolved by linked NIH evidence (14.7%); 70,632 remain unknown
2026-08-01 02:29:44,243 INFO    mgb_surgery            rejected 7,375 composite affiliation blocks (multi-institution strings PubMed attaches to every author)
2026-08-01 02:29:44,417 INFO    mgb_surgery            surgical author-affiliation records: 39,195 (1,427 ambiguous name keys)
2026-08-01 02:29:44,560 INFO    mgb_surgery            MGH+BWH contact-PI award-years: 8,446
2026-08-01 02:29:44,603 INFO    mgb_surgery            resolved 591 of 8,446 MGH+BWH contact-PI award-years to a surgical department (7.0%); 7,855 carry no surgical evidence and stay UNKNOWN
2026-08-01 02:29:44,705 INFO    mgb_context            wrote surgery_ranking_with_mgb_FY2025_corroborated.csv (80 rows)
2026-08-01 02:29:45,049 INFO    mgb_context              mgb/surgery_ranking_with_mgb_FY2025_corroborated.png
2026-08-01 02:29:45,077 INFO    mgb_context            wrote surgery_ranking_with_mgb_FY2025_all_evidence.csv (80 rows)
2026-08-01 02:29:45,302 INFO    mgb_context              mgb/surgery_ranking_with_mgb_FY2025_all_evidence.png
2026-08-01 02:29:45,328 INFO    mgb_context            wrote surgery_ranking_with_mgb_FY2024_FY2025_corroborated.csv (85 rows)
2026-08-01 02:29:45,524 INFO    mgb_context              mgb/surgery_ranking_with_mgb_FY2024_FY2025_corroborated.png
2026-08-01 02:29:45,553 INFO    mgb_context            wrote surgery_ranking_with_mgb_FY2024_FY2025_all_evidence.csv (85 rows)
2026-08-01 02:29:45,740 INFO    mgb_context              mgb/surgery_ranking_with_mgb_FY2024_FY2025_all_evidence.png
2026-08-01 02:29:45,776 INFO    mgb_context            wrote surgery_ranking_with_mgb_FY2021_FY2025_corroborated.csv (96 rows)
2026-08-01 02:29:46,021 INFO    mgb_context              mgb/surgery_ranking_with_mgb_FY2021_FY2025_corroborated.png
2026-08-01 02:29:46,049 INFO    mgb_context            wrote surgery_ranking_with_mgb_FY2021_FY2025_all_evidence.csv (96 rows)
2026-08-01 02:29:46,249 INFO    mgb_context              mgb/surgery_ranking_with_mgb_FY2021_FY2025_all_evidence.png
2026-08-01 02:29:46,249 INFO    figures                figures for FY2025
2026-08-01 02:29:46,388 INFO    figures                  FY2025/1_surgery_total_funding.png
2026-08-01 02:29:46,504 INFO    figures                  FY2025/2_surgery_award_years.png
2026-08-01 02:29:46,619 INFO    figures                  FY2025/3_surgery_projects.png
2026-08-01 02:29:46,741 INFO    figures                  FY2025/4_surgery_r01_funding.png
2026-08-01 02:29:46,869 INFO    figures                  FY2025/5_surgery_r01_count.png
2026-08-01 02:29:46,994 INFO    figures                  FY2025/6_surgery_investigators.png
2026-08-01 02:29:47,207 INFO    figures                  FY2025/7_surgery_mechanism_mix.png
2026-08-01 02:29:47,356 INFO    figures                  FY2025/8_specialty_totals.png
2026-08-01 02:29:47,555 INFO    figures                  FY2025/9_all_institution_department_pairs.png
2026-08-01 02:29:47,703 INFO    figures                  FY2025/10_top_institutions.png
2026-08-01 02:29:47,817 INFO    figures                  FY2025/11_surgery_r01_vs_non_r01.png
2026-08-01 02:29:47,817 INFO    figures                figures for FY2024_FY2025
2026-08-01 02:29:47,952 INFO    figures                  FY2024_FY2025/1_surgery_total_funding.png
2026-08-01 02:29:48,069 INFO    figures                  FY2024_FY2025/2_surgery_award_years.png
2026-08-01 02:29:48,190 INFO    figures                  FY2024_FY2025/3_surgery_projects.png
2026-08-01 02:29:48,308 INFO    figures                  FY2024_FY2025/4_surgery_r01_funding.png
2026-08-01 02:29:48,478 INFO    figures                  FY2024_FY2025/5_surgery_r01_count.png
2026-08-01 02:29:48,597 INFO    figures                  FY2024_FY2025/6_surgery_investigators.png
2026-08-01 02:29:48,754 INFO    figures                  FY2024_FY2025/7_surgery_mechanism_mix.png
2026-08-01 02:29:48,894 INFO    figures                  FY2024_FY2025/8_specialty_totals.png
2026-08-01 02:29:49,096 INFO    figures                  FY2024_FY2025/9_all_institution_department_pairs.png
2026-08-01 02:29:49,251 INFO    figures                  FY2024_FY2025/10_top_institutions.png
2026-08-01 02:29:49,373 INFO    figures                  FY2024_FY2025/11_surgery_r01_vs_non_r01.png
2026-08-01 02:29:49,373 INFO    figures                figures for FY2021_FY2025
2026-08-01 02:29:49,512 INFO    figures                  FY2021_FY2025/1_surgery_total_funding.png
2026-08-01 02:29:49,631 INFO    figures                  FY2021_FY2025/2_surgery_award_years.png
2026-08-01 02:29:49,806 INFO    figures                  FY2021_FY2025/3_surgery_projects.png
2026-08-01 02:29:49,921 INFO    figures                  FY2021_FY2025/4_surgery_r01_funding.png
2026-08-01 02:29:50,040 INFO    figures                  FY2021_FY2025/5_surgery_r01_count.png
2026-08-01 02:29:50,183 INFO    figures                  FY2021_FY2025/6_surgery_investigators.png
2026-08-01 02:29:50,396 INFO    figures                  FY2021_FY2025/7_surgery_mechanism_mix.png
2026-08-01 02:29:50,565 INFO    figures                  FY2021_FY2025/8_specialty_totals.png
2026-08-01 02:29:50,832 INFO    figures                  FY2021_FY2025/9_all_institution_department_pairs.png
2026-08-01 02:29:51,002 INFO    figures                  FY2021_FY2025/10_top_institutions.png
2026-08-01 02:29:51,221 INFO    figures                  FY2021_FY2025/11_surgery_r01_vs_non_r01.png
2026-08-01 02:29:51,222 INFO    figures                comparison figures
2026-08-01 02:29:51,382 INFO    figures                  comparisons/12_surgery_fy2024_to_fy2025.png
2026-08-01 02:29:51,586 INFO    figures                  comparisons/13_surgery_period_comparison.png
2026-08-01 02:29:51,676 INFO    figures                  comparisons/0_department_evidence_coverage.png
2026-08-01 02:29:52,730 INFO    validate               validation: 16 checks, 0 failed
2026-08-01 02:29:52,883 INFO    driver                 done: acquire, build, rank, affiliation, mgb, figures, validate
2026-08-01 02:31:50,186 INFO    validate               validation: 16 checks, 0 failed
2026-08-01 02:31:51,184 INFO    driver                 done: validate
2026-08-01 02:33:33,384 INFO    site                   wrote docs/data/rankings.json (4.6 MB)
2026-08-01 02:33:33,400 INFO    site                   copied 42 figures into docs/figures
2026-08-01 02:33:33,413 INFO    site                   copied 20 tables into docs/tables
2026-08-01 02:33:50,832 INFO    site                   wrote docs/data/pairs_FY2025.json (0.9 MB)
2026-08-01 02:33:50,893 INFO    site                   wrote docs/data/pairs_FY2024_FY2025.json (1.1 MB)
2026-08-01 02:33:50,982 INFO    site                   wrote docs/data/pairs_FY2021_FY2025.json (1.4 MB)
2026-08-01 02:33:51,051 INFO    site                   wrote docs/data/core.json (1.3 MB)
2026-08-01 02:33:51,067 INFO    site                   copied 42 figures into docs/figures
2026-08-01 02:33:51,082 INFO    site                   copied 20 tables into docs/tables
2026-08-01 02:39:12,189 INFO    rank                   FY2025: 62,780 award-year rows (incl. roll-up duplicates)
2026-08-01 02:39:17,516 INFO    mgb_surgery            rejected 7,375 composite affiliation blocks (multi-institution strings PubMed attaches to every author)
2026-08-01 02:39:17,641 INFO    mgb_surgery            surgical author-affiliation records: 39,195 (1,427 ambiguous name keys)
2026-08-01 02:39:17,776 INFO    mgb_surgery            MGH+BWH contact-PI award-years: 8,446
2026-08-01 02:39:17,808 INFO    mgb_surgery            resolved 591 of 8,446 MGH+BWH contact-PI award-years to a surgical department (7.0%); 7,855 carry no surgical evidence and stay UNKNOWN
2026-08-01 02:39:17,911 INFO    mgb_context            wrote surgery_ranking_with_mgb_FY2025_corroborated.csv (80 rows)
2026-08-01 02:39:18,177 INFO    mgb_context              mgb/surgery_ranking_with_mgb_FY2025_corroborated.png
2026-08-01 02:39:18,198 INFO    mgb_context            wrote surgery_ranking_with_mgb_FY2025_all_evidence.csv (80 rows)
2026-08-01 02:39:18,477 INFO    mgb_context              mgb/surgery_ranking_with_mgb_FY2025_all_evidence.png
2026-08-01 02:39:18,519 INFO    mgb_context            wrote surgery_ranking_with_mgb_FY2024_FY2025_corroborated.csv (85 rows)
2026-08-01 02:39:18,732 INFO    mgb_context              mgb/surgery_ranking_with_mgb_FY2024_FY2025_corroborated.png
2026-08-01 02:39:18,767 INFO    mgb_context            wrote surgery_ranking_with_mgb_FY2024_FY2025_all_evidence.csv (85 rows)
2026-08-01 02:39:19,015 INFO    mgb_context              mgb/surgery_ranking_with_mgb_FY2024_FY2025_all_evidence.png
2026-08-01 02:39:19,053 INFO    mgb_context            wrote surgery_ranking_with_mgb_FY2021_FY2025_corroborated.csv (96 rows)
2026-08-01 02:39:19,290 INFO    mgb_context              mgb/surgery_ranking_with_mgb_FY2021_FY2025_corroborated.png
2026-08-01 02:39:19,333 INFO    mgb_context            wrote surgery_ranking_with_mgb_FY2021_FY2025_all_evidence.csv (96 rows)
2026-08-01 02:39:19,568 INFO    mgb_context              mgb/surgery_ranking_with_mgb_FY2021_FY2025_all_evidence.png
2026-08-01 02:39:19,644 INFO    driver                 done: mgb
2026-08-01 02:39:20,625 INFO    figures                figures for FY2025
2026-08-01 02:39:20,820 INFO    figures                  FY2025/1_surgery_total_funding.png
2026-08-01 02:39:20,954 INFO    figures                  FY2025/2_surgery_award_years.png
2026-08-01 02:39:21,134 INFO    figures                  FY2025/3_surgery_projects.png
2026-08-01 02:39:21,294 INFO    figures                  FY2025/4_surgery_r01_funding.png
2026-08-01 02:39:21,508 INFO    figures                  FY2025/5_surgery_r01_count.png
2026-08-01 02:39:21,703 INFO    figures                  FY2025/6_surgery_investigators.png
2026-08-01 02:39:36,125 INFO    rank                   FY2025: 62,780 award-year rows (incl. roll-up duplicates)
2026-08-01 02:39:36,335 INFO    rank                     wrote rank_institution_FY2025.csv (2,590 rows)
2026-08-01 02:39:36,487 INFO    rank                     wrote rank_department_FY2025.csv (47 rows)
2026-08-01 02:39:36,917 INFO    rank                     wrote rank_institution_department_FY2025.csv (6,203 rows)
2026-08-01 02:39:37,198 INFO    rank                   FY2024_FY2025: 131,120 award-year rows (incl. roll-up duplicates)
2026-08-01 02:39:37,588 INFO    rank                     wrote rank_institution_FY2024_FY2025.csv (3,387 rows)
2026-08-01 02:39:37,976 INFO    rank                     wrote rank_department_FY2024_FY2025.csv (47 rows)
2026-08-01 02:39:38,522 INFO    rank                     wrote rank_institution_department_FY2024_FY2025.csv (7,398 rows)
2026-08-01 02:39:39,289 INFO    rank                   FY2021_FY2025: 336,656 award-year rows (incl. roll-up duplicates)
2026-08-01 02:39:40,086 INFO    rank                     wrote rank_institution_FY2021_FY2025.csv (5,010 rows)
2026-08-01 02:39:40,716 INFO    rank                     wrote rank_department_FY2021_FY2025.csv (48 rows)
2026-08-01 02:39:41,626 INFO    rank                     wrote rank_institution_department_FY2021_FY2025.csv (9,683 rows)
2026-08-01 02:39:41,841 INFO    driver                 done: rank
2026-08-01 02:39:47,113 INFO    mgb_surgery            rejected 7,375 composite affiliation blocks (multi-institution strings PubMed attaches to every author)
2026-08-01 02:39:47,220 INFO    mgb_surgery            surgical author-affiliation records: 39,195 (1,427 ambiguous name keys)
2026-08-01 02:39:47,441 INFO    mgb_surgery            MGH+BWH contact-PI award-years: 8,446
2026-08-01 02:39:47,476 INFO    mgb_surgery            resolved 591 of 8,446 MGH+BWH contact-PI award-years to a surgical department (7.0%); 7,855 carry no surgical evidence and stay UNKNOWN
2026-08-01 02:39:47,573 INFO    mgb_context            wrote surgery_ranking_with_mgb_FY2025_corroborated.csv (80 rows)
2026-08-01 02:39:47,808 INFO    mgb_context              mgb/surgery_ranking_with_mgb_FY2025_corroborated.png
2026-08-01 02:39:47,833 INFO    mgb_context            wrote surgery_ranking_with_mgb_FY2025_all_evidence.csv (80 rows)
2026-08-01 02:39:48,037 INFO    mgb_context              mgb/surgery_ranking_with_mgb_FY2025_all_evidence.png
2026-08-01 02:39:48,069 INFO    mgb_context            wrote surgery_ranking_with_mgb_FY2024_FY2025_corroborated.csv (85 rows)
2026-08-01 02:39:48,273 INFO    mgb_context              mgb/surgery_ranking_with_mgb_FY2024_FY2025_corroborated.png
2026-08-01 02:39:48,307 INFO    mgb_context            wrote surgery_ranking_with_mgb_FY2024_FY2025_all_evidence.csv (85 rows)
2026-08-01 02:39:48,499 INFO    mgb_context              mgb/surgery_ranking_with_mgb_FY2024_FY2025_all_evidence.png
2026-08-01 02:39:48,538 INFO    mgb_context            wrote surgery_ranking_with_mgb_FY2021_FY2025_corroborated.csv (96 rows)
2026-08-01 02:39:48,730 INFO    mgb_context              mgb/surgery_ranking_with_mgb_FY2021_FY2025_corroborated.png
2026-08-01 02:39:48,773 INFO    mgb_context            wrote surgery_ranking_with_mgb_FY2021_FY2025_all_evidence.csv (96 rows)
2026-08-01 02:39:48,985 INFO    mgb_context              mgb/surgery_ranking_with_mgb_FY2021_FY2025_all_evidence.png
2026-08-01 02:39:49,043 INFO    driver                 done: mgb
2026-08-01 02:39:50,116 INFO    figures                figures for FY2025
2026-08-01 02:39:50,287 INFO    figures                  FY2025/1_surgery_total_funding.png
2026-08-01 02:39:50,421 INFO    figures                  FY2025/2_surgery_award_years.png
2026-08-01 02:39:50,553 INFO    figures                  FY2025/3_surgery_projects.png
2026-08-01 02:39:50,674 INFO    figures                  FY2025/4_surgery_r01_funding.png
2026-08-01 02:39:50,816 INFO    figures                  FY2025/5_surgery_r01_count.png
2026-08-01 02:39:50,973 INFO    figures                  FY2025/6_surgery_investigators.png
2026-08-01 02:39:51,201 INFO    figures                  FY2025/14_surgery_funding_per_investigator.png
2026-08-01 02:39:51,367 INFO    figures                  FY2025/15_surgery_mean_award_size.png
2026-08-01 02:39:51,542 INFO    figures                  FY2025/16_surgery_funding_per_project.png
2026-08-01 02:39:51,718 INFO    figures                  FY2025/7_surgery_mechanism_mix.png
2026-08-01 02:39:51,879 INFO    figures                  FY2025/8_specialty_totals.png
2026-08-01 02:39:52,082 INFO    figures                  FY2025/9_all_institution_department_pairs.png
2026-08-01 02:39:52,227 INFO    figures                  FY2025/10_top_institutions.png
2026-08-01 02:39:52,343 INFO    figures                  FY2025/11_surgery_r01_vs_non_r01.png
2026-08-01 02:39:52,343 INFO    figures                figures for FY2024_FY2025
2026-08-01 02:39:52,479 INFO    figures                  FY2024_FY2025/1_surgery_total_funding.png
2026-08-01 02:39:52,596 INFO    figures                  FY2024_FY2025/2_surgery_award_years.png
2026-08-01 02:39:52,713 INFO    figures                  FY2024_FY2025/3_surgery_projects.png
2026-08-01 02:39:52,856 INFO    figures                  FY2024_FY2025/4_surgery_r01_funding.png
2026-08-01 02:39:52,972 INFO    figures                  FY2024_FY2025/5_surgery_r01_count.png
2026-08-01 02:39:53,095 INFO    figures                  FY2024_FY2025/6_surgery_investigators.png
2026-08-01 02:39:53,262 INFO    figures                  FY2024_FY2025/14_surgery_funding_per_investigator.png
2026-08-01 02:39:53,394 INFO    figures                  FY2024_FY2025/15_surgery_mean_award_size.png
2026-08-01 02:39:53,513 INFO    figures                  FY2024_FY2025/16_surgery_funding_per_project.png
2026-08-01 02:39:53,673 INFO    figures                  FY2024_FY2025/7_surgery_mechanism_mix.png
2026-08-01 02:39:53,831 INFO    figures                  FY2024_FY2025/8_specialty_totals.png
2026-08-01 02:39:54,082 INFO    figures                  FY2024_FY2025/9_all_institution_department_pairs.png
2026-08-01 02:39:54,243 INFO    figures                  FY2024_FY2025/10_top_institutions.png
2026-08-01 02:39:54,384 INFO    figures                  FY2024_FY2025/11_surgery_r01_vs_non_r01.png
2026-08-01 02:39:54,384 INFO    figures                figures for FY2021_FY2025
2026-08-01 02:39:54,553 INFO    figures                  FY2021_FY2025/1_surgery_total_funding.png
2026-08-01 02:39:54,692 INFO    figures                  FY2021_FY2025/2_surgery_award_years.png
2026-08-01 02:39:54,842 INFO    figures                  FY2021_FY2025/3_surgery_projects.png
2026-08-01 02:39:55,001 INFO    figures                  FY2021_FY2025/4_surgery_r01_funding.png
2026-08-01 02:39:55,143 INFO    figures                  FY2021_FY2025/5_surgery_r01_count.png
2026-08-01 02:39:55,282 INFO    figures                  FY2021_FY2025/6_surgery_investigators.png
2026-08-01 02:39:55,470 INFO    figures                  FY2021_FY2025/14_surgery_funding_per_investigator.png
2026-08-01 02:39:55,678 INFO    figures                  FY2021_FY2025/15_surgery_mean_award_size.png
2026-08-01 02:39:55,861 INFO    figures                  FY2021_FY2025/16_surgery_funding_per_project.png
2026-08-01 02:39:56,068 INFO    figures                  FY2021_FY2025/7_surgery_mechanism_mix.png
2026-08-01 02:39:56,227 INFO    figures                  FY2021_FY2025/8_specialty_totals.png
2026-08-01 02:39:56,499 INFO    figures                  FY2021_FY2025/9_all_institution_department_pairs.png
2026-08-01 02:39:56,676 INFO    figures                  FY2021_FY2025/10_top_institutions.png
2026-08-01 02:39:56,827 INFO    figures                  FY2021_FY2025/11_surgery_r01_vs_non_r01.png
2026-08-01 02:39:56,827 INFO    figures                comparison figures
2026-08-01 02:39:57,003 INFO    figures                  comparisons/12_surgery_fy2024_to_fy2025.png
2026-08-01 02:39:57,200 INFO    figures                  comparisons/13_surgery_period_comparison.png
2026-08-01 02:39:57,322 INFO    figures                  comparisons/0_department_evidence_coverage.png
2026-08-01 02:39:57,368 INFO    driver                 done: figures
2026-08-01 02:40:21,036 INFO    site                   wrote docs/data/pairs_FY2025.json (1.1 MB)
2026-08-01 02:40:36,026 INFO    site                   wrote docs/data/pairs_FY2025.json (1.3 MB)
2026-08-01 02:40:36,120 INFO    site                   wrote docs/data/pairs_FY2024_FY2025.json (1.6 MB)
2026-08-01 02:40:36,245 INFO    site                   wrote docs/data/pairs_FY2021_FY2025.json (2.0 MB)
2026-08-01 02:40:36,315 INFO    site                   wrote docs/data/core.json (2.0 MB)
2026-08-01 02:40:36,334 INFO    site                   copied 51 figures into docs/figures
2026-08-01 02:40:36,343 INFO    site                   copied 20 tables into docs/tables
2026-08-01 02:42:29,096 INFO    mgb_surgery            rejected 7,375 composite affiliation blocks (multi-institution strings PubMed attaches to every author)
2026-08-01 02:42:29,224 INFO    mgb_surgery            surgical author-affiliation records: 39,195 (1,427 ambiguous name keys)
2026-08-01 02:42:29,359 INFO    mgb_surgery            MGH+BWH contact-PI award-years: 8,446
2026-08-01 02:42:29,400 INFO    mgb_surgery            resolved 591 of 8,446 MGH+BWH contact-PI award-years to a surgical department (7.0%); 7,855 carry no surgical evidence and stay UNKNOWN
2026-08-01 02:42:29,491 INFO    mgb_context            wrote surgery_ranking_with_mgb_FY2025_corroborated.csv (80 rows)
2026-08-01 02:42:29,711 INFO    mgb_context              mgb/surgery_ranking_with_mgb_FY2025_corroborated.png
2026-08-01 02:42:29,745 INFO    mgb_context            wrote surgery_ranking_with_mgb_FY2025_all_evidence.csv (80 rows)
2026-08-01 02:42:30,020 INFO    mgb_context              mgb/surgery_ranking_with_mgb_FY2025_all_evidence.png
2026-08-01 02:42:30,063 INFO    mgb_context            wrote surgery_ranking_with_mgb_FY2024_FY2025_corroborated.csv (85 rows)
2026-08-01 02:42:30,262 INFO    mgb_context              mgb/surgery_ranking_with_mgb_FY2024_FY2025_corroborated.png
2026-08-01 02:42:30,297 INFO    mgb_context            wrote surgery_ranking_with_mgb_FY2024_FY2025_all_evidence.csv (85 rows)
2026-08-01 02:42:30,567 INFO    mgb_context              mgb/surgery_ranking_with_mgb_FY2024_FY2025_all_evidence.png
2026-08-01 02:42:30,634 INFO    mgb_context            wrote surgery_ranking_with_mgb_FY2021_FY2025_corroborated.csv (96 rows)
2026-08-01 02:42:30,849 INFO    mgb_context              mgb/surgery_ranking_with_mgb_FY2021_FY2025_corroborated.png
2026-08-01 02:42:30,894 INFO    mgb_context            wrote surgery_ranking_with_mgb_FY2021_FY2025_all_evidence.csv (96 rows)
2026-08-01 02:42:31,103 INFO    mgb_context              mgb/surgery_ranking_with_mgb_FY2021_FY2025_all_evidence.png
2026-08-01 02:42:31,164 INFO    driver                 done: mgb
2026-08-01 02:42:32,286 INFO    figures                figures for FY2025
2026-08-01 02:42:32,478 INFO    figures                  FY2025/1_surgery_total_funding.png
2026-08-01 02:42:32,652 INFO    figures                  FY2025/2_surgery_award_years.png
2026-08-01 02:42:32,807 INFO    figures                  FY2025/3_surgery_projects.png
2026-08-01 02:42:33,049 INFO    figures                  FY2025/4_surgery_r01_funding.png
2026-08-01 02:42:33,203 INFO    figures                  FY2025/5_surgery_r01_count.png
2026-08-01 02:42:33,359 INFO    figures                  FY2025/6_surgery_investigators.png
2026-08-01 02:42:33,549 INFO    figures                  FY2025/14_surgery_funding_per_investigator.png
2026-08-01 02:42:33,717 INFO    figures                  FY2025/15_surgery_mean_award_size.png
2026-08-01 02:42:33,944 INFO    figures                  FY2025/16_surgery_funding_per_project.png
2026-08-01 02:42:34,168 INFO    figures                  FY2025/7_surgery_mechanism_mix.png
2026-08-01 02:42:34,338 INFO    figures                  FY2025/8_specialty_totals.png
2026-08-01 02:42:34,592 INFO    figures                  FY2025/9_all_institution_department_pairs.png
2026-08-01 02:42:34,844 INFO    figures                  FY2025/10_top_institutions.png
2026-08-01 02:42:35,019 INFO    figures                  FY2025/11_surgery_r01_vs_non_r01.png
2026-08-01 02:42:35,019 INFO    figures                figures for FY2024_FY2025
2026-08-01 02:42:35,170 INFO    figures                  FY2024_FY2025/1_surgery_total_funding.png
2026-08-01 02:42:35,331 INFO    figures                  FY2024_FY2025/2_surgery_award_years.png
2026-08-01 02:42:35,484 INFO    figures                  FY2024_FY2025/3_surgery_projects.png
2026-08-01 02:42:35,663 INFO    figures                  FY2024_FY2025/4_surgery_r01_funding.png
2026-08-01 02:42:35,830 INFO    figures                  FY2024_FY2025/5_surgery_r01_count.png
2026-08-01 02:42:36,014 INFO    figures                  FY2024_FY2025/6_surgery_investigators.png
2026-08-01 02:42:36,180 INFO    figures                  FY2024_FY2025/14_surgery_funding_per_investigator.png
2026-08-01 02:42:36,351 INFO    figures                  FY2024_FY2025/15_surgery_mean_award_size.png
2026-08-01 02:42:36,500 INFO    figures                  FY2024_FY2025/16_surgery_funding_per_project.png
2026-08-01 02:42:36,705 INFO    figures                  FY2024_FY2025/7_surgery_mechanism_mix.png
2026-08-01 02:42:36,870 INFO    figures                  FY2024_FY2025/8_specialty_totals.png
2026-08-01 02:42:37,165 INFO    figures                  FY2024_FY2025/9_all_institution_department_pairs.png
2026-08-01 02:42:37,342 INFO    figures                  FY2024_FY2025/10_top_institutions.png
2026-08-01 02:42:37,503 INFO    figures                  FY2024_FY2025/11_surgery_r01_vs_non_r01.png
2026-08-01 02:42:37,504 INFO    figures                figures for FY2021_FY2025
2026-08-01 02:42:37,666 INFO    figures                  FY2021_FY2025/1_surgery_total_funding.png
2026-08-01 02:42:37,857 INFO    figures                  FY2021_FY2025/2_surgery_award_years.png
2026-08-01 02:42:38,028 INFO    figures                  FY2021_FY2025/3_surgery_projects.png
2026-08-01 02:42:38,177 INFO    figures                  FY2021_FY2025/4_surgery_r01_funding.png
2026-08-01 02:42:38,330 INFO    figures                  FY2021_FY2025/5_surgery_r01_count.png
2026-08-01 02:42:38,471 INFO    figures                  FY2021_FY2025/6_surgery_investigators.png
2026-08-01 02:42:38,633 INFO    figures                  FY2021_FY2025/14_surgery_funding_per_investigator.png
2026-08-01 02:42:38,867 INFO    figures                  FY2021_FY2025/15_surgery_mean_award_size.png
2026-08-01 02:42:39,028 INFO    figures                  FY2021_FY2025/16_surgery_funding_per_project.png
2026-08-01 02:42:39,271 INFO    figures                  FY2021_FY2025/7_surgery_mechanism_mix.png
2026-08-01 02:42:39,448 INFO    figures                  FY2021_FY2025/8_specialty_totals.png
2026-08-01 02:42:39,731 INFO    figures                  FY2021_FY2025/9_all_institution_department_pairs.png
2026-08-01 02:42:39,909 INFO    figures                  FY2021_FY2025/10_top_institutions.png
2026-08-01 02:42:40,072 INFO    figures                  FY2021_FY2025/11_surgery_r01_vs_non_r01.png
2026-08-01 02:42:40,072 INFO    figures                comparison figures
2026-08-01 02:42:40,267 INFO    figures                  comparisons/12_surgery_fy2024_to_fy2025.png
2026-08-01 02:42:40,491 INFO    figures                  comparisons/13_surgery_period_comparison.png
2026-08-01 02:42:40,635 INFO    figures                  comparisons/0_department_evidence_coverage.png
2026-08-01 02:42:40,686 INFO    driver                 done: figures
2026-08-01 02:46:03,165 INFO    schema                 FY2021: 17 columns present but unused: ARRA_FUNDED, AWARD_NOTICE_DATE, CFDA_CODE, ED_INST_TYPE, FUNDING_ICs, NIH_SPENDING_CATS, OPPORTUNITY NUMBER, ORG_DISTRICT, ORG_FIPS, ORG_ZIPCODE, PHR, PROGRAM_OFFICER_NAME, PROJECT_TERMS, SERIAL_NUMBER, STUDY_SECTION, STUDY_SECTION_NAME, SUFFIX
2026-08-01 02:46:03,257 INFO    load                   FY2021: read 82,940 rows from RePORTER_PRJ_C_FY2021.csv
2026-08-01 02:46:03,431 INFO    load                   FY2021: 82,940 -> 63,107 award-years after inclusion rules
2026-08-01 02:46:06,008 INFO    schema                 FY2022: 17 columns present but unused: ARRA_FUNDED, AWARD_NOTICE_DATE, CFDA_CODE, ED_INST_TYPE, FUNDING_ICs, NIH_SPENDING_CATS, OPPORTUNITY NUMBER, ORG_DISTRICT, ORG_FIPS, ORG_ZIPCODE, PHR, PROGRAM_OFFICER_NAME, PROJECT_TERMS, SERIAL_NUMBER, STUDY_SECTION, STUDY_SECTION_NAME, SUFFIX
2026-08-01 02:46:06,087 INFO    load                   FY2022: read 83,877 rows from RePORTER_PRJ_C_FY2022.csv
2026-08-01 02:46:06,288 INFO    load                   FY2022: 83,877 -> 64,368 award-years after inclusion rules
2026-08-01 02:46:08,990 INFO    schema                 FY2023: 17 columns present but unused: ARRA_FUNDED, AWARD_NOTICE_DATE, CFDA_CODE, ED_INST_TYPE, FUNDING_ICs, NIH_SPENDING_CATS, OPPORTUNITY NUMBER, ORG_DISTRICT, ORG_FIPS, ORG_ZIPCODE, PHR, PROGRAM_OFFICER_NAME, PROJECT_TERMS, SERIAL_NUMBER, STUDY_SECTION, STUDY_SECTION_NAME, SUFFIX
2026-08-01 02:46:09,049 INFO    load                   FY2023: read 85,024 rows from RePORTER_PRJ_C_FY2023.csv
2026-08-01 02:46:09,231 INFO    load                   FY2023: 85,024 -> 65,398 award-years after inclusion rules
2026-08-01 02:46:11,943 INFO    schema                 FY2024: 17 columns present but unused: ARRA_FUNDED, AWARD_NOTICE_DATE, CFDA_CODE, ED_INST_TYPE, FUNDING_ICs, NIH_SPENDING_CATS, OPPORTUNITY NUMBER, ORG_DISTRICT, ORG_FIPS, ORG_ZIPCODE, PHR, PROGRAM_OFFICER_NAME, PROJECT_TERMS, SERIAL_NUMBER, STUDY_SECTION, STUDY_SECTION_NAME, SUFFIX
2026-08-01 02:46:11,999 INFO    load                   FY2024: read 83,314 rows from RePORTER_PRJ_C_FY2024.csv
2026-08-01 02:46:12,181 INFO    load                   FY2024: 83,314 -> 64,078 award-years after inclusion rules
2026-08-01 02:46:14,728 INFO    schema                 FY2025: 17 columns present but unused: ARRA_FUNDED, ASSISTANCE_LISTING_NUMBER, AWARD_NOTICE_DATE, ED_INST_TYPE, FUNDING_ICs, NIH_SPENDING_CATS, OPPORTUNITY NUMBER, ORG_DISTRICT, ORG_FIPS, ORG_ZIPCODE, PHR, PROGRAM_OFFICER_NAME, PROJECT_TERMS, SERIAL_NUMBER, STUDY_SECTION, STUDY_SECTION_NAME, SUFFIX
2026-08-01 02:46:14,780 INFO    load                   FY2025: read 76,224 rows from RePORTER_PRJ_C_FY2025.csv
2026-08-01 02:46:14,979 INFO    load                   FY2025: 76,224 -> 58,767 award-years after inclusion rules
2026-08-01 02:46:16,548 WARNING load                   resolved 1 application(s) appearing in multiple annual files; dropped 1 row(s). See logs/duplicate_application_resolution.csv
2026-08-01 02:46:20,264 INFO    load                   built 315,717 award-years and 426,481 PI links across FY2021-FY2025
2026-08-01 02:46:31,920 INFO    annotate               annotated 315,717 award-years | 8 mechanism families | 33 specialties | 5007 canonical orgs
2026-08-01 02:46:32,912 INFO    driver                 done: build
2026-08-01 02:46:34,798 INFO    rank                   FY2025: 62,780 award-year rows (incl. roll-up duplicates)
2026-08-01 02:46:34,994 INFO    rank                     wrote rank_institution_FY2025.csv (2,590 rows)
2026-08-01 02:46:35,101 INFO    rank                     wrote rank_department_FY2025.csv (47 rows)
2026-08-01 02:46:35,372 INFO    rank                     wrote rank_institution_department_FY2025.csv (6,203 rows)
2026-08-01 02:46:35,543 INFO    rank                   FY2024_FY2025: 131,120 award-year rows (incl. roll-up duplicates)
2026-08-01 02:46:35,844 INFO    rank                     wrote rank_institution_FY2024_FY2025.csv (3,387 rows)
2026-08-01 02:46:36,026 INFO    rank                     wrote rank_department_FY2024_FY2025.csv (47 rows)
2026-08-01 02:46:36,452 INFO    rank                     wrote rank_institution_department_FY2024_FY2025.csv (7,398 rows)
2026-08-01 02:46:36,832 INFO    rank                   FY2021_FY2025: 336,656 award-year rows (incl. roll-up duplicates)
2026-08-01 02:46:37,536 INFO    rank                     wrote rank_institution_FY2021_FY2025.csv (5,010 rows)
2026-08-01 02:46:37,983 INFO    rank                     wrote rank_department_FY2021_FY2025.csv (48 rows)
2026-08-01 02:46:38,956 INFO    rank                     wrote rank_institution_department_FY2021_FY2025.csv (9,683 rows)
2026-08-01 02:46:39,144 INFO    driver                 done: rank
2026-08-01 02:46:43,989 INFO    mgb_surgery            rejected 7,375 composite affiliation blocks (multi-institution strings PubMed attaches to every author)
2026-08-01 02:46:44,161 INFO    mgb_surgery            surgical author-affiliation records: 39,195 (1,427 ambiguous name keys)
2026-08-01 02:46:44,290 INFO    mgb_surgery            MGH+BWH contact-PI award-years: 8,446
2026-08-01 02:46:44,322 INFO    mgb_surgery            resolved 591 of 8,446 MGH+BWH contact-PI award-years to a surgical department (7.0%); 7,855 carry no surgical evidence and stay UNKNOWN
2026-08-01 02:46:44,405 INFO    mgb_context            wrote surgery_ranking_with_mgb_FY2025_corroborated.csv (80 rows)
2026-08-01 02:46:44,608 INFO    mgb_context              mgb/surgery_ranking_with_mgb_FY2025_corroborated.png
2026-08-01 02:46:44,637 INFO    mgb_context            wrote surgery_ranking_with_mgb_FY2025_all_evidence.csv (80 rows)
2026-08-01 02:46:44,843 INFO    mgb_context              mgb/surgery_ranking_with_mgb_FY2025_all_evidence.png
2026-08-01 02:46:44,881 INFO    mgb_context            wrote surgery_ranking_with_mgb_FY2024_FY2025_corroborated.csv (85 rows)
2026-08-01 02:46:45,049 INFO    mgb_context              mgb/surgery_ranking_with_mgb_FY2024_FY2025_corroborated.png
2026-08-01 02:46:45,087 INFO    mgb_context            wrote surgery_ranking_with_mgb_FY2024_FY2025_all_evidence.csv (85 rows)
2026-08-01 02:46:45,263 INFO    mgb_context              mgb/surgery_ranking_with_mgb_FY2024_FY2025_all_evidence.png
2026-08-01 02:46:45,303 INFO    mgb_context            wrote surgery_ranking_with_mgb_FY2021_FY2025_corroborated.csv (96 rows)
2026-08-01 02:46:45,475 INFO    mgb_context              mgb/surgery_ranking_with_mgb_FY2021_FY2025_corroborated.png
2026-08-01 02:46:45,515 INFO    mgb_context            wrote surgery_ranking_with_mgb_FY2021_FY2025_all_evidence.csv (96 rows)
2026-08-01 02:46:45,686 INFO    mgb_context              mgb/surgery_ranking_with_mgb_FY2021_FY2025_all_evidence.png
2026-08-01 02:46:45,743 INFO    driver                 done: mgb
2026-08-01 02:46:46,648 INFO    figures                figures for FY2025
2026-08-01 02:47:08,831 INFO    mgb_surgery            rejected 7,375 composite affiliation blocks (multi-institution strings PubMed attaches to every author)
2026-08-01 02:47:08,922 INFO    mgb_surgery            surgical author-affiliation records: 39,195 (1,427 ambiguous name keys)
2026-08-01 02:47:09,025 INFO    mgb_surgery            MGH+BWH contact-PI award-years: 8,446
2026-08-01 02:47:09,055 INFO    mgb_surgery            resolved 591 of 8,446 MGH+BWH contact-PI award-years to a surgical department (7.0%); 7,855 carry no surgical evidence and stay UNKNOWN
2026-08-01 02:47:09,134 INFO    mgb_context            wrote surgery_ranking_with_mgb_FY2025_corroborated.csv (80 rows)
2026-08-01 02:47:09,352 INFO    mgb_context              mgb/surgery_ranking_with_mgb_FY2025_corroborated.png
2026-08-01 02:47:09,378 INFO    mgb_context            wrote surgery_ranking_with_mgb_FY2025_all_evidence.csv (80 rows)
2026-08-01 02:47:09,547 INFO    mgb_context              mgb/surgery_ranking_with_mgb_FY2025_all_evidence.png
2026-08-01 02:47:09,579 INFO    mgb_context            wrote surgery_ranking_with_mgb_FY2024_FY2025_corroborated.csv (85 rows)
2026-08-01 02:47:09,775 INFO    mgb_context              mgb/surgery_ranking_with_mgb_FY2024_FY2025_corroborated.png
2026-08-01 02:47:09,806 INFO    mgb_context            wrote surgery_ranking_with_mgb_FY2024_FY2025_all_evidence.csv (85 rows)
2026-08-01 02:47:09,977 INFO    mgb_context              mgb/surgery_ranking_with_mgb_FY2024_FY2025_all_evidence.png
2026-08-01 02:47:10,021 INFO    mgb_context            wrote surgery_ranking_with_mgb_FY2021_FY2025_corroborated.csv (96 rows)
2026-08-01 02:47:10,197 INFO    mgb_context              mgb/surgery_ranking_with_mgb_FY2021_FY2025_corroborated.png
2026-08-01 02:47:10,241 INFO    mgb_context            wrote surgery_ranking_with_mgb_FY2021_FY2025_all_evidence.csv (96 rows)
2026-08-01 02:47:10,407 INFO    mgb_context              mgb/surgery_ranking_with_mgb_FY2021_FY2025_all_evidence.png
2026-08-01 02:47:10,447 INFO    driver                 done: mgb
2026-08-01 02:47:11,345 INFO    figures                figures for FY2025
2026-08-01 02:47:11,533 INFO    figures                  FY2025/1_surgery_total_funding.png
2026-08-01 02:47:11,699 INFO    figures                  FY2025/2_surgery_award_years.png
2026-08-01 02:47:11,897 INFO    figures                  FY2025/3_surgery_projects.png
2026-08-01 02:47:12,086 INFO    figures                  FY2025/4_surgery_r01_funding.png
2026-08-01 02:47:12,266 INFO    figures                  FY2025/5_surgery_r01_count.png
2026-08-01 02:47:12,432 INFO    figures                  FY2025/6_surgery_investigators.png
2026-08-01 02:47:12,609 INFO    figures                  FY2025/14_surgery_funding_per_investigator.png
2026-08-01 02:47:12,830 INFO    figures                  FY2025/15_surgery_mean_award_size.png
2026-08-01 02:47:13,020 INFO    figures                  FY2025/16_surgery_funding_per_project.png
2026-08-01 02:47:13,243 INFO    figures                  FY2025/7_surgery_mechanism_mix.png
2026-08-01 02:47:13,404 INFO    figures                  FY2025/8_specialty_totals.png
2026-08-01 02:47:13,623 INFO    figures                  FY2025/9_all_institution_department_pairs.png
2026-08-01 02:47:13,801 INFO    figures                  FY2025/10_top_institutions.png
2026-08-01 02:47:13,939 INFO    figures                  FY2025/11_surgery_r01_vs_non_r01.png
2026-08-01 02:47:13,940 INFO    figures                figures for FY2024_FY2025
2026-08-01 02:47:14,070 INFO    figures                  FY2024_FY2025/1_surgery_total_funding.png
2026-08-01 02:47:14,228 INFO    figures                  FY2024_FY2025/2_surgery_award_years.png
2026-08-01 02:47:14,370 INFO    figures                  FY2024_FY2025/3_surgery_projects.png
2026-08-01 02:47:14,537 INFO    figures                  FY2024_FY2025/4_surgery_r01_funding.png
2026-08-01 02:47:14,699 INFO    figures                  FY2024_FY2025/5_surgery_r01_count.png
2026-08-01 02:47:14,880 INFO    figures                  FY2024_FY2025/6_surgery_investigators.png
2026-08-01 02:47:15,044 INFO    figures                  FY2024_FY2025/14_surgery_funding_per_investigator.png
2026-08-01 02:47:15,219 INFO    figures                  FY2024_FY2025/15_surgery_mean_award_size.png
2026-08-01 02:47:15,371 INFO    figures                  FY2024_FY2025/16_surgery_funding_per_project.png
2026-08-01 02:47:15,554 INFO    figures                  FY2024_FY2025/7_surgery_mechanism_mix.png
2026-08-01 02:47:15,748 INFO    figures                  FY2024_FY2025/8_specialty_totals.png
2026-08-01 02:47:16,014 INFO    figures                  FY2024_FY2025/9_all_institution_department_pairs.png
2026-08-01 02:47:16,238 INFO    figures                  FY2024_FY2025/10_top_institutions.png
2026-08-01 02:47:16,380 INFO    figures                  FY2024_FY2025/11_surgery_r01_vs_non_r01.png
2026-08-01 02:47:16,381 INFO    figures                figures for FY2021_FY2025
2026-08-01 02:47:16,506 INFO    figures                  FY2021_FY2025/1_surgery_total_funding.png
2026-08-01 02:47:16,658 INFO    figures                  FY2021_FY2025/2_surgery_award_years.png
2026-08-01 02:47:16,794 INFO    figures                  FY2021_FY2025/3_surgery_projects.png
2026-08-01 02:47:16,923 INFO    figures                  FY2021_FY2025/4_surgery_r01_funding.png
2026-08-01 02:47:17,059 INFO    figures                  FY2021_FY2025/5_surgery_r01_count.png
2026-08-01 02:47:17,186 INFO    figures                  FY2021_FY2025/6_surgery_investigators.png
2026-08-01 02:47:17,338 INFO    figures                  FY2021_FY2025/14_surgery_funding_per_investigator.png
2026-08-01 02:47:17,471 INFO    figures                  FY2021_FY2025/15_surgery_mean_award_size.png
2026-08-01 02:47:17,648 INFO    figures                  FY2021_FY2025/16_surgery_funding_per_project.png
2026-08-01 02:47:17,900 INFO    figures                  FY2021_FY2025/7_surgery_mechanism_mix.png
2026-08-01 02:47:18,071 INFO    figures                  FY2021_FY2025/8_specialty_totals.png
2026-08-01 02:47:18,315 INFO    figures                  FY2021_FY2025/9_all_institution_department_pairs.png
2026-08-01 02:47:18,480 INFO    figures                  FY2021_FY2025/10_top_institutions.png
2026-08-01 02:47:18,628 INFO    figures                  FY2021_FY2025/11_surgery_r01_vs_non_r01.png
2026-08-01 02:47:18,629 INFO    figures                comparison figures
2026-08-01 02:47:18,810 INFO    figures                  comparisons/12_surgery_fy2024_to_fy2025.png
2026-08-01 02:47:19,011 INFO    figures                  comparisons/13_surgery_period_comparison.png
2026-08-01 02:47:19,096 INFO    figures                  comparisons/0_department_evidence_coverage.png
2026-08-01 02:47:19,153 INFO    driver                 done: figures
2026-08-01 02:48:12,097 INFO    pubmed                 [1/32] Massachusetts General Hospital
2026-08-01 02:48:12,172 INFO    pubmed                 MGH: 49,735 cached author-affiliation records
2026-08-01 02:48:12,173 INFO    pubmed                 [2/32] Brigham and Women's Hospital
2026-08-01 02:48:12,196 INFO    pubmed                 BWH: 35,585 cached author-affiliation records
2026-08-01 02:48:12,196 INFO    pubmed                 [3/32] Duke
2026-08-01 02:48:12,525 INFO    pubmed                   IPF2221101 2020: 1,815 candidate records
2026-08-01 02:48:13,170 INFO    pubmed                   IPF2221101 2021: 2,008 candidate records
2026-08-01 02:48:13,834 INFO    pubmed                   IPF2221101 2022: 1,989 candidate records
2026-08-01 02:48:14,522 INFO    pubmed                   IPF2221101 2023: 2,134 candidate records
2026-08-01 02:48:15,195 INFO    pubmed                   IPF2221101 2024: 2,212 candidate records
2026-08-01 02:48:15,874 INFO    pubmed                   IPF2221101 2025: 2,417 candidate records
2026-08-01 02:48:16,499 INFO    pubmed                   IPF2221101 2026: 1,571 candidate records
2026-08-01 02:48:16,841 INFO    pubmed                 IPF2221101: 12,029 distinct candidate records
2026-08-01 02:48:18,308 INFO    pubmed                   IPF2221101: 0/12,029 records, 793 affiliations
2026-08-01 02:48:38,148 INFO    pubmed                   IPF2221101: 2,000/12,029 records, 8,258 affiliations
2026-08-01 02:48:59,174 INFO    pubmed                   IPF2221101: 4,000/12,029 records, 16,651 affiliations
2026-08-01 02:49:17,474 INFO    pubmed                   IPF2221101: 6,000/12,029 records, 24,820 affiliations
2026-08-01 02:49:36,251 INFO    pubmed                   IPF2221101: 8,000/12,029 records, 32,193 affiliations
2026-08-01 02:49:58,040 INFO    pubmed                   IPF2221101: 10,000/12,029 records, 39,952 affiliations
2026-08-01 02:50:18,254 INFO    pubmed                   IPF2221101: 12,000/12,029 records, 47,010 affiliations
2026-08-01 02:50:18,675 INFO    pubmed                 IPF2221101: harvested 47,010 author-affiliation records
2026-08-01 02:50:18,679 INFO    pubmed                 [4/32] WashU St. Louis
2026-08-01 02:50:18,968 INFO    pubmed                   IPF9083901 2020: 1,441 candidate records
2026-08-01 02:50:19,665 INFO    pubmed                   IPF9083901 2021: 1,671 candidate records
2026-08-01 02:50:20,304 INFO    pubmed                   IPF9083901 2022: 1,699 candidate records
2026-08-01 02:50:20,921 INFO    pubmed                   IPF9083901 2023: 1,612 candidate records
2026-08-01 02:50:21,531 INFO    pubmed                   IPF9083901 2024: 1,583 candidate records
2026-08-01 02:50:22,149 INFO    pubmed                   IPF9083901 2025: 1,764 candidate records
2026-08-01 02:50:22,726 INFO    pubmed                   IPF9083901 2026: 1,181 candidate records
2026-08-01 02:50:23,072 INFO    pubmed                 IPF9083901: 9,251 distinct candidate records
2026-08-01 02:50:24,742 INFO    pubmed                   IPF9083901: 0/9,251 records, 838 affiliations
2026-08-01 02:50:47,114 INFO    pubmed                   IPF9083901: 2,000/9,251 records, 8,460 affiliations
2026-08-01 02:51:08,215 INFO    pubmed                   IPF9083901: 4,000/9,251 records, 16,562 affiliations
2026-08-01 02:51:29,040 INFO    pubmed                   IPF9083901: 6,000/9,251 records, 25,262 affiliations
2026-08-01 02:51:50,760 INFO    pubmed                   IPF9083901: 8,000/9,251 records, 33,291 affiliations
2026-08-01 02:52:02,545 INFO    pubmed                 IPF9083901: harvested 37,948 author-affiliation records
2026-08-01 02:52:02,549 INFO    pubmed                 [5/32] Michigan
2026-08-01 02:52:02,854 INFO    pubmed                   IPF1506502 2020: 2,036 candidate records
2026-08-01 02:52:03,512 INFO    pubmed                   IPF1506502 2021: 2,245 candidate records
2026-08-01 02:52:04,161 INFO    pubmed                   IPF1506502 2022: 2,099 candidate records
2026-08-01 02:52:04,890 INFO    pubmed                   IPF1506502 2023: 2,094 candidate records
2026-08-01 02:52:05,530 INFO    pubmed                   IPF1506502 2024: 2,126 candidate records
2026-08-01 02:52:06,201 INFO    pubmed                   IPF1506502 2025: 2,303 candidate records
2026-08-01 02:52:06,846 INFO    pubmed                   IPF1506502 2026: 1,545 candidate records
2026-08-01 02:52:07,188 INFO    pubmed                 IPF1506502: 12,192 distinct candidate records
2026-08-01 02:52:08,636 INFO    pubmed                   IPF1506502: 0/12,192 records, 811 affiliations
2026-08-01 02:52:27,321 INFO    pubmed                   IPF1506502: 2,000/12,192 records, 7,863 affiliations
2026-08-01 02:52:48,975 INFO    pubmed                   IPF1506502: 4,000/12,192 records, 16,012 affiliations
2026-08-01 02:53:09,615 INFO    pubmed                   IPF1506502: 6,000/12,192 records, 23,076 affiliations
2026-08-01 02:53:30,415 INFO    pubmed                   IPF1506502: 8,000/12,192 records, 30,167 affiliations
2026-08-01 02:53:50,838 INFO    pubmed                   IPF1506502: 10,000/12,192 records, 37,015 affiliations
2026-08-01 02:54:10,983 INFO    pubmed                   IPF1506502: 12,000/12,192 records, 44,193 affiliations
2026-08-01 02:54:11,437 INFO    pubmed                 IPF1506502: harvested 44,193 author-affiliation records
2026-08-01 02:54:11,442 INFO    pubmed                 [6/32] Penn
2026-08-01 02:54:11,725 INFO    pubmed                   IPF6463801 2020: 1,960 candidate records
2026-08-01 02:54:12,440 INFO    pubmed                   IPF6463801 2021: 2,198 candidate records
2026-08-01 02:54:13,097 INFO    pubmed                   IPF6463801 2022: 2,108 candidate records
2026-08-01 02:54:13,760 INFO    pubmed                   IPF6463801 2023: 2,199 candidate records
2026-08-01 02:54:14,470 INFO    pubmed                   IPF6463801 2024: 2,294 candidate records
2026-08-01 02:54:15,157 INFO    pubmed                   IPF6463801 2025: 2,462 candidate records
2026-08-01 02:54:15,761 INFO    pubmed                   IPF6463801 2026: 1,553 candidate records
2026-08-01 02:54:16,124 INFO    pubmed                 IPF6463801: 12,571 distinct candidate records
2026-08-01 02:54:17,550 INFO    pubmed                   IPF6463801: 0/12,571 records, 815 affiliations
2026-08-01 02:54:18,461 INFO    site                   wrote docs/data/pairs_FY2025.json (1.3 MB)
2026-08-01 02:54:18,573 INFO    site                   wrote docs/data/pairs_FY2024_FY2025.json (1.6 MB)
2026-08-01 02:54:18,751 INFO    site                   wrote docs/data/pairs_FY2021_FY2025.json (2.0 MB)
2026-08-01 02:54:18,863 INFO    site                   wrote docs/data/core.json (2.0 MB)
2026-08-01 02:54:18,899 INFO    site                   copied 51 figures into docs/figures
2026-08-01 02:54:18,913 INFO    site                   copied 20 tables into docs/tables
2026-08-01 02:54:35,339 INFO    pubmed                   IPF6463801: 2,000/12,571 records, 8,320 affiliations
2026-08-01 02:54:58,605 INFO    pubmed                   IPF6463801: 4,000/12,571 records, 16,435 affiliations
2026-08-01 02:55:17,556 INFO    pubmed                   IPF6463801: 6,000/12,571 records, 23,902 affiliations
2026-08-01 02:55:38,662 INFO    pubmed                   IPF6463801: 8,000/12,571 records, 31,232 affiliations
2026-08-01 02:56:00,464 INFO    pubmed                   IPF6463801: 10,000/12,571 records, 39,159 affiliations
2026-08-01 02:56:20,650 INFO    pubmed                   IPF6463801: 12,000/12,571 records, 46,923 affiliations
2026-08-01 02:56:26,036 INFO    pubmed                 IPF6463801: harvested 48,617 author-affiliation records
2026-08-01 02:56:26,043 INFO    pubmed                 [7/32] Pittsburgh
2026-08-01 02:56:26,364 INFO    pubmed                   IPF2059802 2020: 1,914 candidate records
2026-08-01 02:56:27,003 INFO    pubmed                   IPF2059802 2021: 2,154 candidate records
2026-08-01 02:56:27,716 INFO    pubmed                   IPF2059802 2022: 2,123 candidate records
2026-08-01 02:56:28,359 INFO    pubmed                   IPF2059802 2023: 2,056 candidate records
2026-08-01 02:56:29,010 INFO    pubmed                   IPF2059802 2024: 2,315 candidate records
2026-08-01 02:56:29,698 INFO    pubmed                   IPF2059802 2025: 2,423 candidate records
2026-08-01 02:56:30,324 INFO    pubmed                   IPF2059802 2026: 1,620 candidate records
2026-08-01 02:56:30,671 INFO    pubmed                 IPF2059802: 12,320 distinct candidate records
2026-08-01 02:56:32,197 INFO    pubmed                   IPF2059802: 0/12,320 records, 742 affiliations
2026-08-01 02:56:51,741 INFO    pubmed                   IPF2059802: 2,000/12,320 records, 8,610 affiliations
2026-08-01 02:57:14,189 INFO    pubmed                   IPF2059802: 4,000/12,320 records, 16,882 affiliations
2026-08-01 02:57:33,814 INFO    pubmed                   IPF2059802: 6,000/12,320 records, 24,837 affiliations
2026-08-01 02:57:54,324 INFO    pubmed                   IPF2059802: 8,000/12,320 records, 33,064 affiliations
2026-08-01 02:58:10,875 INFO    site                   wrote docs/data/pairs_FY2025.json (1.5 MB)
2026-08-01 02:58:10,993 INFO    site                   wrote docs/data/pairs_FY2024_FY2025.json (1.7 MB)
2026-08-01 02:58:11,168 INFO    site                   wrote docs/data/pairs_FY2021_FY2025.json (2.3 MB)
2026-08-01 02:58:11,265 INFO    site                   wrote docs/data/core.json (2.3 MB)
2026-08-01 02:58:11,302 INFO    site                   copied 51 figures into docs/figures
2026-08-01 02:58:11,316 INFO    site                   copied 20 tables into docs/tables
2026-08-01 02:58:16,432 INFO    pubmed                   IPF2059802: 10,000/12,320 records, 41,225 affiliations
2026-08-01 02:58:28,221 INFO    rank                   FY2025: 62,780 award-year rows (incl. roll-up duplicates)
2026-08-01 02:58:28,640 INFO    rank                     wrote rank_institution_FY2025.csv (2,590 rows)
2026-08-01 02:58:28,938 INFO    rank                     wrote rank_department_FY2025.csv (47 rows)
2026-08-01 02:58:29,401 INFO    rank                     wrote rank_institution_department_FY2025.csv (6,203 rows)
2026-08-01 02:58:29,712 INFO    rank                   FY2024_FY2025: 131,120 award-year rows (incl. roll-up duplicates)
2026-08-01 02:58:30,128 INFO    rank                     wrote rank_institution_FY2024_FY2025.csv (3,387 rows)
2026-08-01 02:58:30,399 INFO    rank                     wrote rank_department_FY2024_FY2025.csv (47 rows)
2026-08-01 02:58:31,109 INFO    rank                     wrote rank_institution_department_FY2024_FY2025.csv (7,398 rows)
2026-08-01 02:58:31,888 INFO    rank                   FY2021_FY2025: 336,656 award-year rows (incl. roll-up duplicates)
2026-08-01 02:58:32,758 INFO    rank                     wrote rank_institution_FY2021_FY2025.csv (5,010 rows)
2026-08-01 02:58:33,433 INFO    rank                     wrote rank_department_FY2021_FY2025.csv (48 rows)
2026-08-01 02:58:34,671 INFO    rank                     wrote rank_institution_department_FY2021_FY2025.csv (9,683 rows)
2026-08-01 02:58:35,035 INFO    driver                 done: rank
2026-08-01 02:58:37,728 INFO    pubmed                   IPF2059802: 12,000/12,320 records, 49,371 affiliations
2026-08-01 02:58:39,695 INFO    pubmed                 IPF2059802: harvested 49,772 author-affiliation records
2026-08-01 02:58:39,701 INFO    pubmed                 [8/32] UC San Francisco
2026-08-01 02:58:39,939 INFO    pubmed                   IPF577508 2020: 1,141 candidate records
2026-08-01 02:58:40,562 INFO    pubmed                   IPF577508 2021: 1,308 candidate records
2026-08-01 02:58:41,177 INFO    pubmed                   IPF577508 2022: 1,371 candidate records
2026-08-01 02:58:41,802 INFO    pubmed                   IPF577508 2023: 1,396 candidate records
2026-08-01 02:58:42,371 INFO    mgb_surgery            rejected 7,375 composite affiliation blocks (multi-institution strings PubMed attaches to every author)
2026-08-01 02:58:42,410 INFO    pubmed                   IPF577508 2024: 1,435 candidate records
2026-08-01 02:58:42,556 INFO    mgb_surgery            surgical author-affiliation records: 38,197 (1,380 ambiguous name keys)
2026-08-01 02:58:42,852 INFO    mgb_surgery            MGH+BWH contact-PI award-years: 8,446
2026-08-01 02:58:42,929 INFO    mgb_surgery            resolved 577 of 8,446 MGH+BWH contact-PI award-years to a surgical department (6.8%); 7,869 carry no surgical evidence and stay UNKNOWN
2026-08-01 02:58:43,009 INFO    pubmed                   IPF577508 2025: 1,521 candidate records
2026-08-01 02:58:43,038 INFO    mgb_context            wrote surgery_ranking_with_mgb_FY2025_corroborated.csv (80 rows)
2026-08-01 02:58:43,273 INFO    mgb_context              mgb/surgery_ranking_with_mgb_FY2025_corroborated.png
2026-08-01 02:58:43,308 INFO    mgb_context            wrote surgery_ranking_with_mgb_FY2025_all_evidence.csv (80 rows)
2026-08-01 02:58:43,491 INFO    mgb_context              mgb/surgery_ranking_with_mgb_FY2025_all_evidence.png
2026-08-01 02:58:43,529 INFO    mgb_context            wrote surgery_ranking_with_mgb_FY2024_FY2025_corroborated.csv (85 rows)
2026-08-01 02:58:43,663 INFO    pubmed                   IPF577508 2026: 984 candidate records
2026-08-01 02:58:43,716 INFO    mgb_context              mgb/surgery_ranking_with_mgb_FY2024_FY2025_corroborated.png
2026-08-01 02:58:43,757 INFO    mgb_context            wrote surgery_ranking_with_mgb_FY2024_FY2025_all_evidence.csv (85 rows)
2026-08-01 02:58:43,949 INFO    mgb_context              mgb/surgery_ranking_with_mgb_FY2024_FY2025_all_evidence.png
2026-08-01 02:58:44,004 INFO    pubmed                 IPF577508: 7,860 distinct candidate records
2026-08-01 02:58:44,022 INFO    mgb_context            wrote surgery_ranking_with_mgb_FY2021_FY2025_corroborated.csv (96 rows)
2026-08-01 02:58:44,200 INFO    mgb_context              mgb/surgery_ranking_with_mgb_FY2021_FY2025_corroborated.png
2026-08-01 02:58:44,244 INFO    mgb_context            wrote surgery_ranking_with_mgb_FY2021_FY2025_all_evidence.csv (96 rows)
2026-08-01 02:58:44,406 INFO    mgb_context              mgb/surgery_ranking_with_mgb_FY2021_FY2025_all_evidence.png
2026-08-01 02:58:44,466 INFO    driver                 done: mgb
2026-08-01 02:58:45,550 INFO    site                   wrote docs/data/pairs_FY2025.json (1.5 MB)
2026-08-01 02:58:45,694 INFO    site                   wrote docs/data/pairs_FY2024_FY2025.json (1.7 MB)
2026-08-01 02:58:45,936 INFO    site                   wrote docs/data/pairs_FY2021_FY2025.json (2.3 MB)
2026-08-01 02:58:46,046 INFO    pubmed                   IPF577508: 0/7,860 records, 749 affiliations
2026-08-01 02:58:46,078 INFO    site                   wrote docs/data/core.json (2.3 MB)
2026-08-01 02:58:46,107 INFO    site                   copied 51 figures into docs/figures
2026-08-01 02:58:46,119 INFO    site                   copied 20 tables into docs/tables
2026-08-01 02:59:07,483 INFO    pubmed                   IPF577508: 2,000/7,860 records, 8,359 affiliations
2026-08-01 02:59:27,191 INFO    pubmed                   IPF577508: 4,000/7,860 records, 15,752 affiliations
2026-08-01 02:59:48,479 INFO    pubmed                   IPF577508: 6,000/7,860 records, 24,244 affiliations
2026-08-01 03:00:06,795 INFO    pubmed                 IPF577508: harvested 31,086 author-affiliation records
2026-08-01 03:00:06,799 INFO    pubmed                 [9/32] Ohio State
2026-08-01 03:00:07,101 INFO    pubmed                   IPF6218701 2020: 1,578 candidate records
2026-08-01 03:00:07,712 INFO    pubmed                   IPF6218701 2021: 1,544 candidate records
2026-08-01 03:00:08,309 INFO    pubmed                   IPF6218701 2022: 1,449 candidate records
2026-08-01 03:00:08,931 INFO    pubmed                   IPF6218701 2023: 1,498 candidate records
2026-08-01 03:00:09,575 INFO    pubmed                   IPF6218701 2024: 1,554 candidate records
2026-08-01 03:00:10,199 INFO    pubmed                   IPF6218701 2025: 1,638 candidate records
2026-08-01 03:00:10,787 INFO    pubmed                   IPF6218701 2026: 1,139 candidate records
2026-08-01 03:00:11,132 INFO    pubmed                 IPF6218701: 8,808 distinct candidate records
2026-08-01 03:00:12,826 INFO    pubmed                   IPF6218701: 0/8,808 records, 655 affiliations
2026-08-01 03:00:31,428 INFO    pubmed                   IPF6218701: 2,000/8,808 records, 7,831 affiliations
2026-08-01 03:00:53,684 INFO    pubmed                   IPF6218701: 4,000/8,808 records, 15,017 affiliations
2026-08-01 03:01:14,728 INFO    pubmed                   IPF6218701: 6,000/8,808 records, 22,737 affiliations
2026-08-01 03:01:34,375 INFO    pubmed                   IPF6218701: 8,000/8,808 records, 29,565 affiliations
2026-08-01 03:01:41,276 INFO    pubmed                 IPF6218701: harvested 31,908 author-affiliation records
2026-08-01 03:01:41,285 INFO    pubmed                 [10/32] Minnesota
2026-08-01 03:01:41,542 INFO    pubmed                   IPF1450402 2020: 908 candidate records
2026-08-01 03:01:42,102 INFO    pubmed                   IPF1450402 2021: 970 candidate records
2026-08-01 03:01:42,672 INFO    pubmed                   IPF1450402 2022: 983 candidate records
2026-08-01 03:01:43,267 INFO    pubmed                   IPF1450402 2023: 1,043 candidate records
2026-08-01 03:01:43,853 INFO    pubmed                   IPF1450402 2024: 1,129 candidate records
2026-08-01 03:01:44,457 INFO    pubmed                   IPF1450402 2025: 1,225 candidate records
2026-08-01 03:01:45,024 INFO    pubmed                   IPF1450402 2026: 786 candidate records
2026-08-01 03:01:45,372 INFO    pubmed                 IPF1450402: 6,026 distinct candidate records
2026-08-01 03:01:47,437 INFO    pubmed                   IPF1450402: 0/6,026 records, 819 affiliations
2026-08-01 03:02:08,396 INFO    pubmed                   IPF1450402: 2,000/6,026 records, 7,118 affiliations
2026-08-01 03:02:28,886 INFO    pubmed                   IPF1450402: 4,000/6,026 records, 13,308 affiliations
2026-08-01 03:02:49,086 INFO    pubmed                   IPF1450402: 6,000/6,026 records, 18,996 affiliations
2026-08-01 03:02:49,474 INFO    pubmed                 IPF1450402: harvested 18,996 author-affiliation records
2026-08-01 03:02:49,477 INFO    pubmed                 [11/32] Stanford
2026-08-01 03:02:49,786 INFO    pubmed                   IPF8046501 2020: 2,136 candidate records
2026-08-01 03:02:50,536 INFO    pubmed                   IPF8046501 2021: 2,205 candidate records
2026-08-01 03:02:51,185 INFO    pubmed                   IPF8046501 2022: 2,146 candidate records
2026-08-01 03:02:51,894 INFO    pubmed                   IPF8046501 2023: 2,150 candidate records
2026-08-01 03:02:52,631 INFO    pubmed                   IPF8046501 2024: 2,303 candidate records
2026-08-01 03:02:53,468 INFO    pubmed                   IPF8046501 2025: 2,546 candidate records
2026-08-01 03:02:54,082 INFO    pubmed                   IPF8046501 2026: 1,661 candidate records
2026-08-01 03:02:54,425 INFO    pubmed                 IPF8046501: 13,007 distinct candidate records
2026-08-01 03:02:56,330 INFO    pubmed                   IPF8046501: 0/13,007 records, 703 affiliations
2026-08-01 03:03:17,254 INFO    pubmed                   IPF8046501: 2,000/13,007 records, 7,950 affiliations
2026-08-01 03:03:38,437 INFO    pubmed                   IPF8046501: 4,000/13,007 records, 15,247 affiliations
2026-08-01 03:04:04,346 INFO    pubmed                   IPF8046501: 6,000/13,007 records, 22,734 affiliations
2026-08-01 03:04:29,507 INFO    pubmed                   IPF8046501: 8,000/13,007 records, 29,602 affiliations
2026-08-01 03:04:50,575 INFO    pubmed                   IPF8046501: 10,000/13,007 records, 36,757 affiliations
2026-08-01 03:05:09,835 INFO    pubmed                   IPF8046501: 12,000/13,007 records, 43,658 affiliations
2026-08-01 03:05:19,933 INFO    pubmed                 IPF8046501: harvested 46,484 author-affiliation records
2026-08-01 03:05:19,945 INFO    pubmed                 [12/32] Florida
2026-08-01 03:05:20,160 INFO    pubmed                   IPF513806 2020: 829 candidate records
2026-08-01 03:05:20,740 INFO    pubmed                   IPF513806 2021: 923 candidate records
2026-08-01 03:05:21,319 INFO    pubmed                   IPF513806 2022: 976 candidate records
2026-08-01 03:05:21,895 INFO    pubmed                   IPF513806 2023: 1,071 candidate records
2026-08-01 03:05:22,489 INFO    pubmed                   IPF513806 2024: 1,154 candidate records
2026-08-01 03:05:23,080 INFO    pubmed                   IPF513806 2025: 1,146 candidate records
2026-08-01 03:05:23,648 INFO    pubmed                   IPF513806 2026: 761 candidate records
2026-08-01 03:05:23,991 INFO    pubmed                 IPF513806: 5,789 distinct candidate records
2026-08-01 03:05:26,012 INFO    pubmed                   IPF513806: 0/5,789 records, 651 affiliations
2026-08-01 03:05:45,858 INFO    pubmed                   IPF513806: 2,000/5,789 records, 7,193 affiliations
2026-08-01 03:06:07,496 INFO    pubmed                   IPF513806: 4,000/5,789 records, 13,963 affiliations
2026-08-01 03:06:26,114 INFO    pubmed                 IPF513806: harvested 19,072 author-affiliation records
2026-08-01 03:06:26,119 INFO    pubmed                 [13/32] Wisconsin–Madison
2026-08-01 03:06:26,378 INFO    pubmed                   IPF578503 2020: 877 candidate records
2026-08-01 03:06:26,994 INFO    pubmed                   IPF578503 2021: 939 candidate records
2026-08-01 03:06:27,589 INFO    pubmed                   IPF578503 2022: 887 candidate records
2026-08-01 03:06:28,158 INFO    pubmed                   IPF578503 2023: 874 candidate records
2026-08-01 03:06:28,726 INFO    pubmed                   IPF578503 2024: 965 candidate records
2026-08-01 03:06:29,320 INFO    pubmed                   IPF578503 2025: 1,171 candidate records
2026-08-01 03:06:29,889 INFO    pubmed                   IPF578503 2026: 723 candidate records
2026-08-01 03:06:30,233 INFO    pubmed                 IPF578503: 5,473 distinct candidate records
2026-08-01 03:06:31,948 INFO    pubmed                   IPF578503: 0/5,473 records, 750 affiliations
2026-08-01 03:06:54,669 INFO    pubmed                   IPF578503: 2,000/5,473 records, 7,943 affiliations
2026-08-01 03:07:15,348 INFO    pubmed                   IPF578503: 4,000/5,473 records, 14,939 affiliations
2026-08-01 03:07:28,888 INFO    pubmed                 IPF578503: harvested 19,430 author-affiliation records
2026-08-01 03:07:28,891 INFO    pubmed                 [14/32] Northwestern
2026-08-01 03:07:29,158 INFO    pubmed                   IPF6144650 2020: 1,402 candidate records
2026-08-01 03:07:29,812 INFO    pubmed                   IPF6144650 2021: 1,501 candidate records
2026-08-01 03:07:30,426 INFO    pubmed                   IPF6144650 2022: 1,533 candidate records
2026-08-01 03:07:31,032 INFO    pubmed                   IPF6144650 2023: 1,449 candidate records
2026-08-01 03:07:31,659 INFO    pubmed                   IPF6144650 2024: 1,506 candidate records
2026-08-01 03:07:32,271 INFO    pubmed                   IPF6144650 2025: 1,678 candidate records
2026-08-01 03:07:32,849 INFO    pubmed                   IPF6144650 2026: 1,068 candidate records
2026-08-01 03:07:33,196 INFO    pubmed                 IPF6144650: 8,682 distinct candidate records
2026-08-01 03:07:34,836 INFO    pubmed                   IPF6144650: 0/8,682 records, 635 affiliations
2026-08-01 03:07:58,688 INFO    pubmed                   IPF6144650: 2,000/8,682 records, 8,329 affiliations
2026-08-01 03:08:19,590 INFO    pubmed                   IPF6144650: 4,000/8,682 records, 16,598 affiliations
2026-08-01 03:08:40,619 INFO    pubmed                   IPF6144650: 6,000/8,682 records, 25,020 affiliations
2026-08-01 03:08:50,968 INFO    rank                   FY2025: 62,780 award-year rows (incl. roll-up duplicates)
2026-08-01 03:08:51,225 INFO    rank                     wrote rank_institution_FY2025.csv (2,590 rows)
2026-08-01 03:08:51,408 INFO    rank                     wrote rank_department_FY2025.csv (47 rows)
2026-08-01 03:08:51,815 INFO    rank                     wrote rank_institution_department_FY2025.csv (6,203 rows)
2026-08-01 03:08:52,076 INFO    rank                   FY2024_FY2025: 131,120 award-year rows (incl. roll-up duplicates)
2026-08-01 03:08:52,537 INFO    rank                     wrote rank_institution_FY2024_FY2025.csv (3,387 rows)
2026-08-01 03:08:52,842 INFO    rank                     wrote rank_department_FY2024_FY2025.csv (47 rows)
2026-08-01 03:08:53,421 INFO    rank                     wrote rank_institution_department_FY2024_FY2025.csv (7,398 rows)
2026-08-01 03:08:54,036 INFO    rank                   FY2021_FY2025: 336,656 award-year rows (incl. roll-up duplicates)
2026-08-01 03:08:55,052 INFO    rank                     wrote rank_institution_FY2021_FY2025.csv (5,010 rows)
2026-08-01 03:08:55,884 INFO    rank                     wrote rank_department_FY2021_FY2025.csv (48 rows)
2026-08-01 03:08:57,188 INFO    rank                     wrote rank_institution_department_FY2021_FY2025.csv (9,683 rows)
2026-08-01 03:08:57,469 INFO    driver                 done: rank
2026-08-01 03:09:02,837 INFO    pubmed                   IPF6144650: 8,000/8,682 records, 33,254 affiliations
2026-08-01 03:09:03,108 INFO    mgb_surgery            rejected 7,375 composite affiliation blocks (multi-institution strings PubMed attaches to every author)
2026-08-01 03:09:03,230 INFO    mgb_surgery            surgical author-affiliation records: 38,197 (1,380 ambiguous name keys)
2026-08-01 03:09:03,370 INFO    mgb_surgery            MGH+BWH contact-PI award-years: 8,446
2026-08-01 03:09:03,415 INFO    mgb_surgery            resolved 577 of 8,446 MGH+BWH contact-PI award-years to a surgical department (6.8%); 7,869 carry no surgical evidence and stay UNKNOWN
2026-08-01 03:09:03,528 INFO    mgb_context            wrote surgery_ranking_with_mgb_FY2025_corroborated.csv (80 rows)
2026-08-01 03:09:03,784 INFO    mgb_context              mgb/surgery_ranking_with_mgb_FY2025_corroborated.png
2026-08-01 03:09:03,835 INFO    mgb_context            wrote surgery_ranking_with_mgb_FY2025_all_evidence.csv (80 rows)
2026-08-01 03:09:04,089 INFO    mgb_context              mgb/surgery_ranking_with_mgb_FY2025_all_evidence.png
2026-08-01 03:09:04,125 INFO    mgb_context            wrote surgery_ranking_with_mgb_FY2024_FY2025_corroborated.csv (85 rows)
2026-08-01 03:09:04,310 INFO    mgb_context              mgb/surgery_ranking_with_mgb_FY2024_FY2025_corroborated.png
2026-08-01 03:09:04,351 INFO    mgb_context            wrote surgery_ranking_with_mgb_FY2024_FY2025_all_evidence.csv (85 rows)
2026-08-01 03:09:04,519 INFO    mgb_context              mgb/surgery_ranking_with_mgb_FY2024_FY2025_all_evidence.png
2026-08-01 03:09:04,563 INFO    mgb_context            wrote surgery_ranking_with_mgb_FY2021_FY2025_corroborated.csv (96 rows)
2026-08-01 03:09:04,772 INFO    mgb_context              mgb/surgery_ranking_with_mgb_FY2021_FY2025_corroborated.png
2026-08-01 03:09:04,816 INFO    mgb_context            wrote surgery_ranking_with_mgb_FY2021_FY2025_all_evidence.csv (96 rows)
2026-08-01 03:09:05,043 INFO    mgb_context              mgb/surgery_ranking_with_mgb_FY2021_FY2025_all_evidence.png
2026-08-01 03:09:05,085 INFO    driver                 done: mgb
2026-08-01 03:09:05,959 INFO    site                   wrote docs/data/pairs_FY2025.json (1.5 MB)
2026-08-01 03:09:06,113 INFO    site                   wrote docs/data/pairs_FY2024_FY2025.json (1.7 MB)
2026-08-01 03:09:06,272 INFO    site                   wrote docs/data/pairs_FY2021_FY2025.json (2.3 MB)
2026-08-01 03:09:06,375 INFO    site                   wrote docs/data/core.json (2.3 MB)
2026-08-01 03:09:06,421 INFO    site                   copied 51 figures into docs/figures
2026-08-01 03:09:06,436 INFO    site                   copied 20 tables into docs/tables
2026-08-01 03:09:09,833 INFO    pubmed                 IPF6144650: harvested 35,195 author-affiliation records
2026-08-01 03:09:09,837 INFO    pubmed                 [15/32] Columbia
2026-08-01 03:09:10,119 INFO    pubmed                   IPF1833205 2020: 1,501 candidate records
2026-08-01 03:09:10,801 INFO    pubmed                   IPF1833205 2021: 1,538 candidate records
2026-08-01 03:09:11,410 INFO    pubmed                   IPF1833205 2022: 1,519 candidate records
2026-08-01 03:09:12,026 INFO    pubmed                   IPF1833205 2023: 1,548 candidate records
2026-08-01 03:09:12,679 INFO    pubmed                   IPF1833205 2024: 1,625 candidate records
2026-08-01 03:09:13,292 INFO    pubmed                   IPF1833205 2025: 1,684 candidate records
2026-08-01 03:09:14,002 INFO    pubmed                   IPF1833205 2026: 1,135 candidate records
2026-08-01 03:09:14,346 INFO    pubmed                 IPF1833205: 8,940 distinct candidate records
2026-08-01 03:09:16,220 INFO    pubmed                   IPF1833205: 0/8,940 records, 682 affiliations
2026-08-01 03:09:41,735 INFO    pubmed                   IPF1833205: 2,000/8,940 records, 7,937 affiliations
2026-08-01 03:10:03,734 INFO    pubmed                   IPF1833205: 4,000/8,940 records, 14,652 affiliations
2026-08-01 03:10:26,994 INFO    pubmed                   IPF1833205: 6,000/8,940 records, 21,901 affiliations
2026-08-01 03:10:28,776 INFO    schema                 FY2021: 17 columns present but unused: ARRA_FUNDED, AWARD_NOTICE_DATE, CFDA_CODE, ED_INST_TYPE, FUNDING_ICs, NIH_SPENDING_CATS, OPPORTUNITY NUMBER, ORG_DISTRICT, ORG_FIPS, ORG_ZIPCODE, PHR, PROGRAM_OFFICER_NAME, PROJECT_TERMS, SERIAL_NUMBER, STUDY_SECTION, STUDY_SECTION_NAME, SUFFIX
2026-08-01 03:10:28,898 INFO    load                   FY2021: read 82,940 rows from RePORTER_PRJ_C_FY2021.csv
2026-08-01 03:10:29,181 INFO    load                   FY2021: 82,940 -> 63,107 award-years after inclusion rules
2026-08-01 03:10:32,942 INFO    schema                 FY2022: 17 columns present but unused: ARRA_FUNDED, AWARD_NOTICE_DATE, CFDA_CODE, ED_INST_TYPE, FUNDING_ICs, NIH_SPENDING_CATS, OPPORTUNITY NUMBER, ORG_DISTRICT, ORG_FIPS, ORG_ZIPCODE, PHR, PROGRAM_OFFICER_NAME, PROJECT_TERMS, SERIAL_NUMBER, STUDY_SECTION, STUDY_SECTION_NAME, SUFFIX
2026-08-01 03:10:33,022 INFO    load                   FY2022: read 83,877 rows from RePORTER_PRJ_C_FY2022.csv
2026-08-01 03:10:33,240 INFO    load                   FY2022: 83,877 -> 64,368 award-years after inclusion rules
2026-08-01 03:10:36,881 INFO    schema                 FY2023: 17 columns present but unused: ARRA_FUNDED, AWARD_NOTICE_DATE, CFDA_CODE, ED_INST_TYPE, FUNDING_ICs, NIH_SPENDING_CATS, OPPORTUNITY NUMBER, ORG_DISTRICT, ORG_FIPS, ORG_ZIPCODE, PHR, PROGRAM_OFFICER_NAME, PROJECT_TERMS, SERIAL_NUMBER, STUDY_SECTION, STUDY_SECTION_NAME, SUFFIX
2026-08-01 03:10:36,965 INFO    load                   FY2023: read 85,024 rows from RePORTER_PRJ_C_FY2023.csv
2026-08-01 03:10:37,323 INFO    load                   FY2023: 85,024 -> 65,398 award-years after inclusion rules
2026-08-01 03:10:41,223 INFO    schema                 FY2024: 17 columns present but unused: ARRA_FUNDED, AWARD_NOTICE_DATE, CFDA_CODE, ED_INST_TYPE, FUNDING_ICs, NIH_SPENDING_CATS, OPPORTUNITY NUMBER, ORG_DISTRICT, ORG_FIPS, ORG_ZIPCODE, PHR, PROGRAM_OFFICER_NAME, PROJECT_TERMS, SERIAL_NUMBER, STUDY_SECTION, STUDY_SECTION_NAME, SUFFIX
2026-08-01 03:10:41,292 INFO    load                   FY2024: read 83,314 rows from RePORTER_PRJ_C_FY2024.csv
2026-08-01 03:10:41,511 INFO    load                   FY2024: 83,314 -> 64,078 award-years after inclusion rules
2026-08-01 03:10:44,471 INFO    schema                 FY2025: 17 columns present but unused: ARRA_FUNDED, ASSISTANCE_LISTING_NUMBER, AWARD_NOTICE_DATE, ED_INST_TYPE, FUNDING_ICs, NIH_SPENDING_CATS, OPPORTUNITY NUMBER, ORG_DISTRICT, ORG_FIPS, ORG_ZIPCODE, PHR, PROGRAM_OFFICER_NAME, PROJECT_TERMS, SERIAL_NUMBER, STUDY_SECTION, STUDY_SECTION_NAME, SUFFIX
2026-08-01 03:10:44,550 INFO    load                   FY2025: read 76,224 rows from RePORTER_PRJ_C_FY2025.csv
2026-08-01 03:10:44,767 INFO    load                   FY2025: 76,224 -> 58,767 award-years after inclusion rules
2026-08-01 03:10:46,802 WARNING load                   resolved 1 application(s) appearing in multiple annual files; dropped 1 row(s). See logs/duplicate_application_resolution.csv
2026-08-01 03:10:47,679 INFO    pubmed                   IPF1833205: 8,000/8,940 records, 29,352 affiliations
2026-08-01 03:10:51,406 INFO    load                   built 315,717 award-years and 426,481 PI links across FY2021-FY2025
2026-08-01 03:10:55,970 INFO    pubmed                 IPF1833205: harvested 31,938 author-affiliation records
2026-08-01 03:10:55,975 INFO    pubmed                 [16/32] NYU
2026-08-01 03:10:56,233 INFO    pubmed                   IPF5998304 2020: 1,479 candidate records
2026-08-01 03:10:56,857 INFO    pubmed                   IPF5998304 2021: 1,699 candidate records
2026-08-01 03:10:57,490 INFO    pubmed                   IPF5998304 2022: 1,727 candidate records
2026-08-01 03:10:58,116 INFO    pubmed                   IPF5998304 2023: 1,816 candidate records
2026-08-01 03:10:58,741 INFO    pubmed                   IPF5998304 2024: 1,939 candidate records
2026-08-01 03:10:59,379 INFO    pubmed                   IPF5998304 2025: 2,036 candidate records
2026-08-01 03:10:59,976 INFO    pubmed                   IPF5998304 2026: 1,404 candidate records
2026-08-01 03:11:00,323 INFO    pubmed                 IPF5998304: 10,161 distinct candidate records
2026-08-01 03:11:01,570 INFO    pubmed                   IPF5998304: 0/10,161 records, 708 affiliations
2026-08-01 03:11:11,730 INFO    annotate               annotated 315,717 award-years | 8 mechanism families | 33 specialties | 5007 canonical orgs
2026-08-01 03:11:12,801 INFO    driver                 done: build
2026-08-01 03:11:15,182 INFO    rank                   FY2025: 62,780 award-year rows (incl. roll-up duplicates)
2026-08-01 03:11:15,430 INFO    rank                     wrote rank_institution_FY2025.csv (2,590 rows)
2026-08-01 03:11:15,651 INFO    rank                     wrote rank_department_FY2025.csv (47 rows)
2026-08-01 03:11:16,097 INFO    rank                     wrote rank_institution_department_FY2025.csv (6,203 rows)
2026-08-01 03:11:16,313 INFO    rank                   FY2024_FY2025: 131,120 award-year rows (incl. roll-up duplicates)
2026-08-01 03:11:16,775 INFO    rank                     wrote rank_institution_FY2024_FY2025.csv (3,387 rows)
2026-08-01 03:11:17,082 INFO    rank                     wrote rank_department_FY2024_FY2025.csv (47 rows)
2026-08-01 03:11:17,713 INFO    rank                     wrote rank_institution_department_FY2024_FY2025.csv (7,398 rows)
2026-08-01 03:11:18,383 INFO    rank                   FY2021_FY2025: 336,656 award-year rows (incl. roll-up duplicates)
2026-08-01 03:11:18,548 INFO    pubmed                   IPF5998304: 2,000/10,161 records, 7,392 affiliations
2026-08-01 03:11:19,362 INFO    rank                     wrote rank_institution_FY2021_FY2025.csv (5,010 rows)
2026-08-01 03:11:20,039 INFO    rank                     wrote rank_department_FY2021_FY2025.csv (48 rows)
2026-08-01 03:11:21,246 INFO    rank                     wrote rank_institution_department_FY2021_FY2025.csv (9,683 rows)
2026-08-01 03:11:21,477 INFO    driver                 done: rank
2026-08-01 03:11:26,678 INFO    mgb_surgery            rejected 7,375 composite affiliation blocks (multi-institution strings PubMed attaches to every author)
2026-08-01 03:11:26,812 INFO    mgb_surgery            surgical author-affiliation records: 38,197 (1,380 ambiguous name keys)
2026-08-01 03:11:26,942 INFO    mgb_surgery            MGH+BWH contact-PI award-years: 8,446
2026-08-01 03:11:26,986 INFO    mgb_surgery            resolved 577 of 8,446 MGH+BWH contact-PI award-years to a surgical department (6.8%); 7,869 carry no surgical evidence and stay UNKNOWN
2026-08-01 03:11:27,118 INFO    mgb_context            wrote surgery_ranking_with_mgb_FY2025_corroborated.csv (80 rows)
2026-08-01 03:11:27,395 INFO    mgb_context              mgb/surgery_ranking_with_mgb_FY2025_corroborated.png
2026-08-01 03:11:27,431 INFO    mgb_context            wrote surgery_ranking_with_mgb_FY2025_all_evidence.csv (80 rows)
2026-08-01 03:11:27,697 INFO    mgb_context              mgb/surgery_ranking_with_mgb_FY2025_all_evidence.png
2026-08-01 03:11:27,739 INFO    mgb_context            wrote surgery_ranking_with_mgb_FY2024_FY2025_corroborated.csv (85 rows)
2026-08-01 03:11:27,940 INFO    mgb_context              mgb/surgery_ranking_with_mgb_FY2024_FY2025_corroborated.png
2026-08-01 03:11:27,992 INFO    mgb_context            wrote surgery_ranking_with_mgb_FY2024_FY2025_all_evidence.csv (85 rows)
2026-08-01 03:11:28,223 INFO    mgb_context              mgb/surgery_ranking_with_mgb_FY2024_FY2025_all_evidence.png
2026-08-01 03:11:28,281 INFO    mgb_context            wrote surgery_ranking_with_mgb_FY2021_FY2025_corroborated.csv (96 rows)
2026-08-01 03:11:28,479 INFO    mgb_context              mgb/surgery_ranking_with_mgb_FY2021_FY2025_corroborated.png
2026-08-01 03:11:28,547 INFO    mgb_context            wrote surgery_ranking_with_mgb_FY2021_FY2025_all_evidence.csv (96 rows)
2026-08-01 03:11:28,792 INFO    mgb_context              mgb/surgery_ranking_with_mgb_FY2021_FY2025_all_evidence.png
2026-08-01 03:11:28,864 INFO    driver                 done: mgb
2026-08-01 03:11:29,657 INFO    site                   wrote docs/data/pairs_FY2025.json (1.5 MB)
2026-08-01 03:11:29,809 INFO    site                   wrote docs/data/pairs_FY2024_FY2025.json (1.7 MB)
2026-08-01 03:11:29,991 INFO    site                   wrote docs/data/pairs_FY2021_FY2025.json (2.3 MB)
2026-08-01 03:11:30,099 INFO    site                   wrote docs/data/core.json (2.3 MB)
2026-08-01 03:11:30,142 INFO    site                   copied 51 figures into docs/figures
2026-08-01 03:11:30,156 INFO    site                   copied 20 tables into docs/tables
2026-08-01 03:11:38,281 INFO    pubmed                   IPF5998304: 4,000/10,161 records, 14,751 affiliations
2026-08-01 03:11:56,797 INFO    pubmed                   IPF5998304: 6,000/10,161 records, 21,843 affiliations
2026-08-01 03:12:15,872 INFO    pubmed                   IPF5998304: 8,000/10,161 records, 28,693 affiliations
2026-08-01 03:12:35,546 INFO    pubmed                   IPF5998304: 10,000/10,161 records, 35,224 affiliations
2026-08-01 03:12:35,997 INFO    pubmed                 IPF5998304: harvested 35,224 author-affiliation records
2026-08-01 03:12:36,002 INFO    pubmed                 [17/32] Johns Hopkins
2026-08-01 03:12:36,350 INFO    pubmed                   IPF4134401 2020: 2,573 candidate records
2026-08-01 03:12:37,064 INFO    pubmed                   IPF4134401 2021: 2,744 candidate records
2026-08-01 03:12:37,740 INFO    pubmed                   IPF4134401 2022: 2,791 candidate records
2026-08-01 03:12:38,525 INFO    pubmed                   IPF4134401 2023: 2,620 candidate records
2026-08-01 03:12:39,197 INFO    pubmed                   IPF4134401 2024: 2,748 candidate records
2026-08-01 03:12:39,891 INFO    pubmed                   IPF4134401 2025: 2,793 candidate records
2026-08-01 03:12:40,513 INFO    pubmed                   IPF4134401 2026: 1,806 candidate records
2026-08-01 03:12:40,860 INFO    pubmed                 IPF4134401: 15,399 distinct candidate records
2026-08-01 03:12:42,301 INFO    pubmed                   IPF4134401: 0/15,399 records, 845 affiliations
2026-08-01 03:13:01,662 INFO    pubmed                   IPF4134401: 2,000/15,399 records, 8,556 affiliations
2026-08-01 03:13:20,040 INFO    pubmed                   IPF4134401: 4,000/15,399 records, 16,582 affiliations
2026-08-01 03:13:39,518 INFO    pubmed                   IPF4134401: 6,000/15,399 records, 24,049 affiliations
2026-08-01 03:13:58,874 INFO    pubmed                   IPF4134401: 8,000/15,399 records, 31,318 affiliations
2026-08-01 03:14:18,652 INFO    pubmed                   IPF4134401: 10,000/15,399 records, 38,771 affiliations
2026-08-01 03:14:39,076 INFO    pubmed                   IPF4134401: 12,000/15,399 records, 45,897 affiliations
2026-08-01 03:14:59,800 INFO    pubmed                   IPF4134401: 14,000/15,399 records, 52,911 affiliations
2026-08-01 03:15:12,308 INFO    pubmed                 IPF4134401: harvested 57,383 author-affiliation records
2026-08-01 03:15:12,315 INFO    pubmed                 [18/32] MD Anderson
2026-08-01 03:15:12,573 INFO    pubmed                   IPF578407 2020: 1,328 candidate records
2026-08-01 03:15:13,188 INFO    pubmed                   IPF578407 2021: 1,358 candidate records
2026-08-01 03:15:13,815 INFO    pubmed                   IPF578407 2022: 1,265 candidate records
2026-08-01 03:15:14,457 INFO    pubmed                   IPF578407 2023: 1,342 candidate records
2026-08-01 03:15:15,055 INFO    pubmed                   IPF578407 2024: 1,323 candidate records
2026-08-01 03:15:15,664 INFO    pubmed                   IPF578407 2025: 1,426 candidate records
2026-08-01 03:15:16,232 INFO    pubmed                   IPF578407 2026: 984 candidate records
2026-08-01 03:15:16,576 INFO    pubmed                 IPF578407: 7,863 distinct candidate records
2026-08-01 03:15:18,332 INFO    pubmed                   IPF578407: 0/7,863 records, 1,174 affiliations
2026-08-01 03:15:20,677 INFO    site                   FY2025: appended 1 reconstructed department row(s)
2026-08-01 03:15:20,726 INFO    site                   wrote docs/data/pairs_FY2025.json (1.5 MB)
2026-08-01 03:15:20,834 INFO    site                   FY2024_FY2025: appended 1 reconstructed department row(s)
2026-08-01 03:15:20,884 INFO    site                   wrote docs/data/pairs_FY2024_FY2025.json (1.8 MB)
2026-08-01 03:15:20,996 INFO    site                   FY2021_FY2025: appended 1 reconstructed department row(s)
2026-08-01 03:15:21,058 INFO    site                   wrote docs/data/pairs_FY2021_FY2025.json (2.3 MB)
2026-08-01 03:15:21,176 INFO    site                   wrote docs/data/core.json (2.3 MB)
2026-08-01 03:15:21,207 INFO    site                   copied 51 figures into docs/figures
2026-08-01 03:15:21,218 INFO    site                   copied 20 tables into docs/tables
2026-08-01 03:15:37,788 INFO    pubmed                   IPF578407: 2,000/7,863 records, 11,686 affiliations
2026-08-01 03:15:58,387 INFO    pubmed                   IPF578407: 4,000/7,863 records, 21,500 affiliations
2026-08-01 03:16:21,079 INFO    pubmed                   IPF578407: 6,000/7,863 records, 31,988 affiliations
2026-08-01 03:16:39,869 INFO    pubmed                 IPF578407: harvested 40,423 author-affiliation records
2026-08-01 03:16:39,874 INFO    pubmed                 [19/32] Rochester
2026-08-01 03:16:40,087 INFO    pubmed                   IPF7047101 2020: 389 candidate records
2026-08-01 03:16:40,626 INFO    pubmed                   IPF7047101 2021: 432 candidate records
2026-08-01 03:16:41,202 INFO    pubmed                   IPF7047101 2022: 513 candidate records
2026-08-01 03:16:41,761 INFO    pubmed                   IPF7047101 2023: 553 candidate records
2026-08-01 03:16:42,338 INFO    pubmed                   IPF7047101 2024: 626 candidate records
2026-08-01 03:16:42,907 INFO    pubmed                   IPF7047101 2025: 707 candidate records
2026-08-01 03:16:43,449 INFO    pubmed                   IPF7047101 2026: 435 candidate records
2026-08-01 03:16:43,794 INFO    pubmed                 IPF7047101: 3,091 distinct candidate records
2026-08-01 03:16:45,135 INFO    pubmed                   IPF7047101: 0/3,091 records, 728 affiliations
2026-08-01 03:17:04,984 INFO    pubmed                   IPF7047101: 2,000/3,091 records, 7,374 affiliations
2026-08-01 03:17:14,607 INFO    pubmed                 IPF7047101: harvested 10,329 author-affiliation records
2026-08-01 03:17:14,608 INFO    pubmed                 [20/32] UCLA
2026-08-01 03:17:14,858 INFO    pubmed                   IPF577505 2020: 1,034 candidate records
2026-08-01 03:17:15,502 INFO    pubmed                   IPF577505 2021: 1,168 candidate records
2026-08-01 03:17:16,106 INFO    pubmed                   IPF577505 2022: 1,073 candidate records
2026-08-01 03:17:16,733 INFO    pubmed                   IPF577505 2023: 1,107 candidate records
2026-08-01 03:17:17,340 INFO    pubmed                   IPF577505 2024: 1,134 candidate records
2026-08-01 03:17:17,950 INFO    pubmed                   IPF577505 2025: 1,284 candidate records
2026-08-01 03:17:18,535 INFO    pubmed                   IPF577505 2026: 859 candidate records
2026-08-01 03:17:18,879 INFO    pubmed                 IPF577505: 6,546 distinct candidate records
2026-08-01 03:17:20,563 INFO    pubmed                   IPF577505: 0/6,546 records, 784 affiliations
2026-08-01 03:17:40,691 INFO    pubmed                   IPF577505: 2,000/6,546 records, 8,228 affiliations
2026-08-01 03:18:01,323 INFO    pubmed                   IPF577505: 4,000/6,546 records, 15,399 affiliations
2026-08-01 03:18:21,304 INFO    pubmed                   IPF577505: 6,000/6,546 records, 22,527 affiliations
2026-08-01 03:18:25,540 INFO    pubmed                 IPF577505: harvested 23,769 author-affiliation records
2026-08-01 03:18:25,544 INFO    pubmed                 [21/32] UC San Diego
2026-08-01 03:18:25,760 INFO    pubmed                   IPF577507 2020: 668 candidate records
2026-08-01 03:18:26,318 INFO    pubmed                   IPF577507 2021: 734 candidate records
2026-08-01 03:18:26,941 INFO    pubmed                   IPF577507 2022: 732 candidate records
2026-08-01 03:18:27,580 INFO    pubmed                   IPF577507 2023: 743 candidate records
2026-08-01 03:18:28,128 INFO    pubmed                   IPF577507 2024: 754 candidate records
2026-08-01 03:18:28,692 INFO    pubmed                   IPF577507 2025: 888 candidate records
2026-08-01 03:18:29,236 INFO    pubmed                   IPF577507 2026: 604 candidate records
2026-08-01 03:18:29,586 INFO    pubmed                 IPF577507: 4,394 distinct candidate records
2026-08-01 03:18:31,847 INFO    pubmed                   IPF577507: 0/4,394 records, 696 affiliations
2026-08-01 03:18:53,405 INFO    pubmed                   IPF577507: 2,000/4,394 records, 7,636 affiliations
2026-08-01 03:19:15,126 INFO    pubmed                   IPF577507: 4,000/4,394 records, 14,460 affiliations
2026-08-01 03:19:17,740 INFO    pubmed                 IPF577507: harvested 15,123 author-affiliation records
2026-08-01 03:19:17,743 INFO    pubmed                 [22/32] Maryland Baltimore
2026-08-01 03:19:17,962 INFO    pubmed                   IPF820104 2020: 765 candidate records
2026-08-01 03:19:18,560 INFO    pubmed                   IPF820104 2021: 877 candidate records
2026-08-01 03:19:19,153 INFO    pubmed                   IPF820104 2022: 871 candidate records
2026-08-01 03:19:19,746 INFO    pubmed                   IPF820104 2023: 776 candidate records
2026-08-01 03:19:20,332 INFO    pubmed                   IPF820104 2024: 760 candidate records
2026-08-01 03:19:20,908 INFO    pubmed                   IPF820104 2025: 882 candidate records
2026-08-01 03:19:21,497 INFO    pubmed                   IPF820104 2026: 639 candidate records
2026-08-01 03:19:21,851 INFO    pubmed                 IPF820104: 4,745 distinct candidate records
2026-08-01 03:19:23,563 INFO    pubmed                   IPF820104: 0/4,745 records, 607 affiliations
2026-08-01 03:19:46,172 INFO    pubmed                   IPF820104: 2,000/4,745 records, 8,001 affiliations
2026-08-01 03:20:07,768 INFO    pubmed                   IPF820104: 4,000/4,745 records, 14,422 affiliations
2026-08-01 03:20:14,007 INFO    pubmed                 IPF820104: harvested 16,038 author-affiliation records
2026-08-01 03:20:14,010 INFO    pubmed                 [23/32] Weill Cornell
2026-08-01 03:20:14,288 INFO    pubmed                   IPF1514803 2020: 1,594 candidate records
2026-08-01 03:20:14,917 INFO    pubmed                   IPF1514803 2021: 1,870 candidate records
2026-08-01 03:20:15,716 INFO    pubmed                   IPF1514803 2022: 1,887 candidate records
2026-08-01 03:20:16,337 INFO    pubmed                   IPF1514803 2023: 1,814 candidate records
2026-08-01 03:20:16,955 INFO    pubmed                   IPF1514803 2024: 1,818 candidate records
2026-08-01 03:20:17,586 INFO    pubmed                   IPF1514803 2025: 1,921 candidate records
2026-08-01 03:20:18,189 INFO    pubmed                   IPF1514803 2026: 1,274 candidate records
2026-08-01 03:20:18,535 INFO    pubmed                 IPF1514803: 10,263 distinct candidate records
2026-08-01 03:20:19,875 INFO    pubmed                   IPF1514803: 0/10,263 records, 576 affiliations
2026-08-01 03:20:38,486 INFO    pubmed                   IPF1514803: 2,000/10,263 records, 6,194 affiliations
2026-08-01 03:21:00,731 INFO    pubmed                   IPF1514803: 4,000/10,263 records, 11,768 affiliations
2026-08-01 03:21:20,171 INFO    pubmed                   IPF1514803: 6,000/10,263 records, 18,130 affiliations
2026-08-01 03:21:38,784 INFO    pubmed                   IPF1514803: 8,000/10,263 records, 24,324 affiliations
2026-08-01 03:21:58,175 INFO    pubmed                   IPF1514803: 10,000/10,263 records, 30,172 affiliations
2026-08-01 03:21:59,943 INFO    pubmed                 IPF1514803: harvested 30,423 author-affiliation records
2026-08-01 03:21:59,949 INFO    pubmed                 [24/32] Emory
2026-08-01 03:22:00,191 INFO    pubmed                   IPF2384501 2020: 1,152 candidate records
2026-08-01 03:22:00,788 INFO    pubmed                   IPF2384501 2021: 1,338 candidate records
2026-08-01 03:22:01,383 INFO    pubmed                   IPF2384501 2022: 1,300 candidate records
2026-08-01 03:22:01,984 INFO    pubmed                   IPF2384501 2023: 1,308 candidate records
2026-08-01 03:22:02,586 INFO    pubmed                   IPF2384501 2024: 1,429 candidate records
2026-08-01 03:22:03,208 INFO    pubmed                   IPF2384501 2025: 1,547 candidate records
2026-08-01 03:22:03,776 INFO    pubmed                   IPF2384501 2026: 986 candidate records
2026-08-01 03:22:04,126 INFO    pubmed                 IPF2384501: 7,598 distinct candidate records
2026-08-01 03:22:05,421 INFO    pubmed                   IPF2384501: 0/7,598 records, 666 affiliations
2026-08-01 03:22:29,995 INFO    pubmed                   IPF2384501: 2,000/7,598 records, 7,318 affiliations
2026-08-01 03:22:52,510 INFO    pubmed                   IPF2384501: 4,000/7,598 records, 13,929 affiliations
2026-08-01 03:23:14,101 INFO    pubmed                   IPF2384501: 6,000/7,598 records, 20,089 affiliations
2026-08-01 03:23:28,755 INFO    pubmed                 IPF2384501: harvested 24,151 author-affiliation records
2026-08-01 03:23:28,761 INFO    pubmed                 [25/32] Miami
2026-08-01 03:23:29,028 INFO    pubmed                   IPF5221250 2020: 1,297 candidate records
2026-08-01 03:23:29,668 INFO    pubmed                   IPF5221250 2021: 1,416 candidate records
2026-08-01 03:23:30,309 INFO    pubmed                   IPF5221250 2022: 1,306 candidate records
2026-08-01 03:23:30,919 INFO    pubmed                   IPF5221250 2023: 1,324 candidate records
2026-08-01 03:23:31,585 INFO    pubmed                   IPF5221250 2024: 1,409 candidate records
2026-08-01 03:23:32,200 INFO    pubmed                   IPF5221250 2025: 1,627 candidate records
2026-08-01 03:23:32,811 INFO    pubmed                   IPF5221250 2026: 1,066 candidate records
2026-08-01 03:23:33,153 INFO    pubmed                 IPF5221250: 8,072 distinct candidate records
2026-08-01 03:23:34,585 INFO    pubmed                   IPF5221250: 0/8,072 records, 696 affiliations
2026-08-01 03:23:54,899 INFO    pubmed                   IPF5221250: 2,000/8,072 records, 8,155 affiliations
2026-08-01 03:24:15,942 INFO    pubmed                   IPF5221250: 4,000/8,072 records, 15,302 affiliations
2026-08-01 03:24:35,192 INFO    pubmed                   IPF5221250: 6,000/8,072 records, 22,477 affiliations
2026-08-01 03:24:57,334 INFO    pubmed                   IPF5221250: 8,000/8,072 records, 28,909 affiliations
2026-08-01 03:24:57,757 INFO    pubmed                 IPF5221250: harvested 28,909 author-affiliation records
2026-08-01 03:24:57,762 INFO    pubmed                 [26/32] UC Davis
2026-08-01 03:24:57,980 INFO    pubmed                   IPF577503 2020: 472 candidate records
2026-08-01 03:24:58,665 INFO    pubmed                   IPF577503 2021: 543 candidate records
2026-08-01 03:24:59,221 INFO    pubmed                   IPF577503 2022: 555 candidate records
2026-08-01 03:24:59,775 INFO    pubmed                   IPF577503 2023: 552 candidate records
2026-08-01 03:25:00,334 INFO    pubmed                   IPF577503 2024: 577 candidate records
2026-08-01 03:25:00,896 INFO    pubmed                   IPF577503 2025: 636 candidate records
2026-08-01 03:25:01,427 INFO    pubmed                   IPF577503 2026: 432 candidate records
2026-08-01 03:25:01,771 INFO    pubmed                 IPF577503: 3,231 distinct candidate records
2026-08-01 03:25:03,223 INFO    pubmed                   IPF577503: 0/3,231 records, 573 affiliations
2026-08-01 03:25:22,835 INFO    pubmed                   IPF577503: 2,000/3,231 records, 5,956 affiliations
2026-08-01 03:25:33,875 INFO    pubmed                 IPF577503: harvested 8,723 author-affiliation records
2026-08-01 03:25:33,879 INFO    pubmed                 [27/32] Virginia
2026-08-01 03:25:34,138 INFO    pubmed                   IPF1526402 2020: 845 candidate records
2026-08-01 03:25:34,712 INFO    pubmed                   IPF1526402 2021: 878 candidate records
2026-08-01 03:25:35,285 INFO    pubmed                   IPF1526402 2022: 928 candidate records
2026-08-01 03:25:35,848 INFO    pubmed                   IPF1526402 2023: 921 candidate records
2026-08-01 03:25:36,408 INFO    pubmed                   IPF1526402 2024: 939 candidate records
2026-08-01 03:25:36,989 INFO    pubmed                   IPF1526402 2025: 1,063 candidate records
2026-08-01 03:25:38,475 INFO    pubmed                   IPF1526402 2026: 686 candidate records
2026-08-01 03:25:38,830 INFO    pubmed                 IPF1526402: 5,227 distinct candidate records
2026-08-01 03:25:40,665 INFO    pubmed                   IPF1526402: 0/5,227 records, 627 affiliations
2026-08-01 03:26:02,987 INFO    pubmed                   IPF1526402: 2,000/5,227 records, 7,344 affiliations
2026-08-01 03:26:23,756 INFO    pubmed                   IPF1526402: 4,000/5,227 records, 12,819 affiliations
2026-08-01 03:26:35,406 INFO    pubmed                 IPF1526402: harvested 15,556 author-affiliation records
2026-08-01 03:26:35,409 INFO    pubmed                 [28/32] UAB
2026-08-01 03:26:35,617 INFO    pubmed                   IPF1288803 2020: 775 candidate records
2026-08-01 03:26:36,197 INFO    pubmed                   IPF1288803 2021: 905 candidate records
2026-08-01 03:26:36,773 INFO    pubmed                   IPF1288803 2022: 885 candidate records
2026-08-01 03:26:37,336 INFO    pubmed                   IPF1288803 2023: 831 candidate records
2026-08-01 03:26:37,894 INFO    pubmed                   IPF1288803 2024: 857 candidate records
2026-08-01 03:26:38,462 INFO    pubmed                   IPF1288803 2025: 917 candidate records
2026-08-01 03:26:39,024 INFO    pubmed                   IPF1288803 2026: 648 candidate records
2026-08-01 03:26:39,371 INFO    pubmed                 IPF1288803: 4,923 distinct candidate records
2026-08-01 03:26:40,707 INFO    pubmed                   IPF1288803: 0/4,923 records, 764 affiliations
2026-08-01 03:27:03,091 INFO    pubmed                   IPF1288803: 2,000/4,923 records, 7,747 affiliations
2026-08-01 03:27:26,573 INFO    pubmed                   IPF1288803: 4,000/4,923 records, 14,643 affiliations
2026-08-01 03:27:33,662 INFO    pubmed                 IPF1288803: harvested 16,948 author-affiliation records
2026-08-01 03:27:33,664 INFO    pubmed                 [29/32] Baylor College of Medicine
2026-08-01 03:27:33,951 INFO    pubmed                   IPF481201 2020: 1,302 candidate records
2026-08-01 03:27:34,562 INFO    pubmed                   IPF481201 2021: 1,409 candidate records
2026-08-01 03:27:35,198 INFO    pubmed                   IPF481201 2022: 1,314 candidate records
2026-08-01 03:27:35,941 INFO    pubmed                   IPF481201 2023: 1,258 candidate records
2026-08-01 03:27:36,534 INFO    pubmed                   IPF481201 2024: 1,299 candidate records
2026-08-01 03:27:37,137 INFO    pubmed                   IPF481201 2025: 1,391 candidate records
2026-08-01 03:27:37,741 INFO    pubmed                   IPF481201 2026: 902 candidate records
2026-08-01 03:27:38,086 INFO    pubmed                 IPF481201: 7,528 distinct candidate records
2026-08-01 03:27:39,355 INFO    pubmed                   IPF481201: 0/7,528 records, 637 affiliations
2026-08-01 03:27:57,331 INFO    pubmed                   IPF481201: 2,000/7,528 records, 7,402 affiliations
2026-08-01 03:28:17,586 INFO    pubmed                   IPF481201: 4,000/7,528 records, 13,818 affiliations
2026-08-01 03:28:20,957 INFO    rank                   FY2025: 62,780 award-year rows (incl. roll-up duplicates)
2026-08-01 03:28:21,261 INFO    rank                     wrote rank_institution_FY2025.csv (2,590 rows)
2026-08-01 03:28:21,436 INFO    rank                     wrote rank_department_FY2025.csv (47 rows)
2026-08-01 03:28:21,766 INFO    rank                     wrote rank_institution_department_FY2025.csv (6,203 rows)
2026-08-01 03:28:22,093 INFO    rank                   FY2024_FY2025: 131,120 award-year rows (incl. roll-up duplicates)
2026-08-01 03:28:22,587 INFO    rank                     wrote rank_institution_FY2024_FY2025.csv (3,387 rows)
2026-08-01 03:28:23,021 INFO    rank                     wrote rank_department_FY2024_FY2025.csv (47 rows)
2026-08-01 03:28:23,669 INFO    rank                     wrote rank_institution_department_FY2024_FY2025.csv (7,398 rows)
2026-08-01 03:28:24,266 INFO    rank                   FY2021_FY2025: 336,656 award-year rows (incl. roll-up duplicates)
2026-08-01 03:28:25,191 INFO    rank                     wrote rank_institution_FY2021_FY2025.csv (5,010 rows)
2026-08-01 03:28:25,815 INFO    rank                     wrote rank_department_FY2021_FY2025.csv (48 rows)
2026-08-01 03:28:27,038 INFO    rank                     wrote rank_institution_department_FY2021_FY2025.csv (9,683 rows)
2026-08-01 03:28:27,316 INFO    driver                 done: rank
2026-08-01 03:28:32,743 INFO    mgb_surgery            rejected 7,375 composite affiliation blocks (multi-institution strings PubMed attaches to every author)
2026-08-01 03:28:32,861 INFO    mgb_surgery            surgical author-affiliation records: 38,197 (1,380 ambiguous name keys)
2026-08-01 03:28:32,994 INFO    mgb_surgery            MGH+BWH contact-PI award-years: 8,446
2026-08-01 03:28:33,025 INFO    mgb_surgery            resolved 577 of 8,446 MGH+BWH contact-PI award-years to a surgical department (6.8%); 7,869 carry no surgical evidence and stay UNKNOWN
2026-08-01 03:28:33,129 INFO    mgb_context            wrote surgery_ranking_with_mgb_FY2025_corroborated.csv (80 rows)
2026-08-01 03:28:33,396 INFO    mgb_context              mgb/surgery_ranking_with_mgb_FY2025_corroborated.png
2026-08-01 03:28:33,449 INFO    mgb_context            wrote surgery_ranking_with_mgb_FY2025_all_evidence.csv (80 rows)
2026-08-01 03:28:33,657 INFO    mgb_context              mgb/surgery_ranking_with_mgb_FY2025_all_evidence.png
2026-08-01 03:28:33,697 INFO    mgb_context            wrote surgery_ranking_with_mgb_FY2024_FY2025_corroborated.csv (85 rows)
2026-08-01 03:28:33,903 INFO    mgb_context              mgb/surgery_ranking_with_mgb_FY2024_FY2025_corroborated.png
2026-08-01 03:28:33,942 INFO    mgb_context            wrote surgery_ranking_with_mgb_FY2024_FY2025_all_evidence.csv (85 rows)
2026-08-01 03:28:34,130 INFO    mgb_context              mgb/surgery_ranking_with_mgb_FY2024_FY2025_all_evidence.png
2026-08-01 03:28:34,172 INFO    mgb_context            wrote surgery_ranking_with_mgb_FY2021_FY2025_corroborated.csv (96 rows)
2026-08-01 03:28:34,378 INFO    mgb_context              mgb/surgery_ranking_with_mgb_FY2021_FY2025_corroborated.png
2026-08-01 03:28:34,422 INFO    mgb_context            wrote surgery_ranking_with_mgb_FY2021_FY2025_all_evidence.csv (96 rows)
2026-08-01 03:28:34,665 INFO    mgb_context              mgb/surgery_ranking_with_mgb_FY2021_FY2025_all_evidence.png
2026-08-01 03:28:34,750 INFO    driver                 done: mgb
2026-08-01 03:28:38,289 INFO    pubmed                   IPF481201: 6,000/7,528 records, 20,446 affiliations
2026-08-01 03:28:52,245 INFO    pubmed                 IPF481201: harvested 24,769 author-affiliation records
2026-08-01 03:28:52,250 INFO    pubmed                 [30/32] Yale
2026-08-01 03:28:52,496 INFO    pubmed                   IPF9420201 2020: 1,188 candidate records
2026-08-01 03:28:53,117 INFO    pubmed                   IPF9420201 2021: 1,358 candidate records
2026-08-01 03:28:53,716 INFO    pubmed                   IPF9420201 2022: 1,354 candidate records
2026-08-01 03:28:54,330 INFO    pubmed                   IPF9420201 2023: 1,399 candidate records
2026-08-01 03:28:54,933 INFO    pubmed                   IPF9420201 2024: 1,508 candidate records
2026-08-01 03:28:55,549 INFO    pubmed                   IPF9420201 2025: 1,591 candidate records
2026-08-01 03:28:56,147 INFO    pubmed                   IPF9420201 2026: 1,117 candidate records
2026-08-01 03:28:56,497 INFO    pubmed                 IPF9420201: 8,095 distinct candidate records
2026-08-01 03:28:57,915 INFO    pubmed                   IPF9420201: 0/8,095 records, 696 affiliations
2026-08-01 03:29:08,276 INFO    schema                 FY2021: 17 columns present but unused: ARRA_FUNDED, AWARD_NOTICE_DATE, CFDA_CODE, ED_INST_TYPE, FUNDING_ICs, NIH_SPENDING_CATS, OPPORTUNITY NUMBER, ORG_DISTRICT, ORG_FIPS, ORG_ZIPCODE, PHR, PROGRAM_OFFICER_NAME, PROJECT_TERMS, SERIAL_NUMBER, STUDY_SECTION, STUDY_SECTION_NAME, SUFFIX
2026-08-01 03:29:08,361 INFO    load                   FY2021: read 82,940 rows from RePORTER_PRJ_C_FY2021.csv
2026-08-01 03:29:08,583 INFO    load                   FY2021: 82,940 -> 63,107 award-years after inclusion rules
2026-08-01 03:29:11,878 INFO    schema                 FY2022: 17 columns present but unused: ARRA_FUNDED, AWARD_NOTICE_DATE, CFDA_CODE, ED_INST_TYPE, FUNDING_ICs, NIH_SPENDING_CATS, OPPORTUNITY NUMBER, ORG_DISTRICT, ORG_FIPS, ORG_ZIPCODE, PHR, PROGRAM_OFFICER_NAME, PROJECT_TERMS, SERIAL_NUMBER, STUDY_SECTION, STUDY_SECTION_NAME, SUFFIX
2026-08-01 03:29:11,986 INFO    load                   FY2022: read 83,877 rows from RePORTER_PRJ_C_FY2022.csv
2026-08-01 03:29:12,207 INFO    load                   FY2022: 83,877 -> 64,368 award-years after inclusion rules
2026-08-01 03:29:15,658 INFO    schema                 FY2023: 17 columns present but unused: ARRA_FUNDED, AWARD_NOTICE_DATE, CFDA_CODE, ED_INST_TYPE, FUNDING_ICs, NIH_SPENDING_CATS, OPPORTUNITY NUMBER, ORG_DISTRICT, ORG_FIPS, ORG_ZIPCODE, PHR, PROGRAM_OFFICER_NAME, PROJECT_TERMS, SERIAL_NUMBER, STUDY_SECTION, STUDY_SECTION_NAME, SUFFIX
2026-08-01 03:29:15,770 INFO    load                   FY2023: read 85,024 rows from RePORTER_PRJ_C_FY2023.csv
2026-08-01 03:29:16,079 INFO    load                   FY2023: 85,024 -> 65,398 award-years after inclusion rules
2026-08-01 03:29:18,598 INFO    pubmed                   IPF9420201: 2,000/8,095 records, 7,675 affiliations
2026-08-01 03:29:19,236 INFO    schema                 FY2024: 17 columns present but unused: ARRA_FUNDED, AWARD_NOTICE_DATE, CFDA_CODE, ED_INST_TYPE, FUNDING_ICs, NIH_SPENDING_CATS, OPPORTUNITY NUMBER, ORG_DISTRICT, ORG_FIPS, ORG_ZIPCODE, PHR, PROGRAM_OFFICER_NAME, PROJECT_TERMS, SERIAL_NUMBER, STUDY_SECTION, STUDY_SECTION_NAME, SUFFIX
2026-08-01 03:29:19,319 INFO    load                   FY2024: read 83,314 rows from RePORTER_PRJ_C_FY2024.csv
2026-08-01 03:29:19,545 INFO    load                   FY2024: 83,314 -> 64,078 award-years after inclusion rules
2026-08-01 03:29:22,463 INFO    schema                 FY2025: 17 columns present but unused: ARRA_FUNDED, ASSISTANCE_LISTING_NUMBER, AWARD_NOTICE_DATE, ED_INST_TYPE, FUNDING_ICs, NIH_SPENDING_CATS, OPPORTUNITY NUMBER, ORG_DISTRICT, ORG_FIPS, ORG_ZIPCODE, PHR, PROGRAM_OFFICER_NAME, PROJECT_TERMS, SERIAL_NUMBER, STUDY_SECTION, STUDY_SECTION_NAME, SUFFIX
2026-08-01 03:29:22,520 INFO    load                   FY2025: read 76,224 rows from RePORTER_PRJ_C_FY2025.csv
2026-08-01 03:29:22,717 INFO    load                   FY2025: 76,224 -> 58,767 award-years after inclusion rules
2026-08-01 03:29:24,628 WARNING load                   resolved 1 application(s) appearing in multiple annual files; dropped 1 row(s). See logs/duplicate_application_resolution.csv
2026-08-01 03:29:28,807 INFO    load                   built 315,717 award-years and 426,481 PI links across FY2021-FY2025
2026-08-01 03:29:40,111 INFO    pubmed                   IPF9420201: 4,000/8,095 records, 14,508 affiliations
2026-08-01 03:29:56,457 INFO    annotate               annotated 315,717 award-years | 8 mechanism families | 33 specialties | 5007 canonical orgs
2026-08-01 03:29:57,578 INFO    driver                 done: build
2026-08-01 03:30:01,477 INFO    pubmed                   IPF9420201: 6,000/8,095 records, 20,863 affiliations
2026-08-01 03:30:03,211 INFO    rank                   FY2025: 62,780 award-year rows (incl. roll-up duplicates)
2026-08-01 03:30:03,495 INFO    rank                     wrote rank_institution_FY2025.csv (2,590 rows)
2026-08-01 03:30:03,676 INFO    rank                     wrote rank_department_FY2025.csv (47 rows)
2026-08-01 03:30:04,059 INFO    rank                     wrote rank_institution_department_FY2025.csv (6,203 rows)
2026-08-01 03:30:04,310 INFO    rank                   FY2024_FY2025: 131,120 award-year rows (incl. roll-up duplicates)
2026-08-01 03:30:04,749 INFO    rank                     wrote rank_institution_FY2024_FY2025.csv (3,387 rows)
2026-08-01 03:30:05,010 INFO    rank                     wrote rank_department_FY2024_FY2025.csv (47 rows)
2026-08-01 03:30:05,544 INFO    rank                     wrote rank_institution_department_FY2024_FY2025.csv (7,398 rows)
2026-08-01 03:30:06,217 INFO    rank                   FY2021_FY2025: 336,656 award-year rows (incl. roll-up duplicates)
2026-08-01 03:30:07,030 INFO    rank                     wrote rank_institution_FY2021_FY2025.csv (5,010 rows)
2026-08-01 03:30:07,691 INFO    rank                     wrote rank_department_FY2021_FY2025.csv (48 rows)
2026-08-01 03:30:08,734 INFO    rank                     wrote rank_institution_department_FY2021_FY2025.csv (9,683 rows)
2026-08-01 03:30:08,936 INFO    driver                 done: rank
2026-08-01 03:30:14,141 INFO    mgb_surgery            rejected 7,375 composite affiliation blocks (multi-institution strings PubMed attaches to every author)
2026-08-01 03:30:14,290 INFO    mgb_surgery            surgical author-affiliation records: 38,197 (1,380 ambiguous name keys)
2026-08-01 03:30:14,453 INFO    mgb_surgery            MGH+BWH contact-PI award-years: 8,446
2026-08-01 03:30:14,610 INFO    mgb_surgery            resolved 577 of 8,446 MGH+BWH contact-PI award-years to a surgical department (6.8%); 7,869 carry no surgical evidence and stay UNKNOWN
2026-08-01 03:30:14,761 INFO    mgb_context            wrote surgery_ranking_with_mgb_FY2025_corroborated.csv (80 rows)
2026-08-01 03:30:14,977 INFO    mgb_context              mgb/surgery_ranking_with_mgb_FY2025_corroborated.png
2026-08-01 03:30:15,006 INFO    mgb_context            wrote surgery_ranking_with_mgb_FY2025_all_evidence.csv (80 rows)
2026-08-01 03:30:15,210 INFO    mgb_context              mgb/surgery_ranking_with_mgb_FY2025_all_evidence.png
2026-08-01 03:30:15,255 INFO    mgb_context            wrote surgery_ranking_with_mgb_FY2024_FY2025_corroborated.csv (85 rows)
2026-08-01 03:30:15,451 INFO    mgb_context              mgb/surgery_ranking_with_mgb_FY2024_FY2025_corroborated.png
2026-08-01 03:30:15,487 INFO    mgb_context            wrote surgery_ranking_with_mgb_FY2024_FY2025_all_evidence.csv (85 rows)
2026-08-01 03:30:15,665 INFO    mgb_context              mgb/surgery_ranking_with_mgb_FY2024_FY2025_all_evidence.png
2026-08-01 03:30:15,710 INFO    mgb_context            wrote surgery_ranking_with_mgb_FY2021_FY2025_corroborated.csv (96 rows)
2026-08-01 03:30:15,906 INFO    mgb_context              mgb/surgery_ranking_with_mgb_FY2021_FY2025_corroborated.png
2026-08-01 03:30:15,946 INFO    mgb_context            wrote surgery_ranking_with_mgb_FY2021_FY2025_all_evidence.csv (96 rows)
2026-08-01 03:30:16,132 INFO    mgb_context              mgb/surgery_ranking_with_mgb_FY2021_FY2025_all_evidence.png
2026-08-01 03:30:16,188 INFO    driver                 done: mgb
2026-08-01 03:30:16,811 INFO    site                   FY2025: appended 1 reconstructed department row(s)
2026-08-01 03:30:16,861 INFO    site                   wrote docs/data/pairs_FY2025.json (1.5 MB)
2026-08-01 03:30:16,935 INFO    site                   FY2024_FY2025: appended 1 reconstructed department row(s)
2026-08-01 03:30:16,984 INFO    site                   wrote docs/data/pairs_FY2024_FY2025.json (1.7 MB)
2026-08-01 03:30:17,089 INFO    site                   FY2021_FY2025: appended 1 reconstructed department row(s)
2026-08-01 03:30:17,151 INFO    site                   wrote docs/data/pairs_FY2021_FY2025.json (2.3 MB)
2026-08-01 03:30:17,239 INFO    site                   wrote docs/data/core.json (2.2 MB)
2026-08-01 03:30:17,273 INFO    site                   copied 51 figures into docs/figures
2026-08-01 03:30:17,281 INFO    site                   copied 20 tables into docs/tables
2026-08-01 03:30:22,126 INFO    pubmed                   IPF9420201: 8,000/8,095 records, 26,841 affiliations
2026-08-01 03:30:22,550 INFO    pubmed                 IPF9420201: harvested 26,841 author-affiliation records
2026-08-01 03:30:22,553 INFO    pubmed                 [31/32] Colorado Denver
2026-08-01 03:30:22,812 INFO    pubmed                   IPF1199905 2020: 1,074 candidate records
2026-08-01 03:30:23,408 INFO    pubmed                   IPF1199905 2021: 1,165 candidate records
2026-08-01 03:30:24,014 INFO    pubmed                   IPF1199905 2022: 1,275 candidate records
2026-08-01 03:30:24,612 INFO    pubmed                   IPF1199905 2023: 1,346 candidate records
2026-08-01 03:30:25,222 INFO    pubmed                   IPF1199905 2024: 1,347 candidate records
2026-08-01 03:30:25,851 INFO    pubmed                   IPF1199905 2025: 1,552 candidate records
2026-08-01 03:30:26,452 INFO    pubmed                   IPF1199905 2026: 1,010 candidate records
2026-08-01 03:30:26,793 INFO    pubmed                 IPF1199905: 7,429 distinct candidate records
2026-08-01 03:30:28,247 INFO    pubmed                   IPF1199905: 0/7,429 records, 726 affiliations
2026-08-01 03:30:46,504 INFO    pubmed                   IPF1199905: 2,000/7,429 records, 6,907 affiliations
2026-08-01 03:31:07,433 INFO    schema                 FY2021: 17 columns present but unused: ARRA_FUNDED, AWARD_NOTICE_DATE, CFDA_CODE, ED_INST_TYPE, FUNDING_ICs, NIH_SPENDING_CATS, OPPORTUNITY NUMBER, ORG_DISTRICT, ORG_FIPS, ORG_ZIPCODE, PHR, PROGRAM_OFFICER_NAME, PROJECT_TERMS, SERIAL_NUMBER, STUDY_SECTION, STUDY_SECTION_NAME, SUFFIX
2026-08-01 03:31:07,555 INFO    load                   FY2021: read 82,940 rows from RePORTER_PRJ_C_FY2021.csv
2026-08-01 03:31:07,817 INFO    load                   FY2021: 82,940 -> 63,107 award-years after inclusion rules
2026-08-01 03:31:09,964 INFO    pubmed                   IPF1199905: 4,000/7,429 records, 13,852 affiliations
2026-08-01 03:31:10,786 INFO    schema                 FY2022: 17 columns present but unused: ARRA_FUNDED, AWARD_NOTICE_DATE, CFDA_CODE, ED_INST_TYPE, FUNDING_ICs, NIH_SPENDING_CATS, OPPORTUNITY NUMBER, ORG_DISTRICT, ORG_FIPS, ORG_ZIPCODE, PHR, PROGRAM_OFFICER_NAME, PROJECT_TERMS, SERIAL_NUMBER, STUDY_SECTION, STUDY_SECTION_NAME, SUFFIX
2026-08-01 03:31:10,863 INFO    load                   FY2022: read 83,877 rows from RePORTER_PRJ_C_FY2022.csv
2026-08-01 03:31:11,077 INFO    load                   FY2022: 83,877 -> 64,368 award-years after inclusion rules
2026-08-01 03:31:14,366 INFO    schema                 FY2023: 17 columns present but unused: ARRA_FUNDED, AWARD_NOTICE_DATE, CFDA_CODE, ED_INST_TYPE, FUNDING_ICs, NIH_SPENDING_CATS, OPPORTUNITY NUMBER, ORG_DISTRICT, ORG_FIPS, ORG_ZIPCODE, PHR, PROGRAM_OFFICER_NAME, PROJECT_TERMS, SERIAL_NUMBER, STUDY_SECTION, STUDY_SECTION_NAME, SUFFIX
2026-08-01 03:31:14,446 INFO    load                   FY2023: read 85,024 rows from RePORTER_PRJ_C_FY2023.csv
2026-08-01 03:31:14,629 INFO    load                   FY2023: 85,024 -> 65,398 award-years after inclusion rules
2026-08-01 03:31:17,677 INFO    schema                 FY2024: 17 columns present but unused: ARRA_FUNDED, AWARD_NOTICE_DATE, CFDA_CODE, ED_INST_TYPE, FUNDING_ICs, NIH_SPENDING_CATS, OPPORTUNITY NUMBER, ORG_DISTRICT, ORG_FIPS, ORG_ZIPCODE, PHR, PROGRAM_OFFICER_NAME, PROJECT_TERMS, SERIAL_NUMBER, STUDY_SECTION, STUDY_SECTION_NAME, SUFFIX
2026-08-01 03:31:17,745 INFO    load                   FY2024: read 83,314 rows from RePORTER_PRJ_C_FY2024.csv
2026-08-01 03:31:18,032 INFO    load                   FY2024: 83,314 -> 64,078 award-years after inclusion rules
2026-08-01 03:31:21,149 INFO    schema                 FY2025: 17 columns present but unused: ARRA_FUNDED, ASSISTANCE_LISTING_NUMBER, AWARD_NOTICE_DATE, ED_INST_TYPE, FUNDING_ICs, NIH_SPENDING_CATS, OPPORTUNITY NUMBER, ORG_DISTRICT, ORG_FIPS, ORG_ZIPCODE, PHR, PROGRAM_OFFICER_NAME, PROJECT_TERMS, SERIAL_NUMBER, STUDY_SECTION, STUDY_SECTION_NAME, SUFFIX
2026-08-01 03:31:21,205 INFO    load                   FY2025: read 76,224 rows from RePORTER_PRJ_C_FY2025.csv
2026-08-01 03:31:21,401 INFO    load                   FY2025: 76,224 -> 58,767 award-years after inclusion rules
2026-08-01 03:31:23,188 WARNING load                   resolved 1 application(s) appearing in multiple annual files; dropped 1 row(s). See logs/duplicate_application_resolution.csv
2026-08-01 03:31:27,090 INFO    load                   built 315,717 award-years and 426,481 PI links across FY2021-FY2025
2026-08-01 03:31:30,076 INFO    pubmed                   IPF1199905: 6,000/7,429 records, 20,501 affiliations
2026-08-01 03:31:42,786 INFO    pubmed                 IPF1199905: harvested 24,296 author-affiliation records
2026-08-01 03:31:42,791 INFO    pubmed                 [32/32] Indiana Indianapolis
2026-08-01 03:31:43,020 INFO    pubmed                   IPF577806 2020: 940 candidate records
2026-08-01 03:31:43,621 INFO    pubmed                   IPF577806 2021: 1,039 candidate records
2026-08-01 03:31:44,205 INFO    pubmed                   IPF577806 2022: 960 candidate records
2026-08-01 03:31:44,782 INFO    pubmed                   IPF577806 2023: 968 candidate records
2026-08-01 03:31:45,402 INFO    pubmed                   IPF577806 2024: 1,034 candidate records
2026-08-01 03:31:46,001 INFO    pubmed                   IPF577806 2025: 1,128 candidate records
2026-08-01 03:31:46,758 INFO    pubmed                   IPF577806 2026: 737 candidate records
2026-08-01 03:31:47,104 INFO    pubmed                 IPF577806: 5,788 distinct candidate records
2026-08-01 03:31:48,654 INFO    pubmed                   IPF577806: 0/5,788 records, 726 affiliations
2026-08-01 03:31:48,951 INFO    annotate               annotated 315,717 award-years | 8 mechanism families | 33 specialties | 5007 canonical orgs
2026-08-01 03:31:49,880 INFO    driver                 done: build
2026-08-01 03:31:52,089 INFO    rank                   FY2025: 62,780 award-year rows (incl. roll-up duplicates)
2026-08-01 03:31:52,334 INFO    rank                     wrote rank_institution_FY2025.csv (2,590 rows)
2026-08-01 03:31:52,482 INFO    rank                     wrote rank_department_FY2025.csv (47 rows)
2026-08-01 03:31:53,030 INFO    rank                     wrote rank_institution_department_FY2025.csv (6,203 rows)
2026-08-01 03:31:53,305 INFO    rank                   FY2024_FY2025: 131,120 award-year rows (incl. roll-up duplicates)
2026-08-01 03:31:53,977 INFO    rank                     wrote rank_institution_FY2024_FY2025.csv (3,387 rows)
2026-08-01 03:31:54,214 INFO    rank                     wrote rank_department_FY2024_FY2025.csv (47 rows)
2026-08-01 03:31:54,799 INFO    rank                     wrote rank_institution_department_FY2024_FY2025.csv (7,398 rows)
2026-08-01 03:31:55,369 INFO    rank                   FY2021_FY2025: 336,656 award-year rows (incl. roll-up duplicates)
2026-08-01 03:31:56,484 INFO    rank                     wrote rank_institution_FY2021_FY2025.csv (5,010 rows)
2026-08-01 03:31:56,997 INFO    rank                     wrote rank_department_FY2021_FY2025.csv (48 rows)
2026-08-01 03:31:58,086 INFO    rank                     wrote rank_institution_department_FY2021_FY2025.csv (9,683 rows)
2026-08-01 03:31:58,292 INFO    driver                 done: rank
2026-08-01 03:32:03,460 INFO    mgb_surgery            rejected 7,375 composite affiliation blocks (multi-institution strings PubMed attaches to every author)
2026-08-01 03:32:03,557 INFO    mgb_surgery            surgical author-affiliation records: 38,197 (1,380 ambiguous name keys)
2026-08-01 03:32:03,684 INFO    mgb_surgery            MGH+BWH contact-PI award-years: 8,446
2026-08-01 03:32:03,728 INFO    mgb_surgery            resolved 577 of 8,446 MGH+BWH contact-PI award-years to a surgical department (6.8%); 7,869 carry no surgical evidence and stay UNKNOWN
2026-08-01 03:32:03,828 INFO    mgb_context            wrote surgery_ranking_with_mgb_FY2025_corroborated.csv (80 rows)
2026-08-01 03:32:04,231 INFO    mgb_context              mgb/surgery_ranking_with_mgb_FY2025_corroborated.png
2026-08-01 03:32:04,281 INFO    mgb_context            wrote surgery_ranking_with_mgb_FY2025_all_evidence.csv (80 rows)
2026-08-01 03:32:04,551 INFO    mgb_context              mgb/surgery_ranking_with_mgb_FY2025_all_evidence.png
2026-08-01 03:32:04,585 INFO    mgb_context            wrote surgery_ranking_with_mgb_FY2024_FY2025_corroborated.csv (85 rows)
2026-08-01 03:32:04,815 INFO    mgb_context              mgb/surgery_ranking_with_mgb_FY2024_FY2025_corroborated.png
2026-08-01 03:32:04,864 INFO    mgb_context            wrote surgery_ranking_with_mgb_FY2024_FY2025_all_evidence.csv (85 rows)
2026-08-01 03:32:05,148 INFO    mgb_context              mgb/surgery_ranking_with_mgb_FY2024_FY2025_all_evidence.png
2026-08-01 03:32:05,194 INFO    mgb_context            wrote surgery_ranking_with_mgb_FY2021_FY2025_corroborated.csv (96 rows)
2026-08-01 03:32:05,469 INFO    mgb_context              mgb/surgery_ranking_with_mgb_FY2021_FY2025_corroborated.png
2026-08-01 03:32:05,525 INFO    mgb_context            wrote surgery_ranking_with_mgb_FY2021_FY2025_all_evidence.csv (96 rows)
2026-08-01 03:32:05,737 INFO    mgb_context              mgb/surgery_ranking_with_mgb_FY2021_FY2025_all_evidence.png
2026-08-01 03:32:05,811 INFO    driver                 done: mgb
2026-08-01 03:32:07,080 INFO    figures                figures for FY2025
2026-08-01 03:32:07,249 INFO    figures                  FY2025/1_surgery_total_funding.png
2026-08-01 03:32:07,407 INFO    figures                  FY2025/2_surgery_award_years.png
2026-08-01 03:32:07,650 INFO    figures                  FY2025/3_surgery_projects.png
2026-08-01 03:32:07,812 INFO    figures                  FY2025/4_surgery_r01_funding.png
2026-08-01 03:32:07,954 INFO    figures                  FY2025/5_surgery_r01_count.png
2026-08-01 03:32:08,078 INFO    pubmed                   IPF577806: 2,000/5,788 records, 7,573 affiliations
2026-08-01 03:32:08,173 INFO    figures                  FY2025/6_surgery_investigators.png
2026-08-01 03:32:08,385 INFO    figures                  FY2025/14_surgery_funding_per_investigator.png
2026-08-01 03:32:08,692 INFO    figures                  FY2025/15_surgery_mean_award_size.png
2026-08-01 03:32:08,915 INFO    figures                  FY2025/16_surgery_funding_per_project.png
2026-08-01 03:32:09,257 INFO    figures                  FY2025/7_surgery_mechanism_mix.png
2026-08-01 03:32:09,685 INFO    figures                  FY2025/8_specialty_totals.png
2026-08-01 03:32:10,166 INFO    figures                  FY2025/9_all_institution_department_pairs.png
2026-08-01 03:32:10,419 INFO    figures                  FY2025/10_top_institutions.png
2026-08-01 03:32:10,539 INFO    figures                  FY2025/11_surgery_r01_vs_non_r01.png
2026-08-01 03:32:10,539 INFO    figures                figures for FY2024_FY2025
2026-08-01 03:32:10,683 INFO    figures                  FY2024_FY2025/1_surgery_total_funding.png
2026-08-01 03:32:10,909 INFO    figures                  FY2024_FY2025/2_surgery_award_years.png
2026-08-01 03:32:11,048 INFO    figures                  FY2024_FY2025/3_surgery_projects.png
2026-08-01 03:32:11,232 INFO    figures                  FY2024_FY2025/4_surgery_r01_funding.png
2026-08-01 03:32:11,391 INFO    figures                  FY2024_FY2025/5_surgery_r01_count.png
2026-08-01 03:32:11,574 INFO    figures                  FY2024_FY2025/6_surgery_investigators.png
2026-08-01 03:32:11,699 INFO    figures                  FY2024_FY2025/14_surgery_funding_per_investigator.png
2026-08-01 03:32:11,924 INFO    figures                  FY2024_FY2025/15_surgery_mean_award_size.png
2026-08-01 03:32:12,060 INFO    figures                  FY2024_FY2025/16_surgery_funding_per_project.png
2026-08-01 03:32:12,260 INFO    figures                  FY2024_FY2025/7_surgery_mechanism_mix.png
2026-08-01 03:32:12,448 INFO    figures                  FY2024_FY2025/8_specialty_totals.png
2026-08-01 03:32:12,714 INFO    figures                  FY2024_FY2025/9_all_institution_department_pairs.png
2026-08-01 03:32:12,984 INFO    figures                  FY2024_FY2025/10_top_institutions.png
2026-08-01 03:32:13,206 INFO    figures                  FY2024_FY2025/11_surgery_r01_vs_non_r01.png
2026-08-01 03:32:13,206 INFO    figures                figures for FY2021_FY2025
2026-08-01 03:32:13,351 INFO    figures                  FY2021_FY2025/1_surgery_total_funding.png
2026-08-01 03:32:13,494 INFO    figures                  FY2021_FY2025/2_surgery_award_years.png
2026-08-01 03:32:13,634 INFO    figures                  FY2021_FY2025/3_surgery_projects.png
2026-08-01 03:32:13,796 INFO    figures                  FY2021_FY2025/4_surgery_r01_funding.png
2026-08-01 03:32:13,929 INFO    figures                  FY2021_FY2025/5_surgery_r01_count.png
2026-08-01 03:32:14,070 INFO    figures                  FY2021_FY2025/6_surgery_investigators.png
2026-08-01 03:32:14,226 INFO    figures                  FY2021_FY2025/14_surgery_funding_per_investigator.png
2026-08-01 03:32:14,364 INFO    figures                  FY2021_FY2025/15_surgery_mean_award_size.png
2026-08-01 03:32:14,593 INFO    figures                  FY2021_FY2025/16_surgery_funding_per_project.png
2026-08-01 03:32:14,847 INFO    figures                  FY2021_FY2025/7_surgery_mechanism_mix.png
2026-08-01 03:32:15,111 INFO    figures                  FY2021_FY2025/8_specialty_totals.png
2026-08-01 03:32:15,427 INFO    figures                  FY2021_FY2025/9_all_institution_department_pairs.png
2026-08-01 03:32:15,596 INFO    figures                  FY2021_FY2025/10_top_institutions.png
2026-08-01 03:32:15,771 INFO    figures                  FY2021_FY2025/11_surgery_r01_vs_non_r01.png
2026-08-01 03:32:15,771 INFO    figures                comparison figures
2026-08-01 03:32:15,964 INFO    figures                  comparisons/12_surgery_fy2024_to_fy2025.png
2026-08-01 03:32:16,175 INFO    figures                  comparisons/13_surgery_period_comparison.png
2026-08-01 03:32:16,255 INFO    figures                  comparisons/0_department_evidence_coverage.png
2026-08-01 03:32:16,339 INFO    driver                 done: figures
2026-08-01 03:32:16,992 INFO    site                   FY2025: appended 1 reconstructed department row(s)
2026-08-01 03:32:17,040 INFO    site                   wrote docs/data/pairs_FY2025.json (1.5 MB)
2026-08-01 03:32:17,158 INFO    site                   FY2024_FY2025: appended 1 reconstructed department row(s)
2026-08-01 03:32:17,230 INFO    site                   wrote docs/data/pairs_FY2024_FY2025.json (1.7 MB)
2026-08-01 03:32:17,333 INFO    site                   FY2021_FY2025: appended 1 reconstructed department row(s)
2026-08-01 03:32:17,398 INFO    site                   wrote docs/data/pairs_FY2021_FY2025.json (2.3 MB)
2026-08-01 03:32:17,515 INFO    site                   wrote docs/data/core.json (2.2 MB)
2026-08-01 03:32:17,534 INFO    site                   copied 51 figures into docs/figures
2026-08-01 03:32:17,546 INFO    site                   copied 20 tables into docs/tables
2026-08-01 03:32:26,457 INFO    validate               validation: 16 checks, 0 failed
2026-08-01 03:32:27,408 INFO    driver                 done: validate
2026-08-01 03:32:27,642 INFO    pubmed                   IPF577806: 4,000/5,788 records, 13,628 affiliations
2026-08-01 03:32:45,177 INFO    pubmed                 IPF577806: harvested 18,107 author-affiliation records
2026-08-01 03:32:46,544 INFO    pubmed                 harvest complete: 963,981 author-affiliation records across 32 institutions
2026-08-01 05:01:03,710 INFO    rank                   FY2025: 62,780 award-year rows (incl. roll-up duplicates)
2026-08-01 05:01:03,898 INFO    rank                     wrote rank_institution_FY2025.csv (2,590 rows)
2026-08-01 05:01:04,000 INFO    rank                     wrote rank_department_FY2025.csv (47 rows)
2026-08-01 05:01:04,308 INFO    rank                     wrote rank_institution_department_FY2025.csv (6,203 rows)
2026-08-01 05:01:04,485 INFO    rank                   FY2024_FY2025: 131,120 award-year rows (incl. roll-up duplicates)
2026-08-01 05:01:04,784 INFO    rank                     wrote rank_institution_FY2024_FY2025.csv (3,387 rows)
2026-08-01 05:01:04,964 INFO    rank                     wrote rank_department_FY2024_FY2025.csv (47 rows)
2026-08-01 05:01:05,430 INFO    rank                     wrote rank_institution_department_FY2024_FY2025.csv (7,398 rows)
2026-08-01 05:01:05,875 INFO    rank                   FY2021_FY2025: 336,656 award-year rows (incl. roll-up duplicates)
2026-08-01 05:01:06,566 INFO    rank                     wrote rank_institution_FY2021_FY2025.csv (5,010 rows)
2026-08-01 05:01:06,995 INFO    rank                     wrote rank_department_FY2021_FY2025.csv (48 rows)
2026-08-01 05:01:07,858 INFO    rank                     wrote rank_institution_department_FY2021_FY2025.csv (9,683 rows)
2026-08-01 05:01:08,043 INFO    driver                 done: rank
2026-08-01 05:01:42,602 INFO    mgb_surgery            rejected 58,461 composite affiliation blocks (multi-institution strings PubMed attaches to every author)
2026-08-01 05:01:43,627 INFO    mgb_surgery            surgical author-affiliation records: 439,817 (18,492 ambiguous name keys)
2026-08-01 05:01:43,755 INFO    mgb_surgery            MGH+BWH contact-PI award-years: 8,446
2026-08-01 05:01:43,879 INFO    mgb_surgery            resolved 577 of 8,446 MGH+BWH contact-PI award-years to a surgical department (6.8%); 7,869 carry no surgical evidence and stay UNKNOWN
2026-08-01 05:01:43,969 INFO    mgb_context            wrote surgery_ranking_with_mgb_FY2025_corroborated.csv (80 rows)
2026-08-01 05:01:44,155 INFO    mgb_context              mgb/surgery_ranking_with_mgb_FY2025_corroborated.png
2026-08-01 05:01:44,183 INFO    mgb_context            wrote surgery_ranking_with_mgb_FY2025_all_evidence.csv (80 rows)
2026-08-01 05:01:44,340 INFO    mgb_context              mgb/surgery_ranking_with_mgb_FY2025_all_evidence.png
2026-08-01 05:01:44,371 INFO    mgb_context            wrote surgery_ranking_with_mgb_FY2024_FY2025_corroborated.csv (85 rows)
2026-08-01 05:01:44,513 INFO    mgb_context              mgb/surgery_ranking_with_mgb_FY2024_FY2025_corroborated.png
2026-08-01 05:01:44,545 INFO    mgb_context            wrote surgery_ranking_with_mgb_FY2024_FY2025_all_evidence.csv (85 rows)
2026-08-01 05:01:44,687 INFO    mgb_context              mgb/surgery_ranking_with_mgb_FY2024_FY2025_all_evidence.png
2026-08-01 05:01:44,726 INFO    mgb_context            wrote surgery_ranking_with_mgb_FY2021_FY2025_corroborated.csv (96 rows)
2026-08-01 05:01:44,869 INFO    mgb_context              mgb/surgery_ranking_with_mgb_FY2021_FY2025_corroborated.png
2026-08-01 05:01:44,907 INFO    mgb_context            wrote surgery_ranking_with_mgb_FY2021_FY2025_all_evidence.csv (96 rows)
2026-08-01 05:01:45,051 INFO    mgb_context              mgb/surgery_ranking_with_mgb_FY2021_FY2025_all_evidence.png
2026-08-01 05:01:45,090 INFO    driver                 done: mgb
2026-08-01 05:02:19,588 INFO    surgical_attribution   963,981 author-affiliation records | 58,461 composite blocks rejected | 439,840 classified surgical
2026-08-01 05:02:20,624 INFO    surgical_attribution     18,492 ambiguous name keys dropped
2026-08-01 05:02:21,156 INFO    surgical_attribution   contact-PI award-years across 32 institutions: 130,007
2026-08-01 05:02:21,674 INFO    surgical_attribution   publication evidence resolves 11,828 of 128,889 contact-PI award-years to a surgical department (9.2%)
2026-08-01 05:02:22,120 INFO    agreement              agreement on 116,660 comparable award-years: sensitivity 33.6%, precision 30.7%, kappa 0.267
2026-08-01 05:02:22,120 INFO    agreement              12,229 award-years at 32 institutions have no NIH department code to compare against
2026-08-01 05:02:22,160 INFO    surgery_ranking        wrote surgery_ranking_FY2025_corroborated.csv (30 departments)
2026-08-01 05:02:22,291 INFO    surgery_ranking          surgery/surgery_ranking_FY2025_corroborated.png
2026-08-01 05:02:22,319 INFO    surgery_ranking        wrote surgery_ranking_FY2025_all_evidence.csv (30 departments)
2026-08-01 05:02:22,430 INFO    surgery_ranking          surgery/surgery_ranking_FY2025_all_evidence.png
2026-08-01 05:02:22,462 INFO    surgery_ranking        wrote surgery_ranking_FY2024_FY2025_corroborated.csv (30 departments)
2026-08-01 05:02:22,575 INFO    surgery_ranking          surgery/surgery_ranking_FY2024_FY2025_corroborated.png
2026-08-01 05:02:22,607 INFO    surgery_ranking        wrote surgery_ranking_FY2024_FY2025_all_evidence.csv (30 departments)
2026-08-01 05:02:22,719 INFO    surgery_ranking          surgery/surgery_ranking_FY2024_FY2025_all_evidence.png
2026-08-01 05:02:22,759 INFO    surgery_ranking        wrote surgery_ranking_FY2021_FY2025_corroborated.csv (30 departments)
2026-08-01 05:02:22,869 INFO    surgery_ranking          surgery/surgery_ranking_FY2021_FY2025_corroborated.png
2026-08-01 05:02:22,909 INFO    surgery_ranking        wrote surgery_ranking_FY2021_FY2025_all_evidence.csv (30 departments)
2026-08-01 05:02:23,018 INFO    surgery_ranking          surgery/surgery_ranking_FY2021_FY2025_all_evidence.png
2026-08-01 05:02:23,058 INFO    surgery_ranking        wrote surgery_ranking_FY2021_FY2025_corroborated.csv (30 departments)
2026-08-01 05:02:23,174 INFO    surgery_ranking          surgery/method_comparison_FY2021_FY2025.png
2026-08-01 05:02:23,218 INFO    driver                 done: surgery
2026-08-01 05:04:16,410 INFO    bibliometrics          classifying 291,056 distinct institution-affiliation strings
2026-08-01 05:04:27,313 INFO    bibliometrics            116,745 of them describe a surgical unit
2026-08-01 05:04:27,554 INFO    bibliometrics          156,975 institution-paper pairs across 129,304 distinct papers
2026-08-01 05:04:27,592 INFO    bibliometrics          iCite: 0 cached, 129,304 to fetch
2026-08-01 05:06:08,607 INFO    bibliometrics          classifying 291,056 distinct institution-affiliation strings
2026-08-01 05:06:19,714 INFO    bibliometrics            116,745 of them describe a surgical unit
2026-08-01 05:06:19,969 INFO    bibliometrics          156,975 institution-paper pairs across 129,304 distinct papers
2026-08-01 05:06:20,012 INFO    bibliometrics          iCite: 0 cached, 129,304 to fetch
2026-08-01 05:06:20,712 INFO    bibliometrics            0/129,304 fetched
2026-08-01 05:06:37,284 INFO    bibliometrics            4,000/129,304 fetched
2026-08-01 05:06:51,970 INFO    bibliometrics            8,000/129,304 fetched
2026-08-01 05:07:07,171 INFO    bibliometrics            12,000/129,304 fetched
2026-08-01 05:07:22,603 INFO    bibliometrics            16,000/129,304 fetched
2026-08-01 05:07:37,370 INFO    bibliometrics            20,000/129,304 fetched
2026-08-01 05:07:52,877 INFO    bibliometrics            24,000/129,304 fetched
2026-08-01 05:08:08,026 INFO    bibliometrics            28,000/129,304 fetched
2026-08-01 05:08:23,044 INFO    bibliometrics            32,000/129,304 fetched
2026-08-01 05:08:37,824 INFO    bibliometrics            36,000/129,304 fetched
2026-08-01 05:08:53,277 INFO    bibliometrics            40,000/129,304 fetched
2026-08-01 05:09:09,028 INFO    bibliometrics            44,000/129,304 fetched
2026-08-01 05:09:24,160 INFO    bibliometrics            48,000/129,304 fetched
2026-08-01 05:09:39,951 INFO    bibliometrics            52,000/129,304 fetched
2026-08-01 05:09:54,494 INFO    bibliometrics            56,000/129,304 fetched
2026-08-01 05:10:09,969 INFO    bibliometrics            60,000/129,304 fetched
2026-08-01 05:10:25,855 INFO    bibliometrics            64,000/129,304 fetched
2026-08-01 05:10:40,315 INFO    bibliometrics            68,000/129,304 fetched
2026-08-01 05:10:54,584 INFO    bibliometrics            72,000/129,304 fetched
2026-08-01 05:11:09,416 INFO    bibliometrics            76,000/129,304 fetched
2026-08-01 05:11:24,848 INFO    bibliometrics            80,000/129,304 fetched
2026-08-01 05:11:39,836 INFO    bibliometrics            84,000/129,304 fetched
2026-08-01 05:11:54,909 INFO    bibliometrics            88,000/129,304 fetched
2026-08-01 05:12:10,078 INFO    bibliometrics            92,000/129,304 fetched
2026-08-01 05:12:24,993 INFO    bibliometrics            96,000/129,304 fetched
2026-08-01 05:12:40,795 INFO    bibliometrics            100,000/129,304 fetched
2026-08-01 05:12:55,797 INFO    bibliometrics            104,000/129,304 fetched
2026-08-01 05:13:11,796 INFO    bibliometrics            108,000/129,304 fetched
2026-08-01 05:13:26,529 INFO    bibliometrics            112,000/129,304 fetched
2026-08-01 05:13:41,598 INFO    bibliometrics            116,000/129,304 fetched
2026-08-01 05:13:56,584 INFO    bibliometrics            120,000/129,304 fetched
2026-08-01 05:14:11,676 INFO    bibliometrics            124,000/129,304 fetched
2026-08-01 05:14:26,162 INFO    bibliometrics            128,000/129,304 fetched
2026-08-01 05:14:30,619 INFO    bibliometrics          iCite: 127,143 papers with citation metrics
2026-08-01 05:14:31,018 INFO    bibliometrics          wrote bibliometrics_surgery.csv (96 rows)
2026-08-01 05:14:31,147 INFO    driver                 done: biblio
2026-08-01 05:15:22,847 INFO    bibliometrics          classifying 291,056 distinct institution-affiliation strings
2026-08-01 05:15:33,617 INFO    bibliometrics            116,745 of them describe a surgical unit
2026-08-01 05:15:33,849 INFO    bibliometrics          156,975 institution-paper pairs across 129,304 distinct papers
2026-08-01 05:15:33,913 INFO    bibliometrics          iCite: 127,143 cached, 2,161 to fetch
2026-08-01 05:15:34,142 INFO    bibliometrics            0/2,161 fetched
2026-08-01 05:15:37,811 INFO    bibliometrics          iCite: 127,143 papers with citation metrics
2026-08-01 05:15:38,074 INFO    bibliometrics          MGB_CORE: 12,584 papers across MGH+BWH, 594 counted at more than one member and deduplicated
2026-08-01 05:15:38,182 INFO    bibliometrics          wrote bibliometrics_surgery.csv (99 rows)
2026-08-01 05:15:38,299 INFO    driver                 done: biblio
2026-08-01 05:15:56,667 INFO    site                   FY2025: appended 1 reconstructed department row(s)
2026-08-01 05:15:56,705 INFO    site                   wrote docs/data/pairs_FY2025.json (1.5 MB)
2026-08-01 05:15:56,769 INFO    site                   FY2024_FY2025: appended 1 reconstructed department row(s)
2026-08-01 05:15:56,813 INFO    site                   wrote docs/data/pairs_FY2024_FY2025.json (1.7 MB)
2026-08-01 05:15:56,889 INFO    site                   FY2021_FY2025: appended 1 reconstructed department row(s)
2026-08-01 05:15:56,946 INFO    site                   wrote docs/data/pairs_FY2021_FY2025.json (2.3 MB)
2026-08-01 05:15:57,035 INFO    site                   wrote docs/data/core.json (2.3 MB)
2026-08-01 05:15:57,053 INFO    site                   copied 58 figures into docs/figures
2026-08-01 05:15:57,063 INFO    site                   copied 31 tables into docs/tables
2026-08-01 05:52:54,943 INFO    site                   FY2025: appended 1 reconstructed department row(s)
2026-08-01 05:52:54,980 INFO    site                   wrote docs/data/pairs_FY2025.json (1.5 MB)
2026-08-01 05:52:55,041 INFO    site                   FY2024_FY2025: appended 1 reconstructed department row(s)
2026-08-01 05:52:55,083 INFO    site                   wrote docs/data/pairs_FY2024_FY2025.json (1.7 MB)
2026-08-01 05:52:55,153 INFO    site                   FY2021_FY2025: appended 1 reconstructed department row(s)
2026-08-01 05:52:55,209 INFO    site                   wrote docs/data/pairs_FY2021_FY2025.json (2.3 MB)
2026-08-01 05:52:55,292 INFO    site                   wrote docs/data/core.json (2.3 MB)
2026-08-01 05:52:55,306 INFO    site                   copied 58 figures into docs/figures
2026-08-01 05:52:55,316 INFO    site                   copied 31 tables into docs/tables
2026-08-01 06:03:23,611 INFO    rank                   FY2025: 62,780 award-year rows (incl. roll-up duplicates)
2026-08-01 06:03:23,802 INFO    rank                     wrote rank_institution_FY2025.csv (2,590 rows)
2026-08-01 06:03:23,910 INFO    rank                     wrote rank_department_FY2025.csv (47 rows)
2026-08-01 06:03:24,187 INFO    rank                     wrote rank_institution_department_FY2025.csv (6,203 rows)
2026-08-01 06:03:24,352 INFO    rank                   FY2024_FY2025: 131,120 award-year rows (incl. roll-up duplicates)
2026-08-01 06:03:24,686 INFO    rank                     wrote rank_institution_FY2024_FY2025.csv (3,387 rows)
2026-08-01 06:03:24,885 INFO    rank                     wrote rank_department_FY2024_FY2025.csv (47 rows)
2026-08-01 06:03:25,350 INFO    rank                     wrote rank_institution_department_FY2024_FY2025.csv (7,398 rows)
2026-08-01 06:03:25,824 INFO    rank                   FY2021_FY2025: 336,656 award-year rows (incl. roll-up duplicates)
2026-08-01 06:03:26,491 INFO    rank                     wrote rank_institution_FY2021_FY2025.csv (5,010 rows)
2026-08-01 06:03:26,909 INFO    rank                     wrote rank_department_FY2021_FY2025.csv (48 rows)
2026-08-01 06:03:27,787 INFO    rank                     wrote rank_institution_department_FY2021_FY2025.csv (9,683 rows)
2026-08-01 06:03:29,502 INFO    rank                     wrote trend_institution.csv (13,496 rows, 5 years)
2026-08-01 06:03:31,187 INFO    rank                     wrote trend_institution_department.csv (32,014 rows, 5 years)
2026-08-01 06:03:31,372 INFO    driver                 done: rank
2026-08-01 06:03:43,236 INFO    site                   FY2025: appended 1 reconstructed department row(s)
2026-08-01 06:03:43,274 INFO    site                   wrote docs/data/pairs_FY2025.json (1.5 MB)
2026-08-01 06:03:43,339 INFO    site                   FY2024_FY2025: appended 1 reconstructed department row(s)
2026-08-01 06:03:43,385 INFO    site                   wrote docs/data/pairs_FY2024_FY2025.json (1.7 MB)
2026-08-01 06:03:43,461 INFO    site                   FY2021_FY2025: appended 1 reconstructed department row(s)
2026-08-01 06:03:43,517 INFO    site                   wrote docs/data/pairs_FY2021_FY2025.json (2.3 MB)
2026-08-01 06:03:43,672 INFO    site                   wrote docs/data/trend_institution.json (2.0 MB)
2026-08-01 06:03:43,919 INFO    site                   wrote docs/data/trend_institution_department.json (5.6 MB)
2026-08-01 06:03:43,948 INFO    site                   wrote docs/data/core.json (2.3 MB)
2026-08-01 06:03:43,980 INFO    site                   copied 58 figures into docs/figures
2026-08-01 06:03:44,003 INFO    site                   copied 33 tables into docs/tables
2026-08-01 06:15:20,768 INFO    pi_department          MGH: profiling 1,101 investigators
2026-08-01 06:19:35,713 INFO    pi_department            MGH: 200/1,101
2026-08-01 06:23:36,672 INFO    rank                   FY2025: 62,780 award-year rows (incl. roll-up duplicates)
2026-08-01 06:23:36,852 INFO    rank                     wrote rank_institution_FY2025.csv (2,590 rows)
2026-08-01 06:23:36,956 INFO    rank                     wrote rank_department_FY2025.csv (47 rows)
2026-08-01 06:23:37,984 INFO    rank                     wrote rank_institution_department_FY2025.csv (6,203 rows)
2026-08-01 06:23:38,147 INFO    rank                   FY2024_FY2025: 131,120 award-year rows (incl. roll-up duplicates)
2026-08-01 06:23:38,493 INFO    rank                     wrote rank_institution_FY2024_FY2025.csv (3,387 rows)
2026-08-01 06:23:38,671 INFO    rank                     wrote rank_department_FY2024_FY2025.csv (47 rows)
2026-08-01 06:23:40,092 INFO    rank                     wrote rank_institution_department_FY2024_FY2025.csv (7,398 rows)
2026-08-01 06:23:40,472 INFO    rank                   FY2021_FY2025: 336,656 award-year rows (incl. roll-up duplicates)
2026-08-01 06:23:41,092 INFO    rank                     wrote rank_institution_FY2021_FY2025.csv (5,010 rows)
2026-08-01 06:23:41,497 INFO    rank                     wrote rank_department_FY2021_FY2025.csv (48 rows)
2026-08-01 06:23:43,829 INFO    rank                     wrote rank_institution_department_FY2021_FY2025.csv (9,683 rows)
2026-08-01 06:23:45,522 INFO    rank                     wrote trend_institution.csv (13,496 rows, 5 years)
2026-08-01 06:23:51,097 INFO    rank                     wrote trend_institution_department.csv (32,014 rows, 5 years)
2026-08-01 06:23:51,303 INFO    driver                 done: rank
2026-08-01 06:23:51,651 INFO    pi_department            MGH: 400/1,101
2026-08-01 06:24:13,083 INFO    site                   FY2025: appended 1 reconstructed department row(s)
2026-08-01 06:24:13,123 INFO    site                   wrote docs/data/pairs_FY2025.json (1.6 MB)
2026-08-01 06:24:13,187 INFO    site                   FY2024_FY2025: appended 1 reconstructed department row(s)
2026-08-01 06:24:13,233 INFO    site                   wrote docs/data/pairs_FY2024_FY2025.json (1.9 MB)
2026-08-01 06:24:13,307 INFO    site                   FY2021_FY2025: appended 1 reconstructed department row(s)
2026-08-01 06:24:13,366 INFO    site                   wrote docs/data/pairs_FY2021_FY2025.json (2.4 MB)
2026-08-01 06:24:13,516 INFO    site                   wrote docs/data/trend_institution.json (2.3 MB)
2026-08-01 06:24:13,777 INFO    site                   wrote docs/data/trend_institution_department.json (6.5 MB)
2026-08-01 06:24:13,807 INFO    site                   wrote docs/data/core.json (2.4 MB)
2026-08-01 06:24:13,832 INFO    site                   copied 58 figures into docs/figures
2026-08-01 06:24:13,854 INFO    site                   copied 33 tables into docs/tables
2026-08-01 06:28:32,821 INFO    pi_department            MGH: 600/1,101
2026-08-01 06:31:44,697 INFO    rank                   FY2025: 62,780 award-year rows (incl. roll-up duplicates)
2026-08-01 06:31:44,881 INFO    rank                     wrote rank_institution_FY2025.csv (2,590 rows)
2026-08-01 06:31:44,980 INFO    rank                     wrote rank_department_FY2025.csv (47 rows)
2026-08-01 06:31:45,257 INFO    rank                     wrote rank_institution_department_FY2025.csv (6,203 rows)
2026-08-01 06:31:45,420 INFO    rank                   FY2024_FY2025: 131,120 award-year rows (incl. roll-up duplicates)
2026-08-01 06:31:45,722 INFO    rank                     wrote rank_institution_FY2024_FY2025.csv (3,387 rows)
2026-08-01 06:31:45,912 INFO    rank                     wrote rank_department_FY2024_FY2025.csv (47 rows)
2026-08-01 06:31:46,345 INFO    rank                     wrote rank_institution_department_FY2024_FY2025.csv (7,398 rows)
2026-08-01 06:31:46,721 INFO    rank                   FY2021_FY2025: 336,656 award-year rows (incl. roll-up duplicates)
2026-08-01 06:31:47,342 INFO    rank                     wrote rank_institution_FY2021_FY2025.csv (5,010 rows)
2026-08-01 06:31:47,733 INFO    rank                     wrote rank_department_FY2021_FY2025.csv (48 rows)
2026-08-01 06:31:48,578 INFO    rank                     wrote rank_institution_department_FY2021_FY2025.csv (9,683 rows)
2026-08-01 06:31:50,198 INFO    rank                     wrote trend_institution.csv (13,496 rows, 5 years)
2026-08-01 06:31:51,848 INFO    rank                     wrote trend_institution_department.csv (32,014 rows, 5 years)
2026-08-01 06:31:52,024 INFO    driver                 done: rank
2026-08-01 06:31:59,835 INFO    site                   FY2025: appended 1 reconstructed department row(s)
2026-08-01 06:31:59,874 INFO    site                   wrote docs/data/pairs_FY2025.json (1.6 MB)
2026-08-01 06:31:59,937 INFO    site                   FY2024_FY2025: appended 1 reconstructed department row(s)
2026-08-01 06:31:59,983 INFO    site                   wrote docs/data/pairs_FY2024_FY2025.json (1.9 MB)
2026-08-01 06:32:00,058 INFO    site                   FY2021_FY2025: appended 1 reconstructed department row(s)
2026-08-01 06:32:00,116 INFO    site                   wrote docs/data/pairs_FY2021_FY2025.json (2.4 MB)
2026-08-01 06:32:00,275 INFO    site                   wrote docs/data/trend_institution.json (2.3 MB)
2026-08-01 06:32:00,530 INFO    site                   wrote docs/data/trend_institution_department.json (6.4 MB)
2026-08-01 06:32:00,561 INFO    site                   wrote docs/data/core.json (2.4 MB)
2026-08-01 06:32:00,588 INFO    site                   copied 58 figures into docs/figures
2026-08-01 06:32:00,609 INFO    site                   copied 33 tables into docs/tables
2026-08-01 06:32:46,511 INFO    pi_department            MGH: 800/1,101
2026-08-01 06:36:54,051 INFO    pi_department            MGH: 1,000/1,101
2026-08-01 06:39:29,378 INFO    pi_department          MGH: 1,101 investigators, 67 surgical by majority rule
2026-08-01 06:39:29,403 INFO    pi_department          BWH: profiling 677 investigators
2026-08-01 06:43:40,020 INFO    pi_department            BWH: 200/677
2026-08-01 06:47:56,489 INFO    pi_department            BWH: 400/677
2026-08-01 06:52:10,809 INFO    pi_department            BWH: 600/677
2026-08-01 06:54:02,168 INFO    pi_department          BWH: 677 investigators, 46 surgical by majority rule
2026-08-01 06:54:02,185 INFO    pi_department          wrote pi_departments.parquet: 1,778 rows
2026-08-01 06:56:38,978 INFO    pi_department          MGH: profiling 1,101 investigators
2026-08-01 07:03:57,827 INFO    pi_department            MGH: 200/1,101
2026-08-01 07:09:36,673 INFO    pi_department            MGH: 400/1,101
2026-08-01 07:14:24,819 INFO    pi_department            MGH: 600/1,101
2026-08-01 07:18:49,864 INFO    pi_department            MGH: 800/1,101
2026-08-01 07:22:54,934 INFO    pi_department            MGH: 1,000/1,101
2026-08-01 07:25:26,406 INFO    pi_department          MGH: 1,101 investigators, 67 surgical by majority rule
2026-08-01 07:25:26,430 INFO    pi_department          BWH: profiling 677 investigators
2026-08-01 07:29:52,921 INFO    pi_department            BWH: 200/677
2026-08-01 07:34:22,819 INFO    pi_department            BWH: 400/677
2026-08-01 07:38:38,898 INFO    pi_department            BWH: 600/677
2026-08-01 07:40:34,756 INFO    pi_department          BWH: 677 investigators, 46 surgical by majority rule
2026-08-01 07:40:34,773 INFO    pi_department          wrote pi_departments.parquet: 1,778 rows
2026-08-01 07:42:02,632 INFO    pi_department          MGH: profiling 1,101 investigators
2026-08-01 07:47:44,803 INFO    pi_department            MGH: 200/1,101
2026-08-01 07:54:39,533 INFO    pi_department            MGH: 400/1,101
2026-08-01 07:58:35,793 INFO    pi_department            MGH: 600/1,101
2026-08-01 08:02:24,404 INFO    pi_department            MGH: 800/1,101
2026-08-01 08:06:15,316 INFO    pi_department            MGH: 1,000/1,101
2026-08-01 08:08:13,510 INFO    pi_department          MGH: 1,101 investigators, 61 surgical by majority rule
2026-08-01 08:08:13,533 INFO    pi_department          BWH: profiling 677 investigators
2026-08-01 08:12:19,651 INFO    pi_department            BWH: 200/677
2026-08-01 08:16:16,789 INFO    pi_department            BWH: 400/677
2026-08-01 08:20:32,715 INFO    pi_department            BWH: 600/677
2026-08-01 08:22:12,198 INFO    pi_department          BWH: 677 investigators, 40 surgical by majority rule
2026-08-01 08:22:12,206 INFO    pi_department          wrote pi_departments.parquet: 1,778 rows
2026-08-01 08:23:43,129 INFO    pi_department          MGH: 1,101 investigators already cached
2026-08-01 08:23:43,136 INFO    pi_department          MGH: profiling 0 investigators
2026-08-01 08:23:43,140 INFO    pi_department          MGH: 1,101 investigators, 61 surgical by majority rule
2026-08-01 08:23:53,693 INFO    pi_department          MGH: profiling 6 investigators
2026-08-01 08:23:58,131 INFO    pi_department          MGH: 6 investigators, 0 surgical by majority rule
2026-08-01 08:24:56,503 INFO    pi_department          MGH: profiling 6 investigators
2026-08-01 08:25:00,529 INFO    pi_department          MGH: 6 investigators, 0 surgical by majority rule
2026-08-01 08:25:31,300 INFO    pi_department          MGH: profiling 6 investigators
2026-08-01 08:25:43,480 INFO    pi_department          MGH: 6 investigators, 4 surgical by majority rule
2026-08-01 08:26:05,497 INFO    pi_department          MGH: profiling 1,101 investigators
2026-08-01 08:31:57,381 INFO    pi_department            MGH: 200/1,101
2026-08-01 08:37:51,718 INFO    pi_department            MGH: 400/1,101
2026-08-01 08:44:08,629 INFO    pi_department            MGH: 600/1,101
2026-08-01 08:50:14,758 INFO    pi_department            MGH: 800/1,101
2026-08-01 08:56:02,785 INFO    pi_department            MGH: 1,000/1,101
2026-08-01 08:59:14,626 INFO    pi_department          MGH: 1,101 investigators, 73 surgical by majority rule
2026-08-01 08:59:14,649 INFO    pi_department          BWH: profiling 677 investigators
2026-08-01 09:05:20,775 INFO    pi_department            BWH: 200/677
2026-08-01 09:11:18,655 INFO    pi_department            BWH: 400/677
2026-08-01 09:17:10,411 INFO    pi_department            BWH: 600/677
2026-08-01 09:19:39,796 INFO    pi_department          BWH: 677 investigators, 43 surgical by majority rule
2026-08-01 09:19:39,814 INFO    pi_department          wrote pi_departments.parquet: 1,778 rows
2026-08-01 09:20:49,828 INFO    pi_department          8,446 contact-PI award-years, 7,404 with a resolved department (87.7%)
2026-08-01 09:20:49,848 INFO    pi_department          wrote mgb_surgery_summary.csv (36 rows) from the validated majority rule
2026-08-01 09:20:49,906 INFO    mgb_context            wrote surgery_ranking_with_mgb_FY2025_corroborated.csv (80 rows)
2026-08-01 09:20:50,095 INFO    mgb_context              mgb/surgery_ranking_with_mgb_FY2025_corroborated.png
2026-08-01 09:20:50,123 INFO    mgb_context            wrote surgery_ranking_with_mgb_FY2025_all_evidence.csv (80 rows)
2026-08-01 09:20:50,264 INFO    mgb_context              mgb/surgery_ranking_with_mgb_FY2025_all_evidence.png
2026-08-01 09:20:50,298 INFO    mgb_context            wrote surgery_ranking_with_mgb_FY2024_FY2025_corroborated.csv (85 rows)
2026-08-01 09:20:50,440 INFO    mgb_context              mgb/surgery_ranking_with_mgb_FY2024_FY2025_corroborated.png
2026-08-01 09:20:50,471 INFO    mgb_context            wrote surgery_ranking_with_mgb_FY2024_FY2025_all_evidence.csv (85 rows)
2026-08-01 09:20:50,613 INFO    mgb_context              mgb/surgery_ranking_with_mgb_FY2024_FY2025_all_evidence.png
2026-08-01 09:20:50,654 INFO    mgb_context            wrote surgery_ranking_with_mgb_FY2021_FY2025_corroborated.csv (96 rows)
2026-08-01 09:20:50,797 INFO    mgb_context              mgb/surgery_ranking_with_mgb_FY2021_FY2025_corroborated.png
2026-08-01 09:20:50,837 INFO    mgb_context            wrote surgery_ranking_with_mgb_FY2021_FY2025_all_evidence.csv (96 rows)
2026-08-01 09:20:50,984 INFO    mgb_context              mgb/surgery_ranking_with_mgb_FY2021_FY2025_all_evidence.png
2026-08-01 09:20:51,020 INFO    driver                 done: mgb
2026-08-01 09:21:20,310 INFO    pi_department          8,446 contact-PI award-years, 7,404 with a resolved department (87.7%)
2026-08-01 09:21:20,328 INFO    pi_department          wrote mgb_surgery_summary.csv (36 rows) from the validated majority rule
2026-08-01 09:21:20,388 INFO    mgb_context            wrote surgery_ranking_with_mgb_FY2025_corroborated.csv (80 rows)
2026-08-01 09:21:20,552 INFO    mgb_context              mgb/surgery_ranking_with_mgb_FY2025_corroborated.png
2026-08-01 09:21:20,580 INFO    mgb_context            wrote surgery_ranking_with_mgb_FY2025_all_evidence.csv (80 rows)
2026-08-01 09:21:20,723 INFO    mgb_context              mgb/surgery_ranking_with_mgb_FY2025_all_evidence.png
2026-08-01 09:21:20,756 INFO    mgb_context            wrote surgery_ranking_with_mgb_FY2024_FY2025_corroborated.csv (85 rows)
2026-08-01 09:21:20,901 INFO    mgb_context              mgb/surgery_ranking_with_mgb_FY2024_FY2025_corroborated.png
2026-08-01 09:21:20,934 INFO    mgb_context            wrote surgery_ranking_with_mgb_FY2024_FY2025_all_evidence.csv (85 rows)
2026-08-01 09:21:21,078 INFO    mgb_context              mgb/surgery_ranking_with_mgb_FY2024_FY2025_all_evidence.png
2026-08-01 09:21:21,118 INFO    mgb_context            wrote surgery_ranking_with_mgb_FY2021_FY2025_corroborated.csv (96 rows)
2026-08-01 09:21:21,263 INFO    mgb_context              mgb/surgery_ranking_with_mgb_FY2021_FY2025_corroborated.png
2026-08-01 09:21:21,304 INFO    mgb_context            wrote surgery_ranking_with_mgb_FY2021_FY2025_all_evidence.csv (96 rows)
2026-08-01 09:21:21,450 INFO    mgb_context              mgb/surgery_ranking_with_mgb_FY2021_FY2025_all_evidence.png
2026-08-01 09:21:21,484 INFO    driver                 done: mgb
2026-08-01 09:21:42,535 INFO    pi_department          8,446 contact-PI award-years, 7,404 with a resolved department (87.7%)
2026-08-01 09:21:42,553 INFO    pi_department          wrote mgb_surgery_summary.csv (36 rows) from the validated majority rule
2026-08-01 09:21:42,611 INFO    mgb_context            wrote surgery_ranking_with_mgb_FY2025_corroborated.csv (80 rows)
2026-08-01 09:21:42,771 INFO    mgb_context              mgb/surgery_ranking_with_mgb_FY2025_corroborated.png
2026-08-01 09:21:42,799 INFO    mgb_context            wrote surgery_ranking_with_mgb_FY2025_all_evidence.csv (80 rows)
2026-08-01 09:21:42,933 INFO    mgb_context              mgb/surgery_ranking_with_mgb_FY2025_all_evidence.png
2026-08-01 09:21:42,966 INFO    mgb_context            wrote surgery_ranking_with_mgb_FY2024_FY2025_corroborated.csv (85 rows)
2026-08-01 09:21:43,103 INFO    mgb_context              mgb/surgery_ranking_with_mgb_FY2024_FY2025_corroborated.png
2026-08-01 09:21:43,135 INFO    mgb_context            wrote surgery_ranking_with_mgb_FY2024_FY2025_all_evidence.csv (85 rows)
2026-08-01 09:21:43,269 INFO    mgb_context              mgb/surgery_ranking_with_mgb_FY2024_FY2025_all_evidence.png
2026-08-01 09:21:43,309 INFO    mgb_context            wrote surgery_ranking_with_mgb_FY2021_FY2025_corroborated.csv (96 rows)
2026-08-01 09:21:43,444 INFO    mgb_context              mgb/surgery_ranking_with_mgb_FY2021_FY2025_corroborated.png
2026-08-01 09:21:43,485 INFO    mgb_context            wrote surgery_ranking_with_mgb_FY2021_FY2025_all_evidence.csv (96 rows)
2026-08-01 09:21:43,621 INFO    mgb_context              mgb/surgery_ranking_with_mgb_FY2021_FY2025_all_evidence.png
2026-08-01 09:21:43,656 INFO    driver                 done: mgb
2026-08-01 09:21:44,271 INFO    figures                figures for FY2025
2026-08-01 09:21:44,402 INFO    figures                  FY2025/1_surgery_total_funding.png
2026-08-01 09:21:44,517 INFO    figures                  FY2025/2_surgery_award_years.png
2026-08-01 09:21:44,623 INFO    figures                  FY2025/3_surgery_projects.png
2026-08-01 09:21:44,726 INFO    figures                  FY2025/4_surgery_r01_funding.png
2026-08-01 09:21:44,832 INFO    figures                  FY2025/5_surgery_r01_count.png
2026-08-01 09:21:44,935 INFO    figures                  FY2025/6_surgery_investigators.png
2026-08-01 09:21:45,048 INFO    figures                  FY2025/14_surgery_funding_per_investigator.png
2026-08-01 09:21:45,158 INFO    figures                  FY2025/15_surgery_mean_award_size.png
2026-08-01 09:21:45,269 INFO    figures                  FY2025/16_surgery_funding_per_project.png
2026-08-01 09:21:45,441 INFO    figures                  FY2025/7_surgery_mechanism_mix.png
2026-08-01 09:21:45,578 INFO    figures                  FY2025/8_specialty_totals.png
2026-08-01 09:21:45,761 INFO    figures                  FY2025/9_all_institution_department_pairs.png
2026-08-01 09:21:45,890 INFO    figures                  FY2025/10_top_institutions.png
2026-08-01 09:21:46,002 INFO    figures                  FY2025/11_surgery_r01_vs_non_r01.png
2026-08-01 09:21:46,002 INFO    figures                figures for FY2024_FY2025
2026-08-01 09:21:46,108 INFO    figures                  FY2024_FY2025/1_surgery_total_funding.png
2026-08-01 09:21:46,212 INFO    figures                  FY2024_FY2025/2_surgery_award_years.png
2026-08-01 09:21:46,313 INFO    figures                  FY2024_FY2025/3_surgery_projects.png
2026-08-01 09:21:46,438 INFO    figures                  FY2024_FY2025/4_surgery_r01_funding.png
2026-08-01 09:21:46,539 INFO    figures                  FY2024_FY2025/5_surgery_r01_count.png
2026-08-01 09:21:46,644 INFO    figures                  FY2024_FY2025/6_surgery_investigators.png
2026-08-01 09:21:46,752 INFO    figures                  FY2024_FY2025/14_surgery_funding_per_investigator.png
2026-08-01 09:21:46,863 INFO    figures                  FY2024_FY2025/15_surgery_mean_award_size.png
2026-08-01 09:21:46,968 INFO    figures                  FY2024_FY2025/16_surgery_funding_per_project.png
2026-08-01 09:21:47,117 INFO    figures                  FY2024_FY2025/7_surgery_mechanism_mix.png
2026-08-01 09:21:47,254 INFO    figures                  FY2024_FY2025/8_specialty_totals.png
2026-08-01 09:21:47,440 INFO    figures                  FY2024_FY2025/9_all_institution_department_pairs.png
2026-08-01 09:21:47,602 INFO    figures                  FY2024_FY2025/10_top_institutions.png
2026-08-01 09:21:47,713 INFO    figures                  FY2024_FY2025/11_surgery_r01_vs_non_r01.png
2026-08-01 09:21:47,714 INFO    figures                figures for FY2021_FY2025
2026-08-01 09:21:47,817 INFO    figures                  FY2021_FY2025/1_surgery_total_funding.png
2026-08-01 09:21:47,922 INFO    figures                  FY2021_FY2025/2_surgery_award_years.png
2026-08-01 09:21:48,027 INFO    figures                  FY2021_FY2025/3_surgery_projects.png
2026-08-01 09:21:48,128 INFO    figures                  FY2021_FY2025/4_surgery_r01_funding.png
2026-08-01 09:21:48,228 INFO    figures                  FY2021_FY2025/5_surgery_r01_count.png
2026-08-01 09:21:48,328 INFO    figures                  FY2021_FY2025/6_surgery_investigators.png
2026-08-01 09:21:48,441 INFO    figures                  FY2021_FY2025/14_surgery_funding_per_investigator.png
2026-08-01 09:21:48,549 INFO    figures                  FY2021_FY2025/15_surgery_mean_award_size.png
2026-08-01 09:21:48,683 INFO    figures                  FY2021_FY2025/16_surgery_funding_per_project.png
2026-08-01 09:21:48,846 INFO    figures                  FY2021_FY2025/7_surgery_mechanism_mix.png
2026-08-01 09:21:48,981 INFO    figures                  FY2021_FY2025/8_specialty_totals.png
2026-08-01 09:21:49,178 INFO    figures                  FY2021_FY2025/9_all_institution_department_pairs.png
2026-08-01 09:21:49,313 INFO    figures                  FY2021_FY2025/10_top_institutions.png
2026-08-01 09:21:49,436 INFO    figures                  FY2021_FY2025/11_surgery_r01_vs_non_r01.png
2026-08-01 09:21:49,437 INFO    figures                comparison figures
2026-08-01 09:21:49,574 INFO    figures                  comparisons/12_surgery_fy2024_to_fy2025.png
2026-08-01 09:21:49,748 INFO    figures                  comparisons/13_surgery_period_comparison.png
2026-08-01 09:21:49,815 INFO    figures                  comparisons/0_department_evidence_coverage.png
2026-08-01 09:21:49,844 INFO    driver                 done: figures
2026-08-01 09:21:50,260 INFO    site                   FY2025: appended 1 reconstructed department row(s)
2026-08-01 09:21:50,300 INFO    site                   wrote docs/data/pairs_FY2025.json (1.6 MB)
2026-08-01 09:21:50,363 INFO    site                   FY2024_FY2025: appended 1 reconstructed department row(s)
2026-08-01 09:21:50,409 INFO    site                   wrote docs/data/pairs_FY2024_FY2025.json (1.9 MB)
2026-08-01 09:21:50,486 INFO    site                   FY2021_FY2025: appended 1 reconstructed department row(s)
2026-08-01 09:21:50,544 INFO    site                   wrote docs/data/pairs_FY2021_FY2025.json (2.4 MB)
2026-08-01 09:21:50,695 INFO    site                   wrote docs/data/trend_institution.json (2.3 MB)
2026-08-01 09:21:50,945 INFO    site                   wrote docs/data/trend_institution_department.json (6.4 MB)
2026-08-01 09:21:50,975 INFO    site                   wrote docs/data/core.json (2.4 MB)
2026-08-01 09:21:50,991 INFO    site                   copied 58 figures into docs/figures
2026-08-01 09:21:51,012 INFO    site                   copied 33 tables into docs/tables
2026-08-01 09:22:26,432 INFO    figures                figures for FY2025
2026-08-01 09:22:26,560 INFO    figures                  FY2025/1_surgery_total_funding.png
2026-08-01 09:22:26,667 INFO    figures                  FY2025/2_surgery_award_years.png
2026-08-01 09:22:26,771 INFO    figures                  FY2025/3_surgery_projects.png
2026-08-01 09:22:26,873 INFO    figures                  FY2025/4_surgery_r01_funding.png
2026-08-01 09:22:26,977 INFO    figures                  FY2025/5_surgery_r01_count.png
2026-08-01 09:22:27,080 INFO    figures                  FY2025/6_surgery_investigators.png
2026-08-01 09:22:27,191 INFO    figures                  FY2025/14_surgery_funding_per_investigator.png
2026-08-01 09:22:27,300 INFO    figures                  FY2025/15_surgery_mean_award_size.png
2026-08-01 09:22:27,408 INFO    figures                  FY2025/16_surgery_funding_per_project.png
2026-08-01 09:22:27,577 INFO    figures                  FY2025/7_surgery_mechanism_mix.png
2026-08-01 09:22:27,712 INFO    figures                  FY2025/8_specialty_totals.png
2026-08-01 09:22:27,898 INFO    figures                  FY2025/9_all_institution_department_pairs.png
2026-08-01 09:22:28,029 INFO    figures                  FY2025/10_top_institutions.png
2026-08-01 09:22:28,134 INFO    figures                  FY2025/11_surgery_r01_vs_non_r01.png
2026-08-01 09:22:28,135 INFO    figures                figures for FY2024_FY2025
2026-08-01 09:22:28,240 INFO    figures                  FY2024_FY2025/1_surgery_total_funding.png
2026-08-01 09:22:28,343 INFO    figures                  FY2024_FY2025/2_surgery_award_years.png
2026-08-01 09:22:28,444 INFO    figures                  FY2024_FY2025/3_surgery_projects.png
2026-08-01 09:22:28,568 INFO    figures                  FY2024_FY2025/4_surgery_r01_funding.png
2026-08-01 09:22:28,669 INFO    figures                  FY2024_FY2025/5_surgery_r01_count.png
2026-08-01 09:22:28,774 INFO    figures                  FY2024_FY2025/6_surgery_investigators.png
2026-08-01 09:22:28,885 INFO    figures                  FY2024_FY2025/14_surgery_funding_per_investigator.png
2026-08-01 09:22:29,001 INFO    figures                  FY2024_FY2025/15_surgery_mean_award_size.png
2026-08-01 09:22:29,107 INFO    figures                  FY2024_FY2025/16_surgery_funding_per_project.png
2026-08-01 09:22:29,255 INFO    figures                  FY2024_FY2025/7_surgery_mechanism_mix.png
2026-08-01 09:22:29,390 INFO    figures                  FY2024_FY2025/8_specialty_totals.png
2026-08-01 09:22:29,575 INFO    figures                  FY2024_FY2025/9_all_institution_department_pairs.png
2026-08-01 09:22:29,735 INFO    figures                  FY2024_FY2025/10_top_institutions.png
2026-08-01 09:22:29,846 INFO    figures                  FY2024_FY2025/11_surgery_r01_vs_non_r01.png
2026-08-01 09:22:29,847 INFO    figures                figures for FY2021_FY2025
2026-08-01 09:22:29,954 INFO    figures                  FY2021_FY2025/1_surgery_total_funding.png
2026-08-01 09:22:30,053 INFO    figures                  FY2021_FY2025/2_surgery_award_years.png
2026-08-01 09:22:30,158 INFO    figures                  FY2021_FY2025/3_surgery_projects.png
2026-08-01 09:22:30,259 INFO    figures                  FY2021_FY2025/4_surgery_r01_funding.png
2026-08-01 09:22:30,358 INFO    figures                  FY2021_FY2025/5_surgery_r01_count.png
2026-08-01 09:22:30,459 INFO    figures                  FY2021_FY2025/6_surgery_investigators.png
2026-08-01 09:22:30,571 INFO    figures                  FY2021_FY2025/14_surgery_funding_per_investigator.png
2026-08-01 09:22:30,679 INFO    figures                  FY2021_FY2025/15_surgery_mean_award_size.png
2026-08-01 09:22:30,814 INFO    figures                  FY2021_FY2025/16_surgery_funding_per_project.png
2026-08-01 09:22:30,980 INFO    figures                  FY2021_FY2025/7_surgery_mechanism_mix.png
2026-08-01 09:22:31,115 INFO    figures                  FY2021_FY2025/8_specialty_totals.png
2026-08-01 09:22:31,312 INFO    figures                  FY2021_FY2025/9_all_institution_department_pairs.png
2026-08-01 09:22:31,446 INFO    figures                  FY2021_FY2025/10_top_institutions.png
2026-08-01 09:22:31,567 INFO    figures                  FY2021_FY2025/11_surgery_r01_vs_non_r01.png
2026-08-01 09:22:31,567 INFO    figures                comparison figures
2026-08-01 09:22:31,704 INFO    figures                  comparisons/12_surgery_fy2024_to_fy2025.png
2026-08-01 09:22:31,878 INFO    figures                  comparisons/13_surgery_period_comparison.png
2026-08-01 09:22:31,946 INFO    figures                  comparisons/0_department_evidence_coverage.png
2026-08-01 09:22:31,974 INFO    driver                 done: figures
2026-08-01 09:22:33,136 INFO    pi_department          8,446 contact-PI award-years, 7,404 with a resolved department (87.7%)
2026-08-01 09:22:33,154 INFO    pi_department          wrote mgb_surgery_summary.csv (36 rows) from the validated majority rule
2026-08-01 09:22:33,213 INFO    mgb_context            wrote surgery_ranking_with_mgb_FY2025_corroborated.csv (80 rows)
2026-08-01 09:22:33,367 INFO    mgb_context              mgb/surgery_ranking_with_mgb_FY2025_corroborated.png
2026-08-01 09:22:33,395 INFO    mgb_context            wrote surgery_ranking_with_mgb_FY2025_all_evidence.csv (80 rows)
2026-08-01 09:22:33,530 INFO    mgb_context              mgb/surgery_ranking_with_mgb_FY2025_all_evidence.png
2026-08-01 09:22:33,562 INFO    mgb_context            wrote surgery_ranking_with_mgb_FY2024_FY2025_corroborated.csv (85 rows)
2026-08-01 09:22:33,699 INFO    mgb_context              mgb/surgery_ranking_with_mgb_FY2024_FY2025_corroborated.png
2026-08-01 09:22:33,732 INFO    mgb_context            wrote surgery_ranking_with_mgb_FY2024_FY2025_all_evidence.csv (85 rows)
2026-08-01 09:22:33,866 INFO    mgb_context              mgb/surgery_ranking_with_mgb_FY2024_FY2025_all_evidence.png
2026-08-01 09:22:33,916 INFO    mgb_context            wrote surgery_ranking_with_mgb_FY2021_FY2025_corroborated.csv (96 rows)
2026-08-01 09:22:34,059 INFO    mgb_context              mgb/surgery_ranking_with_mgb_FY2021_FY2025_corroborated.png
2026-08-01 09:22:34,100 INFO    mgb_context            wrote surgery_ranking_with_mgb_FY2021_FY2025_all_evidence.csv (96 rows)
2026-08-01 09:22:34,237 INFO    mgb_context              mgb/surgery_ranking_with_mgb_FY2021_FY2025_all_evidence.png
2026-08-01 09:22:34,270 INFO    driver                 done: mgb
2026-08-01 09:23:01,622 INFO    figures                figures for FY2025
2026-08-01 09:23:01,755 INFO    figures                  FY2025/1_surgery_total_funding.png
2026-08-01 09:23:01,866 INFO    figures                  FY2025/2_surgery_award_years.png
2026-08-01 09:23:01,974 INFO    figures                  FY2025/3_surgery_projects.png
2026-08-01 09:23:02,078 INFO    figures                  FY2025/4_surgery_r01_funding.png
2026-08-01 09:23:02,184 INFO    figures                  FY2025/5_surgery_r01_count.png
2026-08-01 09:23:02,288 INFO    figures                  FY2025/6_surgery_investigators.png
2026-08-01 09:23:02,401 INFO    figures                  FY2025/14_surgery_funding_per_investigator.png
2026-08-01 09:23:02,511 INFO    figures                  FY2025/15_surgery_mean_award_size.png
2026-08-01 09:23:02,621 INFO    figures                  FY2025/16_surgery_funding_per_project.png
2026-08-01 09:23:02,791 INFO    figures                  FY2025/7_surgery_mechanism_mix.png
2026-08-01 09:23:02,927 INFO    figures                  FY2025/8_specialty_totals.png
2026-08-01 09:23:03,115 INFO    figures                  FY2025/9_all_institution_department_pairs.png
2026-08-01 09:23:03,242 INFO    figures                  FY2025/10_top_institutions.png
2026-08-01 09:23:03,349 INFO    figures                  FY2025/11_surgery_r01_vs_non_r01.png
2026-08-01 09:23:03,349 INFO    figures                figures for FY2024_FY2025
2026-08-01 09:23:03,456 INFO    figures                  FY2024_FY2025/1_surgery_total_funding.png
2026-08-01 09:23:03,561 INFO    figures                  FY2024_FY2025/2_surgery_award_years.png
2026-08-01 09:23:03,661 INFO    figures                  FY2024_FY2025/3_surgery_projects.png
2026-08-01 09:23:03,786 INFO    figures                  FY2024_FY2025/4_surgery_r01_funding.png
2026-08-01 09:23:03,888 INFO    figures                  FY2024_FY2025/5_surgery_r01_count.png
2026-08-01 09:23:03,995 INFO    figures                  FY2024_FY2025/6_surgery_investigators.png
2026-08-01 09:23:04,111 INFO    figures                  FY2024_FY2025/14_surgery_funding_per_investigator.png
2026-08-01 09:23:04,224 INFO    figures                  FY2024_FY2025/15_surgery_mean_award_size.png
2026-08-01 09:23:04,331 INFO    figures                  FY2024_FY2025/16_surgery_funding_per_project.png
2026-08-01 09:23:04,480 INFO    figures                  FY2024_FY2025/7_surgery_mechanism_mix.png
2026-08-01 09:23:04,616 INFO    figures                  FY2024_FY2025/8_specialty_totals.png
2026-08-01 09:23:04,803 INFO    figures                  FY2024_FY2025/9_all_institution_department_pairs.png
2026-08-01 09:23:04,969 INFO    figures                  FY2024_FY2025/10_top_institutions.png
2026-08-01 09:23:05,082 INFO    figures                  FY2024_FY2025/11_surgery_r01_vs_non_r01.png
2026-08-01 09:23:05,083 INFO    figures                figures for FY2021_FY2025
2026-08-01 09:23:05,189 INFO    figures                  FY2021_FY2025/1_surgery_total_funding.png
2026-08-01 09:23:05,289 INFO    figures                  FY2021_FY2025/2_surgery_award_years.png
2026-08-01 09:23:05,393 INFO    figures                  FY2021_FY2025/3_surgery_projects.png
2026-08-01 09:23:05,496 INFO    figures                  FY2021_FY2025/4_surgery_r01_funding.png
2026-08-01 09:23:05,596 INFO    figures                  FY2021_FY2025/5_surgery_r01_count.png
2026-08-01 09:23:05,697 INFO    figures                  FY2021_FY2025/6_surgery_investigators.png
2026-08-01 09:23:05,810 INFO    figures                  FY2021_FY2025/14_surgery_funding_per_investigator.png
2026-08-01 09:23:05,919 INFO    figures                  FY2021_FY2025/15_surgery_mean_award_size.png
2026-08-01 09:23:06,055 INFO    figures                  FY2021_FY2025/16_surgery_funding_per_project.png
2026-08-01 09:23:06,220 INFO    figures                  FY2021_FY2025/7_surgery_mechanism_mix.png
2026-08-01 09:23:06,355 INFO    figures                  FY2021_FY2025/8_specialty_totals.png
2026-08-01 09:23:06,552 INFO    figures                  FY2021_FY2025/9_all_institution_department_pairs.png
2026-08-01 09:23:06,688 INFO    figures                  FY2021_FY2025/10_top_institutions.png
2026-08-01 09:23:06,813 INFO    figures                  FY2021_FY2025/11_surgery_r01_vs_non_r01.png
2026-08-01 09:23:06,814 INFO    figures                comparison figures
2026-08-01 09:23:06,951 INFO    figures                  comparisons/12_surgery_fy2024_to_fy2025.png
2026-08-01 09:23:07,127 INFO    figures                  comparisons/13_surgery_period_comparison.png
2026-08-01 09:23:07,196 INFO    figures                  comparisons/0_department_evidence_coverage.png
2026-08-01 09:23:07,223 INFO    driver                 done: figures
2026-08-01 09:23:08,393 INFO    pi_department          8,446 contact-PI award-years, 7,404 with a resolved department (87.7%)
2026-08-01 09:23:08,412 INFO    pi_department          wrote mgb_surgery_summary.csv (36 rows) from the validated majority rule
2026-08-01 09:23:08,472 INFO    mgb_context            wrote surgery_ranking_with_mgb_FY2025_corroborated.csv (80 rows)
2026-08-01 09:23:08,627 INFO    mgb_context              mgb/surgery_ranking_with_mgb_FY2025_corroborated.png
2026-08-01 09:23:08,655 INFO    mgb_context            wrote surgery_ranking_with_mgb_FY2025_all_evidence.csv (80 rows)
2026-08-01 09:23:08,790 INFO    mgb_context              mgb/surgery_ranking_with_mgb_FY2025_all_evidence.png
2026-08-01 09:23:08,823 INFO    mgb_context            wrote surgery_ranking_with_mgb_FY2024_FY2025_corroborated.csv (85 rows)
2026-08-01 09:23:08,958 INFO    mgb_context              mgb/surgery_ranking_with_mgb_FY2024_FY2025_corroborated.png
2026-08-01 09:23:08,991 INFO    mgb_context            wrote surgery_ranking_with_mgb_FY2024_FY2025_all_evidence.csv (85 rows)
2026-08-01 09:23:09,127 INFO    mgb_context              mgb/surgery_ranking_with_mgb_FY2024_FY2025_all_evidence.png
2026-08-01 09:23:09,167 INFO    mgb_context            wrote surgery_ranking_with_mgb_FY2021_FY2025_corroborated.csv (96 rows)
2026-08-01 09:23:09,306 INFO    mgb_context              mgb/surgery_ranking_with_mgb_FY2021_FY2025_corroborated.png
2026-08-01 09:23:09,346 INFO    mgb_context            wrote surgery_ranking_with_mgb_FY2021_FY2025_all_evidence.csv (96 rows)
2026-08-01 09:23:09,484 INFO    mgb_context              mgb/surgery_ranking_with_mgb_FY2021_FY2025_all_evidence.png
2026-08-01 09:23:09,516 INFO    driver                 done: mgb
2026-08-01 09:36:00,617 INFO    pi_department          8,446 contact-PI award-years, 7,404 with a resolved department (87.7%)
2026-08-01 09:36:00,639 INFO    pi_department          wrote mgb_surgery_summary.csv (36 rows) from the validated majority rule
2026-08-01 09:36:00,698 INFO    mgb_context            wrote surgery_ranking_with_mgb_FY2025_corroborated.csv (80 rows)
2026-08-01 09:36:00,861 INFO    mgb_context              mgb/surgery_ranking_with_mgb_FY2025_corroborated.png
2026-08-01 09:36:00,891 INFO    mgb_context            wrote surgery_ranking_with_mgb_FY2025_all_evidence.csv (80 rows)
2026-08-01 09:36:01,031 INFO    mgb_context              mgb/surgery_ranking_with_mgb_FY2025_all_evidence.png
2026-08-01 09:36:01,065 INFO    mgb_context            wrote surgery_ranking_with_mgb_FY2024_FY2025_corroborated.csv (85 rows)
2026-08-01 09:36:01,205 INFO    mgb_context              mgb/surgery_ranking_with_mgb_FY2024_FY2025_corroborated.png
2026-08-01 09:36:01,240 INFO    mgb_context            wrote surgery_ranking_with_mgb_FY2024_FY2025_all_evidence.csv (85 rows)
2026-08-01 09:36:01,379 INFO    mgb_context              mgb/surgery_ranking_with_mgb_FY2024_FY2025_all_evidence.png
2026-08-01 09:36:01,421 INFO    mgb_context            wrote surgery_ranking_with_mgb_FY2021_FY2025_corroborated.csv (96 rows)
2026-08-01 09:36:01,561 INFO    mgb_context              mgb/surgery_ranking_with_mgb_FY2021_FY2025_corroborated.png
2026-08-01 09:36:01,604 INFO    mgb_context            wrote surgery_ranking_with_mgb_FY2021_FY2025_all_evidence.csv (96 rows)
2026-08-01 09:36:01,744 INFO    mgb_context              mgb/surgery_ranking_with_mgb_FY2021_FY2025_all_evidence.png
2026-08-01 09:36:01,785 INFO    driver                 done: mgb
2026-08-01 09:36:02,426 INFO    figures                figures for FY2025
2026-08-01 09:36:02,559 INFO    figures                  FY2025/1_surgery_total_funding.png
2026-08-01 09:36:02,666 INFO    figures                  FY2025/2_surgery_award_years.png
2026-08-01 09:36:02,772 INFO    figures                  FY2025/3_surgery_projects.png
2026-08-01 09:36:02,876 INFO    figures                  FY2025/4_surgery_r01_funding.png
2026-08-01 09:36:02,981 INFO    figures                  FY2025/5_surgery_r01_count.png
2026-08-01 09:36:03,084 INFO    figures                  FY2025/6_surgery_investigators.png
2026-08-01 09:36:03,198 INFO    figures                  FY2025/14_surgery_funding_per_investigator.png
2026-08-01 09:36:03,309 INFO    figures                  FY2025/15_surgery_mean_award_size.png
2026-08-01 09:36:03,419 INFO    figures                  FY2025/16_surgery_funding_per_project.png
2026-08-01 09:36:03,591 INFO    figures                  FY2025/7_surgery_mechanism_mix.png
2026-08-01 09:36:03,727 INFO    figures                  FY2025/8_specialty_totals.png
2026-08-01 09:36:03,913 INFO    figures                  FY2025/9_all_institution_department_pairs.png
2026-08-01 09:36:04,045 INFO    figures                  FY2025/10_top_institutions.png
2026-08-01 09:36:04,151 INFO    figures                  FY2025/11_surgery_r01_vs_non_r01.png
2026-08-01 09:36:04,151 INFO    figures                figures for FY2024_FY2025
2026-08-01 09:36:04,258 INFO    figures                  FY2024_FY2025/1_surgery_total_funding.png
2026-08-01 09:36:04,363 INFO    figures                  FY2024_FY2025/2_surgery_award_years.png
2026-08-01 09:36:04,465 INFO    figures                  FY2024_FY2025/3_surgery_projects.png
2026-08-01 09:36:04,590 INFO    figures                  FY2024_FY2025/4_surgery_r01_funding.png
2026-08-01 09:36:04,691 INFO    figures                  FY2024_FY2025/5_surgery_r01_count.png
2026-08-01 09:36:04,796 INFO    figures                  FY2024_FY2025/6_surgery_investigators.png
2026-08-01 09:36:04,906 INFO    figures                  FY2024_FY2025/14_surgery_funding_per_investigator.png
2026-08-01 09:36:05,019 INFO    figures                  FY2024_FY2025/15_surgery_mean_award_size.png
2026-08-01 09:36:05,125 INFO    figures                  FY2024_FY2025/16_surgery_funding_per_project.png
2026-08-01 09:36:05,281 INFO    figures                  FY2024_FY2025/7_surgery_mechanism_mix.png
2026-08-01 09:36:05,420 INFO    figures                  FY2024_FY2025/8_specialty_totals.png
2026-08-01 09:36:05,612 INFO    figures                  FY2024_FY2025/9_all_institution_department_pairs.png
2026-08-01 09:36:05,777 INFO    figures                  FY2024_FY2025/10_top_institutions.png
2026-08-01 09:36:05,889 INFO    figures                  FY2024_FY2025/11_surgery_r01_vs_non_r01.png
2026-08-01 09:36:05,890 INFO    figures                figures for FY2021_FY2025
2026-08-01 09:36:05,998 INFO    figures                  FY2021_FY2025/1_surgery_total_funding.png
2026-08-01 09:36:06,105 INFO    figures                  FY2021_FY2025/2_surgery_award_years.png
2026-08-01 09:36:06,211 INFO    figures                  FY2021_FY2025/3_surgery_projects.png
2026-08-01 09:36:06,313 INFO    figures                  FY2021_FY2025/4_surgery_r01_funding.png
2026-08-01 09:36:06,413 INFO    figures                  FY2021_FY2025/5_surgery_r01_count.png
2026-08-01 09:36:06,514 INFO    figures                  FY2021_FY2025/6_surgery_investigators.png
2026-08-01 09:36:06,633 INFO    figures                  FY2021_FY2025/14_surgery_funding_per_investigator.png
2026-08-01 09:36:06,741 INFO    figures                  FY2021_FY2025/15_surgery_mean_award_size.png
2026-08-01 09:36:06,876 INFO    figures                  FY2021_FY2025/16_surgery_funding_per_project.png
2026-08-01 09:36:07,044 INFO    figures                  FY2021_FY2025/7_surgery_mechanism_mix.png
2026-08-01 09:36:07,180 INFO    figures                  FY2021_FY2025/8_specialty_totals.png
2026-08-01 09:36:07,384 INFO    figures                  FY2021_FY2025/9_all_institution_department_pairs.png
2026-08-01 09:36:07,520 INFO    figures                  FY2021_FY2025/10_top_institutions.png
2026-08-01 09:36:07,644 INFO    figures                  FY2021_FY2025/11_surgery_r01_vs_non_r01.png
2026-08-01 09:36:07,645 INFO    figures                comparison figures
2026-08-01 09:36:07,783 INFO    figures                  comparisons/12_surgery_fy2024_to_fy2025.png
2026-08-01 09:36:07,968 INFO    figures                  comparisons/13_surgery_period_comparison.png
2026-08-01 09:36:08,041 INFO    figures                  comparisons/0_department_evidence_coverage.png
2026-08-01 09:36:08,068 INFO    driver                 done: figures
2026-08-01 09:36:08,484 INFO    site                   FY2025: appended 1 reconstructed department row(s)
2026-08-01 09:36:08,523 INFO    site                   wrote docs/data/pairs_FY2025.json (1.6 MB)
2026-08-01 09:36:08,585 INFO    site                   FY2024_FY2025: appended 1 reconstructed department row(s)
2026-08-01 09:36:08,630 INFO    site                   wrote docs/data/pairs_FY2024_FY2025.json (1.9 MB)
2026-08-01 09:36:08,705 INFO    site                   FY2021_FY2025: appended 1 reconstructed department row(s)
2026-08-01 09:36:08,762 INFO    site                   wrote docs/data/pairs_FY2021_FY2025.json (2.4 MB)
2026-08-01 09:36:08,915 INFO    site                   wrote docs/data/trend_institution.json (2.3 MB)
2026-08-01 09:36:09,163 INFO    site                   wrote docs/data/trend_institution_department.json (6.4 MB)
2026-08-01 09:36:09,193 INFO    site                   wrote docs/data/core.json (2.4 MB)
2026-08-01 09:36:09,213 INFO    site                   copied 58 figures into docs/figures
2026-08-01 09:36:09,239 INFO    site                   copied 33 tables into docs/tables
2026-08-01 09:36:10,748 INFO    validate               validation: 16 checks, 0 failed
2026-08-01 09:36:11,377 INFO    driver                 done: validate
2026-08-01 11:34:10,826 INFO    pi_department          8,446 contact-PI award-years, 7,404 with a resolved department (87.7%)
2026-08-01 11:34:10,846 INFO    pi_department          wrote mgb_surgery_summary.csv (36 rows) from the validated majority rule
2026-08-01 11:34:11,456 INFO    pi_department          wrote mgb_departments_all.csv (158 rows, 19 departments)
2026-08-01 11:34:11,518 INFO    mgb_context            wrote surgery_ranking_with_mgb_FY2025_corroborated.csv (80 rows)
2026-08-01 11:34:11,701 INFO    mgb_context              mgb/surgery_ranking_with_mgb_FY2025_corroborated.png
2026-08-01 11:34:11,730 INFO    mgb_context            wrote surgery_ranking_with_mgb_FY2025_all_evidence.csv (80 rows)
2026-08-01 11:34:11,873 INFO    mgb_context              mgb/surgery_ranking_with_mgb_FY2025_all_evidence.png
2026-08-01 11:34:11,908 INFO    mgb_context            wrote surgery_ranking_with_mgb_FY2024_FY2025_corroborated.csv (85 rows)
2026-08-01 11:34:12,046 INFO    mgb_context              mgb/surgery_ranking_with_mgb_FY2024_FY2025_corroborated.png
2026-08-01 11:34:12,080 INFO    mgb_context            wrote surgery_ranking_with_mgb_FY2024_FY2025_all_evidence.csv (85 rows)
2026-08-01 11:34:12,220 INFO    mgb_context              mgb/surgery_ranking_with_mgb_FY2024_FY2025_all_evidence.png
2026-08-01 11:34:12,263 INFO    mgb_context            wrote surgery_ranking_with_mgb_FY2021_FY2025_corroborated.csv (96 rows)
2026-08-01 11:34:12,405 INFO    mgb_context              mgb/surgery_ranking_with_mgb_FY2021_FY2025_corroborated.png
2026-08-01 11:34:12,448 INFO    mgb_context            wrote surgery_ranking_with_mgb_FY2021_FY2025_all_evidence.csv (96 rows)
2026-08-01 11:34:12,595 INFO    mgb_context              mgb/surgery_ranking_with_mgb_FY2021_FY2025_all_evidence.png
2026-08-01 11:34:12,636 INFO    driver                 done: mgb
2026-08-01 11:34:30,424 INFO    site                   FY2025: appended 18 reconstructed department row(s) across 18 departments
2026-08-01 11:34:30,463 INFO    site                   wrote docs/data/pairs_FY2025.json (1.6 MB)
2026-08-01 11:34:30,527 INFO    site                   FY2024_FY2025: appended 18 reconstructed department row(s) across 18 departments
2026-08-01 11:34:30,573 INFO    site                   wrote docs/data/pairs_FY2024_FY2025.json (1.9 MB)
2026-08-01 11:34:30,649 INFO    site                   FY2021_FY2025: appended 19 reconstructed department row(s) across 19 departments
2026-08-01 11:34:30,708 INFO    site                   wrote docs/data/pairs_FY2021_FY2025.json (2.4 MB)
2026-08-01 11:34:30,863 INFO    site                   wrote docs/data/trend_institution.json (2.3 MB)
2026-08-01 11:34:31,117 INFO    site                   wrote docs/data/trend_institution_department.json (6.4 MB)
2026-08-01 11:34:31,147 INFO    site                   wrote docs/data/core.json (2.4 MB)
2026-08-01 11:34:31,170 INFO    site                   copied 58 figures into docs/figures
2026-08-01 11:34:31,194 INFO    site                   copied 34 tables into docs/tables
2026-08-01 11:46:11,414 INFO    pi_department          MGH: 1,101 investigators already cached
2026-08-01 11:46:11,421 INFO    pi_department          MGH: profiling 0 investigators
2026-08-01 11:46:11,431 INFO    pi_department          MGH: 1,101 investigators, 73 surgical by majority rule
2026-08-01 11:46:11,445 INFO    pi_department          BWH: 677 investigators already cached
2026-08-01 11:46:11,448 INFO    pi_department          BWH: profiling 0 investigators
2026-08-01 11:46:11,450 INFO    pi_department          BWH: 677 investigators, 43 surgical by majority rule
2026-08-01 11:46:11,462 INFO    pi_department          IPF10040927: profiling 569 investigators
2026-08-01 11:52:14,308 INFO    pi_department            IPF10040927: 200/569
2026-08-01 11:53:10,681 INFO    pi_department          31,574 contact-PI award-years, 7,404 with a resolved department (23.4%)
2026-08-01 11:53:10,817 INFO    pi_department          wrote mgb_surgery_summary.csv (336 rows) from the validated majority rule
2026-08-01 11:53:11,518 INFO    pi_department          wrote mgb_departments_all.csv (158 rows, 19 departments)
2026-08-01 11:53:11,578 INFO    mgb_context            wrote surgery_ranking_with_mgb_FY2025_corroborated.csv (105 rows; 26 ranked rows reconstructed, 77 from NIH ORG_DEPT)
2026-08-01 11:53:11,579 INFO    mgb_context              highest-ranked reconstructed department: Mass General Brigham at rank 1; MGB_CORE at rank 1
2026-08-01 11:53:11,756 INFO    mgb_context              mgb/surgery_ranking_with_mgb_FY2025_corroborated.png
2026-08-01 11:53:11,786 INFO    mgb_context            wrote surgery_ranking_with_mgb_FY2025_all_evidence.csv (105 rows; 26 ranked rows reconstructed, 77 from NIH ORG_DEPT)
2026-08-01 11:53:11,787 INFO    mgb_context              highest-ranked reconstructed department: Mass General Brigham at rank 1; MGB_CORE at rank 1
2026-08-01 11:53:11,931 INFO    mgb_context              mgb/surgery_ranking_with_mgb_FY2025_all_evidence.png
2026-08-01 11:53:11,969 INFO    mgb_context            wrote surgery_ranking_with_mgb_FY2024_FY2025_corroborated.csv (110 rows; 26 ranked rows reconstructed, 82 from NIH ORG_DEPT)
2026-08-01 11:53:11,970 INFO    mgb_context              highest-ranked reconstructed department: Mass General Brigham at rank 1; MGB_CORE at rank 1
2026-08-01 11:53:12,114 INFO    mgb_context              mgb/surgery_ranking_with_mgb_FY2024_FY2025_corroborated.png
2026-08-01 11:53:12,151 INFO    mgb_context            wrote surgery_ranking_with_mgb_FY2024_FY2025_all_evidence.csv (110 rows; 26 ranked rows reconstructed, 82 from NIH ORG_DEPT)
2026-08-01 11:53:12,152 INFO    mgb_context              highest-ranked reconstructed department: Mass General Brigham at rank 1; MGB_CORE at rank 1
2026-08-01 11:53:12,294 INFO    mgb_context              mgb/surgery_ranking_with_mgb_FY2024_FY2025_all_evidence.png
2026-08-01 11:53:12,340 INFO    mgb_context            wrote surgery_ranking_with_mgb_FY2021_FY2025_corroborated.csv (121 rows; 26 ranked rows reconstructed, 93 from NIH ORG_DEPT)
2026-08-01 11:53:12,340 INFO    mgb_context              highest-ranked reconstructed department: Mass General Brigham at rank 1; MGB_CORE at rank 1
2026-08-01 11:53:12,486 INFO    mgb_context              mgb/surgery_ranking_with_mgb_FY2021_FY2025_corroborated.png
2026-08-01 11:53:12,531 INFO    mgb_context            wrote surgery_ranking_with_mgb_FY2021_FY2025_all_evidence.csv (121 rows; 26 ranked rows reconstructed, 93 from NIH ORG_DEPT)
2026-08-01 11:53:12,532 INFO    mgb_context              highest-ranked reconstructed department: Mass General Brigham at rank 1; MGB_CORE at rank 1
2026-08-01 11:53:12,678 INFO    mgb_context              mgb/surgery_ranking_with_mgb_FY2021_FY2025_all_evidence.png
2026-08-01 11:53:12,716 INFO    driver                 done: mgb
2026-08-01 11:53:21,408 INFO    site                   FY2025: appended 18 reconstructed department row(s) across 18 departments and 1 recipients
2026-08-01 11:53:21,452 INFO    site                   wrote docs/data/pairs_FY2025.json (1.6 MB)
2026-08-01 11:53:21,524 INFO    site                   FY2024_FY2025: appended 18 reconstructed department row(s) across 18 departments and 1 recipients
2026-08-01 11:53:21,574 INFO    site                   wrote docs/data/pairs_FY2024_FY2025.json (1.9 MB)
2026-08-01 11:53:21,660 INFO    site                   FY2021_FY2025: appended 19 reconstructed department row(s) across 19 departments and 1 recipients
2026-08-01 11:53:21,723 INFO    site                   wrote docs/data/pairs_FY2021_FY2025.json (2.4 MB)
2026-08-01 11:53:21,888 INFO    site                   wrote docs/data/trend_institution.json (2.3 MB)
2026-08-01 11:53:22,164 INFO    site                   wrote docs/data/trend_institution_department.json (6.4 MB)
2026-08-01 11:53:22,195 INFO    site                   wrote docs/data/core.json (2.5 MB)
2026-08-01 11:53:22,211 INFO    site                   copied 58 figures into docs/figures
2026-08-01 11:53:22,230 INFO    site                   copied 34 tables into docs/tables
2026-08-01 11:58:15,515 INFO    pi_department            IPF10040927: 400/569
2026-08-01 12:03:37,852 INFO    pi_department          IPF10040927: 569 investigators, 50 surgical by majority rule
2026-08-01 12:03:37,874 INFO    pi_department          IPF10068583: profiling 269 investigators
2026-08-01 12:09:44,348 INFO    pi_department            IPF10068583: 200/269
2026-08-01 12:11:50,202 INFO    pi_department          IPF10068583: 269 investigators, 1 surgical by majority rule
2026-08-01 12:11:50,215 INFO    pi_department          IPF861001: profiling 174 investigators
2026-08-01 12:12:08,513 WARNING pi_department          25 of 27 reconstructed institutions have no profile and are excluded from the tables entirely (not ranked at zero): IPF10040927, IPF10068583, IPF861001, IPF4976101, IPF1504801, IPF5079202, IPF615001, DFCI, IPF1499101, BIDMC, IPF1225501, IPF7893501, IPF1531401, IPF3058203, IPF1495302, IPF4976105, IPF3736101, IPF10005742, IPF6959701, IPF1520001, IPF1518602, IPF4155008, IPF3617301, IPF1525701, MEEI
2026-08-01 12:12:09,099 INFO    pi_department          8,446 contact-PI award-years, 7,404 with a resolved department (87.7%)
2026-08-01 12:12:09,113 INFO    pi_department          wrote mgb_surgery_summary.csv (18 rows) from the validated majority rule
2026-08-01 12:12:09,144 WARNING pi_department          25 of 27 reconstructed institutions have no profile and are excluded from the tables entirely (not ranked at zero): IPF10040927, IPF10068583, IPF861001, IPF4976101, IPF1504801, IPF5079202, IPF615001, DFCI, IPF1499101, BIDMC, IPF1225501, IPF7893501, IPF1531401, IPF3058203, IPF1495302, IPF4976105, IPF3736101, IPF10005742, IPF6959701, IPF1520001, IPF1518602, IPF4155008, IPF3617301, IPF1525701, MEEI
2026-08-01 12:12:09,750 INFO    pi_department          wrote mgb_departments_all.csv (158 rows, 19 departments)
2026-08-01 12:12:09,780 WARNING pi_department          25 of 27 reconstructed institutions have no profile and are excluded from the tables entirely (not ranked at zero): IPF10040927, IPF10068583, IPF861001, IPF4976101, IPF1504801, IPF5079202, IPF615001, DFCI, IPF1499101, BIDMC, IPF1225501, IPF7893501, IPF1531401, IPF3058203, IPF1495302, IPF4976105, IPF3736101, IPF10005742, IPF6959701, IPF1520001, IPF1518602, IPF4155008, IPF3617301, IPF1525701, MEEI
2026-08-01 12:12:10,364 INFO    pi_department          wrote reconstructed_department_evidence.csv (552 award-years, 116 investigators, 364 in a department of surgery)
2026-08-01 12:12:10,430 INFO    mgb_context            wrote surgery_ranking_with_mgb_FY2025_corroborated.csv (79 rows; 78 ranked, of which 2 reconstructed and 76 from NIH ORG_DEPT)
2026-08-01 12:12:10,431 INFO    mgb_context              highest-ranked reconstructed department: Massachusetts General Hospital at rank 2 of 78
2026-08-01 12:12:10,431 INFO    mgb_context              MGB_CORE is a roll-up: not ranked; would be 1 of 78 as one department
2026-08-01 12:12:10,431 INFO    mgb_context                MGH alone ranks 2
2026-08-01 12:12:10,432 INFO    mgb_context                BWH alone ranks 7
2026-08-01 12:12:10,655 INFO    mgb_context              mgb/surgery_ranking_with_mgb_FY2025_corroborated.png
2026-08-01 12:12:10,697 INFO    mgb_context            wrote surgery_ranking_with_mgb_FY2024_FY2025_corroborated.csv (84 rows; 83 ranked, of which 2 reconstructed and 81 from NIH ORG_DEPT)
2026-08-01 12:12:10,698 INFO    mgb_context              highest-ranked reconstructed department: Massachusetts General Hospital at rank 3 of 83
2026-08-01 12:12:10,698 INFO    mgb_context              MGB_CORE is a roll-up: not ranked; would be 1 of 83 as one department
2026-08-01 12:12:10,699 INFO    mgb_context                MGH alone ranks 3
2026-08-01 12:12:10,699 INFO    mgb_context                BWH alone ranks 8
2026-08-01 12:12:10,892 INFO    mgb_context              mgb/surgery_ranking_with_mgb_FY2024_FY2025_corroborated.png
2026-08-01 12:12:10,940 INFO    mgb_context            wrote surgery_ranking_with_mgb_FY2021_FY2025_corroborated.csv (95 rows; 94 ranked, of which 2 reconstructed and 92 from NIH ORG_DEPT)
2026-08-01 12:12:10,941 INFO    mgb_context              highest-ranked reconstructed department: Massachusetts General Hospital at rank 2 of 94
2026-08-01 12:12:10,941 INFO    mgb_context              MGB_CORE is a roll-up: not ranked; would be 1 of 94 as one department
2026-08-01 12:12:10,942 INFO    mgb_context                MGH alone ranks 2
2026-08-01 12:12:10,942 INFO    mgb_context                BWH alone ranks 5
2026-08-01 12:12:11,132 INFO    mgb_context              mgb/surgery_ranking_with_mgb_FY2021_FY2025_corroborated.png
2026-08-01 12:12:55,281 INFO    mgb_context            wrote surgery_ranking_with_mgb_FY2021_FY2025_corroborated.csv (95 rows; 94 ranked, of which 2 reconstructed and 92 from NIH ORG_DEPT)
2026-08-01 12:12:55,282 INFO    mgb_context              highest-ranked reconstructed department: Massachusetts General Hospital at rank 2 of 94
2026-08-01 12:12:55,283 INFO    mgb_context              MGB_CORE is a roll-up: not ranked; would be 1 of 94 as one department
2026-08-01 12:12:55,283 INFO    mgb_context                MGH alone ranks 2
2026-08-01 12:12:55,283 INFO    mgb_context                BWH alone ranks 5
2026-08-01 12:12:55,502 INFO    mgb_context              mgb/surgery_ranking_with_mgb_FY2021_FY2025_corroborated.png
2026-08-01 12:14:32,123 INFO    site                   FY2025: appended 51 reconstructed department row(s) across 18 departments and 3 recipients
2026-08-01 12:14:32,166 INFO    site                   wrote docs/data/pairs_FY2025.json (1.6 MB)
2026-08-01 12:14:32,239 INFO    site                   FY2024_FY2025: appended 52 reconstructed department row(s) across 18 departments and 3 recipients
2026-08-01 12:14:32,289 INFO    site                   wrote docs/data/pairs_FY2024_FY2025.json (1.9 MB)
2026-08-01 12:14:32,375 INFO    site                   FY2021_FY2025: appended 55 reconstructed department row(s) across 19 departments and 3 recipients
2026-08-01 12:14:32,438 INFO    site                   wrote docs/data/pairs_FY2021_FY2025.json (2.4 MB)
2026-08-01 12:14:32,601 INFO    site                   wrote docs/data/trend_institution.json (2.3 MB)
2026-08-01 12:14:32,849 INFO    site                   wrote docs/data/trend_institution_department.json (6.4 MB)
2026-08-01 12:14:32,881 INFO    site                   wrote docs/data/core.json (2.4 MB)
2026-08-01 12:14:32,909 INFO    site                   copied 55 figures into docs/figures
2026-08-01 12:14:32,924 INFO    site                   removed docs/tables/mgb_surgical_award_years_evidence.csv (no longer produced or superseded)
2026-08-01 12:14:32,925 INFO    site                   removed docs/tables/surgery_ranking_FY2021_FY2025_all_evidence.csv (no longer produced or superseded)
2026-08-01 12:14:32,925 INFO    site                   removed docs/tables/surgery_ranking_FY2021_FY2025_corroborated.csv (no longer produced or superseded)
2026-08-01 12:14:32,925 INFO    site                   removed docs/tables/surgery_ranking_FY2024_FY2025_all_evidence.csv (no longer produced or superseded)
2026-08-01 12:14:32,925 INFO    site                   removed docs/tables/surgery_ranking_FY2024_FY2025_corroborated.csv (no longer produced or superseded)
2026-08-01 12:14:32,927 INFO    site                   removed docs/tables/surgery_ranking_FY2025_all_evidence.csv (no longer produced or superseded)
2026-08-01 12:14:32,928 INFO    site                   removed docs/tables/surgery_ranking_FY2025_corroborated.csv (no longer produced or superseded)
2026-08-01 12:14:32,928 INFO    site                   removed docs/tables/surgery_ranking_with_mgb_FY2021_FY2025_all_evidence.csv (no longer produced or superseded)
2026-08-01 12:14:32,928 INFO    site                   removed docs/tables/surgery_ranking_with_mgb_FY2024_FY2025_all_evidence.csv (no longer produced or superseded)
2026-08-01 12:14:32,928 INFO    site                   removed docs/tables/surgery_ranking_with_mgb_FY2025_all_evidence.csv (no longer produced or superseded)
2026-08-01 12:14:32,928 INFO    site                   copied 25 tables into docs/tables
2026-08-01 12:14:48,484 INFO    site                   FY2025: appended 51 reconstructed department row(s) across 18 departments and 3 recipients
2026-08-01 12:14:48,526 INFO    site                   wrote docs/data/pairs_FY2025.json (1.6 MB)
2026-08-01 12:14:48,594 INFO    site                   FY2024_FY2025: appended 52 reconstructed department row(s) across 18 departments and 3 recipients
2026-08-01 12:14:48,643 INFO    site                   wrote docs/data/pairs_FY2024_FY2025.json (1.9 MB)
2026-08-01 12:14:48,726 INFO    site                   FY2021_FY2025: appended 55 reconstructed department row(s) across 19 departments and 3 recipients
2026-08-01 12:14:48,788 INFO    site                   wrote docs/data/pairs_FY2021_FY2025.json (2.4 MB)
2026-08-01 12:14:48,945 INFO    site                   wrote docs/data/trend_institution.json (2.3 MB)
2026-08-01 12:14:49,191 INFO    site                   wrote docs/data/trend_institution_department.json (6.4 MB)
2026-08-01 12:14:49,221 INFO    site                   wrote docs/data/core.json (2.4 MB)
2026-08-01 12:14:49,241 INFO    site                   removed docs/figures/mgb/surgery_ranking_with_mgb_FY2021_FY2025_all_evidence.png (no longer produced)
2026-08-01 12:14:49,241 INFO    site                   removed docs/figures/mgb/surgery_ranking_with_mgb_FY2024_FY2025_all_evidence.png (no longer produced)
2026-08-01 12:14:49,242 INFO    site                   removed docs/figures/mgb/surgery_ranking_with_mgb_FY2025_all_evidence.png (no longer produced)
2026-08-01 12:14:49,242 INFO    site                   copied 55 figures into docs/figures
2026-08-01 12:14:49,254 INFO    site                   copied 25 tables into docs/tables
2026-08-01 12:16:54,631 INFO    pi_department          IPF861001: 174 investigators, 1 surgical by majority rule
2026-08-01 12:16:54,649 INFO    pi_department          IPF4976101: profiling 472 investigators
2026-08-01 12:22:44,830 INFO    pi_department            IPF4976101: 200/472
2026-08-01 12:23:59,497 INFO    validate               validation: 17 checks, 0 failed
2026-08-01 12:24:00,227 INFO    driver                 done: validate
2026-08-01 12:24:08,576 INFO    validate               validation: 17 checks, 0 failed
2026-08-01 12:24:09,265 INFO    driver                 done: validate
2026-08-01 12:28:29,600 INFO    pi_department            IPF4976101: 400/472
2026-08-01 12:30:35,623 INFO    pi_department          IPF4976101: 472 investigators, 21 surgical by majority rule
2026-08-01 12:30:35,643 INFO    pi_department          IPF1504801: profiling 425 investigators
2026-08-01 12:35:54,145 INFO    pi_department            IPF1504801: 200/425
2026-08-01 12:41:28,702 INFO    pi_department            IPF1504801: 400/425
2026-08-01 12:42:22,329 INFO    pi_department          IPF1504801: 425 investigators, 38 surgical by majority rule
2026-08-01 12:42:22,356 INFO    pi_department          IPF5079202: profiling 369 investigators
2026-08-01 12:48:05,182 INFO    pi_department            IPF5079202: 200/369
2026-08-01 12:53:07,602 INFO    pi_department          IPF5079202: 369 investigators, 26 surgical by majority rule
2026-08-01 12:53:07,617 INFO    pi_department          IPF615001: profiling 338 investigators
2026-08-01 12:58:23,695 INFO    pi_department            IPF615001: 200/338
2026-08-01 13:02:02,791 INFO    pi_department          IPF615001: 338 investigators, 15 surgical by majority rule
2026-08-01 13:02:02,811 INFO    pi_department          DFCI: profiling 295 investigators
2026-08-01 13:08:10,770 INFO    pi_department            DFCI: 200/295
2026-08-01 13:10:56,987 INFO    pi_department          DFCI: 295 investigators, 0 surgical by majority rule
2026-08-01 13:10:57,009 INFO    pi_department          IPF1499101: profiling 331 investigators
2026-08-01 13:16:29,579 INFO    pi_department            IPF1499101: 200/331
2026-08-01 13:20:02,328 INFO    pi_department          IPF1499101: 331 investigators, 14 surgical by majority rule
2026-08-01 13:20:02,362 INFO    pi_department          BIDMC: profiling 243 investigators
2026-08-01 13:25:18,355 INFO    pi_department            BIDMC: 200/243
2026-08-01 13:26:23,877 INFO    pi_department          BIDMC: 243 investigators, 19 surgical by majority rule
2026-08-01 13:26:23,892 INFO    pi_department          IPF1225501: profiling 197 investigators
2026-08-01 13:31:55,437 INFO    pi_department          IPF1225501: 197 investigators, 24 surgical by majority rule
2026-08-01 13:31:55,462 INFO    pi_department          IPF7893501: profiling 159 investigators
2026-08-01 13:37:06,036 INFO    pi_department          IPF7893501: 159 investigators, 4 surgical by majority rule
2026-08-01 13:37:06,060 INFO    pi_department          IPF1531401: profiling 173 investigators
2026-08-01 13:41:41,106 INFO    pi_department          IPF1531401: 173 investigators, 2 surgical by majority rule
2026-08-01 13:41:41,167 INFO    pi_department          IPF3058203: profiling 151 investigators
2026-08-01 13:46:07,558 INFO    pi_department          IPF3058203: 151 investigators, 9 surgical by majority rule
2026-08-01 13:46:07,591 INFO    pi_department          IPF1495302: profiling 129 investigators
2026-08-01 13:49:35,532 INFO    pi_department          IPF1495302: 129 investigators, 9 surgical by majority rule
2026-08-01 13:49:35,563 INFO    pi_department          IPF4976105: profiling 72 investigators
2026-08-01 13:51:46,800 INFO    pi_department          IPF4976105: 72 investigators, 1 surgical by majority rule
2026-08-01 13:51:46,826 INFO    pi_department          IPF3736101: profiling 116 investigators
2026-08-01 13:54:56,757 INFO    pi_department          IPF3736101: 116 investigators, 0 surgical by majority rule
2026-08-01 13:54:56,787 INFO    pi_department          IPF10005742: profiling 79 investigators
2026-08-01 13:57:18,408 INFO    pi_department          IPF10005742: 79 investigators, 23 surgical by majority rule
2026-08-01 13:57:18,444 INFO    pi_department          IPF6959701: profiling 86 investigators
2026-08-01 13:59:25,487 INFO    pi_department          IPF6959701: 86 investigators, 18 surgical by majority rule
2026-08-01 13:59:25,528 INFO    pi_department          IPF1520001: profiling 79 investigators
2026-08-01 14:01:32,052 INFO    pi_department          IPF1520001: 79 investigators, 10 surgical by majority rule
2026-08-01 14:01:32,077 INFO    pi_department          IPF1518602: profiling 103 investigators
2026-08-01 14:04:12,488 INFO    pi_department          IPF1518602: 103 investigators, 14 surgical by majority rule
2026-08-01 14:04:12,526 INFO    pi_department          IPF4155008: profiling 71 investigators
2026-08-01 14:06:04,474 INFO    pi_department          IPF4155008: 71 investigators, 1 surgical by majority rule
2026-08-01 14:06:04,493 INFO    pi_department          IPF3617301: profiling 87 investigators
2026-08-01 14:08:50,115 INFO    pi_department          IPF3617301: 87 investigators, 2 surgical by majority rule
2026-08-01 14:08:50,131 INFO    pi_department          IPF1525701: profiling 90 investigators
2026-08-01 14:11:00,073 INFO    pi_department          IPF1525701: 90 investigators, 12 surgical by majority rule
2026-08-01 14:11:00,089 INFO    pi_department          MEEI: profiling 72 investigators
2026-08-01 14:12:44,926 INFO    pi_department          MEEI: 72 investigators, 26 surgical by majority rule
2026-08-01 14:12:44,951 INFO    pi_department          wrote pi_departments.parquet: 6,927 rows
2026-08-01 15:12:09,518 INFO    pi_department          31,574 contact-PI award-years, 26,628 with a resolved department (84.3%)
2026-08-01 15:12:09,595 INFO    pi_department          wrote mgb_surgery_summary.csv (168 rows) from the validated majority rule
2026-08-01 15:12:10,529 INFO    pi_department          wrote mgb_departments_all.csv (941 rows, 25 departments)
2026-08-01 15:12:11,149 INFO    pi_department          wrote reconstructed_department_evidence.csv (2167 award-years, 454 investigators, 1055 in a department of surgery)
2026-08-01 15:12:11,214 INFO    mgb_context            wrote surgery_ranking_with_mgb_FY2025_corroborated.csv (104 rows; 103 ranked, of which 27 reconstructed and 76 from NIH ORG_DEPT)
2026-08-01 15:12:11,214 INFO    mgb_context              highest-ranked reconstructed department: Massachusetts General Hospital at rank 2 of 103
2026-08-01 15:12:11,215 INFO    mgb_context              MGB_CORE is a roll-up: not ranked; would be 1 of 103 as one department
2026-08-01 15:12:11,215 INFO    mgb_context                MGH alone ranks 2
2026-08-01 15:12:11,215 INFO    mgb_context                BWH alone ranks 8
2026-08-01 15:12:11,420 INFO    mgb_context              mgb/surgery_ranking_with_mgb_FY2025_corroborated.png
2026-08-01 15:12:11,460 INFO    mgb_context            wrote surgery_ranking_with_mgb_FY2024_FY2025_corroborated.csv (109 rows; 108 ranked, of which 27 reconstructed and 81 from NIH ORG_DEPT)
2026-08-01 15:12:11,461 INFO    mgb_context              highest-ranked reconstructed department: Massachusetts General Hospital at rank 3 of 108
2026-08-01 15:12:11,461 INFO    mgb_context              MGB_CORE is a roll-up: not ranked; would be 1 of 108 as one department
2026-08-01 15:12:11,461 INFO    mgb_context                MGH alone ranks 3
2026-08-01 15:12:11,462 INFO    mgb_context                BWH alone ranks 9
2026-08-01 15:12:11,623 INFO    mgb_context              mgb/surgery_ranking_with_mgb_FY2024_FY2025_corroborated.png
2026-08-01 15:12:11,672 INFO    mgb_context            wrote surgery_ranking_with_mgb_FY2021_FY2025_corroborated.csv (120 rows; 119 ranked, of which 27 reconstructed and 92 from NIH ORG_DEPT)
2026-08-01 15:12:11,672 INFO    mgb_context              highest-ranked reconstructed department: Massachusetts General Hospital at rank 2 of 119
2026-08-01 15:12:11,673 INFO    mgb_context              MGB_CORE is a roll-up: not ranked; would be 1 of 119 as one department
2026-08-01 15:12:11,673 INFO    mgb_context                MGH alone ranks 2
2026-08-01 15:12:11,673 INFO    mgb_context                BWH alone ranks 5
2026-08-01 15:12:11,834 INFO    mgb_context              mgb/surgery_ranking_with_mgb_FY2021_FY2025_corroborated.png
2026-08-01 15:12:11,871 INFO    driver                 done: mgb
2026-08-01 15:12:25,185 INFO    figures                figures for FY2025
2026-08-01 15:12:25,332 INFO    figures                  FY2025/1_surgery_total_funding.png
2026-08-01 15:12:25,453 INFO    figures                  FY2025/2_surgery_award_years.png
2026-08-01 15:12:25,574 INFO    figures                  FY2025/3_surgery_projects.png
2026-08-01 15:12:25,690 INFO    figures                  FY2025/4_surgery_r01_funding.png
2026-08-01 15:12:25,808 INFO    figures                  FY2025/5_surgery_r01_count.png
2026-08-01 15:12:25,921 INFO    figures                  FY2025/6_surgery_investigators.png
2026-08-01 15:12:26,046 INFO    figures                  FY2025/14_surgery_funding_per_investigator.png
2026-08-01 15:12:26,162 INFO    figures                  FY2025/15_surgery_mean_award_size.png
2026-08-01 15:12:26,283 INFO    figures                  FY2025/16_surgery_funding_per_project.png
2026-08-01 15:12:26,466 INFO    figures                  FY2025/7_surgery_mechanism_mix.png
2026-08-01 15:12:26,608 INFO    figures                  FY2025/8_specialty_totals.png
2026-08-01 15:12:26,800 INFO    figures                  FY2025/9_all_institution_department_pairs.png
2026-08-01 15:12:26,932 INFO    figures                  FY2025/10_top_institutions.png
2026-08-01 15:12:27,041 INFO    figures                  FY2025/11_surgery_r01_vs_non_r01.png
2026-08-01 15:12:27,041 INFO    figures                figures for FY2024_FY2025
2026-08-01 15:12:27,155 INFO    figures                  FY2024_FY2025/1_surgery_total_funding.png
2026-08-01 15:12:27,264 INFO    figures                  FY2024_FY2025/2_surgery_award_years.png
2026-08-01 15:12:27,371 INFO    figures                  FY2024_FY2025/3_surgery_projects.png
2026-08-01 15:12:27,507 INFO    figures                  FY2024_FY2025/4_surgery_r01_funding.png
2026-08-01 15:12:27,619 INFO    figures                  FY2024_FY2025/5_surgery_r01_count.png
2026-08-01 15:12:27,730 INFO    figures                  FY2024_FY2025/6_surgery_investigators.png
2026-08-01 15:12:27,854 INFO    figures                  FY2024_FY2025/14_surgery_funding_per_investigator.png
2026-08-01 15:12:27,975 INFO    figures                  FY2024_FY2025/15_surgery_mean_award_size.png
2026-08-01 15:12:28,098 INFO    figures                  FY2024_FY2025/16_surgery_funding_per_project.png
2026-08-01 15:12:28,255 INFO    figures                  FY2024_FY2025/7_surgery_mechanism_mix.png
2026-08-01 15:12:28,394 INFO    figures                  FY2024_FY2025/8_specialty_totals.png
2026-08-01 15:12:28,669 INFO    figures                  FY2024_FY2025/9_all_institution_department_pairs.png
2026-08-01 15:12:28,852 INFO    figures                  FY2024_FY2025/10_top_institutions.png
2026-08-01 15:12:28,978 INFO    figures                  FY2024_FY2025/11_surgery_r01_vs_non_r01.png
2026-08-01 15:12:28,978 INFO    figures                figures for FY2021_FY2025
2026-08-01 15:12:29,098 INFO    figures                  FY2021_FY2025/1_surgery_total_funding.png
2026-08-01 15:12:29,211 INFO    figures                  FY2021_FY2025/2_surgery_award_years.png
2026-08-01 15:12:29,333 INFO    figures                  FY2021_FY2025/3_surgery_projects.png
2026-08-01 15:12:29,454 INFO    figures                  FY2021_FY2025/4_surgery_r01_funding.png
2026-08-01 15:12:29,571 INFO    figures                  FY2021_FY2025/5_surgery_r01_count.png
2026-08-01 15:12:29,685 INFO    figures                  FY2021_FY2025/6_surgery_investigators.png
2026-08-01 15:12:29,823 INFO    figures                  FY2021_FY2025/14_surgery_funding_per_investigator.png
2026-08-01 15:12:29,947 INFO    figures                  FY2021_FY2025/15_surgery_mean_award_size.png
2026-08-01 15:12:30,146 INFO    figures                  FY2021_FY2025/16_surgery_funding_per_project.png
2026-08-01 15:12:30,330 INFO    figures                  FY2021_FY2025/7_surgery_mechanism_mix.png
2026-08-01 15:12:30,478 INFO    figures                  FY2021_FY2025/8_specialty_totals.png
2026-08-01 15:12:30,699 INFO    figures                  FY2021_FY2025/9_all_institution_department_pairs.png
2026-08-01 15:12:30,848 INFO    figures                  FY2021_FY2025/10_top_institutions.png
2026-08-01 15:12:30,982 INFO    figures                  FY2021_FY2025/11_surgery_r01_vs_non_r01.png
2026-08-01 15:12:30,983 INFO    figures                comparison figures
2026-08-01 15:12:31,133 INFO    figures                  comparisons/12_surgery_fy2024_to_fy2025.png
2026-08-01 15:12:31,332 INFO    figures                  comparisons/13_surgery_period_comparison.png
2026-08-01 15:12:31,409 INFO    figures                  comparisons/0_department_evidence_coverage.png
2026-08-01 15:12:31,446 INFO    driver                 done: figures
2026-08-01 15:12:33,063 INFO    validate               validation: 17 checks, 0 failed
2026-08-01 15:12:33,728 INFO    driver                 done: validate
2026-08-01 15:12:34,443 INFO    site                   FY2025: appended 291 reconstructed department row(s) across 25 departments and 27 recipients
2026-08-01 15:12:34,490 INFO    site                   wrote docs/data/pairs_FY2025.json (1.6 MB)
2026-08-01 15:12:34,564 INFO    site                   FY2024_FY2025: appended 305 reconstructed department row(s) across 25 departments and 27 recipients
2026-08-01 15:12:34,617 INFO    site                   wrote docs/data/pairs_FY2024_FY2025.json (1.9 MB)
2026-08-01 15:12:34,702 INFO    site                   FY2021_FY2025: appended 345 reconstructed department row(s) across 25 departments and 28 recipients
2026-08-01 15:12:34,767 INFO    site                   wrote docs/data/pairs_FY2021_FY2025.json (2.5 MB)
2026-08-01 15:12:34,942 INFO    site                   wrote docs/data/trend_institution.json (2.3 MB)
2026-08-01 15:12:35,248 INFO    site                   wrote docs/data/trend_institution_department.json (6.4 MB)
2026-08-01 15:12:35,297 INFO    site                   wrote docs/data/core.json (2.4 MB)
2026-08-01 15:12:35,316 INFO    site                   copied 55 figures into docs/figures
2026-08-01 15:12:35,329 INFO    site                   copied 25 tables into docs/tables
2026-08-05 00:08:52,290 INFO    pi_department          31,574 contact-PI award-years, 26,628 with a resolved department (84.3%)
2026-08-05 00:08:52,405 INFO    pi_department          wrote mgb_surgery_summary.csv (168 rows) from the validated majority rule
2026-08-05 00:08:53,541 INFO    pi_department          wrote mgb_departments_all.csv (941 rows, 25 departments)
2026-08-05 00:08:54,201 INFO    pi_department          wrote reconstructed_department_evidence.csv (2167 award-years, 454 investigators, 1055 in a department of surgery)
2026-08-05 00:08:54,273 INFO    mgb_context            wrote surgery_ranking_with_mgb_FY2025_corroborated.csv (104 rows; 103 ranked, of which 27 reconstructed and 76 from NIH ORG_DEPT)
2026-08-05 00:08:54,274 INFO    mgb_context              highest-ranked reconstructed department: Massachusetts General Hospital at rank 2 of 103
2026-08-05 00:08:54,274 INFO    mgb_context              MGB_CORE is a roll-up: not ranked; would be 1 of 103 as one department
2026-08-05 00:08:54,275 INFO    mgb_context                MGH alone ranks 2
2026-08-05 00:08:54,275 INFO    mgb_context                BWH alone ranks 8
2026-08-05 00:08:54,486 INFO    mgb_context              mgb/surgery_ranking_with_mgb_FY2025_corroborated.png
2026-08-05 00:08:54,529 INFO    mgb_context            wrote surgery_ranking_with_mgb_FY2024_FY2025_corroborated.csv (109 rows; 108 ranked, of which 27 reconstructed and 81 from NIH ORG_DEPT)
2026-08-05 00:08:54,529 INFO    mgb_context              highest-ranked reconstructed department: Massachusetts General Hospital at rank 3 of 108
2026-08-05 00:08:54,530 INFO    mgb_context              MGB_CORE is a roll-up: not ranked; would be 1 of 108 as one department
2026-08-05 00:08:54,530 INFO    mgb_context                MGH alone ranks 3
2026-08-05 00:08:54,530 INFO    mgb_context                BWH alone ranks 9
2026-08-05 00:08:54,691 INFO    mgb_context              mgb/surgery_ranking_with_mgb_FY2024_FY2025_corroborated.png
2026-08-05 00:08:54,742 INFO    mgb_context            wrote surgery_ranking_with_mgb_FY2021_FY2025_corroborated.csv (120 rows; 119 ranked, of which 27 reconstructed and 92 from NIH ORG_DEPT)
2026-08-05 00:08:54,742 INFO    mgb_context              highest-ranked reconstructed department: Massachusetts General Hospital at rank 2 of 119
2026-08-05 00:08:54,743 INFO    mgb_context              MGB_CORE is a roll-up: not ranked; would be 1 of 119 as one department
2026-08-05 00:08:54,743 INFO    mgb_context                MGH alone ranks 2
2026-08-05 00:08:54,743 INFO    mgb_context                BWH alone ranks 5
2026-08-05 00:08:54,906 INFO    mgb_context              mgb/surgery_ranking_with_mgb_FY2021_FY2025_corroborated.png
2026-08-05 00:08:54,946 INFO    driver                 done: mgb
2026-08-05 00:10:49,765 INFO    site                   FY2025: appended 291 reconstructed department row(s) across 25 departments and 27 recipients
2026-08-05 00:10:49,809 INFO    site                   wrote docs/data/pairs_FY2025.json (1.7 MB)
2026-08-05 00:10:49,883 INFO    site                   FY2024_FY2025: appended 305 reconstructed department row(s) across 25 departments and 27 recipients
2026-08-05 00:10:49,934 INFO    site                   wrote docs/data/pairs_FY2024_FY2025.json (2.0 MB)
2026-08-05 00:10:50,021 INFO    site                   FY2021_FY2025: appended 345 reconstructed department row(s) across 25 departments and 28 recipients
2026-08-05 00:10:50,087 INFO    site                   wrote docs/data/pairs_FY2021_FY2025.json (2.5 MB)
2026-08-05 00:10:50,251 INFO    site                   wrote docs/data/trend_institution.json (2.3 MB)
2026-08-05 00:10:50,516 INFO    site                   wrote docs/data/trend_institution_department.json (6.4 MB)
2026-08-05 00:10:50,551 INFO    site                   wrote docs/data/core.json (2.4 MB)
2026-08-05 00:10:50,575 INFO    site                   copied 55 figures into docs/figures
2026-08-05 00:10:50,588 INFO    site                   copied 25 tables into docs/tables
2026-08-05 00:12:41,303 INFO    validate               validation: 18 checks, 0 failed
2026-08-05 00:12:42,068 INFO    driver                 done: validate
2026-08-05 00:14:28,007 INFO    figures                figures for FY2025
2026-08-05 00:14:28,160 INFO    figures                  FY2025/1_surgery_total_funding.png
2026-08-05 00:14:28,279 INFO    figures                  FY2025/2_surgery_award_years.png
2026-08-05 00:14:28,396 INFO    figures                  FY2025/3_surgery_projects.png
2026-08-05 00:14:28,515 INFO    figures                  FY2025/4_surgery_r01_funding.png
2026-08-05 00:14:28,634 INFO    figures                  FY2025/5_surgery_r01_count.png
2026-08-05 00:14:28,749 INFO    figures                  FY2025/6_surgery_investigators.png
2026-08-05 00:14:28,876 INFO    figures                  FY2025/14_surgery_funding_per_investigator.png
2026-08-05 00:14:28,998 INFO    figures                  FY2025/15_surgery_mean_award_size.png
2026-08-05 00:14:29,121 INFO    figures                  FY2025/16_surgery_funding_per_project.png
2026-08-05 00:14:29,307 INFO    figures                  FY2025/7_surgery_mechanism_mix.png
2026-08-05 00:14:29,453 INFO    figures                  FY2025/8_specialty_totals.png
2026-08-05 00:14:29,652 INFO    figures                  FY2025/9_all_institution_department_pairs.png
2026-08-05 00:14:29,791 INFO    figures                  FY2025/10_top_institutions.png
2026-08-05 00:14:29,905 INFO    figures                  FY2025/11_surgery_r01_vs_non_r01.png
2026-08-05 00:14:29,905 INFO    figures                figures for FY2024_FY2025
2026-08-05 00:14:30,024 INFO    figures                  FY2024_FY2025/1_surgery_total_funding.png
2026-08-05 00:14:30,138 INFO    figures                  FY2024_FY2025/2_surgery_award_years.png
2026-08-05 00:14:30,251 INFO    figures                  FY2024_FY2025/3_surgery_projects.png
2026-08-05 00:14:30,394 INFO    figures                  FY2024_FY2025/4_surgery_r01_funding.png
2026-08-05 00:14:30,508 INFO    figures                  FY2024_FY2025/5_surgery_r01_count.png
2026-08-05 00:14:30,624 INFO    figures                  FY2024_FY2025/6_surgery_investigators.png
2026-08-05 00:14:30,755 INFO    figures                  FY2024_FY2025/14_surgery_funding_per_investigator.png
2026-08-05 00:14:30,875 INFO    figures                  FY2024_FY2025/15_surgery_mean_award_size.png
2026-08-05 00:14:30,998 INFO    figures                  FY2024_FY2025/16_surgery_funding_per_project.png
2026-08-05 00:14:31,160 INFO    figures                  FY2024_FY2025/7_surgery_mechanism_mix.png
2026-08-05 00:14:31,306 INFO    figures                  FY2024_FY2025/8_specialty_totals.png
2026-08-05 00:14:31,508 INFO    figures                  FY2024_FY2025/9_all_institution_department_pairs.png
2026-08-05 00:14:31,684 INFO    figures                  FY2024_FY2025/10_top_institutions.png
2026-08-05 00:14:31,806 INFO    figures                  FY2024_FY2025/11_surgery_r01_vs_non_r01.png
2026-08-05 00:14:31,806 INFO    figures                figures for FY2021_FY2025
2026-08-05 00:14:31,923 INFO    figures                  FY2021_FY2025/1_surgery_total_funding.png
2026-08-05 00:14:32,033 INFO    figures                  FY2021_FY2025/2_surgery_award_years.png
2026-08-05 00:14:32,150 INFO    figures                  FY2021_FY2025/3_surgery_projects.png
2026-08-05 00:14:32,264 INFO    figures                  FY2021_FY2025/4_surgery_r01_funding.png
2026-08-05 00:14:32,374 INFO    figures                  FY2021_FY2025/5_surgery_r01_count.png
2026-08-05 00:14:32,483 INFO    figures                  FY2021_FY2025/6_surgery_investigators.png
2026-08-05 00:14:32,617 INFO    figures                  FY2021_FY2025/14_surgery_funding_per_investigator.png
2026-08-05 00:14:32,742 INFO    figures                  FY2021_FY2025/15_surgery_mean_award_size.png
2026-08-05 00:14:32,893 INFO    figures                  FY2021_FY2025/16_surgery_funding_per_project.png
2026-08-05 00:14:33,067 INFO    figures                  FY2021_FY2025/7_surgery_mechanism_mix.png
2026-08-05 00:14:33,211 INFO    figures                  FY2021_FY2025/8_specialty_totals.png
2026-08-05 00:14:33,421 INFO    figures                  FY2021_FY2025/9_all_institution_department_pairs.png
2026-08-05 00:14:33,566 INFO    figures                  FY2021_FY2025/10_top_institutions.png
2026-08-05 00:14:33,695 INFO    figures                  FY2021_FY2025/11_surgery_r01_vs_non_r01.png
2026-08-05 00:14:33,695 INFO    figures                comparison figures
2026-08-05 00:14:33,844 INFO    figures                  comparisons/12_surgery_fy2024_to_fy2025.png
2026-08-05 00:14:34,033 INFO    figures                  comparisons/13_surgery_period_comparison.png
2026-08-05 00:14:34,109 INFO    figures                  comparisons/0_department_evidence_coverage.png
2026-08-05 00:14:34,143 INFO    driver                 done: figures
2026-08-05 00:14:34,867 INFO    site                   FY2025: appended 291 reconstructed department row(s) across 25 departments and 27 recipients
2026-08-05 00:14:34,912 INFO    site                   wrote docs/data/pairs_FY2025.json (1.7 MB)
2026-08-05 00:14:34,985 INFO    site                   FY2024_FY2025: appended 305 reconstructed department row(s) across 25 departments and 27 recipients
2026-08-05 00:14:35,037 INFO    site                   wrote docs/data/pairs_FY2024_FY2025.json (2.0 MB)
2026-08-05 00:14:35,121 INFO    site                   FY2021_FY2025: appended 345 reconstructed department row(s) across 25 departments and 28 recipients
2026-08-05 00:14:35,187 INFO    site                   wrote docs/data/pairs_FY2021_FY2025.json (2.5 MB)
2026-08-05 00:14:35,349 INFO    site                   wrote docs/data/trend_institution.json (2.3 MB)
2026-08-05 00:14:35,622 INFO    site                   wrote docs/data/trend_institution_department.json (6.4 MB)
2026-08-05 00:14:35,654 INFO    site                   wrote docs/data/core.json (2.4 MB)
2026-08-05 00:14:35,672 INFO    site                   copied 55 figures into docs/figures
2026-08-05 00:14:35,691 INFO    site                   copied 25 tables into docs/tables
